-- ++++++++++++++++++++++++++++++++++ LUGAR +++++++++++++++++++++++++++++++++++++++++++++++++++++

SET @tipo = 'Continente';

INSERT INTO arma_tu_fiesta.lugar (nombre, tipo)
    VALUES
        ('America', @tipo),
        ('Africa', @tipo),
        ('Asia', @tipo),
        ('Europa', @tipo),
        ('Oceania', @tipo)
;

-- Paises

SET @tipo = 'Pais';
SET @pertenece = (SELECT pkLugar FROM
    (SELECT id_lugar as pkLugar FROM arma_tu_fiesta.lugar WHERE tipo= 'Continente' AND nombre = 'America')
    as tablaLugar);

INSERT INTO arma_tu_fiesta.lugar (nombre, tipo, fk_pertenece)
    VALUES
        ('Venezuela', @tipo, @pertenece),
        ('Colombia', @tipo, @pertenece),
        ('Chile', @tipo, @pertenece),
        ('Brasil', @tipo, @pertenece),
        ('Argentina', @tipo, @pertenece)
;

-- 000000000000000000000000000000000000000000000000000000000000000000000000000000000000000000000000000000

SET @tipo = 'Estado';
SET @pertenece = (SELECT pkLugar FROM
	(SELECT id_lugar as pkLugar FROM arma_tu_fiesta.lugar WHERE tipo = 'Pais' AND nombre = 'Venezuela')
	as tablaLugar);
INSERT INTO arma_tu_fiesta.lugar (nombre, tipo, fk_pertenece) VALUES ('Amazonas', @tipo, @pertenece);

SET @tipo = 'Municipio';
SET @pertenece = (SELECT pkLugar FROM
	(SELECT id_lugar as pkLugar FROM arma_tu_fiesta.lugar WHERE tipo = 'Estado' AND nombre = 'Amazonas')
	as tablaLugar);
INSERT INTO arma_tu_fiesta.lugar (nombre, tipo, fk_pertenece) VALUES ('Alto Orinoco (La Esmeralda)', @tipo, @pertenece);

SET @tipo = 'Parroquia';
SET @pertenece = (SELECT pkLugar FROM
	(SELECT id_lugar as pkLugar FROM arma_tu_fiesta.lugar WHERE tipo = 'Municipio' AND nombre = 'Alto Orinoco (La Esmeralda)')
	as tablaLugar);
INSERT INTO arma_tu_fiesta.lugar (nombre, tipo, fk_pertenece) VALUES ('Alto Orinoco', @tipo, @pertenece);

SET @tipo = 'Parroquia';
SET @pertenece = (SELECT pkLugar FROM
	(SELECT id_lugar as pkLugar FROM arma_tu_fiesta.lugar WHERE tipo = 'Municipio' AND nombre = 'Alto Orinoco (La Esmeralda)')
	as tablaLugar);
INSERT INTO arma_tu_fiesta.lugar (nombre, tipo, fk_pertenece) VALUES ('Huachamacare Acanaña', @tipo, @pertenece);

SET @tipo = 'Parroquia';
SET @pertenece = (SELECT pkLugar FROM
	(SELECT id_lugar as pkLugar FROM arma_tu_fiesta.lugar WHERE tipo = 'Municipio' AND nombre = 'Alto Orinoco (La Esmeralda)')
	as tablaLugar);
INSERT INTO arma_tu_fiesta.lugar (nombre, tipo, fk_pertenece) VALUES ('Marawaka Toky Shamanaña', @tipo, @pertenece);

SET @tipo = 'Parroquia';
SET @pertenece = (SELECT pkLugar FROM
	(SELECT id_lugar as pkLugar FROM arma_tu_fiesta.lugar WHERE tipo = 'Municipio' AND nombre = 'Alto Orinoco (La Esmeralda)')
	as tablaLugar);
INSERT INTO arma_tu_fiesta.lugar (nombre, tipo, fk_pertenece) VALUES ('Mavaka Mavaka', @tipo, @pertenece);

SET @tipo = 'Parroquia';
SET @pertenece = (SELECT pkLugar FROM
	(SELECT id_lugar as pkLugar FROM arma_tu_fiesta.lugar WHERE tipo = 'Municipio' AND nombre = 'Alto Orinoco (La Esmeralda)')
	as tablaLugar);
INSERT INTO arma_tu_fiesta.lugar (nombre, tipo, fk_pertenece) VALUES ('Sierra Parima Parimabé', @tipo, @pertenece);

SET @tipo = 'Municipio';
SET @pertenece = (SELECT pkLugar FROM
	(SELECT id_lugar as pkLugar FROM arma_tu_fiesta.lugar WHERE tipo = 'Estado' AND nombre = 'Amazonas')
	as tablaLugar);
INSERT INTO arma_tu_fiesta.lugar (nombre, tipo, fk_pertenece) VALUES ('Atabapo (San Fernando de Atabapo)', @tipo, @pertenece);

SET @tipo = 'Parroquia';
SET @pertenece = (SELECT pkLugar FROM
	(SELECT id_lugar as pkLugar FROM arma_tu_fiesta.lugar WHERE tipo = 'Municipio' AND nombre = 'Atabapo (San Fernando de Atabapo)')
	as tablaLugar);
INSERT INTO arma_tu_fiesta.lugar (nombre, tipo, fk_pertenece) VALUES ('Atabapo San Fernando de Atabapo', @tipo, @pertenece);

SET @tipo = 'Parroquia';
SET @pertenece = (SELECT pkLugar FROM
	(SELECT id_lugar as pkLugar FROM arma_tu_fiesta.lugar WHERE tipo = 'Municipio' AND nombre = 'Atabapo (San Fernando de Atabapo)')
	as tablaLugar);
INSERT INTO arma_tu_fiesta.lugar (nombre, tipo, fk_pertenece) VALUES ('Ucata Laja Lisa', @tipo, @pertenece);

SET @tipo = 'Parroquia';
SET @pertenece = (SELECT pkLugar FROM
	(SELECT id_lugar as pkLugar FROM arma_tu_fiesta.lugar WHERE tipo = 'Municipio' AND nombre = 'Atabapo (San Fernando de Atabapo)')
	as tablaLugar);
INSERT INTO arma_tu_fiesta.lugar (nombre, tipo, fk_pertenece) VALUES ('Yapacana Macuruco', @tipo, @pertenece);

SET @tipo = 'Parroquia';
SET @pertenece = (SELECT pkLugar FROM
	(SELECT id_lugar as pkLugar FROM arma_tu_fiesta.lugar WHERE tipo = 'Municipio' AND nombre = 'Atabapo (San Fernando de Atabapo)')
	as tablaLugar);
INSERT INTO arma_tu_fiesta.lugar (nombre, tipo, fk_pertenece) VALUES ('Caname Guarinuma', @tipo, @pertenece);

SET @tipo = 'Municipio';
SET @pertenece = (SELECT pkLugar FROM
	(SELECT id_lugar as pkLugar FROM arma_tu_fiesta.lugar WHERE tipo = 'Estado' AND nombre = 'Amazonas')
	as tablaLugar);
INSERT INTO arma_tu_fiesta.lugar (nombre, tipo, fk_pertenece) VALUES ('Atures (Puerto Ayacucho)', @tipo, @pertenece);

SET @tipo = 'Parroquia';
SET @pertenece = (SELECT pkLugar FROM
	(SELECT id_lugar as pkLugar FROM arma_tu_fiesta.lugar WHERE tipo = 'Municipio' AND nombre = 'Atures (Puerto Ayacucho)')
	as tablaLugar);
INSERT INTO arma_tu_fiesta.lugar (nombre, tipo, fk_pertenece) VALUES ('Fernando Girón Tovar', @tipo, @pertenece);

SET @tipo = 'Parroquia';
SET @pertenece = (SELECT pkLugar FROM
	(SELECT id_lugar as pkLugar FROM arma_tu_fiesta.lugar WHERE tipo = 'Municipio' AND nombre = 'Atures (Puerto Ayacucho)')
	as tablaLugar);
INSERT INTO arma_tu_fiesta.lugar (nombre, tipo, fk_pertenece) VALUES ('Luis Alberto Gómez', @tipo, @pertenece);

SET @tipo = 'Parroquia';
SET @pertenece = (SELECT pkLugar FROM
	(SELECT id_lugar as pkLugar FROM arma_tu_fiesta.lugar WHERE tipo = 'Municipio' AND nombre = 'Atures (Puerto Ayacucho)')
	as tablaLugar);
INSERT INTO arma_tu_fiesta.lugar (nombre, tipo, fk_pertenece) VALUES ('Pahueña Limón de Parhueña', @tipo, @pertenece);

SET @tipo = 'Parroquia';
SET @pertenece = (SELECT pkLugar FROM
	(SELECT id_lugar as pkLugar FROM arma_tu_fiesta.lugar WHERE tipo = 'Municipio' AND nombre = 'Atures (Puerto Ayacucho)')
	as tablaLugar);
INSERT INTO arma_tu_fiesta.lugar (nombre, tipo, fk_pertenece) VALUES ('Platanillal', @tipo, @pertenece);

SET @tipo = 'Municipio';
SET @pertenece = (SELECT pkLugar FROM
	(SELECT id_lugar as pkLugar FROM arma_tu_fiesta.lugar WHERE tipo = 'Estado' AND nombre = 'Amazonas')
	as tablaLugar);
INSERT INTO arma_tu_fiesta.lugar (nombre, tipo, fk_pertenece) VALUES ('Autana (Isla Ratón)', @tipo, @pertenece);

SET @tipo = 'Parroquia';
SET @pertenece = (SELECT pkLugar FROM
	(SELECT id_lugar as pkLugar FROM arma_tu_fiesta.lugar WHERE tipo = 'Municipio' AND nombre = 'Autana (Isla Ratón)')
	as tablaLugar);
INSERT INTO arma_tu_fiesta.lugar (nombre, tipo, fk_pertenece) VALUES ('Samariapo Samariapo', @tipo, @pertenece);

SET @tipo = 'Parroquia';
SET @pertenece = (SELECT pkLugar FROM
	(SELECT id_lugar as pkLugar FROM arma_tu_fiesta.lugar WHERE tipo = 'Municipio' AND nombre = 'Autana (Isla Ratón)')
	as tablaLugar);
INSERT INTO arma_tu_fiesta.lugar (nombre, tipo, fk_pertenece) VALUES ('Sipapo Pendare', @tipo, @pertenece);

SET @tipo = 'Parroquia';
SET @pertenece = (SELECT pkLugar FROM
	(SELECT id_lugar as pkLugar FROM arma_tu_fiesta.lugar WHERE tipo = 'Municipio' AND nombre = 'Autana (Isla Ratón)')
	as tablaLugar);
INSERT INTO arma_tu_fiesta.lugar (nombre, tipo, fk_pertenece) VALUES ('Munduapo Munduapo', @tipo, @pertenece);

SET @tipo = 'Parroquia';
SET @pertenece = (SELECT pkLugar FROM
	(SELECT id_lugar as pkLugar FROM arma_tu_fiesta.lugar WHERE tipo = 'Municipio' AND nombre = 'Autana (Isla Ratón)')
	as tablaLugar);
INSERT INTO arma_tu_fiesta.lugar (nombre, tipo, fk_pertenece) VALUES ('Guayapo San Pedro del Orinoco', @tipo, @pertenece);

SET @tipo = 'Parroquia';
SET @pertenece = (SELECT pkLugar FROM
	(SELECT id_lugar as pkLugar FROM arma_tu_fiesta.lugar WHERE tipo = 'Municipio' AND nombre = 'Autana (Isla Ratón)')
	as tablaLugar);
INSERT INTO arma_tu_fiesta.lugar (nombre, tipo, fk_pertenece) VALUES ('Isla Ratón', @tipo, @pertenece);

SET @tipo = 'Municipio';
SET @pertenece = (SELECT pkLugar FROM
	(SELECT id_lugar as pkLugar FROM arma_tu_fiesta.lugar WHERE tipo = 'Estado' AND nombre = 'Amazonas')
	as tablaLugar);
INSERT INTO arma_tu_fiesta.lugar (nombre, tipo, fk_pertenece) VALUES ('Manapiare (San Juan de Manapiare)', @tipo, @pertenece);

SET @tipo = 'Parroquia';
SET @pertenece = (SELECT pkLugar FROM
	(SELECT id_lugar as pkLugar FROM arma_tu_fiesta.lugar WHERE tipo = 'Municipio' AND nombre = 'Manapiare (San Juan de Manapiare)')
	as tablaLugar);
INSERT INTO arma_tu_fiesta.lugar (nombre, tipo, fk_pertenece) VALUES ('Alto Ventuari Cacurí​', @tipo, @pertenece);

SET @tipo = 'Parroquia';
SET @pertenece = (SELECT pkLugar FROM
	(SELECT id_lugar as pkLugar FROM arma_tu_fiesta.lugar WHERE tipo = 'Municipio' AND nombre = 'Manapiare (San Juan de Manapiare)')
	as tablaLugar);
INSERT INTO arma_tu_fiesta.lugar (nombre, tipo, fk_pertenece) VALUES ('Medio Ventuari Manami', @tipo, @pertenece);

SET @tipo = 'Parroquia';
SET @pertenece = (SELECT pkLugar FROM
	(SELECT id_lugar as pkLugar FROM arma_tu_fiesta.lugar WHERE tipo = 'Municipio' AND nombre = 'Manapiare (San Juan de Manapiare)')
	as tablaLugar);
INSERT INTO arma_tu_fiesta.lugar (nombre, tipo, fk_pertenece) VALUES ('Bajo Ventuari Marueta', @tipo, @pertenece);

SET @tipo = 'Parroquia';
SET @pertenece = (SELECT pkLugar FROM
	(SELECT id_lugar as pkLugar FROM arma_tu_fiesta.lugar WHERE tipo = 'Municipio' AND nombre = 'Manapiare (San Juan de Manapiare)')
	as tablaLugar);
INSERT INTO arma_tu_fiesta.lugar (nombre, tipo, fk_pertenece) VALUES ('Manapiare', @tipo, @pertenece);

SET @tipo = 'Municipio';
SET @pertenece = (SELECT pkLugar FROM
	(SELECT id_lugar as pkLugar FROM arma_tu_fiesta.lugar WHERE tipo = 'Estado' AND nombre = 'Amazonas')
	as tablaLugar);
INSERT INTO arma_tu_fiesta.lugar (nombre, tipo, fk_pertenece) VALUES ('Maroa (Maroa)', @tipo, @pertenece);

SET @tipo = 'Parroquia';
SET @pertenece = (SELECT pkLugar FROM
	(SELECT id_lugar as pkLugar FROM arma_tu_fiesta.lugar WHERE tipo = 'Municipio' AND nombre = 'Maroa (Maroa)')
	as tablaLugar);
INSERT INTO arma_tu_fiesta.lugar (nombre, tipo, fk_pertenece) VALUES ('Maroa', @tipo, @pertenece);

SET @tipo = 'Parroquia';
SET @pertenece = (SELECT pkLugar FROM
	(SELECT id_lugar as pkLugar FROM arma_tu_fiesta.lugar WHERE tipo = 'Municipio' AND nombre = 'Maroa (Maroa)')
	as tablaLugar);
INSERT INTO arma_tu_fiesta.lugar (nombre, tipo, fk_pertenece) VALUES ('Victorino', @tipo, @pertenece);

SET @tipo = 'Parroquia';
SET @pertenece = (SELECT pkLugar FROM
	(SELECT id_lugar as pkLugar FROM arma_tu_fiesta.lugar WHERE tipo = 'Municipio' AND nombre = 'Maroa (Maroa)')
	as tablaLugar);
INSERT INTO arma_tu_fiesta.lugar (nombre, tipo, fk_pertenece) VALUES ('Comunidad', @tipo, @pertenece);

SET @tipo = 'Municipio';
SET @pertenece = (SELECT pkLugar FROM
	(SELECT id_lugar as pkLugar FROM arma_tu_fiesta.lugar WHERE tipo = 'Estado' AND nombre = 'Amazonas')
	as tablaLugar);
INSERT INTO arma_tu_fiesta.lugar (nombre, tipo, fk_pertenece) VALUES ('Río Negro (San Carlos de Río Negro)', @tipo, @pertenece);

SET @tipo = 'Parroquia';
SET @pertenece = (SELECT pkLugar FROM
	(SELECT id_lugar as pkLugar FROM arma_tu_fiesta.lugar WHERE tipo = 'Municipio' AND nombre = 'Río Negro (San Carlos de Río Negro)')
	as tablaLugar);
INSERT INTO arma_tu_fiesta.lugar (nombre, tipo, fk_pertenece) VALUES ('Casiquiare Curimacare', @tipo, @pertenece);

SET @tipo = 'Parroquia';
SET @pertenece = (SELECT pkLugar FROM
	(SELECT id_lugar as pkLugar FROM arma_tu_fiesta.lugar WHERE tipo = 'Municipio' AND nombre = 'Río Negro (San Carlos de Río Negro)')
	as tablaLugar);
INSERT INTO arma_tu_fiesta.lugar (nombre, tipo, fk_pertenece) VALUES ('Cocuy', @tipo, @pertenece);

SET @tipo = 'Parroquia';
SET @pertenece = (SELECT pkLugar FROM
	(SELECT id_lugar as pkLugar FROM arma_tu_fiesta.lugar WHERE tipo = 'Municipio' AND nombre = 'Río Negro (San Carlos de Río Negro)')
	as tablaLugar);
INSERT INTO arma_tu_fiesta.lugar (nombre, tipo, fk_pertenece) VALUES ('San Carlos de Río Negro', @tipo, @pertenece);

SET @tipo = 'Parroquia';
SET @pertenece = (SELECT pkLugar FROM
	(SELECT id_lugar as pkLugar FROM arma_tu_fiesta.lugar WHERE tipo = 'Municipio' AND nombre = 'Río Negro (San Carlos de Río Negro)')
	as tablaLugar);
INSERT INTO arma_tu_fiesta.lugar (nombre, tipo, fk_pertenece) VALUES ('Solano Solano', @tipo, @pertenece);

SET @tipo = 'Estado';
SET @pertenece = (SELECT pkLugar FROM
	(SELECT id_lugar as pkLugar FROM arma_tu_fiesta.lugar WHERE tipo = 'Pais' AND nombre = 'Venezuela')
	as tablaLugar);
INSERT INTO arma_tu_fiesta.lugar (nombre, tipo, fk_pertenece) VALUES ('Anzoátegui', @tipo, @pertenece);

SET @tipo = 'Municipio';
SET @pertenece = (SELECT pkLugar FROM
	(SELECT id_lugar as pkLugar FROM arma_tu_fiesta.lugar WHERE tipo = 'Estado' AND nombre = 'Anzoátegui')
	as tablaLugar);
INSERT INTO arma_tu_fiesta.lugar (nombre, tipo, fk_pertenece) VALUES ('Anaco (Anaco)', @tipo, @pertenece);

SET @tipo = 'Parroquia';
SET @pertenece = (SELECT pkLugar FROM
	(SELECT id_lugar as pkLugar FROM arma_tu_fiesta.lugar WHERE tipo = 'Municipio' AND nombre = 'Anaco (Anaco)')
	as tablaLugar);
INSERT INTO arma_tu_fiesta.lugar (nombre, tipo, fk_pertenece) VALUES ('Anaco', @tipo, @pertenece);

SET @tipo = 'Parroquia';
SET @pertenece = (SELECT pkLugar FROM
	(SELECT id_lugar as pkLugar FROM arma_tu_fiesta.lugar WHERE tipo = 'Municipio' AND nombre = 'Anaco (Anaco)')
	as tablaLugar);
INSERT INTO arma_tu_fiesta.lugar (nombre, tipo, fk_pertenece) VALUES ('San Joaquín', @tipo, @pertenece);

SET @tipo = 'Parroquia';
SET @pertenece = (SELECT pkLugar FROM
	(SELECT id_lugar as pkLugar FROM arma_tu_fiesta.lugar WHERE tipo = 'Municipio' AND nombre = 'Anaco (Anaco)')
	as tablaLugar);
INSERT INTO arma_tu_fiesta.lugar (nombre, tipo, fk_pertenece) VALUES ('Buena Vista', @tipo, @pertenece);

SET @tipo = 'Municipio';
SET @pertenece = (SELECT pkLugar FROM
	(SELECT id_lugar as pkLugar FROM arma_tu_fiesta.lugar WHERE tipo = 'Estado' AND nombre = 'Anzoátegui')
	as tablaLugar);
INSERT INTO arma_tu_fiesta.lugar (nombre, tipo, fk_pertenece) VALUES ('Aragua (Aragua de Barcelona)', @tipo, @pertenece);

SET @tipo = 'Parroquia';
SET @pertenece = (SELECT pkLugar FROM
	(SELECT id_lugar as pkLugar FROM arma_tu_fiesta.lugar WHERE tipo = 'Municipio' AND nombre = 'Aragua (Aragua de Barcelona)')
	as tablaLugar);
INSERT INTO arma_tu_fiesta.lugar (nombre, tipo, fk_pertenece) VALUES ('Cachipo', @tipo, @pertenece);

SET @tipo = 'Parroquia';
SET @pertenece = (SELECT pkLugar FROM
	(SELECT id_lugar as pkLugar FROM arma_tu_fiesta.lugar WHERE tipo = 'Municipio' AND nombre = 'Aragua (Aragua de Barcelona)')
	as tablaLugar);
INSERT INTO arma_tu_fiesta.lugar (nombre, tipo, fk_pertenece) VALUES ('Aragua de Barcelona', @tipo, @pertenece);

SET @tipo = 'Municipio';
SET @pertenece = (SELECT pkLugar FROM
	(SELECT id_lugar as pkLugar FROM arma_tu_fiesta.lugar WHERE tipo = 'Estado' AND nombre = 'Anzoátegui')
	as tablaLugar);
INSERT INTO arma_tu_fiesta.lugar (nombre, tipo, fk_pertenece) VALUES ('Bolívar (Barcelona)', @tipo, @pertenece);

SET @tipo = 'Parroquia';
SET @pertenece = (SELECT pkLugar FROM
	(SELECT id_lugar as pkLugar FROM arma_tu_fiesta.lugar WHERE tipo = 'Municipio' AND nombre = 'Bolívar (Barcelona)')
	as tablaLugar);
INSERT INTO arma_tu_fiesta.lugar (nombre, tipo, fk_pertenece) VALUES ('Bergantín', @tipo, @pertenece);

SET @tipo = 'Parroquia';
SET @pertenece = (SELECT pkLugar FROM
	(SELECT id_lugar as pkLugar FROM arma_tu_fiesta.lugar WHERE tipo = 'Municipio' AND nombre = 'Bolívar (Barcelona)')
	as tablaLugar);
INSERT INTO arma_tu_fiesta.lugar (nombre, tipo, fk_pertenece) VALUES ('Caigua', @tipo, @pertenece);

SET @tipo = 'Parroquia';
SET @pertenece = (SELECT pkLugar FROM
	(SELECT id_lugar as pkLugar FROM arma_tu_fiesta.lugar WHERE tipo = 'Municipio' AND nombre = 'Bolívar (Barcelona)')
	as tablaLugar);
INSERT INTO arma_tu_fiesta.lugar (nombre, tipo, fk_pertenece) VALUES ('El Carmen.', @tipo, @pertenece);

SET @tipo = 'Parroquia';
SET @pertenece = (SELECT pkLugar FROM
	(SELECT id_lugar as pkLugar FROM arma_tu_fiesta.lugar WHERE tipo = 'Municipio' AND nombre = 'Bolívar (Barcelona)')
	as tablaLugar);
INSERT INTO arma_tu_fiesta.lugar (nombre, tipo, fk_pertenece) VALUES ('El Pilar', @tipo, @pertenece);

SET @tipo = 'Parroquia';
SET @pertenece = (SELECT pkLugar FROM
	(SELECT id_lugar as pkLugar FROM arma_tu_fiesta.lugar WHERE tipo = 'Municipio' AND nombre = 'Bolívar (Barcelona)')
	as tablaLugar);
INSERT INTO arma_tu_fiesta.lugar (nombre, tipo, fk_pertenece) VALUES ('Naricual.', @tipo, @pertenece);

SET @tipo = 'Parroquia';
SET @pertenece = (SELECT pkLugar FROM
	(SELECT id_lugar as pkLugar FROM arma_tu_fiesta.lugar WHERE tipo = 'Municipio' AND nombre = 'Bolívar (Barcelona)')
	as tablaLugar);
INSERT INTO arma_tu_fiesta.lugar (nombre, tipo, fk_pertenece) VALUES ('San Cristóbal', @tipo, @pertenece);

SET @tipo = 'Municipio';
SET @pertenece = (SELECT pkLugar FROM
	(SELECT id_lugar as pkLugar FROM arma_tu_fiesta.lugar WHERE tipo = 'Estado' AND nombre = 'Anzoátegui')
	as tablaLugar);
INSERT INTO arma_tu_fiesta.lugar (nombre, tipo, fk_pertenece) VALUES ('Bruzual (Clarines)', @tipo, @pertenece);

SET @tipo = 'Parroquia';
SET @pertenece = (SELECT pkLugar FROM
	(SELECT id_lugar as pkLugar FROM arma_tu_fiesta.lugar WHERE tipo = 'Municipio' AND nombre = 'Bruzual (Clarines)')
	as tablaLugar);
INSERT INTO arma_tu_fiesta.lugar (nombre, tipo, fk_pertenece) VALUES ('Clarines', @tipo, @pertenece);

SET @tipo = 'Parroquia';
SET @pertenece = (SELECT pkLugar FROM
	(SELECT id_lugar as pkLugar FROM arma_tu_fiesta.lugar WHERE tipo = 'Municipio' AND nombre = 'Bruzual (Clarines)')
	as tablaLugar);
INSERT INTO arma_tu_fiesta.lugar (nombre, tipo, fk_pertenece) VALUES ('Guanape', @tipo, @pertenece);

SET @tipo = 'Parroquia';
SET @pertenece = (SELECT pkLugar FROM
	(SELECT id_lugar as pkLugar FROM arma_tu_fiesta.lugar WHERE tipo = 'Municipio' AND nombre = 'Bruzual (Clarines)')
	as tablaLugar);
INSERT INTO arma_tu_fiesta.lugar (nombre, tipo, fk_pertenece) VALUES ('Sabana de Uchire', @tipo, @pertenece);

SET @tipo = 'Municipio';
SET @pertenece = (SELECT pkLugar FROM
	(SELECT id_lugar as pkLugar FROM arma_tu_fiesta.lugar WHERE tipo = 'Estado' AND nombre = 'Anzoátegui')
	as tablaLugar);
INSERT INTO arma_tu_fiesta.lugar (nombre, tipo, fk_pertenece) VALUES ('Cajigal (Onoto)', @tipo, @pertenece);

SET @tipo = 'Parroquia';
SET @pertenece = (SELECT pkLugar FROM
	(SELECT id_lugar as pkLugar FROM arma_tu_fiesta.lugar WHERE tipo = 'Municipio' AND nombre = 'Cajigal (Onoto)')
	as tablaLugar);
INSERT INTO arma_tu_fiesta.lugar (nombre, tipo, fk_pertenece) VALUES ('Onoto', @tipo, @pertenece);

SET @tipo = 'Parroquia';
SET @pertenece = (SELECT pkLugar FROM
	(SELECT id_lugar as pkLugar FROM arma_tu_fiesta.lugar WHERE tipo = 'Municipio' AND nombre = 'Cajigal (Onoto)')
	as tablaLugar);
INSERT INTO arma_tu_fiesta.lugar (nombre, tipo, fk_pertenece) VALUES ('San Pablo', @tipo, @pertenece);

SET @tipo = 'Municipio';
SET @pertenece = (SELECT pkLugar FROM
	(SELECT id_lugar as pkLugar FROM arma_tu_fiesta.lugar WHERE tipo = 'Estado' AND nombre = 'Anzoátegui')
	as tablaLugar);
INSERT INTO arma_tu_fiesta.lugar (nombre, tipo, fk_pertenece) VALUES ('Carvajal (Valle de Guanape)', @tipo, @pertenece);

SET @tipo = 'Parroquia';
SET @pertenece = (SELECT pkLugar FROM
	(SELECT id_lugar as pkLugar FROM arma_tu_fiesta.lugar WHERE tipo = 'Municipio' AND nombre = 'Carvajal (Valle de Guanape)')
	as tablaLugar);
INSERT INTO arma_tu_fiesta.lugar (nombre, tipo, fk_pertenece) VALUES ('Valle de Guanape', @tipo, @pertenece);

SET @tipo = 'Parroquia';
SET @pertenece = (SELECT pkLugar FROM
	(SELECT id_lugar as pkLugar FROM arma_tu_fiesta.lugar WHERE tipo = 'Municipio' AND nombre = 'Carvajal (Valle de Guanape)')
	as tablaLugar);
INSERT INTO arma_tu_fiesta.lugar (nombre, tipo, fk_pertenece) VALUES ('Santa Bárbara', @tipo, @pertenece);

SET @tipo = 'Municipio';
SET @pertenece = (SELECT pkLugar FROM
	(SELECT id_lugar as pkLugar FROM arma_tu_fiesta.lugar WHERE tipo = 'Estado' AND nombre = 'Anzoátegui')
	as tablaLugar);
INSERT INTO arma_tu_fiesta.lugar (nombre, tipo, fk_pertenece) VALUES ('Freites (Cantaura)', @tipo, @pertenece);

SET @tipo = 'Parroquia';
SET @pertenece = (SELECT pkLugar FROM
	(SELECT id_lugar as pkLugar FROM arma_tu_fiesta.lugar WHERE tipo = 'Municipio' AND nombre = 'Freites (Cantaura)')
	as tablaLugar);
INSERT INTO arma_tu_fiesta.lugar (nombre, tipo, fk_pertenece) VALUES ('Cantaura', @tipo, @pertenece);

SET @tipo = 'Parroquia';
SET @pertenece = (SELECT pkLugar FROM
	(SELECT id_lugar as pkLugar FROM arma_tu_fiesta.lugar WHERE tipo = 'Municipio' AND nombre = 'Freites (Cantaura)')
	as tablaLugar);
INSERT INTO arma_tu_fiesta.lugar (nombre, tipo, fk_pertenece) VALUES ('Libertador', @tipo, @pertenece);

SET @tipo = 'Parroquia';
SET @pertenece = (SELECT pkLugar FROM
	(SELECT id_lugar as pkLugar FROM arma_tu_fiesta.lugar WHERE tipo = 'Municipio' AND nombre = 'Freites (Cantaura)')
	as tablaLugar);
INSERT INTO arma_tu_fiesta.lugar (nombre, tipo, fk_pertenece) VALUES ('Santa Rosa', @tipo, @pertenece);

SET @tipo = 'Parroquia';
SET @pertenece = (SELECT pkLugar FROM
	(SELECT id_lugar as pkLugar FROM arma_tu_fiesta.lugar WHERE tipo = 'Municipio' AND nombre = 'Freites (Cantaura)')
	as tablaLugar);
INSERT INTO arma_tu_fiesta.lugar (nombre, tipo, fk_pertenece) VALUES ('Urica', @tipo, @pertenece);

SET @tipo = 'Municipio';
SET @pertenece = (SELECT pkLugar FROM
	(SELECT id_lugar as pkLugar FROM arma_tu_fiesta.lugar WHERE tipo = 'Estado' AND nombre = 'Anzoátegui')
	as tablaLugar);
INSERT INTO arma_tu_fiesta.lugar (nombre, tipo, fk_pertenece) VALUES ('Guanipa (San José de Guanipa)', @tipo, @pertenece);

SET @tipo = 'Parroquia';
SET @pertenece = (SELECT pkLugar FROM
	(SELECT id_lugar as pkLugar FROM arma_tu_fiesta.lugar WHERE tipo = 'Municipio' AND nombre = 'Guanipa (San José de Guanipa)')
	as tablaLugar);
INSERT INTO arma_tu_fiesta.lugar (nombre, tipo, fk_pertenece) VALUES ('San José de Guanipa', @tipo, @pertenece);

SET @tipo = 'Municipio';
SET @pertenece = (SELECT pkLugar FROM
	(SELECT id_lugar as pkLugar FROM arma_tu_fiesta.lugar WHERE tipo = 'Estado' AND nombre = 'Anzoátegui')
	as tablaLugar);
INSERT INTO arma_tu_fiesta.lugar (nombre, tipo, fk_pertenece) VALUES ('Guanta (Guanta)', @tipo, @pertenece);

SET @tipo = 'Parroquia';
SET @pertenece = (SELECT pkLugar FROM
	(SELECT id_lugar as pkLugar FROM arma_tu_fiesta.lugar WHERE tipo = 'Municipio' AND nombre = 'Guanta (Guanta)')
	as tablaLugar);
INSERT INTO arma_tu_fiesta.lugar (nombre, tipo, fk_pertenece) VALUES ('Guanta', @tipo, @pertenece);

SET @tipo = 'Parroquia';
SET @pertenece = (SELECT pkLugar FROM
	(SELECT id_lugar as pkLugar FROM arma_tu_fiesta.lugar WHERE tipo = 'Municipio' AND nombre = 'Guanta (Guanta)')
	as tablaLugar);
INSERT INTO arma_tu_fiesta.lugar (nombre, tipo, fk_pertenece) VALUES ('Chorrerón', @tipo, @pertenece);

SET @tipo = 'Municipio';
SET @pertenece = (SELECT pkLugar FROM
	(SELECT id_lugar as pkLugar FROM arma_tu_fiesta.lugar WHERE tipo = 'Estado' AND nombre = 'Anzoátegui')
	as tablaLugar);
INSERT INTO arma_tu_fiesta.lugar (nombre, tipo, fk_pertenece) VALUES ('Independencia (Soledad)', @tipo, @pertenece);

SET @tipo = 'Parroquia';
SET @pertenece = (SELECT pkLugar FROM
	(SELECT id_lugar as pkLugar FROM arma_tu_fiesta.lugar WHERE tipo = 'Municipio' AND nombre = 'Independencia (Soledad)')
	as tablaLugar);
INSERT INTO arma_tu_fiesta.lugar (nombre, tipo, fk_pertenece) VALUES ('Mamo', @tipo, @pertenece);

SET @tipo = 'Parroquia';
SET @pertenece = (SELECT pkLugar FROM
	(SELECT id_lugar as pkLugar FROM arma_tu_fiesta.lugar WHERE tipo = 'Municipio' AND nombre = 'Independencia (Soledad)')
	as tablaLugar);
INSERT INTO arma_tu_fiesta.lugar (nombre, tipo, fk_pertenece) VALUES ('Soledad', @tipo, @pertenece);

SET @tipo = 'Municipio';
SET @pertenece = (SELECT pkLugar FROM
	(SELECT id_lugar as pkLugar FROM arma_tu_fiesta.lugar WHERE tipo = 'Estado' AND nombre = 'Anzoátegui')
	as tablaLugar);
INSERT INTO arma_tu_fiesta.lugar (nombre, tipo, fk_pertenece) VALUES ('Libertad (San Mateo)', @tipo, @pertenece);

SET @tipo = 'Parroquia';
SET @pertenece = (SELECT pkLugar FROM
	(SELECT id_lugar as pkLugar FROM arma_tu_fiesta.lugar WHERE tipo = 'Municipio' AND nombre = 'Libertad (San Mateo)')
	as tablaLugar);
INSERT INTO arma_tu_fiesta.lugar (nombre, tipo, fk_pertenece) VALUES ('San Mateo', @tipo, @pertenece);

SET @tipo = 'Parroquia';
SET @pertenece = (SELECT pkLugar FROM
	(SELECT id_lugar as pkLugar FROM arma_tu_fiesta.lugar WHERE tipo = 'Municipio' AND nombre = 'Libertad (San Mateo)')
	as tablaLugar);
INSERT INTO arma_tu_fiesta.lugar (nombre, tipo, fk_pertenece) VALUES ('El Carito', @tipo, @pertenece);

SET @tipo = 'Parroquia';
SET @pertenece = (SELECT pkLugar FROM
	(SELECT id_lugar as pkLugar FROM arma_tu_fiesta.lugar WHERE tipo = 'Municipio' AND nombre = 'Libertad (San Mateo)')
	as tablaLugar);
INSERT INTO arma_tu_fiesta.lugar (nombre, tipo, fk_pertenece) VALUES ('Santa Inés', @tipo, @pertenece);

SET @tipo = 'Parroquia';
SET @pertenece = (SELECT pkLugar FROM
	(SELECT id_lugar as pkLugar FROM arma_tu_fiesta.lugar WHERE tipo = 'Municipio' AND nombre = 'Libertad (San Mateo)')
	as tablaLugar);
INSERT INTO arma_tu_fiesta.lugar (nombre, tipo, fk_pertenece) VALUES ('La Romereña', @tipo, @pertenece);

SET @tipo = 'Municipio';
SET @pertenece = (SELECT pkLugar FROM
	(SELECT id_lugar as pkLugar FROM arma_tu_fiesta.lugar WHERE tipo = 'Estado' AND nombre = 'Anzoátegui')
	as tablaLugar);
INSERT INTO arma_tu_fiesta.lugar (nombre, tipo, fk_pertenece) VALUES ('McGregor (El Chaparro)', @tipo, @pertenece);

SET @tipo = 'Parroquia';
SET @pertenece = (SELECT pkLugar FROM
	(SELECT id_lugar as pkLugar FROM arma_tu_fiesta.lugar WHERE tipo = 'Municipio' AND nombre = 'McGregor (El Chaparro)')
	as tablaLugar);
INSERT INTO arma_tu_fiesta.lugar (nombre, tipo, fk_pertenece) VALUES ('El Chaparro', @tipo, @pertenece);

SET @tipo = 'Parroquia';
SET @pertenece = (SELECT pkLugar FROM
	(SELECT id_lugar as pkLugar FROM arma_tu_fiesta.lugar WHERE tipo = 'Municipio' AND nombre = 'McGregor (El Chaparro)')
	as tablaLugar);
INSERT INTO arma_tu_fiesta.lugar (nombre, tipo, fk_pertenece) VALUES ('Tomás Alfaro', @tipo, @pertenece);

SET @tipo = 'Parroquia';
SET @pertenece = (SELECT pkLugar FROM
	(SELECT id_lugar as pkLugar FROM arma_tu_fiesta.lugar WHERE tipo = 'Municipio' AND nombre = 'McGregor (El Chaparro)')
	as tablaLugar);
INSERT INTO arma_tu_fiesta.lugar (nombre, tipo, fk_pertenece) VALUES ('Calatrava', @tipo, @pertenece);

SET @tipo = 'Municipio';
SET @pertenece = (SELECT pkLugar FROM
	(SELECT id_lugar as pkLugar FROM arma_tu_fiesta.lugar WHERE tipo = 'Estado' AND nombre = 'Anzoátegui')
	as tablaLugar);
INSERT INTO arma_tu_fiesta.lugar (nombre, tipo, fk_pertenece) VALUES ('Miranda (Pariaguán)', @tipo, @pertenece);

SET @tipo = 'Parroquia';
SET @pertenece = (SELECT pkLugar FROM
	(SELECT id_lugar as pkLugar FROM arma_tu_fiesta.lugar WHERE tipo = 'Municipio' AND nombre = 'Miranda (Pariaguán)')
	as tablaLugar);
INSERT INTO arma_tu_fiesta.lugar (nombre, tipo, fk_pertenece) VALUES ('Atapirire', @tipo, @pertenece);

SET @tipo = 'Parroquia';
SET @pertenece = (SELECT pkLugar FROM
	(SELECT id_lugar as pkLugar FROM arma_tu_fiesta.lugar WHERE tipo = 'Municipio' AND nombre = 'Miranda (Pariaguán)')
	as tablaLugar);
INSERT INTO arma_tu_fiesta.lugar (nombre, tipo, fk_pertenece) VALUES ('Boca del Pao', @tipo, @pertenece);

SET @tipo = 'Parroquia';
SET @pertenece = (SELECT pkLugar FROM
	(SELECT id_lugar as pkLugar FROM arma_tu_fiesta.lugar WHERE tipo = 'Municipio' AND nombre = 'Miranda (Pariaguán)')
	as tablaLugar);
INSERT INTO arma_tu_fiesta.lugar (nombre, tipo, fk_pertenece) VALUES ('El Pao', @tipo, @pertenece);

SET @tipo = 'Parroquia';
SET @pertenece = (SELECT pkLugar FROM
	(SELECT id_lugar as pkLugar FROM arma_tu_fiesta.lugar WHERE tipo = 'Municipio' AND nombre = 'Miranda (Pariaguán)')
	as tablaLugar);
INSERT INTO arma_tu_fiesta.lugar (nombre, tipo, fk_pertenece) VALUES ('Pariaguán', @tipo, @pertenece);

SET @tipo = 'Municipio';
SET @pertenece = (SELECT pkLugar FROM
	(SELECT id_lugar as pkLugar FROM arma_tu_fiesta.lugar WHERE tipo = 'Estado' AND nombre = 'Anzoátegui')
	as tablaLugar);
INSERT INTO arma_tu_fiesta.lugar (nombre, tipo, fk_pertenece) VALUES ('Monagas (Mapire)', @tipo, @pertenece);

SET @tipo = 'Parroquia';
SET @pertenece = (SELECT pkLugar FROM
	(SELECT id_lugar as pkLugar FROM arma_tu_fiesta.lugar WHERE tipo = 'Municipio' AND nombre = 'Monagas (Mapire)')
	as tablaLugar);
INSERT INTO arma_tu_fiesta.lugar (nombre, tipo, fk_pertenece) VALUES ('Mapire', @tipo, @pertenece);

SET @tipo = 'Parroquia';
SET @pertenece = (SELECT pkLugar FROM
	(SELECT id_lugar as pkLugar FROM arma_tu_fiesta.lugar WHERE tipo = 'Municipio' AND nombre = 'Monagas (Mapire)')
	as tablaLugar);
INSERT INTO arma_tu_fiesta.lugar (nombre, tipo, fk_pertenece) VALUES ('Piar', @tipo, @pertenece);

SET @tipo = 'Parroquia';
SET @pertenece = (SELECT pkLugar FROM
	(SELECT id_lugar as pkLugar FROM arma_tu_fiesta.lugar WHERE tipo = 'Municipio' AND nombre = 'Monagas (Mapire)')
	as tablaLugar);
INSERT INTO arma_tu_fiesta.lugar (nombre, tipo, fk_pertenece) VALUES ('Santa Clara', @tipo, @pertenece);

SET @tipo = 'Parroquia';
SET @pertenece = (SELECT pkLugar FROM
	(SELECT id_lugar as pkLugar FROM arma_tu_fiesta.lugar WHERE tipo = 'Municipio' AND nombre = 'Monagas (Mapire)')
	as tablaLugar);
INSERT INTO arma_tu_fiesta.lugar (nombre, tipo, fk_pertenece) VALUES ('San Diego de Cabrutica', @tipo, @pertenece);

SET @tipo = 'Parroquia';
SET @pertenece = (SELECT pkLugar FROM
	(SELECT id_lugar as pkLugar FROM arma_tu_fiesta.lugar WHERE tipo = 'Municipio' AND nombre = 'Monagas (Mapire)')
	as tablaLugar);
INSERT INTO arma_tu_fiesta.lugar (nombre, tipo, fk_pertenece) VALUES ('Uverito', @tipo, @pertenece);

SET @tipo = 'Parroquia';
SET @pertenece = (SELECT pkLugar FROM
	(SELECT id_lugar as pkLugar FROM arma_tu_fiesta.lugar WHERE tipo = 'Municipio' AND nombre = 'Monagas (Mapire)')
	as tablaLugar);
INSERT INTO arma_tu_fiesta.lugar (nombre, tipo, fk_pertenece) VALUES ('Zuata', @tipo, @pertenece);

SET @tipo = 'Municipio';
SET @pertenece = (SELECT pkLugar FROM
	(SELECT id_lugar as pkLugar FROM arma_tu_fiesta.lugar WHERE tipo = 'Estado' AND nombre = 'Anzoátegui')
	as tablaLugar);
INSERT INTO arma_tu_fiesta.lugar (nombre, tipo, fk_pertenece) VALUES ('Peñalver (Puerto Píritu)', @tipo, @pertenece);

SET @tipo = 'Parroquia';
SET @pertenece = (SELECT pkLugar FROM
	(SELECT id_lugar as pkLugar FROM arma_tu_fiesta.lugar WHERE tipo = 'Municipio' AND nombre = 'Peñalver (Puerto Píritu)')
	as tablaLugar);
INSERT INTO arma_tu_fiesta.lugar (nombre, tipo, fk_pertenece) VALUES ('Puerto Píritu', @tipo, @pertenece);

SET @tipo = 'Parroquia';
SET @pertenece = (SELECT pkLugar FROM
	(SELECT id_lugar as pkLugar FROM arma_tu_fiesta.lugar WHERE tipo = 'Municipio' AND nombre = 'Peñalver (Puerto Píritu)')
	as tablaLugar);
INSERT INTO arma_tu_fiesta.lugar (nombre, tipo, fk_pertenece) VALUES ('San Miguel', @tipo, @pertenece);

SET @tipo = 'Parroquia';
SET @pertenece = (SELECT pkLugar FROM
	(SELECT id_lugar as pkLugar FROM arma_tu_fiesta.lugar WHERE tipo = 'Municipio' AND nombre = 'Peñalver (Puerto Píritu)')
	as tablaLugar);
INSERT INTO arma_tu_fiesta.lugar (nombre, tipo, fk_pertenece) VALUES ('Sucre', @tipo, @pertenece);

SET @tipo = 'Municipio';
SET @pertenece = (SELECT pkLugar FROM
	(SELECT id_lugar as pkLugar FROM arma_tu_fiesta.lugar WHERE tipo = 'Estado' AND nombre = 'Anzoátegui')
	as tablaLugar);
INSERT INTO arma_tu_fiesta.lugar (nombre, tipo, fk_pertenece) VALUES ('Píritu (Píritu)', @tipo, @pertenece);

SET @tipo = 'Parroquia';
SET @pertenece = (SELECT pkLugar FROM
	(SELECT id_lugar as pkLugar FROM arma_tu_fiesta.lugar WHERE tipo = 'Municipio' AND nombre = 'Píritu (Píritu)')
	as tablaLugar);
INSERT INTO arma_tu_fiesta.lugar (nombre, tipo, fk_pertenece) VALUES ('Píritu', @tipo, @pertenece);

SET @tipo = 'Parroquia';
SET @pertenece = (SELECT pkLugar FROM
	(SELECT id_lugar as pkLugar FROM arma_tu_fiesta.lugar WHERE tipo = 'Municipio' AND nombre = 'Píritu (Píritu)')
	as tablaLugar);
INSERT INTO arma_tu_fiesta.lugar (nombre, tipo, fk_pertenece) VALUES ('San Francisco', @tipo, @pertenece);

SET @tipo = 'Municipio';
SET @pertenece = (SELECT pkLugar FROM
	(SELECT id_lugar as pkLugar FROM arma_tu_fiesta.lugar WHERE tipo = 'Estado' AND nombre = 'Anzoátegui')
	as tablaLugar);
INSERT INTO arma_tu_fiesta.lugar (nombre, tipo, fk_pertenece) VALUES ('San Juan de Capistrano (Boca de Uchire)', @tipo, @pertenece);

SET @tipo = 'Parroquia';
SET @pertenece = (SELECT pkLugar FROM
	(SELECT id_lugar as pkLugar FROM arma_tu_fiesta.lugar WHERE tipo = 'Municipio' AND nombre = 'San Juan de Capistrano (Boca de Uchire)')
	as tablaLugar);
INSERT INTO arma_tu_fiesta.lugar (nombre, tipo, fk_pertenece) VALUES ('Boca de Uchire', @tipo, @pertenece);

SET @tipo = 'Parroquia';
SET @pertenece = (SELECT pkLugar FROM
	(SELECT id_lugar as pkLugar FROM arma_tu_fiesta.lugar WHERE tipo = 'Municipio' AND nombre = 'San Juan de Capistrano (Boca de Uchire)')
	as tablaLugar);
INSERT INTO arma_tu_fiesta.lugar (nombre, tipo, fk_pertenece) VALUES ('Boca de Chávez', @tipo, @pertenece);

SET @tipo = 'Municipio';
SET @pertenece = (SELECT pkLugar FROM
	(SELECT id_lugar as pkLugar FROM arma_tu_fiesta.lugar WHERE tipo = 'Estado' AND nombre = 'Anzoátegui')
	as tablaLugar);
INSERT INTO arma_tu_fiesta.lugar (nombre, tipo, fk_pertenece) VALUES ('Santa Ana (Santa Ana)', @tipo, @pertenece);

SET @tipo = 'Parroquia';
SET @pertenece = (SELECT pkLugar FROM
	(SELECT id_lugar as pkLugar FROM arma_tu_fiesta.lugar WHERE tipo = 'Municipio' AND nombre = 'Santa Ana (Santa Ana)')
	as tablaLugar);
INSERT INTO arma_tu_fiesta.lugar (nombre, tipo, fk_pertenece) VALUES ('Pueblo Nuevo', @tipo, @pertenece);

SET @tipo = 'Parroquia';
SET @pertenece = (SELECT pkLugar FROM
	(SELECT id_lugar as pkLugar FROM arma_tu_fiesta.lugar WHERE tipo = 'Municipio' AND nombre = 'Santa Ana (Santa Ana)')
	as tablaLugar);
INSERT INTO arma_tu_fiesta.lugar (nombre, tipo, fk_pertenece) VALUES ('Santa Ana', @tipo, @pertenece);

SET @tipo = 'Municipio';
SET @pertenece = (SELECT pkLugar FROM
	(SELECT id_lugar as pkLugar FROM arma_tu_fiesta.lugar WHERE tipo = 'Estado' AND nombre = 'Anzoátegui')
	as tablaLugar);
INSERT INTO arma_tu_fiesta.lugar (nombre, tipo, fk_pertenece) VALUES ('Simón Rodríguez (El Tigre)', @tipo, @pertenece);

SET @tipo = 'Parroquia';
SET @pertenece = (SELECT pkLugar FROM
	(SELECT id_lugar as pkLugar FROM arma_tu_fiesta.lugar WHERE tipo = 'Municipio' AND nombre = 'Simón Rodríguez (El Tigre)')
	as tablaLugar);
INSERT INTO arma_tu_fiesta.lugar (nombre, tipo, fk_pertenece) VALUES ('Edmundo Barrios', @tipo, @pertenece);

SET @tipo = 'Parroquia';
SET @pertenece = (SELECT pkLugar FROM
	(SELECT id_lugar as pkLugar FROM arma_tu_fiesta.lugar WHERE tipo = 'Municipio' AND nombre = 'Simón Rodríguez (El Tigre)')
	as tablaLugar);
INSERT INTO arma_tu_fiesta.lugar (nombre, tipo, fk_pertenece) VALUES ('Miguel Otero Silva', @tipo, @pertenece);

SET @tipo = 'Municipio';
SET @pertenece = (SELECT pkLugar FROM
	(SELECT id_lugar as pkLugar FROM arma_tu_fiesta.lugar WHERE tipo = 'Estado' AND nombre = 'Anzoátegui')
	as tablaLugar);
INSERT INTO arma_tu_fiesta.lugar (nombre, tipo, fk_pertenece) VALUES ('Sotillo (Puerto La Cruz)', @tipo, @pertenece);

SET @tipo = 'Parroquia';
SET @pertenece = (SELECT pkLugar FROM
	(SELECT id_lugar as pkLugar FROM arma_tu_fiesta.lugar WHERE tipo = 'Municipio' AND nombre = 'Sotillo (Puerto La Cruz)')
	as tablaLugar);
INSERT INTO arma_tu_fiesta.lugar (nombre, tipo, fk_pertenece) VALUES ('Puerto La Cruz', @tipo, @pertenece);

SET @tipo = 'Parroquia';
SET @pertenece = (SELECT pkLugar FROM
	(SELECT id_lugar as pkLugar FROM arma_tu_fiesta.lugar WHERE tipo = 'Municipio' AND nombre = 'Sotillo (Puerto La Cruz)')
	as tablaLugar);
INSERT INTO arma_tu_fiesta.lugar (nombre, tipo, fk_pertenece) VALUES ('Pozuelos', @tipo, @pertenece);

SET @tipo = 'Municipio';
SET @pertenece = (SELECT pkLugar FROM
	(SELECT id_lugar as pkLugar FROM arma_tu_fiesta.lugar WHERE tipo = 'Estado' AND nombre = 'Anzoátegui')
	as tablaLugar);
INSERT INTO arma_tu_fiesta.lugar (nombre, tipo, fk_pertenece) VALUES ('Urbaneja (Lechería)', @tipo, @pertenece);

SET @tipo = 'Parroquia';
SET @pertenece = (SELECT pkLugar FROM
	(SELECT id_lugar as pkLugar FROM arma_tu_fiesta.lugar WHERE tipo = 'Municipio' AND nombre = 'Urbaneja (Lechería)')
	as tablaLugar);
INSERT INTO arma_tu_fiesta.lugar (nombre, tipo, fk_pertenece) VALUES ('Lechería', @tipo, @pertenece);

SET @tipo = 'Parroquia';
SET @pertenece = (SELECT pkLugar FROM
	(SELECT id_lugar as pkLugar FROM arma_tu_fiesta.lugar WHERE tipo = 'Municipio' AND nombre = 'Urbaneja (Lechería)')
	as tablaLugar);
INSERT INTO arma_tu_fiesta.lugar (nombre, tipo, fk_pertenece) VALUES ('El Morro', @tipo, @pertenece);

SET @tipo = 'Estado';
SET @pertenece = (SELECT pkLugar FROM
	(SELECT id_lugar as pkLugar FROM arma_tu_fiesta.lugar WHERE tipo = 'Pais' AND nombre = 'Venezuela')
	as tablaLugar);
INSERT INTO arma_tu_fiesta.lugar (nombre, tipo, fk_pertenece) VALUES ('Apure', @tipo, @pertenece);

SET @tipo = 'Municipio';
SET @pertenece = (SELECT pkLugar FROM
	(SELECT id_lugar as pkLugar FROM arma_tu_fiesta.lugar WHERE tipo = 'Estado' AND nombre = 'Apure')
	as tablaLugar);
INSERT INTO arma_tu_fiesta.lugar (nombre, tipo, fk_pertenece) VALUES ('Achaguas (Achaguas)', @tipo, @pertenece);

SET @tipo = 'Parroquia';
SET @pertenece = (SELECT pkLugar FROM
	(SELECT id_lugar as pkLugar FROM arma_tu_fiesta.lugar WHERE tipo = 'Municipio' AND nombre = 'Achaguas (Achaguas)')
	as tablaLugar);
INSERT INTO arma_tu_fiesta.lugar (nombre, tipo, fk_pertenece) VALUES ('Achaguas', @tipo, @pertenece);

SET @tipo = 'Parroquia';
SET @pertenece = (SELECT pkLugar FROM
	(SELECT id_lugar as pkLugar FROM arma_tu_fiesta.lugar WHERE tipo = 'Municipio' AND nombre = 'Achaguas (Achaguas)')
	as tablaLugar);
INSERT INTO arma_tu_fiesta.lugar (nombre, tipo, fk_pertenece) VALUES ('Apurito', @tipo, @pertenece);

SET @tipo = 'Parroquia';
SET @pertenece = (SELECT pkLugar FROM
	(SELECT id_lugar as pkLugar FROM arma_tu_fiesta.lugar WHERE tipo = 'Municipio' AND nombre = 'Achaguas (Achaguas)')
	as tablaLugar);
INSERT INTO arma_tu_fiesta.lugar (nombre, tipo, fk_pertenece) VALUES ('El Yagual', @tipo, @pertenece);

SET @tipo = 'Parroquia';
SET @pertenece = (SELECT pkLugar FROM
	(SELECT id_lugar as pkLugar FROM arma_tu_fiesta.lugar WHERE tipo = 'Municipio' AND nombre = 'Achaguas (Achaguas)')
	as tablaLugar);
INSERT INTO arma_tu_fiesta.lugar (nombre, tipo, fk_pertenece) VALUES ('Guachara', @tipo, @pertenece);

SET @tipo = 'Parroquia';
SET @pertenece = (SELECT pkLugar FROM
	(SELECT id_lugar as pkLugar FROM arma_tu_fiesta.lugar WHERE tipo = 'Municipio' AND nombre = 'Achaguas (Achaguas)')
	as tablaLugar);
INSERT INTO arma_tu_fiesta.lugar (nombre, tipo, fk_pertenece) VALUES ('Mucuritas', @tipo, @pertenece);

SET @tipo = 'Parroquia';
SET @pertenece = (SELECT pkLugar FROM
	(SELECT id_lugar as pkLugar FROM arma_tu_fiesta.lugar WHERE tipo = 'Municipio' AND nombre = 'Achaguas (Achaguas)')
	as tablaLugar);
INSERT INTO arma_tu_fiesta.lugar (nombre, tipo, fk_pertenece) VALUES ('Queseras del medio', @tipo, @pertenece);

SET @tipo = 'Municipio';
SET @pertenece = (SELECT pkLugar FROM
	(SELECT id_lugar as pkLugar FROM arma_tu_fiesta.lugar WHERE tipo = 'Estado' AND nombre = 'Apure')
	as tablaLugar);
INSERT INTO arma_tu_fiesta.lugar (nombre, tipo, fk_pertenece) VALUES ('Biruaca (Biruaca)', @tipo, @pertenece);

SET @tipo = 'Parroquia';
SET @pertenece = (SELECT pkLugar FROM
	(SELECT id_lugar as pkLugar FROM arma_tu_fiesta.lugar WHERE tipo = 'Municipio' AND nombre = 'Biruaca (Biruaca)')
	as tablaLugar);
INSERT INTO arma_tu_fiesta.lugar (nombre, tipo, fk_pertenece) VALUES ('Biruaca', @tipo, @pertenece);

SET @tipo = 'Municipio';
SET @pertenece = (SELECT pkLugar FROM
	(SELECT id_lugar as pkLugar FROM arma_tu_fiesta.lugar WHERE tipo = 'Estado' AND nombre = 'Apure')
	as tablaLugar);
INSERT INTO arma_tu_fiesta.lugar (nombre, tipo, fk_pertenece) VALUES ('Camejo (San Juan de Payara)', @tipo, @pertenece);

SET @tipo = 'Parroquia';
SET @pertenece = (SELECT pkLugar FROM
	(SELECT id_lugar as pkLugar FROM arma_tu_fiesta.lugar WHERE tipo = 'Municipio' AND nombre = 'Camejo (San Juan de Payara)')
	as tablaLugar);
INSERT INTO arma_tu_fiesta.lugar (nombre, tipo, fk_pertenece) VALUES ('San Juan de Payara', @tipo, @pertenece);

SET @tipo = 'Parroquia';
SET @pertenece = (SELECT pkLugar FROM
	(SELECT id_lugar as pkLugar FROM arma_tu_fiesta.lugar WHERE tipo = 'Municipio' AND nombre = 'Camejo (San Juan de Payara)')
	as tablaLugar);
INSERT INTO arma_tu_fiesta.lugar (nombre, tipo, fk_pertenece) VALUES ('Codazzi', @tipo, @pertenece);

SET @tipo = 'Parroquia';
SET @pertenece = (SELECT pkLugar FROM
	(SELECT id_lugar as pkLugar FROM arma_tu_fiesta.lugar WHERE tipo = 'Municipio' AND nombre = 'Camejo (San Juan de Payara)')
	as tablaLugar);
INSERT INTO arma_tu_fiesta.lugar (nombre, tipo, fk_pertenece) VALUES ('Cunaviche', @tipo, @pertenece);

SET @tipo = 'Municipio';
SET @pertenece = (SELECT pkLugar FROM
	(SELECT id_lugar as pkLugar FROM arma_tu_fiesta.lugar WHERE tipo = 'Estado' AND nombre = 'Apure')
	as tablaLugar);
INSERT INTO arma_tu_fiesta.lugar (nombre, tipo, fk_pertenece) VALUES ('Muñoz (Bruzual)', @tipo, @pertenece);

SET @tipo = 'Parroquia';
SET @pertenece = (SELECT pkLugar FROM
	(SELECT id_lugar as pkLugar FROM arma_tu_fiesta.lugar WHERE tipo = 'Municipio' AND nombre = 'Muñoz (Bruzual)')
	as tablaLugar);
INSERT INTO arma_tu_fiesta.lugar (nombre, tipo, fk_pertenece) VALUES ('Bruzual', @tipo, @pertenece);

SET @tipo = 'Parroquia';
SET @pertenece = (SELECT pkLugar FROM
	(SELECT id_lugar as pkLugar FROM arma_tu_fiesta.lugar WHERE tipo = 'Municipio' AND nombre = 'Muñoz (Bruzual)')
	as tablaLugar);
INSERT INTO arma_tu_fiesta.lugar (nombre, tipo, fk_pertenece) VALUES ('Mantecal', @tipo, @pertenece);

SET @tipo = 'Parroquia';
SET @pertenece = (SELECT pkLugar FROM
	(SELECT id_lugar as pkLugar FROM arma_tu_fiesta.lugar WHERE tipo = 'Municipio' AND nombre = 'Muñoz (Bruzual)')
	as tablaLugar);
INSERT INTO arma_tu_fiesta.lugar (nombre, tipo, fk_pertenece) VALUES ('Quintero', @tipo, @pertenece);

SET @tipo = 'Parroquia';
SET @pertenece = (SELECT pkLugar FROM
	(SELECT id_lugar as pkLugar FROM arma_tu_fiesta.lugar WHERE tipo = 'Municipio' AND nombre = 'Muñoz (Bruzual)')
	as tablaLugar);
INSERT INTO arma_tu_fiesta.lugar (nombre, tipo, fk_pertenece) VALUES ('Rincón Hondo', @tipo, @pertenece);

SET @tipo = 'Parroquia';
SET @pertenece = (SELECT pkLugar FROM
	(SELECT id_lugar as pkLugar FROM arma_tu_fiesta.lugar WHERE tipo = 'Municipio' AND nombre = 'Muñoz (Bruzual)')
	as tablaLugar);
INSERT INTO arma_tu_fiesta.lugar (nombre, tipo, fk_pertenece) VALUES ('San Vicente', @tipo, @pertenece);

SET @tipo = 'Municipio';
SET @pertenece = (SELECT pkLugar FROM
	(SELECT id_lugar as pkLugar FROM arma_tu_fiesta.lugar WHERE tipo = 'Estado' AND nombre = 'Apure')
	as tablaLugar);
INSERT INTO arma_tu_fiesta.lugar (nombre, tipo, fk_pertenece) VALUES ('Páez (Guasdualito)', @tipo, @pertenece);

SET @tipo = 'Parroquia';
SET @pertenece = (SELECT pkLugar FROM
	(SELECT id_lugar as pkLugar FROM arma_tu_fiesta.lugar WHERE tipo = 'Municipio' AND nombre = 'Páez (Guasdualito)')
	as tablaLugar);
INSERT INTO arma_tu_fiesta.lugar (nombre, tipo, fk_pertenece) VALUES ('Guasdualito', @tipo, @pertenece);

SET @tipo = 'Parroquia';
SET @pertenece = (SELECT pkLugar FROM
	(SELECT id_lugar as pkLugar FROM arma_tu_fiesta.lugar WHERE tipo = 'Municipio' AND nombre = 'Páez (Guasdualito)')
	as tablaLugar);
INSERT INTO arma_tu_fiesta.lugar (nombre, tipo, fk_pertenece) VALUES ('Aramendi', @tipo, @pertenece);

SET @tipo = 'Parroquia';
SET @pertenece = (SELECT pkLugar FROM
	(SELECT id_lugar as pkLugar FROM arma_tu_fiesta.lugar WHERE tipo = 'Municipio' AND nombre = 'Páez (Guasdualito)')
	as tablaLugar);
INSERT INTO arma_tu_fiesta.lugar (nombre, tipo, fk_pertenece) VALUES ('El Amparo', @tipo, @pertenece);

SET @tipo = 'Parroquia';
SET @pertenece = (SELECT pkLugar FROM
	(SELECT id_lugar as pkLugar FROM arma_tu_fiesta.lugar WHERE tipo = 'Municipio' AND nombre = 'Páez (Guasdualito)')
	as tablaLugar);
INSERT INTO arma_tu_fiesta.lugar (nombre, tipo, fk_pertenece) VALUES ('San Camilo', @tipo, @pertenece);

SET @tipo = 'Parroquia';
SET @pertenece = (SELECT pkLugar FROM
	(SELECT id_lugar as pkLugar FROM arma_tu_fiesta.lugar WHERE tipo = 'Municipio' AND nombre = 'Páez (Guasdualito)')
	as tablaLugar);
INSERT INTO arma_tu_fiesta.lugar (nombre, tipo, fk_pertenece) VALUES ('Urdaneta', @tipo, @pertenece);

SET @tipo = 'Municipio';
SET @pertenece = (SELECT pkLugar FROM
	(SELECT id_lugar as pkLugar FROM arma_tu_fiesta.lugar WHERE tipo = 'Estado' AND nombre = 'Apure')
	as tablaLugar);
INSERT INTO arma_tu_fiesta.lugar (nombre, tipo, fk_pertenece) VALUES ('Rómulo Gallegos (Elorza)', @tipo, @pertenece);

SET @tipo = 'Parroquia';
SET @pertenece = (SELECT pkLugar FROM
	(SELECT id_lugar as pkLugar FROM arma_tu_fiesta.lugar WHERE tipo = 'Municipio' AND nombre = 'Rómulo Gallegos (Elorza)')
	as tablaLugar);
INSERT INTO arma_tu_fiesta.lugar (nombre, tipo, fk_pertenece) VALUES ('Elorza', @tipo, @pertenece);

SET @tipo = 'Parroquia';
SET @pertenece = (SELECT pkLugar FROM
	(SELECT id_lugar as pkLugar FROM arma_tu_fiesta.lugar WHERE tipo = 'Municipio' AND nombre = 'Rómulo Gallegos (Elorza)')
	as tablaLugar);
INSERT INTO arma_tu_fiesta.lugar (nombre, tipo, fk_pertenece) VALUES ('La Trinidad', @tipo, @pertenece);

SET @tipo = 'Municipio';
SET @pertenece = (SELECT pkLugar FROM
	(SELECT id_lugar as pkLugar FROM arma_tu_fiesta.lugar WHERE tipo = 'Estado' AND nombre = 'Apure')
	as tablaLugar);
INSERT INTO arma_tu_fiesta.lugar (nombre, tipo, fk_pertenece) VALUES ('San Fernando (San Fernando de Apure)', @tipo, @pertenece);

SET @tipo = 'Parroquia';
SET @pertenece = (SELECT pkLugar FROM
	(SELECT id_lugar as pkLugar FROM arma_tu_fiesta.lugar WHERE tipo = 'Municipio' AND nombre = 'San Fernando (San Fernando de Apure)')
	as tablaLugar);
INSERT INTO arma_tu_fiesta.lugar (nombre, tipo, fk_pertenece) VALUES ('San Fernando', @tipo, @pertenece);

SET @tipo = 'Parroquia';
SET @pertenece = (SELECT pkLugar FROM
	(SELECT id_lugar as pkLugar FROM arma_tu_fiesta.lugar WHERE tipo = 'Municipio' AND nombre = 'San Fernando (San Fernando de Apure)')
	as tablaLugar);
INSERT INTO arma_tu_fiesta.lugar (nombre, tipo, fk_pertenece) VALUES ('El Recreo', @tipo, @pertenece);

SET @tipo = 'Parroquia';
SET @pertenece = (SELECT pkLugar FROM
	(SELECT id_lugar as pkLugar FROM arma_tu_fiesta.lugar WHERE tipo = 'Municipio' AND nombre = 'San Fernando (San Fernando de Apure)')
	as tablaLugar);
INSERT INTO arma_tu_fiesta.lugar (nombre, tipo, fk_pertenece) VALUES ('Peñalver', @tipo, @pertenece);

SET @tipo = 'Parroquia';
SET @pertenece = (SELECT pkLugar FROM
	(SELECT id_lugar as pkLugar FROM arma_tu_fiesta.lugar WHERE tipo = 'Municipio' AND nombre = 'San Fernando (San Fernando de Apure)')
	as tablaLugar);
INSERT INTO arma_tu_fiesta.lugar (nombre, tipo, fk_pertenece) VALUES ('San Rafael de Atamaica', @tipo, @pertenece);

SET @tipo = 'Estado';
SET @pertenece = (SELECT pkLugar FROM
	(SELECT id_lugar as pkLugar FROM arma_tu_fiesta.lugar WHERE tipo = 'Pais' AND nombre = 'Venezuela')
	as tablaLugar);
INSERT INTO arma_tu_fiesta.lugar (nombre, tipo, fk_pertenece) VALUES ('Aragua', @tipo, @pertenece);

SET @tipo = 'Municipio';
SET @pertenece = (SELECT pkLugar FROM
	(SELECT id_lugar as pkLugar FROM arma_tu_fiesta.lugar WHERE tipo = 'Estado' AND nombre = 'Aragua')
	as tablaLugar);
INSERT INTO arma_tu_fiesta.lugar (nombre, tipo, fk_pertenece) VALUES ('Alcántara (Santa Rita)', @tipo, @pertenece);

SET @tipo = 'Parroquia';
SET @pertenece = (SELECT pkLugar FROM
	(SELECT id_lugar as pkLugar FROM arma_tu_fiesta.lugar WHERE tipo = 'Municipio' AND nombre = 'Alcántara (Santa Rita)')
	as tablaLugar);
INSERT INTO arma_tu_fiesta.lugar (nombre, tipo, fk_pertenece) VALUES ('Santa Rita', @tipo, @pertenece);

SET @tipo = 'Parroquia';
SET @pertenece = (SELECT pkLugar FROM
	(SELECT id_lugar as pkLugar FROM arma_tu_fiesta.lugar WHERE tipo = 'Municipio' AND nombre = 'Alcántara (Santa Rita)')
	as tablaLugar);
INSERT INTO arma_tu_fiesta.lugar (nombre, tipo, fk_pertenece) VALUES ('Francisco de Miranda', @tipo, @pertenece);

SET @tipo = 'Parroquia';
SET @pertenece = (SELECT pkLugar FROM
	(SELECT id_lugar as pkLugar FROM arma_tu_fiesta.lugar WHERE tipo = 'Municipio' AND nombre = 'Alcántara (Santa Rita)')
	as tablaLugar);
INSERT INTO arma_tu_fiesta.lugar (nombre, tipo, fk_pertenece) VALUES ('Moseñor Feliciano González', @tipo, @pertenece);

SET @tipo = 'Municipio';
SET @pertenece = (SELECT pkLugar FROM
	(SELECT id_lugar as pkLugar FROM arma_tu_fiesta.lugar WHERE tipo = 'Estado' AND nombre = 'Aragua')
	as tablaLugar);
INSERT INTO arma_tu_fiesta.lugar (nombre, tipo, fk_pertenece) VALUES ('Bolívar (San Mateo)', @tipo, @pertenece);

SET @tipo = 'Parroquia';
SET @pertenece = (SELECT pkLugar FROM
	(SELECT id_lugar as pkLugar FROM arma_tu_fiesta.lugar WHERE tipo = 'Municipio' AND nombre = 'Bolívar (San Mateo)')
	as tablaLugar);
INSERT INTO arma_tu_fiesta.lugar (nombre, tipo, fk_pertenece) VALUES ('Bolívar', @tipo, @pertenece);

SET @tipo = 'Municipio';
SET @pertenece = (SELECT pkLugar FROM
	(SELECT id_lugar as pkLugar FROM arma_tu_fiesta.lugar WHERE tipo = 'Estado' AND nombre = 'Aragua')
	as tablaLugar);
INSERT INTO arma_tu_fiesta.lugar (nombre, tipo, fk_pertenece) VALUES ('Camatagua (Camatagua)', @tipo, @pertenece);

SET @tipo = 'Parroquia';
SET @pertenece = (SELECT pkLugar FROM
	(SELECT id_lugar as pkLugar FROM arma_tu_fiesta.lugar WHERE tipo = 'Municipio' AND nombre = 'Camatagua (Camatagua)')
	as tablaLugar);
INSERT INTO arma_tu_fiesta.lugar (nombre, tipo, fk_pertenece) VALUES ('Camatagua', @tipo, @pertenece);

SET @tipo = 'Parroquia';
SET @pertenece = (SELECT pkLugar FROM
	(SELECT id_lugar as pkLugar FROM arma_tu_fiesta.lugar WHERE tipo = 'Municipio' AND nombre = 'Camatagua (Camatagua)')
	as tablaLugar);
INSERT INTO arma_tu_fiesta.lugar (nombre, tipo, fk_pertenece) VALUES ('Carmen de Cura', @tipo, @pertenece);

SET @tipo = 'Municipio';
SET @pertenece = (SELECT pkLugar FROM
	(SELECT id_lugar as pkLugar FROM arma_tu_fiesta.lugar WHERE tipo = 'Estado' AND nombre = 'Aragua')
	as tablaLugar);
INSERT INTO arma_tu_fiesta.lugar (nombre, tipo, fk_pertenece) VALUES ('Girardot (Maracay)', @tipo, @pertenece);

SET @tipo = 'Parroquia';
SET @pertenece = (SELECT pkLugar FROM
	(SELECT id_lugar as pkLugar FROM arma_tu_fiesta.lugar WHERE tipo = 'Municipio' AND nombre = 'Girardot (Maracay)')
	as tablaLugar);
INSERT INTO arma_tu_fiesta.lugar (nombre, tipo, fk_pertenece) VALUES ('Pedro José Ovalles', @tipo, @pertenece);

SET @tipo = 'Parroquia';
SET @pertenece = (SELECT pkLugar FROM
	(SELECT id_lugar as pkLugar FROM arma_tu_fiesta.lugar WHERE tipo = 'Municipio' AND nombre = 'Girardot (Maracay)')
	as tablaLugar);
INSERT INTO arma_tu_fiesta.lugar (nombre, tipo, fk_pertenece) VALUES ('Joaquín Crespo', @tipo, @pertenece);

SET @tipo = 'Parroquia';
SET @pertenece = (SELECT pkLugar FROM
	(SELECT id_lugar as pkLugar FROM arma_tu_fiesta.lugar WHERE tipo = 'Municipio' AND nombre = 'Girardot (Maracay)')
	as tablaLugar);
INSERT INTO arma_tu_fiesta.lugar (nombre, tipo, fk_pertenece) VALUES ('José Casanova Godoy', @tipo, @pertenece);

SET @tipo = 'Parroquia';
SET @pertenece = (SELECT pkLugar FROM
	(SELECT id_lugar as pkLugar FROM arma_tu_fiesta.lugar WHERE tipo = 'Municipio' AND nombre = 'Girardot (Maracay)')
	as tablaLugar);
INSERT INTO arma_tu_fiesta.lugar (nombre, tipo, fk_pertenece) VALUES ('Madre María de San José', @tipo, @pertenece);

SET @tipo = 'Parroquia';
SET @pertenece = (SELECT pkLugar FROM
	(SELECT id_lugar as pkLugar FROM arma_tu_fiesta.lugar WHERE tipo = 'Municipio' AND nombre = 'Girardot (Maracay)')
	as tablaLugar);
INSERT INTO arma_tu_fiesta.lugar (nombre, tipo, fk_pertenece) VALUES ('Andrés Eloy Blanco', @tipo, @pertenece);

SET @tipo = 'Parroquia';
SET @pertenece = (SELECT pkLugar FROM
	(SELECT id_lugar as pkLugar FROM arma_tu_fiesta.lugar WHERE tipo = 'Municipio' AND nombre = 'Girardot (Maracay)')
	as tablaLugar);
INSERT INTO arma_tu_fiesta.lugar (nombre, tipo, fk_pertenece) VALUES ('Los Tacarigua', @tipo, @pertenece);

SET @tipo = 'Parroquia';
SET @pertenece = (SELECT pkLugar FROM
	(SELECT id_lugar as pkLugar FROM arma_tu_fiesta.lugar WHERE tipo = 'Municipio' AND nombre = 'Girardot (Maracay)')
	as tablaLugar);
INSERT INTO arma_tu_fiesta.lugar (nombre, tipo, fk_pertenece) VALUES ('Las Delicias', @tipo, @pertenece);

SET @tipo = 'Parroquia';
SET @pertenece = (SELECT pkLugar FROM
	(SELECT id_lugar as pkLugar FROM arma_tu_fiesta.lugar WHERE tipo = 'Municipio' AND nombre = 'Girardot (Maracay)')
	as tablaLugar);
INSERT INTO arma_tu_fiesta.lugar (nombre, tipo, fk_pertenece) VALUES ('Choroní', @tipo, @pertenece);

SET @tipo = 'Municipio';
SET @pertenece = (SELECT pkLugar FROM
	(SELECT id_lugar as pkLugar FROM arma_tu_fiesta.lugar WHERE tipo = 'Estado' AND nombre = 'Aragua')
	as tablaLugar);
INSERT INTO arma_tu_fiesta.lugar (nombre, tipo, fk_pertenece) VALUES ('Iragorry (El Limón)', @tipo, @pertenece);

SET @tipo = 'Parroquia';
SET @pertenece = (SELECT pkLugar FROM
	(SELECT id_lugar as pkLugar FROM arma_tu_fiesta.lugar WHERE tipo = 'Municipio' AND nombre = 'Iragorry (El Limón)')
	as tablaLugar);
INSERT INTO arma_tu_fiesta.lugar (nombre, tipo, fk_pertenece) VALUES ('El Limón', @tipo, @pertenece);

SET @tipo = 'Parroquia';
SET @pertenece = (SELECT pkLugar FROM
	(SELECT id_lugar as pkLugar FROM arma_tu_fiesta.lugar WHERE tipo = 'Municipio' AND nombre = 'Iragorry (El Limón)')
	as tablaLugar);
INSERT INTO arma_tu_fiesta.lugar (nombre, tipo, fk_pertenece) VALUES ('Caña de Azúcar', @tipo, @pertenece);

SET @tipo = 'Municipio';
SET @pertenece = (SELECT pkLugar FROM
	(SELECT id_lugar as pkLugar FROM arma_tu_fiesta.lugar WHERE tipo = 'Estado' AND nombre = 'Aragua')
	as tablaLugar);
INSERT INTO arma_tu_fiesta.lugar (nombre, tipo, fk_pertenece) VALUES ('Lamas (Santa Cruz de Aragua)', @tipo, @pertenece);

SET @tipo = 'Parroquia';
SET @pertenece = (SELECT pkLugar FROM
	(SELECT id_lugar as pkLugar FROM arma_tu_fiesta.lugar WHERE tipo = 'Municipio' AND nombre = 'Lamas (Santa Cruz de Aragua)')
	as tablaLugar);
INSERT INTO arma_tu_fiesta.lugar (nombre, tipo, fk_pertenece) VALUES ('Santa Cruz', @tipo, @pertenece);

SET @tipo = 'Municipio';
SET @pertenece = (SELECT pkLugar FROM
	(SELECT id_lugar as pkLugar FROM arma_tu_fiesta.lugar WHERE tipo = 'Estado' AND nombre = 'Aragua')
	as tablaLugar);
INSERT INTO arma_tu_fiesta.lugar (nombre, tipo, fk_pertenece) VALUES ('Libertador (Palo Negro)', @tipo, @pertenece);

SET @tipo = 'Parroquia';
SET @pertenece = (SELECT pkLugar FROM
	(SELECT id_lugar as pkLugar FROM arma_tu_fiesta.lugar WHERE tipo = 'Municipio' AND nombre = 'Libertador (Palo Negro)')
	as tablaLugar);
INSERT INTO arma_tu_fiesta.lugar (nombre, tipo, fk_pertenece) VALUES ('Palo Negro', @tipo, @pertenece);

SET @tipo = 'Parroquia';
SET @pertenece = (SELECT pkLugar FROM
	(SELECT id_lugar as pkLugar FROM arma_tu_fiesta.lugar WHERE tipo = 'Municipio' AND nombre = 'Libertador (Palo Negro)')
	as tablaLugar);
INSERT INTO arma_tu_fiesta.lugar (nombre, tipo, fk_pertenece) VALUES ('San Martín de Porres', @tipo, @pertenece);

SET @tipo = 'Municipio';
SET @pertenece = (SELECT pkLugar FROM
	(SELECT id_lugar as pkLugar FROM arma_tu_fiesta.lugar WHERE tipo = 'Estado' AND nombre = 'Aragua')
	as tablaLugar);
INSERT INTO arma_tu_fiesta.lugar (nombre, tipo, fk_pertenece) VALUES ('Mariño (Turmero)', @tipo, @pertenece);

SET @tipo = 'Parroquia';
SET @pertenece = (SELECT pkLugar FROM
	(SELECT id_lugar as pkLugar FROM arma_tu_fiesta.lugar WHERE tipo = 'Municipio' AND nombre = 'Mariño (Turmero)')
	as tablaLugar);
INSERT INTO arma_tu_fiesta.lugar (nombre, tipo, fk_pertenece) VALUES ('Turmero', @tipo, @pertenece);

SET @tipo = 'Parroquia';
SET @pertenece = (SELECT pkLugar FROM
	(SELECT id_lugar as pkLugar FROM arma_tu_fiesta.lugar WHERE tipo = 'Municipio' AND nombre = 'Mariño (Turmero)')
	as tablaLugar);
INSERT INTO arma_tu_fiesta.lugar (nombre, tipo, fk_pertenece) VALUES ('Arévalo Aponte', @tipo, @pertenece);

SET @tipo = 'Parroquia';
SET @pertenece = (SELECT pkLugar FROM
	(SELECT id_lugar as pkLugar FROM arma_tu_fiesta.lugar WHERE tipo = 'Municipio' AND nombre = 'Mariño (Turmero)')
	as tablaLugar);
INSERT INTO arma_tu_fiesta.lugar (nombre, tipo, fk_pertenece) VALUES ('Chuao', @tipo, @pertenece);

SET @tipo = 'Parroquia';
SET @pertenece = (SELECT pkLugar FROM
	(SELECT id_lugar as pkLugar FROM arma_tu_fiesta.lugar WHERE tipo = 'Municipio' AND nombre = 'Mariño (Turmero)')
	as tablaLugar);
INSERT INTO arma_tu_fiesta.lugar (nombre, tipo, fk_pertenece) VALUES ('Samán de Güere', @tipo, @pertenece);

SET @tipo = 'Parroquia';
SET @pertenece = (SELECT pkLugar FROM
	(SELECT id_lugar as pkLugar FROM arma_tu_fiesta.lugar WHERE tipo = 'Municipio' AND nombre = 'Mariño (Turmero)')
	as tablaLugar);
INSERT INTO arma_tu_fiesta.lugar (nombre, tipo, fk_pertenece) VALUES ('Alfredo Pacheco Miranda', @tipo, @pertenece);

SET @tipo = 'Municipio';
SET @pertenece = (SELECT pkLugar FROM
	(SELECT id_lugar as pkLugar FROM arma_tu_fiesta.lugar WHERE tipo = 'Estado' AND nombre = 'Aragua')
	as tablaLugar);
INSERT INTO arma_tu_fiesta.lugar (nombre, tipo, fk_pertenece) VALUES ('Michelena (Las Tejerías)', @tipo, @pertenece);

SET @tipo = 'Parroquia';
SET @pertenece = (SELECT pkLugar FROM
	(SELECT id_lugar as pkLugar FROM arma_tu_fiesta.lugar WHERE tipo = 'Municipio' AND nombre = 'Michelena (Las Tejerías)')
	as tablaLugar);
INSERT INTO arma_tu_fiesta.lugar (nombre, tipo, fk_pertenece) VALUES ('Santos Michelena', @tipo, @pertenece);

SET @tipo = 'Parroquia';
SET @pertenece = (SELECT pkLugar FROM
	(SELECT id_lugar as pkLugar FROM arma_tu_fiesta.lugar WHERE tipo = 'Municipio' AND nombre = 'Michelena (Las Tejerías)')
	as tablaLugar);
INSERT INTO arma_tu_fiesta.lugar (nombre, tipo, fk_pertenece) VALUES ('Tiara', @tipo, @pertenece);

SET @tipo = 'Municipio';
SET @pertenece = (SELECT pkLugar FROM
	(SELECT id_lugar as pkLugar FROM arma_tu_fiesta.lugar WHERE tipo = 'Estado' AND nombre = 'Aragua')
	as tablaLugar);
INSERT INTO arma_tu_fiesta.lugar (nombre, tipo, fk_pertenece) VALUES ('Ocumare de la Costa de Oro (Ocumare de la Costa)', @tipo, @pertenece);

SET @tipo = 'Parroquia';
SET @pertenece = (SELECT pkLugar FROM
	(SELECT id_lugar as pkLugar FROM arma_tu_fiesta.lugar WHERE tipo = 'Municipio' AND nombre = 'Ocumare de la Costa de Oro (Ocumare de la Costa)')
	as tablaLugar);
INSERT INTO arma_tu_fiesta.lugar (nombre, tipo, fk_pertenece) VALUES ('Ocumare de la Costa', @tipo, @pertenece);

SET @tipo = 'Municipio';
SET @pertenece = (SELECT pkLugar FROM
	(SELECT id_lugar as pkLugar FROM arma_tu_fiesta.lugar WHERE tipo = 'Estado' AND nombre = 'Aragua')
	as tablaLugar);
INSERT INTO arma_tu_fiesta.lugar (nombre, tipo, fk_pertenece) VALUES ('Revenga (El Consejo)', @tipo, @pertenece);

SET @tipo = 'Parroquia';
SET @pertenece = (SELECT pkLugar FROM
	(SELECT id_lugar as pkLugar FROM arma_tu_fiesta.lugar WHERE tipo = 'Municipio' AND nombre = 'Revenga (El Consejo)')
	as tablaLugar);
INSERT INTO arma_tu_fiesta.lugar (nombre, tipo, fk_pertenece) VALUES ('José Rafael Revenga', @tipo, @pertenece);

SET @tipo = 'Parroquia';
SET @pertenece = (SELECT pkLugar FROM
	(SELECT id_lugar as pkLugar FROM arma_tu_fiesta.lugar WHERE tipo = 'Municipio' AND nombre = 'Revenga (El Consejo)')
	as tablaLugar);
INSERT INTO arma_tu_fiesta.lugar (nombre, tipo, fk_pertenece) VALUES ('El Consejo', @tipo, @pertenece);

SET @tipo = 'Municipio';
SET @pertenece = (SELECT pkLugar FROM
	(SELECT id_lugar as pkLugar FROM arma_tu_fiesta.lugar WHERE tipo = 'Estado' AND nombre = 'Aragua')
	as tablaLugar);
INSERT INTO arma_tu_fiesta.lugar (nombre, tipo, fk_pertenece) VALUES ('Ribas (La Victoria)', @tipo, @pertenece);

SET @tipo = 'Parroquia';
SET @pertenece = (SELECT pkLugar FROM
	(SELECT id_lugar as pkLugar FROM arma_tu_fiesta.lugar WHERE tipo = 'Municipio' AND nombre = 'Ribas (La Victoria)')
	as tablaLugar);
INSERT INTO arma_tu_fiesta.lugar (nombre, tipo, fk_pertenece) VALUES ('José Félix Ribas', @tipo, @pertenece);

SET @tipo = 'Parroquia';
SET @pertenece = (SELECT pkLugar FROM
	(SELECT id_lugar as pkLugar FROM arma_tu_fiesta.lugar WHERE tipo = 'Municipio' AND nombre = 'Ribas (La Victoria)')
	as tablaLugar);
INSERT INTO arma_tu_fiesta.lugar (nombre, tipo, fk_pertenece) VALUES ('Castor Nieves Ríos', @tipo, @pertenece);

SET @tipo = 'Parroquia';
SET @pertenece = (SELECT pkLugar FROM
	(SELECT id_lugar as pkLugar FROM arma_tu_fiesta.lugar WHERE tipo = 'Municipio' AND nombre = 'Ribas (La Victoria)')
	as tablaLugar);
INSERT INTO arma_tu_fiesta.lugar (nombre, tipo, fk_pertenece) VALUES ('Las Guacamayas', @tipo, @pertenece);

SET @tipo = 'Parroquia';
SET @pertenece = (SELECT pkLugar FROM
	(SELECT id_lugar as pkLugar FROM arma_tu_fiesta.lugar WHERE tipo = 'Municipio' AND nombre = 'Ribas (La Victoria)')
	as tablaLugar);
INSERT INTO arma_tu_fiesta.lugar (nombre, tipo, fk_pertenece) VALUES ('Pao de Zárate', @tipo, @pertenece);

SET @tipo = 'Parroquia';
SET @pertenece = (SELECT pkLugar FROM
	(SELECT id_lugar as pkLugar FROM arma_tu_fiesta.lugar WHERE tipo = 'Municipio' AND nombre = 'Ribas (La Victoria)')
	as tablaLugar);
INSERT INTO arma_tu_fiesta.lugar (nombre, tipo, fk_pertenece) VALUES ('Zuata', @tipo, @pertenece);

SET @tipo = 'Municipio';
SET @pertenece = (SELECT pkLugar FROM
	(SELECT id_lugar as pkLugar FROM arma_tu_fiesta.lugar WHERE tipo = 'Estado' AND nombre = 'Aragua')
	as tablaLugar);
INSERT INTO arma_tu_fiesta.lugar (nombre, tipo, fk_pertenece) VALUES ('San Casimiro (San Casimiro)', @tipo, @pertenece);

SET @tipo = 'Parroquia';
SET @pertenece = (SELECT pkLugar FROM
	(SELECT id_lugar as pkLugar FROM arma_tu_fiesta.lugar WHERE tipo = 'Municipio' AND nombre = 'San Casimiro (San Casimiro)')
	as tablaLugar);
INSERT INTO arma_tu_fiesta.lugar (nombre, tipo, fk_pertenece) VALUES ('San Casimiro', @tipo, @pertenece);

SET @tipo = 'Parroquia';
SET @pertenece = (SELECT pkLugar FROM
	(SELECT id_lugar as pkLugar FROM arma_tu_fiesta.lugar WHERE tipo = 'Municipio' AND nombre = 'San Casimiro (San Casimiro)')
	as tablaLugar);
INSERT INTO arma_tu_fiesta.lugar (nombre, tipo, fk_pertenece) VALUES ('Güiripa', @tipo, @pertenece);

SET @tipo = 'Parroquia';
SET @pertenece = (SELECT pkLugar FROM
	(SELECT id_lugar as pkLugar FROM arma_tu_fiesta.lugar WHERE tipo = 'Municipio' AND nombre = 'San Casimiro (San Casimiro)')
	as tablaLugar);
INSERT INTO arma_tu_fiesta.lugar (nombre, tipo, fk_pertenece) VALUES ('Ollas de Caramacate', @tipo, @pertenece);

SET @tipo = 'Parroquia';
SET @pertenece = (SELECT pkLugar FROM
	(SELECT id_lugar as pkLugar FROM arma_tu_fiesta.lugar WHERE tipo = 'Municipio' AND nombre = 'San Casimiro (San Casimiro)')
	as tablaLugar);
INSERT INTO arma_tu_fiesta.lugar (nombre, tipo, fk_pertenece) VALUES ('Valle Morín', @tipo, @pertenece);

SET @tipo = 'Municipio';
SET @pertenece = (SELECT pkLugar FROM
	(SELECT id_lugar as pkLugar FROM arma_tu_fiesta.lugar WHERE tipo = 'Estado' AND nombre = 'Aragua')
	as tablaLugar);
INSERT INTO arma_tu_fiesta.lugar (nombre, tipo, fk_pertenece) VALUES ('San Sebastián (San Sebastián de Los Reyes)', @tipo, @pertenece);

SET @tipo = 'Parroquia';
SET @pertenece = (SELECT pkLugar FROM
	(SELECT id_lugar as pkLugar FROM arma_tu_fiesta.lugar WHERE tipo = 'Municipio' AND nombre = 'San Sebastián (San Sebastián de Los Reyes)')
	as tablaLugar);
INSERT INTO arma_tu_fiesta.lugar (nombre, tipo, fk_pertenece) VALUES ('San Sebastían', @tipo, @pertenece);

SET @tipo = 'Municipio';
SET @pertenece = (SELECT pkLugar FROM
	(SELECT id_lugar as pkLugar FROM arma_tu_fiesta.lugar WHERE tipo = 'Estado' AND nombre = 'Aragua')
	as tablaLugar);
INSERT INTO arma_tu_fiesta.lugar (nombre, tipo, fk_pertenece) VALUES ('Sucre (Cagua)', @tipo, @pertenece);

SET @tipo = 'Parroquia';
SET @pertenece = (SELECT pkLugar FROM
	(SELECT id_lugar as pkLugar FROM arma_tu_fiesta.lugar WHERE tipo = 'Municipio' AND nombre = 'Sucre (Cagua)')
	as tablaLugar);
INSERT INTO arma_tu_fiesta.lugar (nombre, tipo, fk_pertenece) VALUES ('Cagua', @tipo, @pertenece);

SET @tipo = 'Parroquia';
SET @pertenece = (SELECT pkLugar FROM
	(SELECT id_lugar as pkLugar FROM arma_tu_fiesta.lugar WHERE tipo = 'Municipio' AND nombre = 'Sucre (Cagua)')
	as tablaLugar);
INSERT INTO arma_tu_fiesta.lugar (nombre, tipo, fk_pertenece) VALUES ('Bella Vista', @tipo, @pertenece);

SET @tipo = 'Municipio';
SET @pertenece = (SELECT pkLugar FROM
	(SELECT id_lugar as pkLugar FROM arma_tu_fiesta.lugar WHERE tipo = 'Estado' AND nombre = 'Aragua')
	as tablaLugar);
INSERT INTO arma_tu_fiesta.lugar (nombre, tipo, fk_pertenece) VALUES ('Tovar (Colonia Tovar)', @tipo, @pertenece);

SET @tipo = 'Parroquia';
SET @pertenece = (SELECT pkLugar FROM
	(SELECT id_lugar as pkLugar FROM arma_tu_fiesta.lugar WHERE tipo = 'Municipio' AND nombre = 'Tovar (Colonia Tovar)')
	as tablaLugar);
INSERT INTO arma_tu_fiesta.lugar (nombre, tipo, fk_pertenece) VALUES ('Tovar', @tipo, @pertenece);

SET @tipo = 'Municipio';
SET @pertenece = (SELECT pkLugar FROM
	(SELECT id_lugar as pkLugar FROM arma_tu_fiesta.lugar WHERE tipo = 'Estado' AND nombre = 'Aragua')
	as tablaLugar);
INSERT INTO arma_tu_fiesta.lugar (nombre, tipo, fk_pertenece) VALUES ('Urdaneta (Barbacoas)', @tipo, @pertenece);

SET @tipo = 'Parroquia';
SET @pertenece = (SELECT pkLugar FROM
	(SELECT id_lugar as pkLugar FROM arma_tu_fiesta.lugar WHERE tipo = 'Municipio' AND nombre = 'Urdaneta (Barbacoas)')
	as tablaLugar);
INSERT INTO arma_tu_fiesta.lugar (nombre, tipo, fk_pertenece) VALUES ('Urdaneta', @tipo, @pertenece);

SET @tipo = 'Parroquia';
SET @pertenece = (SELECT pkLugar FROM
	(SELECT id_lugar as pkLugar FROM arma_tu_fiesta.lugar WHERE tipo = 'Municipio' AND nombre = 'Urdaneta (Barbacoas)')
	as tablaLugar);
INSERT INTO arma_tu_fiesta.lugar (nombre, tipo, fk_pertenece) VALUES ('Las Peñitas', @tipo, @pertenece);

SET @tipo = 'Parroquia';
SET @pertenece = (SELECT pkLugar FROM
	(SELECT id_lugar as pkLugar FROM arma_tu_fiesta.lugar WHERE tipo = 'Municipio' AND nombre = 'Urdaneta (Barbacoas)')
	as tablaLugar);
INSERT INTO arma_tu_fiesta.lugar (nombre, tipo, fk_pertenece) VALUES ('San Francisco de Cara', @tipo, @pertenece);

SET @tipo = 'Parroquia';
SET @pertenece = (SELECT pkLugar FROM
	(SELECT id_lugar as pkLugar FROM arma_tu_fiesta.lugar WHERE tipo = 'Municipio' AND nombre = 'Urdaneta (Barbacoas)')
	as tablaLugar);
INSERT INTO arma_tu_fiesta.lugar (nombre, tipo, fk_pertenece) VALUES ('Taguay', @tipo, @pertenece);

SET @tipo = 'Municipio';
SET @pertenece = (SELECT pkLugar FROM
	(SELECT id_lugar as pkLugar FROM arma_tu_fiesta.lugar WHERE tipo = 'Estado' AND nombre = 'Aragua')
	as tablaLugar);
INSERT INTO arma_tu_fiesta.lugar (nombre, tipo, fk_pertenece) VALUES ('Zamora (Villa de Cura)', @tipo, @pertenece);

SET @tipo = 'Parroquia';
SET @pertenece = (SELECT pkLugar FROM
	(SELECT id_lugar as pkLugar FROM arma_tu_fiesta.lugar WHERE tipo = 'Municipio' AND nombre = 'Zamora (Villa de Cura)')
	as tablaLugar);
INSERT INTO arma_tu_fiesta.lugar (nombre, tipo, fk_pertenece) VALUES ('Villa de Cura', @tipo, @pertenece);

SET @tipo = 'Parroquia';
SET @pertenece = (SELECT pkLugar FROM
	(SELECT id_lugar as pkLugar FROM arma_tu_fiesta.lugar WHERE tipo = 'Municipio' AND nombre = 'Zamora (Villa de Cura)')
	as tablaLugar);
INSERT INTO arma_tu_fiesta.lugar (nombre, tipo, fk_pertenece) VALUES ('Magdaleno', @tipo, @pertenece);

SET @tipo = 'Parroquia';
SET @pertenece = (SELECT pkLugar FROM
	(SELECT id_lugar as pkLugar FROM arma_tu_fiesta.lugar WHERE tipo = 'Municipio' AND nombre = 'Zamora (Villa de Cura)')
	as tablaLugar);
INSERT INTO arma_tu_fiesta.lugar (nombre, tipo, fk_pertenece) VALUES ('San Francisco de Asís', @tipo, @pertenece);

SET @tipo = 'Parroquia';
SET @pertenece = (SELECT pkLugar FROM
	(SELECT id_lugar as pkLugar FROM arma_tu_fiesta.lugar WHERE tipo = 'Municipio' AND nombre = 'Zamora (Villa de Cura)')
	as tablaLugar);
INSERT INTO arma_tu_fiesta.lugar (nombre, tipo, fk_pertenece) VALUES ('Valles de Tucutunemo', @tipo, @pertenece);

SET @tipo = 'Parroquia';
SET @pertenece = (SELECT pkLugar FROM
	(SELECT id_lugar as pkLugar FROM arma_tu_fiesta.lugar WHERE tipo = 'Municipio' AND nombre = 'Zamora (Villa de Cura)')
	as tablaLugar);
INSERT INTO arma_tu_fiesta.lugar (nombre, tipo, fk_pertenece) VALUES ('Augusto Mijares', @tipo, @pertenece);

SET @tipo = 'Estado';
SET @pertenece = (SELECT pkLugar FROM
	(SELECT id_lugar as pkLugar FROM arma_tu_fiesta.lugar WHERE tipo = 'Pais' AND nombre = 'Venezuela')
	as tablaLugar);
INSERT INTO arma_tu_fiesta.lugar (nombre, tipo, fk_pertenece) VALUES ('Barinas', @tipo, @pertenece);

SET @tipo = 'Municipio';
SET @pertenece = (SELECT pkLugar FROM
	(SELECT id_lugar as pkLugar FROM arma_tu_fiesta.lugar WHERE tipo = 'Estado' AND nombre = 'Barinas')
	as tablaLugar);
INSERT INTO arma_tu_fiesta.lugar (nombre, tipo, fk_pertenece) VALUES ('Alberto Arvelo Torrealba (Sabaneta)', @tipo, @pertenece);

SET @tipo = 'Parroquia';
SET @pertenece = (SELECT pkLugar FROM
	(SELECT id_lugar as pkLugar FROM arma_tu_fiesta.lugar WHERE tipo = 'Municipio' AND nombre = 'Alberto Arvelo Torrealba (Sabaneta)')
	as tablaLugar);
INSERT INTO arma_tu_fiesta.lugar (nombre, tipo, fk_pertenece) VALUES ('Sabaneta', @tipo, @pertenece);

SET @tipo = 'Parroquia';
SET @pertenece = (SELECT pkLugar FROM
	(SELECT id_lugar as pkLugar FROM arma_tu_fiesta.lugar WHERE tipo = 'Municipio' AND nombre = 'Alberto Arvelo Torrealba (Sabaneta)')
	as tablaLugar);
INSERT INTO arma_tu_fiesta.lugar (nombre, tipo, fk_pertenece) VALUES ('Juan Antonio Rodríguez Domínguez', @tipo, @pertenece);

SET @tipo = 'Municipio';
SET @pertenece = (SELECT pkLugar FROM
	(SELECT id_lugar as pkLugar FROM arma_tu_fiesta.lugar WHERE tipo = 'Estado' AND nombre = 'Barinas')
	as tablaLugar);
INSERT INTO arma_tu_fiesta.lugar (nombre, tipo, fk_pertenece) VALUES ('Andrés Eloy Blanco (El Cantón)', @tipo, @pertenece);

SET @tipo = 'Parroquia';
SET @pertenece = (SELECT pkLugar FROM
	(SELECT id_lugar as pkLugar FROM arma_tu_fiesta.lugar WHERE tipo = 'Municipio' AND nombre = 'Andrés Eloy Blanco (El Cantón)')
	as tablaLugar);
INSERT INTO arma_tu_fiesta.lugar (nombre, tipo, fk_pertenece) VALUES ('El Cantón', @tipo, @pertenece);

SET @tipo = 'Parroquia';
SET @pertenece = (SELECT pkLugar FROM
	(SELECT id_lugar as pkLugar FROM arma_tu_fiesta.lugar WHERE tipo = 'Municipio' AND nombre = 'Andrés Eloy Blanco (El Cantón)')
	as tablaLugar);
INSERT INTO arma_tu_fiesta.lugar (nombre, tipo, fk_pertenece) VALUES ('Santa Cruz de Guacas', @tipo, @pertenece);

SET @tipo = 'Parroquia';
SET @pertenece = (SELECT pkLugar FROM
	(SELECT id_lugar as pkLugar FROM arma_tu_fiesta.lugar WHERE tipo = 'Municipio' AND nombre = 'Andrés Eloy Blanco (El Cantón)')
	as tablaLugar);
INSERT INTO arma_tu_fiesta.lugar (nombre, tipo, fk_pertenece) VALUES ('Puerto Vivas', @tipo, @pertenece);

SET @tipo = 'Municipio';
SET @pertenece = (SELECT pkLugar FROM
	(SELECT id_lugar as pkLugar FROM arma_tu_fiesta.lugar WHERE tipo = 'Estado' AND nombre = 'Barinas')
	as tablaLugar);
INSERT INTO arma_tu_fiesta.lugar (nombre, tipo, fk_pertenece) VALUES ('Antonio José de Sucre (Socopó)', @tipo, @pertenece);

SET @tipo = 'Parroquia';
SET @pertenece = (SELECT pkLugar FROM
	(SELECT id_lugar as pkLugar FROM arma_tu_fiesta.lugar WHERE tipo = 'Municipio' AND nombre = 'Antonio José de Sucre (Socopó)')
	as tablaLugar);
INSERT INTO arma_tu_fiesta.lugar (nombre, tipo, fk_pertenece) VALUES ('Socopo', @tipo, @pertenece);

SET @tipo = 'Parroquia';
SET @pertenece = (SELECT pkLugar FROM
	(SELECT id_lugar as pkLugar FROM arma_tu_fiesta.lugar WHERE tipo = 'Municipio' AND nombre = 'Antonio José de Sucre (Socopó)')
	as tablaLugar);
INSERT INTO arma_tu_fiesta.lugar (nombre, tipo, fk_pertenece) VALUES ('Nicolás Pulido', @tipo, @pertenece);

SET @tipo = 'Parroquia';
SET @pertenece = (SELECT pkLugar FROM
	(SELECT id_lugar as pkLugar FROM arma_tu_fiesta.lugar WHERE tipo = 'Municipio' AND nombre = 'Antonio José de Sucre (Socopó)')
	as tablaLugar);
INSERT INTO arma_tu_fiesta.lugar (nombre, tipo, fk_pertenece) VALUES ('Andrés Bello', @tipo, @pertenece);

SET @tipo = 'Municipio';
SET @pertenece = (SELECT pkLugar FROM
	(SELECT id_lugar as pkLugar FROM arma_tu_fiesta.lugar WHERE tipo = 'Estado' AND nombre = 'Barinas')
	as tablaLugar);
INSERT INTO arma_tu_fiesta.lugar (nombre, tipo, fk_pertenece) VALUES ('Arismendi (Arismendi)', @tipo, @pertenece);

SET @tipo = 'Parroquia';
SET @pertenece = (SELECT pkLugar FROM
	(SELECT id_lugar as pkLugar FROM arma_tu_fiesta.lugar WHERE tipo = 'Municipio' AND nombre = 'Arismendi (Arismendi)')
	as tablaLugar);
INSERT INTO arma_tu_fiesta.lugar (nombre, tipo, fk_pertenece) VALUES ('Arismendi', @tipo, @pertenece);

SET @tipo = 'Parroquia';
SET @pertenece = (SELECT pkLugar FROM
	(SELECT id_lugar as pkLugar FROM arma_tu_fiesta.lugar WHERE tipo = 'Municipio' AND nombre = 'Arismendi (Arismendi)')
	as tablaLugar);
INSERT INTO arma_tu_fiesta.lugar (nombre, tipo, fk_pertenece) VALUES ('Guadarrama', @tipo, @pertenece);

SET @tipo = 'Parroquia';
SET @pertenece = (SELECT pkLugar FROM
	(SELECT id_lugar as pkLugar FROM arma_tu_fiesta.lugar WHERE tipo = 'Municipio' AND nombre = 'Arismendi (Arismendi)')
	as tablaLugar);
INSERT INTO arma_tu_fiesta.lugar (nombre, tipo, fk_pertenece) VALUES ('La Unión', @tipo, @pertenece);

SET @tipo = 'Parroquia';
SET @pertenece = (SELECT pkLugar FROM
	(SELECT id_lugar as pkLugar FROM arma_tu_fiesta.lugar WHERE tipo = 'Municipio' AND nombre = 'Arismendi (Arismendi)')
	as tablaLugar);
INSERT INTO arma_tu_fiesta.lugar (nombre, tipo, fk_pertenece) VALUES ('San Antonio', @tipo, @pertenece);

SET @tipo = 'Municipio';
SET @pertenece = (SELECT pkLugar FROM
	(SELECT id_lugar as pkLugar FROM arma_tu_fiesta.lugar WHERE tipo = 'Estado' AND nombre = 'Barinas')
	as tablaLugar);
INSERT INTO arma_tu_fiesta.lugar (nombre, tipo, fk_pertenece) VALUES ('Barinas (Barinas)', @tipo, @pertenece);

SET @tipo = 'Parroquia';
SET @pertenece = (SELECT pkLugar FROM
	(SELECT id_lugar as pkLugar FROM arma_tu_fiesta.lugar WHERE tipo = 'Municipio' AND nombre = 'Barinas (Barinas)')
	as tablaLugar);
INSERT INTO arma_tu_fiesta.lugar (nombre, tipo, fk_pertenece) VALUES ('Barinas', @tipo, @pertenece);

SET @tipo = 'Parroquia';
SET @pertenece = (SELECT pkLugar FROM
	(SELECT id_lugar as pkLugar FROM arma_tu_fiesta.lugar WHERE tipo = 'Municipio' AND nombre = 'Barinas (Barinas)')
	as tablaLugar);
INSERT INTO arma_tu_fiesta.lugar (nombre, tipo, fk_pertenece) VALUES ('Alfredo Arvelo Larriva', @tipo, @pertenece);

SET @tipo = 'Parroquia';
SET @pertenece = (SELECT pkLugar FROM
	(SELECT id_lugar as pkLugar FROM arma_tu_fiesta.lugar WHERE tipo = 'Municipio' AND nombre = 'Barinas (Barinas)')
	as tablaLugar);
INSERT INTO arma_tu_fiesta.lugar (nombre, tipo, fk_pertenece) VALUES ('San Silvestre', @tipo, @pertenece);

SET @tipo = 'Parroquia';
SET @pertenece = (SELECT pkLugar FROM
	(SELECT id_lugar as pkLugar FROM arma_tu_fiesta.lugar WHERE tipo = 'Municipio' AND nombre = 'Barinas (Barinas)')
	as tablaLugar);
INSERT INTO arma_tu_fiesta.lugar (nombre, tipo, fk_pertenece) VALUES ('Santa Inés', @tipo, @pertenece);

SET @tipo = 'Parroquia';
SET @pertenece = (SELECT pkLugar FROM
	(SELECT id_lugar as pkLugar FROM arma_tu_fiesta.lugar WHERE tipo = 'Municipio' AND nombre = 'Barinas (Barinas)')
	as tablaLugar);
INSERT INTO arma_tu_fiesta.lugar (nombre, tipo, fk_pertenece) VALUES ('Santa Lucía', @tipo, @pertenece);

SET @tipo = 'Parroquia';
SET @pertenece = (SELECT pkLugar FROM
	(SELECT id_lugar as pkLugar FROM arma_tu_fiesta.lugar WHERE tipo = 'Municipio' AND nombre = 'Barinas (Barinas)')
	as tablaLugar);
INSERT INTO arma_tu_fiesta.lugar (nombre, tipo, fk_pertenece) VALUES ('Torunos', @tipo, @pertenece);

SET @tipo = 'Parroquia';
SET @pertenece = (SELECT pkLugar FROM
	(SELECT id_lugar as pkLugar FROM arma_tu_fiesta.lugar WHERE tipo = 'Municipio' AND nombre = 'Barinas (Barinas)')
	as tablaLugar);
INSERT INTO arma_tu_fiesta.lugar (nombre, tipo, fk_pertenece) VALUES ('El Carmen', @tipo, @pertenece);

SET @tipo = 'Parroquia';
SET @pertenece = (SELECT pkLugar FROM
	(SELECT id_lugar as pkLugar FROM arma_tu_fiesta.lugar WHERE tipo = 'Municipio' AND nombre = 'Barinas (Barinas)')
	as tablaLugar);
INSERT INTO arma_tu_fiesta.lugar (nombre, tipo, fk_pertenece) VALUES ('Rómulo Betancourt', @tipo, @pertenece);

SET @tipo = 'Parroquia';
SET @pertenece = (SELECT pkLugar FROM
	(SELECT id_lugar as pkLugar FROM arma_tu_fiesta.lugar WHERE tipo = 'Municipio' AND nombre = 'Barinas (Barinas)')
	as tablaLugar);
INSERT INTO arma_tu_fiesta.lugar (nombre, tipo, fk_pertenece) VALUES ('Corazón de Jesús', @tipo, @pertenece);

SET @tipo = 'Parroquia';
SET @pertenece = (SELECT pkLugar FROM
	(SELECT id_lugar as pkLugar FROM arma_tu_fiesta.lugar WHERE tipo = 'Municipio' AND nombre = 'Barinas (Barinas)')
	as tablaLugar);
INSERT INTO arma_tu_fiesta.lugar (nombre, tipo, fk_pertenece) VALUES ('Ramón Ignacio Méndez', @tipo, @pertenece);

SET @tipo = 'Parroquia';
SET @pertenece = (SELECT pkLugar FROM
	(SELECT id_lugar as pkLugar FROM arma_tu_fiesta.lugar WHERE tipo = 'Municipio' AND nombre = 'Barinas (Barinas)')
	as tablaLugar);
INSERT INTO arma_tu_fiesta.lugar (nombre, tipo, fk_pertenece) VALUES ('Alto Barinas', @tipo, @pertenece);

SET @tipo = 'Parroquia';
SET @pertenece = (SELECT pkLugar FROM
	(SELECT id_lugar as pkLugar FROM arma_tu_fiesta.lugar WHERE tipo = 'Municipio' AND nombre = 'Barinas (Barinas)')
	as tablaLugar);
INSERT INTO arma_tu_fiesta.lugar (nombre, tipo, fk_pertenece) VALUES ('Manuel Palacio Fajardo', @tipo, @pertenece);

SET @tipo = 'Parroquia';
SET @pertenece = (SELECT pkLugar FROM
	(SELECT id_lugar as pkLugar FROM arma_tu_fiesta.lugar WHERE tipo = 'Municipio' AND nombre = 'Barinas (Barinas)')
	as tablaLugar);
INSERT INTO arma_tu_fiesta.lugar (nombre, tipo, fk_pertenece) VALUES ('Juan Antonio Rodríguez Domínguez', @tipo, @pertenece);

SET @tipo = 'Parroquia';
SET @pertenece = (SELECT pkLugar FROM
	(SELECT id_lugar as pkLugar FROM arma_tu_fiesta.lugar WHERE tipo = 'Municipio' AND nombre = 'Barinas (Barinas)')
	as tablaLugar);
INSERT INTO arma_tu_fiesta.lugar (nombre, tipo, fk_pertenece) VALUES ('Dominga Ortiz de Páez', @tipo, @pertenece);

SET @tipo = 'Municipio';
SET @pertenece = (SELECT pkLugar FROM
	(SELECT id_lugar as pkLugar FROM arma_tu_fiesta.lugar WHERE tipo = 'Estado' AND nombre = 'Barinas')
	as tablaLugar);
INSERT INTO arma_tu_fiesta.lugar (nombre, tipo, fk_pertenece) VALUES ('Bolívar (Barinitas)', @tipo, @pertenece);

SET @tipo = 'Parroquia';
SET @pertenece = (SELECT pkLugar FROM
	(SELECT id_lugar as pkLugar FROM arma_tu_fiesta.lugar WHERE tipo = 'Municipio' AND nombre = 'Bolívar (Barinitas)')
	as tablaLugar);
INSERT INTO arma_tu_fiesta.lugar (nombre, tipo, fk_pertenece) VALUES ('Barinitas', @tipo, @pertenece);

SET @tipo = 'Parroquia';
SET @pertenece = (SELECT pkLugar FROM
	(SELECT id_lugar as pkLugar FROM arma_tu_fiesta.lugar WHERE tipo = 'Municipio' AND nombre = 'Bolívar (Barinitas)')
	as tablaLugar);
INSERT INTO arma_tu_fiesta.lugar (nombre, tipo, fk_pertenece) VALUES ('Altamira de Cáceres', @tipo, @pertenece);

SET @tipo = 'Parroquia';
SET @pertenece = (SELECT pkLugar FROM
	(SELECT id_lugar as pkLugar FROM arma_tu_fiesta.lugar WHERE tipo = 'Municipio' AND nombre = 'Bolívar (Barinitas)')
	as tablaLugar);
INSERT INTO arma_tu_fiesta.lugar (nombre, tipo, fk_pertenece) VALUES ('Calderas', @tipo, @pertenece);

SET @tipo = 'Municipio';
SET @pertenece = (SELECT pkLugar FROM
	(SELECT id_lugar as pkLugar FROM arma_tu_fiesta.lugar WHERE tipo = 'Estado' AND nombre = 'Barinas')
	as tablaLugar);
INSERT INTO arma_tu_fiesta.lugar (nombre, tipo, fk_pertenece) VALUES ('Cruz Paredes (Barrancas)', @tipo, @pertenece);

SET @tipo = 'Parroquia';
SET @pertenece = (SELECT pkLugar FROM
	(SELECT id_lugar as pkLugar FROM arma_tu_fiesta.lugar WHERE tipo = 'Municipio' AND nombre = 'Cruz Paredes (Barrancas)')
	as tablaLugar);
INSERT INTO arma_tu_fiesta.lugar (nombre, tipo, fk_pertenece) VALUES ('Barrancas', @tipo, @pertenece);

SET @tipo = 'Parroquia';
SET @pertenece = (SELECT pkLugar FROM
	(SELECT id_lugar as pkLugar FROM arma_tu_fiesta.lugar WHERE tipo = 'Municipio' AND nombre = 'Cruz Paredes (Barrancas)')
	as tablaLugar);
INSERT INTO arma_tu_fiesta.lugar (nombre, tipo, fk_pertenece) VALUES ('El Socorro', @tipo, @pertenece);

SET @tipo = 'Parroquia';
SET @pertenece = (SELECT pkLugar FROM
	(SELECT id_lugar as pkLugar FROM arma_tu_fiesta.lugar WHERE tipo = 'Municipio' AND nombre = 'Cruz Paredes (Barrancas)')
	as tablaLugar);
INSERT INTO arma_tu_fiesta.lugar (nombre, tipo, fk_pertenece) VALUES ('Mazparrito', @tipo, @pertenece);

SET @tipo = 'Municipio';
SET @pertenece = (SELECT pkLugar FROM
	(SELECT id_lugar as pkLugar FROM arma_tu_fiesta.lugar WHERE tipo = 'Estado' AND nombre = 'Barinas')
	as tablaLugar);
INSERT INTO arma_tu_fiesta.lugar (nombre, tipo, fk_pertenece) VALUES ('Ezequiel Zamora (Santa Bárbara)', @tipo, @pertenece);

SET @tipo = 'Parroquia';
SET @pertenece = (SELECT pkLugar FROM
	(SELECT id_lugar as pkLugar FROM arma_tu_fiesta.lugar WHERE tipo = 'Municipio' AND nombre = 'Ezequiel Zamora (Santa Bárbara)')
	as tablaLugar);
INSERT INTO arma_tu_fiesta.lugar (nombre, tipo, fk_pertenece) VALUES ('Santa Bárbara', @tipo, @pertenece);

SET @tipo = 'Parroquia';
SET @pertenece = (SELECT pkLugar FROM
	(SELECT id_lugar as pkLugar FROM arma_tu_fiesta.lugar WHERE tipo = 'Municipio' AND nombre = 'Ezequiel Zamora (Santa Bárbara)')
	as tablaLugar);
INSERT INTO arma_tu_fiesta.lugar (nombre, tipo, fk_pertenece) VALUES ('Pedro Briceño Méndez', @tipo, @pertenece);

SET @tipo = 'Parroquia';
SET @pertenece = (SELECT pkLugar FROM
	(SELECT id_lugar as pkLugar FROM arma_tu_fiesta.lugar WHERE tipo = 'Municipio' AND nombre = 'Ezequiel Zamora (Santa Bárbara)')
	as tablaLugar);
INSERT INTO arma_tu_fiesta.lugar (nombre, tipo, fk_pertenece) VALUES ('Ramón Ignacio Méndez', @tipo, @pertenece);

SET @tipo = 'Parroquia';
SET @pertenece = (SELECT pkLugar FROM
	(SELECT id_lugar as pkLugar FROM arma_tu_fiesta.lugar WHERE tipo = 'Municipio' AND nombre = 'Ezequiel Zamora (Santa Bárbara)')
	as tablaLugar);
INSERT INTO arma_tu_fiesta.lugar (nombre, tipo, fk_pertenece) VALUES ('José Ignacio del Pumar', @tipo, @pertenece);

SET @tipo = 'Municipio';
SET @pertenece = (SELECT pkLugar FROM
	(SELECT id_lugar as pkLugar FROM arma_tu_fiesta.lugar WHERE tipo = 'Estado' AND nombre = 'Barinas')
	as tablaLugar);
INSERT INTO arma_tu_fiesta.lugar (nombre, tipo, fk_pertenece) VALUES ('Obispos (Obispos)', @tipo, @pertenece);

SET @tipo = 'Parroquia';
SET @pertenece = (SELECT pkLugar FROM
	(SELECT id_lugar as pkLugar FROM arma_tu_fiesta.lugar WHERE tipo = 'Municipio' AND nombre = 'Obispos (Obispos)')
	as tablaLugar);
INSERT INTO arma_tu_fiesta.lugar (nombre, tipo, fk_pertenece) VALUES ('Obispos', @tipo, @pertenece);

SET @tipo = 'Parroquia';
SET @pertenece = (SELECT pkLugar FROM
	(SELECT id_lugar as pkLugar FROM arma_tu_fiesta.lugar WHERE tipo = 'Municipio' AND nombre = 'Obispos (Obispos)')
	as tablaLugar);
INSERT INTO arma_tu_fiesta.lugar (nombre, tipo, fk_pertenece) VALUES ('Los Guasimitos', @tipo, @pertenece);

SET @tipo = 'Parroquia';
SET @pertenece = (SELECT pkLugar FROM
	(SELECT id_lugar as pkLugar FROM arma_tu_fiesta.lugar WHERE tipo = 'Municipio' AND nombre = 'Obispos (Obispos)')
	as tablaLugar);
INSERT INTO arma_tu_fiesta.lugar (nombre, tipo, fk_pertenece) VALUES ('El Real', @tipo, @pertenece);

SET @tipo = 'Parroquia';
SET @pertenece = (SELECT pkLugar FROM
	(SELECT id_lugar as pkLugar FROM arma_tu_fiesta.lugar WHERE tipo = 'Municipio' AND nombre = 'Obispos (Obispos)')
	as tablaLugar);
INSERT INTO arma_tu_fiesta.lugar (nombre, tipo, fk_pertenece) VALUES ('La Luz', @tipo, @pertenece);

SET @tipo = 'Municipio';
SET @pertenece = (SELECT pkLugar FROM
	(SELECT id_lugar as pkLugar FROM arma_tu_fiesta.lugar WHERE tipo = 'Estado' AND nombre = 'Barinas')
	as tablaLugar);
INSERT INTO arma_tu_fiesta.lugar (nombre, tipo, fk_pertenece) VALUES ('Pedraza (Ciudad Bolivia)', @tipo, @pertenece);

SET @tipo = 'Parroquia';
SET @pertenece = (SELECT pkLugar FROM
	(SELECT id_lugar as pkLugar FROM arma_tu_fiesta.lugar WHERE tipo = 'Municipio' AND nombre = 'Pedraza (Ciudad Bolivia)')
	as tablaLugar);
INSERT INTO arma_tu_fiesta.lugar (nombre, tipo, fk_pertenece) VALUES ('Ciudad Bolivia', @tipo, @pertenece);

SET @tipo = 'Parroquia';
SET @pertenece = (SELECT pkLugar FROM
	(SELECT id_lugar as pkLugar FROM arma_tu_fiesta.lugar WHERE tipo = 'Municipio' AND nombre = 'Pedraza (Ciudad Bolivia)')
	as tablaLugar);
INSERT INTO arma_tu_fiesta.lugar (nombre, tipo, fk_pertenece) VALUES ('José Ignacio Briceño', @tipo, @pertenece);

SET @tipo = 'Parroquia';
SET @pertenece = (SELECT pkLugar FROM
	(SELECT id_lugar as pkLugar FROM arma_tu_fiesta.lugar WHERE tipo = 'Municipio' AND nombre = 'Pedraza (Ciudad Bolivia)')
	as tablaLugar);
INSERT INTO arma_tu_fiesta.lugar (nombre, tipo, fk_pertenece) VALUES ('José Félix Ribas', @tipo, @pertenece);

SET @tipo = 'Parroquia';
SET @pertenece = (SELECT pkLugar FROM
	(SELECT id_lugar as pkLugar FROM arma_tu_fiesta.lugar WHERE tipo = 'Municipio' AND nombre = 'Pedraza (Ciudad Bolivia)')
	as tablaLugar);
INSERT INTO arma_tu_fiesta.lugar (nombre, tipo, fk_pertenece) VALUES ('Páez', @tipo, @pertenece);

SET @tipo = 'Municipio';
SET @pertenece = (SELECT pkLugar FROM
	(SELECT id_lugar as pkLugar FROM arma_tu_fiesta.lugar WHERE tipo = 'Estado' AND nombre = 'Barinas')
	as tablaLugar);
INSERT INTO arma_tu_fiesta.lugar (nombre, tipo, fk_pertenece) VALUES ('Rojas (Libertad)', @tipo, @pertenece);

SET @tipo = 'Parroquia';
SET @pertenece = (SELECT pkLugar FROM
	(SELECT id_lugar as pkLugar FROM arma_tu_fiesta.lugar WHERE tipo = 'Municipio' AND nombre = 'Rojas (Libertad)')
	as tablaLugar);
INSERT INTO arma_tu_fiesta.lugar (nombre, tipo, fk_pertenece) VALUES ('Libertad', @tipo, @pertenece);

SET @tipo = 'Parroquia';
SET @pertenece = (SELECT pkLugar FROM
	(SELECT id_lugar as pkLugar FROM arma_tu_fiesta.lugar WHERE tipo = 'Municipio' AND nombre = 'Rojas (Libertad)')
	as tablaLugar);
INSERT INTO arma_tu_fiesta.lugar (nombre, tipo, fk_pertenece) VALUES ('Dolores', @tipo, @pertenece);

SET @tipo = 'Parroquia';
SET @pertenece = (SELECT pkLugar FROM
	(SELECT id_lugar as pkLugar FROM arma_tu_fiesta.lugar WHERE tipo = 'Municipio' AND nombre = 'Rojas (Libertad)')
	as tablaLugar);
INSERT INTO arma_tu_fiesta.lugar (nombre, tipo, fk_pertenece) VALUES ('Santa Rosa', @tipo, @pertenece);

SET @tipo = 'Parroquia';
SET @pertenece = (SELECT pkLugar FROM
	(SELECT id_lugar as pkLugar FROM arma_tu_fiesta.lugar WHERE tipo = 'Municipio' AND nombre = 'Rojas (Libertad)')
	as tablaLugar);
INSERT INTO arma_tu_fiesta.lugar (nombre, tipo, fk_pertenece) VALUES ('Palacio Fajardo', @tipo, @pertenece);

SET @tipo = 'Parroquia';
SET @pertenece = (SELECT pkLugar FROM
	(SELECT id_lugar as pkLugar FROM arma_tu_fiesta.lugar WHERE tipo = 'Municipio' AND nombre = 'Rojas (Libertad)')
	as tablaLugar);
INSERT INTO arma_tu_fiesta.lugar (nombre, tipo, fk_pertenece) VALUES ('Simón Rodríguez', @tipo, @pertenece);

SET @tipo = 'Municipio';
SET @pertenece = (SELECT pkLugar FROM
	(SELECT id_lugar as pkLugar FROM arma_tu_fiesta.lugar WHERE tipo = 'Estado' AND nombre = 'Barinas')
	as tablaLugar);
INSERT INTO arma_tu_fiesta.lugar (nombre, tipo, fk_pertenece) VALUES ('Sosa (Ciudad de Nutrias)', @tipo, @pertenece);

SET @tipo = 'Parroquia';
SET @pertenece = (SELECT pkLugar FROM
	(SELECT id_lugar as pkLugar FROM arma_tu_fiesta.lugar WHERE tipo = 'Municipio' AND nombre = 'Sosa (Ciudad de Nutrias)')
	as tablaLugar);
INSERT INTO arma_tu_fiesta.lugar (nombre, tipo, fk_pertenece) VALUES ('Ciudad de Nutrias', @tipo, @pertenece);

SET @tipo = 'Parroquia';
SET @pertenece = (SELECT pkLugar FROM
	(SELECT id_lugar as pkLugar FROM arma_tu_fiesta.lugar WHERE tipo = 'Municipio' AND nombre = 'Sosa (Ciudad de Nutrias)')
	as tablaLugar);
INSERT INTO arma_tu_fiesta.lugar (nombre, tipo, fk_pertenece) VALUES ('El Regalo', @tipo, @pertenece);

SET @tipo = 'Parroquia';
SET @pertenece = (SELECT pkLugar FROM
	(SELECT id_lugar as pkLugar FROM arma_tu_fiesta.lugar WHERE tipo = 'Municipio' AND nombre = 'Sosa (Ciudad de Nutrias)')
	as tablaLugar);
INSERT INTO arma_tu_fiesta.lugar (nombre, tipo, fk_pertenece) VALUES ('Puerto Nutrias', @tipo, @pertenece);

SET @tipo = 'Parroquia';
SET @pertenece = (SELECT pkLugar FROM
	(SELECT id_lugar as pkLugar FROM arma_tu_fiesta.lugar WHERE tipo = 'Municipio' AND nombre = 'Sosa (Ciudad de Nutrias)')
	as tablaLugar);
INSERT INTO arma_tu_fiesta.lugar (nombre, tipo, fk_pertenece) VALUES ('Santa Catalina', @tipo, @pertenece);

SET @tipo = 'Parroquia';
SET @pertenece = (SELECT pkLugar FROM
	(SELECT id_lugar as pkLugar FROM arma_tu_fiesta.lugar WHERE tipo = 'Municipio' AND nombre = 'Sosa (Ciudad de Nutrias)')
	as tablaLugar);
INSERT INTO arma_tu_fiesta.lugar (nombre, tipo, fk_pertenece) VALUES ('Simón Bolívar', @tipo, @pertenece);

SET @tipo = 'Estado';
SET @pertenece = (SELECT pkLugar FROM
	(SELECT id_lugar as pkLugar FROM arma_tu_fiesta.lugar WHERE tipo = 'Pais' AND nombre = 'Venezuela')
	as tablaLugar);
INSERT INTO arma_tu_fiesta.lugar (nombre, tipo, fk_pertenece) VALUES ('Bolívar', @tipo, @pertenece);

SET @tipo = 'Municipio';
SET @pertenece = (SELECT pkLugar FROM
	(SELECT id_lugar as pkLugar FROM arma_tu_fiesta.lugar WHERE tipo = 'Estado' AND nombre = 'Bolívar')
	as tablaLugar);
INSERT INTO arma_tu_fiesta.lugar (nombre, tipo, fk_pertenece) VALUES ('Angostura (Ciudad Piar)', @tipo, @pertenece);

SET @tipo = 'Parroquia';
SET @pertenece = (SELECT pkLugar FROM
	(SELECT id_lugar as pkLugar FROM arma_tu_fiesta.lugar WHERE tipo = 'Municipio' AND nombre = 'Angostura (Ciudad Piar)')
	as tablaLugar);
INSERT INTO arma_tu_fiesta.lugar (nombre, tipo, fk_pertenece) VALUES ('Raúl Leoni', @tipo, @pertenece);

SET @tipo = 'Parroquia';
SET @pertenece = (SELECT pkLugar FROM
	(SELECT id_lugar as pkLugar FROM arma_tu_fiesta.lugar WHERE tipo = 'Municipio' AND nombre = 'Angostura (Ciudad Piar)')
	as tablaLugar);
INSERT INTO arma_tu_fiesta.lugar (nombre, tipo, fk_pertenece) VALUES ('Barceloneta', @tipo, @pertenece);

SET @tipo = 'Parroquia';
SET @pertenece = (SELECT pkLugar FROM
	(SELECT id_lugar as pkLugar FROM arma_tu_fiesta.lugar WHERE tipo = 'Municipio' AND nombre = 'Angostura (Ciudad Piar)')
	as tablaLugar);
INSERT INTO arma_tu_fiesta.lugar (nombre, tipo, fk_pertenece) VALUES ('Santa Bárbara', @tipo, @pertenece);

SET @tipo = 'Parroquia';
SET @pertenece = (SELECT pkLugar FROM
	(SELECT id_lugar as pkLugar FROM arma_tu_fiesta.lugar WHERE tipo = 'Municipio' AND nombre = 'Angostura (Ciudad Piar)')
	as tablaLugar);
INSERT INTO arma_tu_fiesta.lugar (nombre, tipo, fk_pertenece) VALUES ('San Francisco', @tipo, @pertenece);

SET @tipo = 'Municipio';
SET @pertenece = (SELECT pkLugar FROM
	(SELECT id_lugar as pkLugar FROM arma_tu_fiesta.lugar WHERE tipo = 'Estado' AND nombre = 'Bolívar')
	as tablaLugar);
INSERT INTO arma_tu_fiesta.lugar (nombre, tipo, fk_pertenece) VALUES ('Angostura del Orinoco (Ciudad Bolívar)', @tipo, @pertenece);

SET @tipo = 'Parroquia';
SET @pertenece = (SELECT pkLugar FROM
	(SELECT id_lugar as pkLugar FROM arma_tu_fiesta.lugar WHERE tipo = 'Municipio' AND nombre = 'Angostura del Orinoco (Ciudad Bolívar)')
	as tablaLugar);
INSERT INTO arma_tu_fiesta.lugar (nombre, tipo, fk_pertenece) VALUES ('Catedral', @tipo, @pertenece);

SET @tipo = 'Parroquia';
SET @pertenece = (SELECT pkLugar FROM
	(SELECT id_lugar as pkLugar FROM arma_tu_fiesta.lugar WHERE tipo = 'Municipio' AND nombre = 'Angostura del Orinoco (Ciudad Bolívar)')
	as tablaLugar);
INSERT INTO arma_tu_fiesta.lugar (nombre, tipo, fk_pertenece) VALUES ('Zea', @tipo, @pertenece);

SET @tipo = 'Parroquia';
SET @pertenece = (SELECT pkLugar FROM
	(SELECT id_lugar as pkLugar FROM arma_tu_fiesta.lugar WHERE tipo = 'Municipio' AND nombre = 'Angostura del Orinoco (Ciudad Bolívar)')
	as tablaLugar);
INSERT INTO arma_tu_fiesta.lugar (nombre, tipo, fk_pertenece) VALUES ('Orinoco', @tipo, @pertenece);

SET @tipo = 'Parroquia';
SET @pertenece = (SELECT pkLugar FROM
	(SELECT id_lugar as pkLugar FROM arma_tu_fiesta.lugar WHERE tipo = 'Municipio' AND nombre = 'Angostura del Orinoco (Ciudad Bolívar)')
	as tablaLugar);
INSERT INTO arma_tu_fiesta.lugar (nombre, tipo, fk_pertenece) VALUES ('José Antonio Páez', @tipo, @pertenece);

SET @tipo = 'Parroquia';
SET @pertenece = (SELECT pkLugar FROM
	(SELECT id_lugar as pkLugar FROM arma_tu_fiesta.lugar WHERE tipo = 'Municipio' AND nombre = 'Angostura del Orinoco (Ciudad Bolívar)')
	as tablaLugar);
INSERT INTO arma_tu_fiesta.lugar (nombre, tipo, fk_pertenece) VALUES ('Marhuanta', @tipo, @pertenece);

SET @tipo = 'Parroquia';
SET @pertenece = (SELECT pkLugar FROM
	(SELECT id_lugar as pkLugar FROM arma_tu_fiesta.lugar WHERE tipo = 'Municipio' AND nombre = 'Angostura del Orinoco (Ciudad Bolívar)')
	as tablaLugar);
INSERT INTO arma_tu_fiesta.lugar (nombre, tipo, fk_pertenece) VALUES ('Agua Salada', @tipo, @pertenece);

SET @tipo = 'Parroquia';
SET @pertenece = (SELECT pkLugar FROM
	(SELECT id_lugar as pkLugar FROM arma_tu_fiesta.lugar WHERE tipo = 'Municipio' AND nombre = 'Angostura del Orinoco (Ciudad Bolívar)')
	as tablaLugar);
INSERT INTO arma_tu_fiesta.lugar (nombre, tipo, fk_pertenece) VALUES ('Vista Hermosa', @tipo, @pertenece);

SET @tipo = 'Parroquia';
SET @pertenece = (SELECT pkLugar FROM
	(SELECT id_lugar as pkLugar FROM arma_tu_fiesta.lugar WHERE tipo = 'Municipio' AND nombre = 'Angostura del Orinoco (Ciudad Bolívar)')
	as tablaLugar);
INSERT INTO arma_tu_fiesta.lugar (nombre, tipo, fk_pertenece) VALUES ('La Sabanita', @tipo, @pertenece);

SET @tipo = 'Parroquia';
SET @pertenece = (SELECT pkLugar FROM
	(SELECT id_lugar as pkLugar FROM arma_tu_fiesta.lugar WHERE tipo = 'Municipio' AND nombre = 'Angostura del Orinoco (Ciudad Bolívar)')
	as tablaLugar);
INSERT INTO arma_tu_fiesta.lugar (nombre, tipo, fk_pertenece) VALUES ('Panapana', @tipo, @pertenece);

SET @tipo = 'Municipio';
SET @pertenece = (SELECT pkLugar FROM
	(SELECT id_lugar as pkLugar FROM arma_tu_fiesta.lugar WHERE tipo = 'Estado' AND nombre = 'Bolívar')
	as tablaLugar);
INSERT INTO arma_tu_fiesta.lugar (nombre, tipo, fk_pertenece) VALUES ('Caroní (Ciudad Guayana)', @tipo, @pertenece);

SET @tipo = 'Parroquia';
SET @pertenece = (SELECT pkLugar FROM
	(SELECT id_lugar as pkLugar FROM arma_tu_fiesta.lugar WHERE tipo = 'Municipio' AND nombre = 'Caroní (Ciudad Guayana)')
	as tablaLugar);
INSERT INTO arma_tu_fiesta.lugar (nombre, tipo, fk_pertenece) VALUES ('Cachamay', @tipo, @pertenece);

SET @tipo = 'Parroquia';
SET @pertenece = (SELECT pkLugar FROM
	(SELECT id_lugar as pkLugar FROM arma_tu_fiesta.lugar WHERE tipo = 'Municipio' AND nombre = 'Caroní (Ciudad Guayana)')
	as tablaLugar);
INSERT INTO arma_tu_fiesta.lugar (nombre, tipo, fk_pertenece) VALUES ('Chirica', @tipo, @pertenece);

SET @tipo = 'Parroquia';
SET @pertenece = (SELECT pkLugar FROM
	(SELECT id_lugar as pkLugar FROM arma_tu_fiesta.lugar WHERE tipo = 'Municipio' AND nombre = 'Caroní (Ciudad Guayana)')
	as tablaLugar);
INSERT INTO arma_tu_fiesta.lugar (nombre, tipo, fk_pertenece) VALUES ('Dalla Costa', @tipo, @pertenece);

SET @tipo = 'Parroquia';
SET @pertenece = (SELECT pkLugar FROM
	(SELECT id_lugar as pkLugar FROM arma_tu_fiesta.lugar WHERE tipo = 'Municipio' AND nombre = 'Caroní (Ciudad Guayana)')
	as tablaLugar);
INSERT INTO arma_tu_fiesta.lugar (nombre, tipo, fk_pertenece) VALUES ('Once de Abril', @tipo, @pertenece);

SET @tipo = 'Parroquia';
SET @pertenece = (SELECT pkLugar FROM
	(SELECT id_lugar as pkLugar FROM arma_tu_fiesta.lugar WHERE tipo = 'Municipio' AND nombre = 'Caroní (Ciudad Guayana)')
	as tablaLugar);
INSERT INTO arma_tu_fiesta.lugar (nombre, tipo, fk_pertenece) VALUES ('Simón Bolívar', @tipo, @pertenece);

SET @tipo = 'Parroquia';
SET @pertenece = (SELECT pkLugar FROM
	(SELECT id_lugar as pkLugar FROM arma_tu_fiesta.lugar WHERE tipo = 'Municipio' AND nombre = 'Caroní (Ciudad Guayana)')
	as tablaLugar);
INSERT INTO arma_tu_fiesta.lugar (nombre, tipo, fk_pertenece) VALUES ('Unare', @tipo, @pertenece);

SET @tipo = 'Parroquia';
SET @pertenece = (SELECT pkLugar FROM
	(SELECT id_lugar as pkLugar FROM arma_tu_fiesta.lugar WHERE tipo = 'Municipio' AND nombre = 'Caroní (Ciudad Guayana)')
	as tablaLugar);
INSERT INTO arma_tu_fiesta.lugar (nombre, tipo, fk_pertenece) VALUES ('Universidad', @tipo, @pertenece);

SET @tipo = 'Parroquia';
SET @pertenece = (SELECT pkLugar FROM
	(SELECT id_lugar as pkLugar FROM arma_tu_fiesta.lugar WHERE tipo = 'Municipio' AND nombre = 'Caroní (Ciudad Guayana)')
	as tablaLugar);
INSERT INTO arma_tu_fiesta.lugar (nombre, tipo, fk_pertenece) VALUES ('Vista al Sol', @tipo, @pertenece);

SET @tipo = 'Parroquia';
SET @pertenece = (SELECT pkLugar FROM
	(SELECT id_lugar as pkLugar FROM arma_tu_fiesta.lugar WHERE tipo = 'Municipio' AND nombre = 'Caroní (Ciudad Guayana)')
	as tablaLugar);
INSERT INTO arma_tu_fiesta.lugar (nombre, tipo, fk_pertenece) VALUES ('Pozo Verde', @tipo, @pertenece);

SET @tipo = 'Parroquia';
SET @pertenece = (SELECT pkLugar FROM
	(SELECT id_lugar as pkLugar FROM arma_tu_fiesta.lugar WHERE tipo = 'Municipio' AND nombre = 'Caroní (Ciudad Guayana)')
	as tablaLugar);
INSERT INTO arma_tu_fiesta.lugar (nombre, tipo, fk_pertenece) VALUES ('Yocoima', @tipo, @pertenece);

SET @tipo = 'Parroquia';
SET @pertenece = (SELECT pkLugar FROM
	(SELECT id_lugar as pkLugar FROM arma_tu_fiesta.lugar WHERE tipo = 'Municipio' AND nombre = 'Caroní (Ciudad Guayana)')
	as tablaLugar);
INSERT INTO arma_tu_fiesta.lugar (nombre, tipo, fk_pertenece) VALUES ('5 de Julio', @tipo, @pertenece);

SET @tipo = 'Parroquia';
SET @pertenece = (SELECT pkLugar FROM
	(SELECT id_lugar as pkLugar FROM arma_tu_fiesta.lugar WHERE tipo = 'Municipio' AND nombre = 'Caroní (Ciudad Guayana)')
	as tablaLugar);
INSERT INTO arma_tu_fiesta.lugar (nombre, tipo, fk_pertenece) VALUES ('pto.Ordaz', @tipo, @pertenece);

SET @tipo = 'Municipio';
SET @pertenece = (SELECT pkLugar FROM
	(SELECT id_lugar as pkLugar FROM arma_tu_fiesta.lugar WHERE tipo = 'Estado' AND nombre = 'Bolívar')
	as tablaLugar);
INSERT INTO arma_tu_fiesta.lugar (nombre, tipo, fk_pertenece) VALUES ('Cedeño (Caicara del Orinoco)', @tipo, @pertenece);

SET @tipo = 'Parroquia';
SET @pertenece = (SELECT pkLugar FROM
	(SELECT id_lugar as pkLugar FROM arma_tu_fiesta.lugar WHERE tipo = 'Municipio' AND nombre = 'Cedeño (Caicara del Orinoco)')
	as tablaLugar);
INSERT INTO arma_tu_fiesta.lugar (nombre, tipo, fk_pertenece) VALUES ('Cedeño', @tipo, @pertenece);

SET @tipo = 'Parroquia';
SET @pertenece = (SELECT pkLugar FROM
	(SELECT id_lugar as pkLugar FROM arma_tu_fiesta.lugar WHERE tipo = 'Municipio' AND nombre = 'Cedeño (Caicara del Orinoco)')
	as tablaLugar);
INSERT INTO arma_tu_fiesta.lugar (nombre, tipo, fk_pertenece) VALUES ('Altagracia', @tipo, @pertenece);

SET @tipo = 'Parroquia';
SET @pertenece = (SELECT pkLugar FROM
	(SELECT id_lugar as pkLugar FROM arma_tu_fiesta.lugar WHERE tipo = 'Municipio' AND nombre = 'Cedeño (Caicara del Orinoco)')
	as tablaLugar);
INSERT INTO arma_tu_fiesta.lugar (nombre, tipo, fk_pertenece) VALUES ('Ascensión Farreras', @tipo, @pertenece);

SET @tipo = 'Parroquia';
SET @pertenece = (SELECT pkLugar FROM
	(SELECT id_lugar as pkLugar FROM arma_tu_fiesta.lugar WHERE tipo = 'Municipio' AND nombre = 'Cedeño (Caicara del Orinoco)')
	as tablaLugar);
INSERT INTO arma_tu_fiesta.lugar (nombre, tipo, fk_pertenece) VALUES ('Guaniamo', @tipo, @pertenece);

SET @tipo = 'Parroquia';
SET @pertenece = (SELECT pkLugar FROM
	(SELECT id_lugar as pkLugar FROM arma_tu_fiesta.lugar WHERE tipo = 'Municipio' AND nombre = 'Cedeño (Caicara del Orinoco)')
	as tablaLugar);
INSERT INTO arma_tu_fiesta.lugar (nombre, tipo, fk_pertenece) VALUES ('La Urbana', @tipo, @pertenece);

SET @tipo = 'Parroquia';
SET @pertenece = (SELECT pkLugar FROM
	(SELECT id_lugar as pkLugar FROM arma_tu_fiesta.lugar WHERE tipo = 'Municipio' AND nombre = 'Cedeño (Caicara del Orinoco)')
	as tablaLugar);
INSERT INTO arma_tu_fiesta.lugar (nombre, tipo, fk_pertenece) VALUES ('Pijiguaos', @tipo, @pertenece);

SET @tipo = 'Municipio';
SET @pertenece = (SELECT pkLugar FROM
	(SELECT id_lugar as pkLugar FROM arma_tu_fiesta.lugar WHERE tipo = 'Estado' AND nombre = 'Bolívar')
	as tablaLugar);
INSERT INTO arma_tu_fiesta.lugar (nombre, tipo, fk_pertenece) VALUES ('Chien (El Palmar)', @tipo, @pertenece);

SET @tipo = 'Parroquia';
SET @pertenece = (SELECT pkLugar FROM
	(SELECT id_lugar as pkLugar FROM arma_tu_fiesta.lugar WHERE tipo = 'Municipio' AND nombre = 'Chien (El Palmar)')
	as tablaLugar);
INSERT INTO arma_tu_fiesta.lugar (nombre, tipo, fk_pertenece) VALUES ('Padre Pedro Chien', @tipo, @pertenece);

SET @tipo = 'Municipio';
SET @pertenece = (SELECT pkLugar FROM
	(SELECT id_lugar as pkLugar FROM arma_tu_fiesta.lugar WHERE tipo = 'Estado' AND nombre = 'Bolívar')
	as tablaLugar);
INSERT INTO arma_tu_fiesta.lugar (nombre, tipo, fk_pertenece) VALUES ('El Callao (El Callao)', @tipo, @pertenece);

SET @tipo = 'Parroquia';
SET @pertenece = (SELECT pkLugar FROM
	(SELECT id_lugar as pkLugar FROM arma_tu_fiesta.lugar WHERE tipo = 'Municipio' AND nombre = 'El Callao (El Callao)')
	as tablaLugar);
INSERT INTO arma_tu_fiesta.lugar (nombre, tipo, fk_pertenece) VALUES ('El Callao', @tipo, @pertenece);

SET @tipo = 'Municipio';
SET @pertenece = (SELECT pkLugar FROM
	(SELECT id_lugar as pkLugar FROM arma_tu_fiesta.lugar WHERE tipo = 'Estado' AND nombre = 'Bolívar')
	as tablaLugar);
INSERT INTO arma_tu_fiesta.lugar (nombre, tipo, fk_pertenece) VALUES ('Gran Sabana (Santa Elena de Uairén)', @tipo, @pertenece);

SET @tipo = 'Parroquia';
SET @pertenece = (SELECT pkLugar FROM
	(SELECT id_lugar as pkLugar FROM arma_tu_fiesta.lugar WHERE tipo = 'Municipio' AND nombre = 'Gran Sabana (Santa Elena de Uairén)')
	as tablaLugar);
INSERT INTO arma_tu_fiesta.lugar (nombre, tipo, fk_pertenece) VALUES ('Gran Sabana', @tipo, @pertenece);

SET @tipo = 'Parroquia';
SET @pertenece = (SELECT pkLugar FROM
	(SELECT id_lugar as pkLugar FROM arma_tu_fiesta.lugar WHERE tipo = 'Municipio' AND nombre = 'Gran Sabana (Santa Elena de Uairén)')
	as tablaLugar);
INSERT INTO arma_tu_fiesta.lugar (nombre, tipo, fk_pertenece) VALUES ('IkabaRú', @tipo, @pertenece);

SET @tipo = 'Municipio';
SET @pertenece = (SELECT pkLugar FROM
	(SELECT id_lugar as pkLugar FROM arma_tu_fiesta.lugar WHERE tipo = 'Estado' AND nombre = 'Bolívar')
	as tablaLugar);
INSERT INTO arma_tu_fiesta.lugar (nombre, tipo, fk_pertenece) VALUES ('Piar (Upata)', @tipo, @pertenece);

SET @tipo = 'Parroquia';
SET @pertenece = (SELECT pkLugar FROM
	(SELECT id_lugar as pkLugar FROM arma_tu_fiesta.lugar WHERE tipo = 'Municipio' AND nombre = 'Piar (Upata)')
	as tablaLugar);
INSERT INTO arma_tu_fiesta.lugar (nombre, tipo, fk_pertenece) VALUES ('Andrés Eloy Blanco', @tipo, @pertenece);

SET @tipo = 'Parroquia';
SET @pertenece = (SELECT pkLugar FROM
	(SELECT id_lugar as pkLugar FROM arma_tu_fiesta.lugar WHERE tipo = 'Municipio' AND nombre = 'Piar (Upata)')
	as tablaLugar);
INSERT INTO arma_tu_fiesta.lugar (nombre, tipo, fk_pertenece) VALUES ('Pedro Cova', @tipo, @pertenece);

SET @tipo = 'Parroquia';
SET @pertenece = (SELECT pkLugar FROM
	(SELECT id_lugar as pkLugar FROM arma_tu_fiesta.lugar WHERE tipo = 'Municipio' AND nombre = 'Piar (Upata)')
	as tablaLugar);
INSERT INTO arma_tu_fiesta.lugar (nombre, tipo, fk_pertenece) VALUES ('Upata', @tipo, @pertenece);

SET @tipo = 'Municipio';
SET @pertenece = (SELECT pkLugar FROM
	(SELECT id_lugar as pkLugar FROM arma_tu_fiesta.lugar WHERE tipo = 'Estado' AND nombre = 'Bolívar')
	as tablaLugar);
INSERT INTO arma_tu_fiesta.lugar (nombre, tipo, fk_pertenece) VALUES ('Roscio (Guasipati)', @tipo, @pertenece);

SET @tipo = 'Parroquia';
SET @pertenece = (SELECT pkLugar FROM
	(SELECT id_lugar as pkLugar FROM arma_tu_fiesta.lugar WHERE tipo = 'Municipio' AND nombre = 'Roscio (Guasipati)')
	as tablaLugar);
INSERT INTO arma_tu_fiesta.lugar (nombre, tipo, fk_pertenece) VALUES ('Roscio', @tipo, @pertenece);

SET @tipo = 'Parroquia';
SET @pertenece = (SELECT pkLugar FROM
	(SELECT id_lugar as pkLugar FROM arma_tu_fiesta.lugar WHERE tipo = 'Municipio' AND nombre = 'Roscio (Guasipati)')
	as tablaLugar);
INSERT INTO arma_tu_fiesta.lugar (nombre, tipo, fk_pertenece) VALUES ('Salóm', @tipo, @pertenece);

SET @tipo = 'Municipio';
SET @pertenece = (SELECT pkLugar FROM
	(SELECT id_lugar as pkLugar FROM arma_tu_fiesta.lugar WHERE tipo = 'Estado' AND nombre = 'Bolívar')
	as tablaLugar);
INSERT INTO arma_tu_fiesta.lugar (nombre, tipo, fk_pertenece) VALUES ('Sifontes (El Dorado)', @tipo, @pertenece);

SET @tipo = 'Parroquia';
SET @pertenece = (SELECT pkLugar FROM
	(SELECT id_lugar as pkLugar FROM arma_tu_fiesta.lugar WHERE tipo = 'Municipio' AND nombre = 'Sifontes (El Dorado)')
	as tablaLugar);
INSERT INTO arma_tu_fiesta.lugar (nombre, tipo, fk_pertenece) VALUES ('Tumeremo', @tipo, @pertenece);

SET @tipo = 'Parroquia';
SET @pertenece = (SELECT pkLugar FROM
	(SELECT id_lugar as pkLugar FROM arma_tu_fiesta.lugar WHERE tipo = 'Municipio' AND nombre = 'Sifontes (El Dorado)')
	as tablaLugar);
INSERT INTO arma_tu_fiesta.lugar (nombre, tipo, fk_pertenece) VALUES ('Dalla Costa', @tipo, @pertenece);

SET @tipo = 'Parroquia';
SET @pertenece = (SELECT pkLugar FROM
	(SELECT id_lugar as pkLugar FROM arma_tu_fiesta.lugar WHERE tipo = 'Municipio' AND nombre = 'Sifontes (El Dorado)')
	as tablaLugar);
INSERT INTO arma_tu_fiesta.lugar (nombre, tipo, fk_pertenece) VALUES ('San Isidro', @tipo, @pertenece);

SET @tipo = 'Municipio';
SET @pertenece = (SELECT pkLugar FROM
	(SELECT id_lugar as pkLugar FROM arma_tu_fiesta.lugar WHERE tipo = 'Estado' AND nombre = 'Bolívar')
	as tablaLugar);
INSERT INTO arma_tu_fiesta.lugar (nombre, tipo, fk_pertenece) VALUES ('Sucre (Maripa)', @tipo, @pertenece);

SET @tipo = 'Parroquia';
SET @pertenece = (SELECT pkLugar FROM
	(SELECT id_lugar as pkLugar FROM arma_tu_fiesta.lugar WHERE tipo = 'Municipio' AND nombre = 'Sucre (Maripa)')
	as tablaLugar);
INSERT INTO arma_tu_fiesta.lugar (nombre, tipo, fk_pertenece) VALUES ('Sucre', @tipo, @pertenece);

SET @tipo = 'Parroquia';
SET @pertenece = (SELECT pkLugar FROM
	(SELECT id_lugar as pkLugar FROM arma_tu_fiesta.lugar WHERE tipo = 'Municipio' AND nombre = 'Sucre (Maripa)')
	as tablaLugar);
INSERT INTO arma_tu_fiesta.lugar (nombre, tipo, fk_pertenece) VALUES ('Aripao', @tipo, @pertenece);

SET @tipo = 'Parroquia';
SET @pertenece = (SELECT pkLugar FROM
	(SELECT id_lugar as pkLugar FROM arma_tu_fiesta.lugar WHERE tipo = 'Municipio' AND nombre = 'Sucre (Maripa)')
	as tablaLugar);
INSERT INTO arma_tu_fiesta.lugar (nombre, tipo, fk_pertenece) VALUES ('Guarataro', @tipo, @pertenece);

SET @tipo = 'Parroquia';
SET @pertenece = (SELECT pkLugar FROM
	(SELECT id_lugar as pkLugar FROM arma_tu_fiesta.lugar WHERE tipo = 'Municipio' AND nombre = 'Sucre (Maripa)')
	as tablaLugar);
INSERT INTO arma_tu_fiesta.lugar (nombre, tipo, fk_pertenece) VALUES ('Las Majadas', @tipo, @pertenece);

SET @tipo = 'Parroquia';
SET @pertenece = (SELECT pkLugar FROM
	(SELECT id_lugar as pkLugar FROM arma_tu_fiesta.lugar WHERE tipo = 'Municipio' AND nombre = 'Sucre (Maripa)')
	as tablaLugar);
INSERT INTO arma_tu_fiesta.lugar (nombre, tipo, fk_pertenece) VALUES ('Moitaco', @tipo, @pertenece);

SET @tipo = 'Estado';
SET @pertenece = (SELECT pkLugar FROM
	(SELECT id_lugar as pkLugar FROM arma_tu_fiesta.lugar WHERE tipo = 'Pais' AND nombre = 'Venezuela')
	as tablaLugar);
INSERT INTO arma_tu_fiesta.lugar (nombre, tipo, fk_pertenece) VALUES ('Carabobo', @tipo, @pertenece);

SET @tipo = 'Municipio';
SET @pertenece = (SELECT pkLugar FROM
	(SELECT id_lugar as pkLugar FROM arma_tu_fiesta.lugar WHERE tipo = 'Estado' AND nombre = 'Carabobo')
	as tablaLugar);
INSERT INTO arma_tu_fiesta.lugar (nombre, tipo, fk_pertenece) VALUES ('Bejuma (Bejuma)', @tipo, @pertenece);

SET @tipo = 'Parroquia';
SET @pertenece = (SELECT pkLugar FROM
	(SELECT id_lugar as pkLugar FROM arma_tu_fiesta.lugar WHERE tipo = 'Municipio' AND nombre = 'Bejuma (Bejuma)')
	as tablaLugar);
INSERT INTO arma_tu_fiesta.lugar (nombre, tipo, fk_pertenece) VALUES ('Canoabo', @tipo, @pertenece);

SET @tipo = 'Parroquia';
SET @pertenece = (SELECT pkLugar FROM
	(SELECT id_lugar as pkLugar FROM arma_tu_fiesta.lugar WHERE tipo = 'Municipio' AND nombre = 'Bejuma (Bejuma)')
	as tablaLugar);
INSERT INTO arma_tu_fiesta.lugar (nombre, tipo, fk_pertenece) VALUES ('Simon Bolivar', @tipo, @pertenece);

SET @tipo = 'Municipio';
SET @pertenece = (SELECT pkLugar FROM
	(SELECT id_lugar as pkLugar FROM arma_tu_fiesta.lugar WHERE tipo = 'Estado' AND nombre = 'Carabobo')
	as tablaLugar);
INSERT INTO arma_tu_fiesta.lugar (nombre, tipo, fk_pertenece) VALUES ('Carlos Arvelo (Güigüe)', @tipo, @pertenece);

SET @tipo = 'Parroquia';
SET @pertenece = (SELECT pkLugar FROM
	(SELECT id_lugar as pkLugar FROM arma_tu_fiesta.lugar WHERE tipo = 'Municipio' AND nombre = 'Carlos Arvelo (Güigüe)')
	as tablaLugar);
INSERT INTO arma_tu_fiesta.lugar (nombre, tipo, fk_pertenece) VALUES ('Güigüe', @tipo, @pertenece);

SET @tipo = 'Parroquia';
SET @pertenece = (SELECT pkLugar FROM
	(SELECT id_lugar as pkLugar FROM arma_tu_fiesta.lugar WHERE tipo = 'Municipio' AND nombre = 'Carlos Arvelo (Güigüe)')
	as tablaLugar);
INSERT INTO arma_tu_fiesta.lugar (nombre, tipo, fk_pertenece) VALUES ('Belén', @tipo, @pertenece);

SET @tipo = 'Parroquia';
SET @pertenece = (SELECT pkLugar FROM
	(SELECT id_lugar as pkLugar FROM arma_tu_fiesta.lugar WHERE tipo = 'Municipio' AND nombre = 'Carlos Arvelo (Güigüe)')
	as tablaLugar);
INSERT INTO arma_tu_fiesta.lugar (nombre, tipo, fk_pertenece) VALUES ('Tacarigua', @tipo, @pertenece);

SET @tipo = 'Municipio';
SET @pertenece = (SELECT pkLugar FROM
	(SELECT id_lugar as pkLugar FROM arma_tu_fiesta.lugar WHERE tipo = 'Estado' AND nombre = 'Carabobo')
	as tablaLugar);
INSERT INTO arma_tu_fiesta.lugar (nombre, tipo, fk_pertenece) VALUES ('Diego Ibarra (Mariara)', @tipo, @pertenece);

SET @tipo = 'Parroquia';
SET @pertenece = (SELECT pkLugar FROM
	(SELECT id_lugar as pkLugar FROM arma_tu_fiesta.lugar WHERE tipo = 'Municipio' AND nombre = 'Diego Ibarra (Mariara)')
	as tablaLugar);
INSERT INTO arma_tu_fiesta.lugar (nombre, tipo, fk_pertenece) VALUES ('Mariara', @tipo, @pertenece);

SET @tipo = 'Parroquia';
SET @pertenece = (SELECT pkLugar FROM
	(SELECT id_lugar as pkLugar FROM arma_tu_fiesta.lugar WHERE tipo = 'Municipio' AND nombre = 'Diego Ibarra (Mariara)')
	as tablaLugar);
INSERT INTO arma_tu_fiesta.lugar (nombre, tipo, fk_pertenece) VALUES ('Aguas Calientes', @tipo, @pertenece);

SET @tipo = 'Municipio';
SET @pertenece = (SELECT pkLugar FROM
	(SELECT id_lugar as pkLugar FROM arma_tu_fiesta.lugar WHERE tipo = 'Estado' AND nombre = 'Carabobo')
	as tablaLugar);
INSERT INTO arma_tu_fiesta.lugar (nombre, tipo, fk_pertenece) VALUES ('Guacara (Guacara)', @tipo, @pertenece);

SET @tipo = 'Parroquia';
SET @pertenece = (SELECT pkLugar FROM
	(SELECT id_lugar as pkLugar FROM arma_tu_fiesta.lugar WHERE tipo = 'Municipio' AND nombre = 'Guacara (Guacara)')
	as tablaLugar);
INSERT INTO arma_tu_fiesta.lugar (nombre, tipo, fk_pertenece) VALUES ('Ciudad Alianza', @tipo, @pertenece);

SET @tipo = 'Parroquia';
SET @pertenece = (SELECT pkLugar FROM
	(SELECT id_lugar as pkLugar FROM arma_tu_fiesta.lugar WHERE tipo = 'Municipio' AND nombre = 'Guacara (Guacara)')
	as tablaLugar);
INSERT INTO arma_tu_fiesta.lugar (nombre, tipo, fk_pertenece) VALUES ('Guacara', @tipo, @pertenece);

SET @tipo = 'Parroquia';
SET @pertenece = (SELECT pkLugar FROM
	(SELECT id_lugar as pkLugar FROM arma_tu_fiesta.lugar WHERE tipo = 'Municipio' AND nombre = 'Guacara (Guacara)')
	as tablaLugar);
INSERT INTO arma_tu_fiesta.lugar (nombre, tipo, fk_pertenece) VALUES ('Yagua', @tipo, @pertenece);

SET @tipo = 'Municipio';
SET @pertenece = (SELECT pkLugar FROM
	(SELECT id_lugar as pkLugar FROM arma_tu_fiesta.lugar WHERE tipo = 'Estado' AND nombre = 'Carabobo')
	as tablaLugar);
INSERT INTO arma_tu_fiesta.lugar (nombre, tipo, fk_pertenece) VALUES ('Libertador (Tocuyito)', @tipo, @pertenece);

SET @tipo = 'Parroquia';
SET @pertenece = (SELECT pkLugar FROM
	(SELECT id_lugar as pkLugar FROM arma_tu_fiesta.lugar WHERE tipo = 'Municipio' AND nombre = 'Libertador (Tocuyito)')
	as tablaLugar);
INSERT INTO arma_tu_fiesta.lugar (nombre, tipo, fk_pertenece) VALUES ('Tocuyito', @tipo, @pertenece);

SET @tipo = 'Parroquia';
SET @pertenece = (SELECT pkLugar FROM
	(SELECT id_lugar as pkLugar FROM arma_tu_fiesta.lugar WHERE tipo = 'Municipio' AND nombre = 'Libertador (Tocuyito)')
	as tablaLugar);
INSERT INTO arma_tu_fiesta.lugar (nombre, tipo, fk_pertenece) VALUES ('Independencia', @tipo, @pertenece);

SET @tipo = 'Municipio';
SET @pertenece = (SELECT pkLugar FROM
	(SELECT id_lugar as pkLugar FROM arma_tu_fiesta.lugar WHERE tipo = 'Estado' AND nombre = 'Carabobo')
	as tablaLugar);
INSERT INTO arma_tu_fiesta.lugar (nombre, tipo, fk_pertenece) VALUES ('Los Guayos (Los Guayos)', @tipo, @pertenece);

SET @tipo = 'Parroquia';
SET @pertenece = (SELECT pkLugar FROM
	(SELECT id_lugar as pkLugar FROM arma_tu_fiesta.lugar WHERE tipo = 'Municipio' AND nombre = 'Los Guayos (Los Guayos)')
	as tablaLugar);
INSERT INTO arma_tu_fiesta.lugar (nombre, tipo, fk_pertenece) VALUES ('Los Guayos', @tipo, @pertenece);

SET @tipo = 'Municipio';
SET @pertenece = (SELECT pkLugar FROM
	(SELECT id_lugar as pkLugar FROM arma_tu_fiesta.lugar WHERE tipo = 'Estado' AND nombre = 'Carabobo')
	as tablaLugar);
INSERT INTO arma_tu_fiesta.lugar (nombre, tipo, fk_pertenece) VALUES ('Miranda (Miranda)', @tipo, @pertenece);

SET @tipo = 'Parroquia';
SET @pertenece = (SELECT pkLugar FROM
	(SELECT id_lugar as pkLugar FROM arma_tu_fiesta.lugar WHERE tipo = 'Municipio' AND nombre = 'Miranda (Miranda)')
	as tablaLugar);
INSERT INTO arma_tu_fiesta.lugar (nombre, tipo, fk_pertenece) VALUES ('Miranda', @tipo, @pertenece);

SET @tipo = 'Municipio';
SET @pertenece = (SELECT pkLugar FROM
	(SELECT id_lugar as pkLugar FROM arma_tu_fiesta.lugar WHERE tipo = 'Estado' AND nombre = 'Carabobo')
	as tablaLugar);
INSERT INTO arma_tu_fiesta.lugar (nombre, tipo, fk_pertenece) VALUES ('Mora (Morón)', @tipo, @pertenece);

SET @tipo = 'Parroquia';
SET @pertenece = (SELECT pkLugar FROM
	(SELECT id_lugar as pkLugar FROM arma_tu_fiesta.lugar WHERE tipo = 'Municipio' AND nombre = 'Mora (Morón)')
	as tablaLugar);
INSERT INTO arma_tu_fiesta.lugar (nombre, tipo, fk_pertenece) VALUES ('Morón', @tipo, @pertenece);

SET @tipo = 'Parroquia';
SET @pertenece = (SELECT pkLugar FROM
	(SELECT id_lugar as pkLugar FROM arma_tu_fiesta.lugar WHERE tipo = 'Municipio' AND nombre = 'Mora (Morón)')
	as tablaLugar);
INSERT INTO arma_tu_fiesta.lugar (nombre, tipo, fk_pertenece) VALUES ('Urama', @tipo, @pertenece);

SET @tipo = 'Municipio';
SET @pertenece = (SELECT pkLugar FROM
	(SELECT id_lugar as pkLugar FROM arma_tu_fiesta.lugar WHERE tipo = 'Estado' AND nombre = 'Carabobo')
	as tablaLugar);
INSERT INTO arma_tu_fiesta.lugar (nombre, tipo, fk_pertenece) VALUES ('Montalbán (Montalbán)', @tipo, @pertenece);

SET @tipo = 'Parroquia';
SET @pertenece = (SELECT pkLugar FROM
	(SELECT id_lugar as pkLugar FROM arma_tu_fiesta.lugar WHERE tipo = 'Municipio' AND nombre = 'Montalbán (Montalbán)')
	as tablaLugar);
INSERT INTO arma_tu_fiesta.lugar (nombre, tipo, fk_pertenece) VALUES ('Montalbán', @tipo, @pertenece);

SET @tipo = 'Municipio';
SET @pertenece = (SELECT pkLugar FROM
	(SELECT id_lugar as pkLugar FROM arma_tu_fiesta.lugar WHERE tipo = 'Estado' AND nombre = 'Carabobo')
	as tablaLugar);
INSERT INTO arma_tu_fiesta.lugar (nombre, tipo, fk_pertenece) VALUES ('Naguanagua ( Naguanagua)', @tipo, @pertenece);

SET @tipo = 'Parroquia';
SET @pertenece = (SELECT pkLugar FROM
	(SELECT id_lugar as pkLugar FROM arma_tu_fiesta.lugar WHERE tipo = 'Municipio' AND nombre = 'Naguanagua ( Naguanagua)')
	as tablaLugar);
INSERT INTO arma_tu_fiesta.lugar (nombre, tipo, fk_pertenece) VALUES ('Urbana Naguanagua', @tipo, @pertenece);

SET @tipo = 'Municipio';
SET @pertenece = (SELECT pkLugar FROM
	(SELECT id_lugar as pkLugar FROM arma_tu_fiesta.lugar WHERE tipo = 'Estado' AND nombre = 'Carabobo')
	as tablaLugar);
INSERT INTO arma_tu_fiesta.lugar (nombre, tipo, fk_pertenece) VALUES ('Puerto Cabello (Puerto Cabello)', @tipo, @pertenece);

SET @tipo = 'Parroquia';
SET @pertenece = (SELECT pkLugar FROM
	(SELECT id_lugar as pkLugar FROM arma_tu_fiesta.lugar WHERE tipo = 'Municipio' AND nombre = 'Puerto Cabello (Puerto Cabello)')
	as tablaLugar);
INSERT INTO arma_tu_fiesta.lugar (nombre, tipo, fk_pertenece) VALUES ('Bartolomé Salóm', @tipo, @pertenece);

SET @tipo = 'Parroquia';
SET @pertenece = (SELECT pkLugar FROM
	(SELECT id_lugar as pkLugar FROM arma_tu_fiesta.lugar WHERE tipo = 'Municipio' AND nombre = 'Puerto Cabello (Puerto Cabello)')
	as tablaLugar);
INSERT INTO arma_tu_fiesta.lugar (nombre, tipo, fk_pertenece) VALUES ('Democracia', @tipo, @pertenece);

SET @tipo = 'Parroquia';
SET @pertenece = (SELECT pkLugar FROM
	(SELECT id_lugar as pkLugar FROM arma_tu_fiesta.lugar WHERE tipo = 'Municipio' AND nombre = 'Puerto Cabello (Puerto Cabello)')
	as tablaLugar);
INSERT INTO arma_tu_fiesta.lugar (nombre, tipo, fk_pertenece) VALUES ('Fraternidad', @tipo, @pertenece);

SET @tipo = 'Parroquia';
SET @pertenece = (SELECT pkLugar FROM
	(SELECT id_lugar as pkLugar FROM arma_tu_fiesta.lugar WHERE tipo = 'Municipio' AND nombre = 'Puerto Cabello (Puerto Cabello)')
	as tablaLugar);
INSERT INTO arma_tu_fiesta.lugar (nombre, tipo, fk_pertenece) VALUES ('Goaigoaza', @tipo, @pertenece);

SET @tipo = 'Parroquia';
SET @pertenece = (SELECT pkLugar FROM
	(SELECT id_lugar as pkLugar FROM arma_tu_fiesta.lugar WHERE tipo = 'Municipio' AND nombre = 'Puerto Cabello (Puerto Cabello)')
	as tablaLugar);
INSERT INTO arma_tu_fiesta.lugar (nombre, tipo, fk_pertenece) VALUES ('Juan José Flores', @tipo, @pertenece);

SET @tipo = 'Parroquia';
SET @pertenece = (SELECT pkLugar FROM
	(SELECT id_lugar as pkLugar FROM arma_tu_fiesta.lugar WHERE tipo = 'Municipio' AND nombre = 'Puerto Cabello (Puerto Cabello)')
	as tablaLugar);
INSERT INTO arma_tu_fiesta.lugar (nombre, tipo, fk_pertenece) VALUES ('Unión', @tipo, @pertenece);

SET @tipo = 'Parroquia';
SET @pertenece = (SELECT pkLugar FROM
	(SELECT id_lugar as pkLugar FROM arma_tu_fiesta.lugar WHERE tipo = 'Municipio' AND nombre = 'Puerto Cabello (Puerto Cabello)')
	as tablaLugar);
INSERT INTO arma_tu_fiesta.lugar (nombre, tipo, fk_pertenece) VALUES ('Borburata', @tipo, @pertenece);

SET @tipo = 'Parroquia';
SET @pertenece = (SELECT pkLugar FROM
	(SELECT id_lugar as pkLugar FROM arma_tu_fiesta.lugar WHERE tipo = 'Municipio' AND nombre = 'Puerto Cabello (Puerto Cabello)')
	as tablaLugar);
INSERT INTO arma_tu_fiesta.lugar (nombre, tipo, fk_pertenece) VALUES ('Patanemo', @tipo, @pertenece);

SET @tipo = 'Municipio';
SET @pertenece = (SELECT pkLugar FROM
	(SELECT id_lugar as pkLugar FROM arma_tu_fiesta.lugar WHERE tipo = 'Estado' AND nombre = 'Carabobo')
	as tablaLugar);
INSERT INTO arma_tu_fiesta.lugar (nombre, tipo, fk_pertenece) VALUES ('San Diego (San Diego)', @tipo, @pertenece);

SET @tipo = 'Parroquia';
SET @pertenece = (SELECT pkLugar FROM
	(SELECT id_lugar as pkLugar FROM arma_tu_fiesta.lugar WHERE tipo = 'Municipio' AND nombre = 'San Diego (San Diego)')
	as tablaLugar);
INSERT INTO arma_tu_fiesta.lugar (nombre, tipo, fk_pertenece) VALUES ('San Diego', @tipo, @pertenece);

SET @tipo = 'Municipio';
SET @pertenece = (SELECT pkLugar FROM
	(SELECT id_lugar as pkLugar FROM arma_tu_fiesta.lugar WHERE tipo = 'Estado' AND nombre = 'Carabobo')
	as tablaLugar);
INSERT INTO arma_tu_fiesta.lugar (nombre, tipo, fk_pertenece) VALUES ('San Joaquín (San Joaquín)', @tipo, @pertenece);

SET @tipo = 'Parroquia';
SET @pertenece = (SELECT pkLugar FROM
	(SELECT id_lugar as pkLugar FROM arma_tu_fiesta.lugar WHERE tipo = 'Municipio' AND nombre = 'San Joaquín (San Joaquín)')
	as tablaLugar);
INSERT INTO arma_tu_fiesta.lugar (nombre, tipo, fk_pertenece) VALUES ('San Joaquín', @tipo, @pertenece);

SET @tipo = 'Municipio';
SET @pertenece = (SELECT pkLugar FROM
	(SELECT id_lugar as pkLugar FROM arma_tu_fiesta.lugar WHERE tipo = 'Estado' AND nombre = 'Carabobo')
	as tablaLugar);
INSERT INTO arma_tu_fiesta.lugar (nombre, tipo, fk_pertenece) VALUES ('Valencia (Valencia)', @tipo, @pertenece);

SET @tipo = 'Parroquia';
SET @pertenece = (SELECT pkLugar FROM
	(SELECT id_lugar as pkLugar FROM arma_tu_fiesta.lugar WHERE tipo = 'Municipio' AND nombre = 'Valencia (Valencia)')
	as tablaLugar);
INSERT INTO arma_tu_fiesta.lugar (nombre, tipo, fk_pertenece) VALUES ('Candelaria', @tipo, @pertenece);

SET @tipo = 'Parroquia';
SET @pertenece = (SELECT pkLugar FROM
	(SELECT id_lugar as pkLugar FROM arma_tu_fiesta.lugar WHERE tipo = 'Municipio' AND nombre = 'Valencia (Valencia)')
	as tablaLugar);
INSERT INTO arma_tu_fiesta.lugar (nombre, tipo, fk_pertenece) VALUES ('Catedral', @tipo, @pertenece);

SET @tipo = 'Parroquia';
SET @pertenece = (SELECT pkLugar FROM
	(SELECT id_lugar as pkLugar FROM arma_tu_fiesta.lugar WHERE tipo = 'Municipio' AND nombre = 'Valencia (Valencia)')
	as tablaLugar);
INSERT INTO arma_tu_fiesta.lugar (nombre, tipo, fk_pertenece) VALUES ('El Socorro', @tipo, @pertenece);

SET @tipo = 'Parroquia';
SET @pertenece = (SELECT pkLugar FROM
	(SELECT id_lugar as pkLugar FROM arma_tu_fiesta.lugar WHERE tipo = 'Municipio' AND nombre = 'Valencia (Valencia)')
	as tablaLugar);
INSERT INTO arma_tu_fiesta.lugar (nombre, tipo, fk_pertenece) VALUES ('Miguel Peña', @tipo, @pertenece);

SET @tipo = 'Parroquia';
SET @pertenece = (SELECT pkLugar FROM
	(SELECT id_lugar as pkLugar FROM arma_tu_fiesta.lugar WHERE tipo = 'Municipio' AND nombre = 'Valencia (Valencia)')
	as tablaLugar);
INSERT INTO arma_tu_fiesta.lugar (nombre, tipo, fk_pertenece) VALUES ('Rafael Urdaneta', @tipo, @pertenece);

SET @tipo = 'Parroquia';
SET @pertenece = (SELECT pkLugar FROM
	(SELECT id_lugar as pkLugar FROM arma_tu_fiesta.lugar WHERE tipo = 'Municipio' AND nombre = 'Valencia (Valencia)')
	as tablaLugar);
INSERT INTO arma_tu_fiesta.lugar (nombre, tipo, fk_pertenece) VALUES ('San Blas', @tipo, @pertenece);

SET @tipo = 'Parroquia';
SET @pertenece = (SELECT pkLugar FROM
	(SELECT id_lugar as pkLugar FROM arma_tu_fiesta.lugar WHERE tipo = 'Municipio' AND nombre = 'Valencia (Valencia)')
	as tablaLugar);
INSERT INTO arma_tu_fiesta.lugar (nombre, tipo, fk_pertenece) VALUES ('San José', @tipo, @pertenece);

SET @tipo = 'Parroquia';
SET @pertenece = (SELECT pkLugar FROM
	(SELECT id_lugar as pkLugar FROM arma_tu_fiesta.lugar WHERE tipo = 'Municipio' AND nombre = 'Valencia (Valencia)')
	as tablaLugar);
INSERT INTO arma_tu_fiesta.lugar (nombre, tipo, fk_pertenece) VALUES ('Santa Rosa', @tipo, @pertenece);

SET @tipo = 'Parroquia';
SET @pertenece = (SELECT pkLugar FROM
	(SELECT id_lugar as pkLugar FROM arma_tu_fiesta.lugar WHERE tipo = 'Municipio' AND nombre = 'Valencia (Valencia)')
	as tablaLugar);
INSERT INTO arma_tu_fiesta.lugar (nombre, tipo, fk_pertenece) VALUES ('Negro Primero', @tipo, @pertenece);

SET @tipo = 'Estado';
SET @pertenece = (SELECT pkLugar FROM
	(SELECT id_lugar as pkLugar FROM arma_tu_fiesta.lugar WHERE tipo = 'Pais' AND nombre = 'Venezuela')
	as tablaLugar);
INSERT INTO arma_tu_fiesta.lugar (nombre, tipo, fk_pertenece) VALUES ('Cojedes', @tipo, @pertenece);

SET @tipo = 'Municipio';
SET @pertenece = (SELECT pkLugar FROM
	(SELECT id_lugar as pkLugar FROM arma_tu_fiesta.lugar WHERE tipo = 'Estado' AND nombre = 'Cojedes')
	as tablaLugar);
INSERT INTO arma_tu_fiesta.lugar (nombre, tipo, fk_pertenece) VALUES ('Anzoátegui (Cojedes)', @tipo, @pertenece);

SET @tipo = 'Parroquia';
SET @pertenece = (SELECT pkLugar FROM
	(SELECT id_lugar as pkLugar FROM arma_tu_fiesta.lugar WHERE tipo = 'Municipio' AND nombre = 'Anzoátegui (Cojedes)')
	as tablaLugar);
INSERT INTO arma_tu_fiesta.lugar (nombre, tipo, fk_pertenece) VALUES ('Cojedes', @tipo, @pertenece);

SET @tipo = 'Parroquia';
SET @pertenece = (SELECT pkLugar FROM
	(SELECT id_lugar as pkLugar FROM arma_tu_fiesta.lugar WHERE tipo = 'Municipio' AND nombre = 'Anzoátegui (Cojedes)')
	as tablaLugar);
INSERT INTO arma_tu_fiesta.lugar (nombre, tipo, fk_pertenece) VALUES ('Juan de Mata Suárez', @tipo, @pertenece);

SET @tipo = 'Municipio';
SET @pertenece = (SELECT pkLugar FROM
	(SELECT id_lugar as pkLugar FROM arma_tu_fiesta.lugar WHERE tipo = 'Estado' AND nombre = 'Cojedes')
	as tablaLugar);
INSERT INTO arma_tu_fiesta.lugar (nombre, tipo, fk_pertenece) VALUES ('Tinaquillo (Tinaquillo)', @tipo, @pertenece);

SET @tipo = 'Parroquia';
SET @pertenece = (SELECT pkLugar FROM
	(SELECT id_lugar as pkLugar FROM arma_tu_fiesta.lugar WHERE tipo = 'Municipio' AND nombre = 'Tinaquillo (Tinaquillo)')
	as tablaLugar);
INSERT INTO arma_tu_fiesta.lugar (nombre, tipo, fk_pertenece) VALUES ('Tinaquillo', @tipo, @pertenece);

SET @tipo = 'Municipio';
SET @pertenece = (SELECT pkLugar FROM
	(SELECT id_lugar as pkLugar FROM arma_tu_fiesta.lugar WHERE tipo = 'Estado' AND nombre = 'Cojedes')
	as tablaLugar);
INSERT INTO arma_tu_fiesta.lugar (nombre, tipo, fk_pertenece) VALUES ('Girardot (El Baúl)', @tipo, @pertenece);

SET @tipo = 'Parroquia';
SET @pertenece = (SELECT pkLugar FROM
	(SELECT id_lugar as pkLugar FROM arma_tu_fiesta.lugar WHERE tipo = 'Municipio' AND nombre = 'Girardot (El Baúl)')
	as tablaLugar);
INSERT INTO arma_tu_fiesta.lugar (nombre, tipo, fk_pertenece) VALUES ('El Baúl', @tipo, @pertenece);

SET @tipo = 'Parroquia';
SET @pertenece = (SELECT pkLugar FROM
	(SELECT id_lugar as pkLugar FROM arma_tu_fiesta.lugar WHERE tipo = 'Municipio' AND nombre = 'Girardot (El Baúl)')
	as tablaLugar);
INSERT INTO arma_tu_fiesta.lugar (nombre, tipo, fk_pertenece) VALUES ('Sucre', @tipo, @pertenece);

SET @tipo = 'Municipio';
SET @pertenece = (SELECT pkLugar FROM
	(SELECT id_lugar as pkLugar FROM arma_tu_fiesta.lugar WHERE tipo = 'Estado' AND nombre = 'Cojedes')
	as tablaLugar);
INSERT INTO arma_tu_fiesta.lugar (nombre, tipo, fk_pertenece) VALUES ('Lima Blanco (Macapo)', @tipo, @pertenece);

SET @tipo = 'Parroquia';
SET @pertenece = (SELECT pkLugar FROM
	(SELECT id_lugar as pkLugar FROM arma_tu_fiesta.lugar WHERE tipo = 'Municipio' AND nombre = 'Lima Blanco (Macapo)')
	as tablaLugar);
INSERT INTO arma_tu_fiesta.lugar (nombre, tipo, fk_pertenece) VALUES ('La Aguadita', @tipo, @pertenece);

SET @tipo = 'Parroquia';
SET @pertenece = (SELECT pkLugar FROM
	(SELECT id_lugar as pkLugar FROM arma_tu_fiesta.lugar WHERE tipo = 'Municipio' AND nombre = 'Lima Blanco (Macapo)')
	as tablaLugar);
INSERT INTO arma_tu_fiesta.lugar (nombre, tipo, fk_pertenece) VALUES ('Macapo', @tipo, @pertenece);

SET @tipo = 'Municipio';
SET @pertenece = (SELECT pkLugar FROM
	(SELECT id_lugar as pkLugar FROM arma_tu_fiesta.lugar WHERE tipo = 'Estado' AND nombre = 'Cojedes')
	as tablaLugar);
INSERT INTO arma_tu_fiesta.lugar (nombre, tipo, fk_pertenece) VALUES ('Pao de San Juan Bautista (El Pao)', @tipo, @pertenece);

SET @tipo = 'Parroquia';
SET @pertenece = (SELECT pkLugar FROM
	(SELECT id_lugar as pkLugar FROM arma_tu_fiesta.lugar WHERE tipo = 'Municipio' AND nombre = 'Pao de San Juan Bautista (El Pao)')
	as tablaLugar);
INSERT INTO arma_tu_fiesta.lugar (nombre, tipo, fk_pertenece) VALUES ('El Pao', @tipo, @pertenece);

SET @tipo = 'Municipio';
SET @pertenece = (SELECT pkLugar FROM
	(SELECT id_lugar as pkLugar FROM arma_tu_fiesta.lugar WHERE tipo = 'Estado' AND nombre = 'Cojedes')
	as tablaLugar);
INSERT INTO arma_tu_fiesta.lugar (nombre, tipo, fk_pertenece) VALUES ('Ricaurte (Libertad)', @tipo, @pertenece);

SET @tipo = 'Parroquia';
SET @pertenece = (SELECT pkLugar FROM
	(SELECT id_lugar as pkLugar FROM arma_tu_fiesta.lugar WHERE tipo = 'Municipio' AND nombre = 'Ricaurte (Libertad)')
	as tablaLugar);
INSERT INTO arma_tu_fiesta.lugar (nombre, tipo, fk_pertenece) VALUES ('El Amparo', @tipo, @pertenece);

SET @tipo = 'Parroquia';
SET @pertenece = (SELECT pkLugar FROM
	(SELECT id_lugar as pkLugar FROM arma_tu_fiesta.lugar WHERE tipo = 'Municipio' AND nombre = 'Ricaurte (Libertad)')
	as tablaLugar);
INSERT INTO arma_tu_fiesta.lugar (nombre, tipo, fk_pertenece) VALUES ('Libertad de Cojedes', @tipo, @pertenece);

SET @tipo = 'Municipio';
SET @pertenece = (SELECT pkLugar FROM
	(SELECT id_lugar as pkLugar FROM arma_tu_fiesta.lugar WHERE tipo = 'Estado' AND nombre = 'Cojedes')
	as tablaLugar);
INSERT INTO arma_tu_fiesta.lugar (nombre, tipo, fk_pertenece) VALUES ('Rómulo Gallegos (Las Vegas)', @tipo, @pertenece);

SET @tipo = 'Parroquia';
SET @pertenece = (SELECT pkLugar FROM
	(SELECT id_lugar as pkLugar FROM arma_tu_fiesta.lugar WHERE tipo = 'Municipio' AND nombre = 'Rómulo Gallegos (Las Vegas)')
	as tablaLugar);
INSERT INTO arma_tu_fiesta.lugar (nombre, tipo, fk_pertenece) VALUES ('Rómulo Gallegos', @tipo, @pertenece);

SET @tipo = 'Municipio';
SET @pertenece = (SELECT pkLugar FROM
	(SELECT id_lugar as pkLugar FROM arma_tu_fiesta.lugar WHERE tipo = 'Estado' AND nombre = 'Cojedes')
	as tablaLugar);
INSERT INTO arma_tu_fiesta.lugar (nombre, tipo, fk_pertenece) VALUES ('Ezequiel Zamora (San Carlos)', @tipo, @pertenece);

SET @tipo = 'Parroquia';
SET @pertenece = (SELECT pkLugar FROM
	(SELECT id_lugar as pkLugar FROM arma_tu_fiesta.lugar WHERE tipo = 'Municipio' AND nombre = 'Ezequiel Zamora (San Carlos)')
	as tablaLugar);
INSERT INTO arma_tu_fiesta.lugar (nombre, tipo, fk_pertenece) VALUES ('San Carlos de Austria', @tipo, @pertenece);

SET @tipo = 'Parroquia';
SET @pertenece = (SELECT pkLugar FROM
	(SELECT id_lugar as pkLugar FROM arma_tu_fiesta.lugar WHERE tipo = 'Municipio' AND nombre = 'Ezequiel Zamora (San Carlos)')
	as tablaLugar);
INSERT INTO arma_tu_fiesta.lugar (nombre, tipo, fk_pertenece) VALUES ('Juan Ángel Bravo', @tipo, @pertenece);

SET @tipo = 'Parroquia';
SET @pertenece = (SELECT pkLugar FROM
	(SELECT id_lugar as pkLugar FROM arma_tu_fiesta.lugar WHERE tipo = 'Municipio' AND nombre = 'Ezequiel Zamora (San Carlos)')
	as tablaLugar);
INSERT INTO arma_tu_fiesta.lugar (nombre, tipo, fk_pertenece) VALUES ('Manuel Manrique', @tipo, @pertenece);

SET @tipo = 'Municipio';
SET @pertenece = (SELECT pkLugar FROM
	(SELECT id_lugar as pkLugar FROM arma_tu_fiesta.lugar WHERE tipo = 'Estado' AND nombre = 'Cojedes')
	as tablaLugar);
INSERT INTO arma_tu_fiesta.lugar (nombre, tipo, fk_pertenece) VALUES ('Tinaco (Tinaco)', @tipo, @pertenece);

SET @tipo = 'Parroquia';
SET @pertenece = (SELECT pkLugar FROM
	(SELECT id_lugar as pkLugar FROM arma_tu_fiesta.lugar WHERE tipo = 'Municipio' AND nombre = 'Tinaco (Tinaco)')
	as tablaLugar);
INSERT INTO arma_tu_fiesta.lugar (nombre, tipo, fk_pertenece) VALUES ('General en Jefe José Laurencio Silva', @tipo, @pertenece);

SET @tipo = 'Estado';
SET @pertenece = (SELECT pkLugar FROM
	(SELECT id_lugar as pkLugar FROM arma_tu_fiesta.lugar WHERE tipo = 'Pais' AND nombre = 'Venezuela')
	as tablaLugar);
INSERT INTO arma_tu_fiesta.lugar (nombre, tipo, fk_pertenece) VALUES ('Delta Amacuro', @tipo, @pertenece);

SET @tipo = 'Municipio';
SET @pertenece = (SELECT pkLugar FROM
	(SELECT id_lugar as pkLugar FROM arma_tu_fiesta.lugar WHERE tipo = 'Estado' AND nombre = 'Delta Amacuro')
	as tablaLugar);
INSERT INTO arma_tu_fiesta.lugar (nombre, tipo, fk_pertenece) VALUES ('Antonio Díaz', @tipo, @pertenece);

SET @tipo = 'Parroquia';
SET @pertenece = (SELECT pkLugar FROM
	(SELECT id_lugar as pkLugar FROM arma_tu_fiesta.lugar WHERE tipo = 'Municipio' AND nombre = 'Antonio Díaz')
	as tablaLugar);
INSERT INTO arma_tu_fiesta.lugar (nombre, tipo, fk_pertenece) VALUES ('Curiapo', @tipo, @pertenece);

SET @tipo = 'Parroquia';
SET @pertenece = (SELECT pkLugar FROM
	(SELECT id_lugar as pkLugar FROM arma_tu_fiesta.lugar WHERE tipo = 'Municipio' AND nombre = 'Antonio Díaz')
	as tablaLugar);
INSERT INTO arma_tu_fiesta.lugar (nombre, tipo, fk_pertenece) VALUES ('Almirante Luis Brión', @tipo, @pertenece);

SET @tipo = 'Parroquia';
SET @pertenece = (SELECT pkLugar FROM
	(SELECT id_lugar as pkLugar FROM arma_tu_fiesta.lugar WHERE tipo = 'Municipio' AND nombre = 'Antonio Díaz')
	as tablaLugar);
INSERT INTO arma_tu_fiesta.lugar (nombre, tipo, fk_pertenece) VALUES ('Francisco Aniceto Lugo', @tipo, @pertenece);

SET @tipo = 'Parroquia';
SET @pertenece = (SELECT pkLugar FROM
	(SELECT id_lugar as pkLugar FROM arma_tu_fiesta.lugar WHERE tipo = 'Municipio' AND nombre = 'Antonio Díaz')
	as tablaLugar);
INSERT INTO arma_tu_fiesta.lugar (nombre, tipo, fk_pertenece) VALUES ('Manuel Renaud', @tipo, @pertenece);

SET @tipo = 'Parroquia';
SET @pertenece = (SELECT pkLugar FROM
	(SELECT id_lugar as pkLugar FROM arma_tu_fiesta.lugar WHERE tipo = 'Municipio' AND nombre = 'Antonio Díaz')
	as tablaLugar);
INSERT INTO arma_tu_fiesta.lugar (nombre, tipo, fk_pertenece) VALUES ('Padre Barral', @tipo, @pertenece);

SET @tipo = 'Parroquia';
SET @pertenece = (SELECT pkLugar FROM
	(SELECT id_lugar as pkLugar FROM arma_tu_fiesta.lugar WHERE tipo = 'Municipio' AND nombre = 'Antonio Díaz')
	as tablaLugar);
INSERT INTO arma_tu_fiesta.lugar (nombre, tipo, fk_pertenece) VALUES ('Santos de Abelgas', @tipo, @pertenece);

SET @tipo = 'Municipio';
SET @pertenece = (SELECT pkLugar FROM
	(SELECT id_lugar as pkLugar FROM arma_tu_fiesta.lugar WHERE tipo = 'Estado' AND nombre = 'Delta Amacuro')
	as tablaLugar);
INSERT INTO arma_tu_fiesta.lugar (nombre, tipo, fk_pertenece) VALUES ('Casacoima (Sierra Imataca)', @tipo, @pertenece);

SET @tipo = 'Parroquia';
SET @pertenece = (SELECT pkLugar FROM
	(SELECT id_lugar as pkLugar FROM arma_tu_fiesta.lugar WHERE tipo = 'Municipio' AND nombre = 'Casacoima (Sierra Imataca)')
	as tablaLugar);
INSERT INTO arma_tu_fiesta.lugar (nombre, tipo, fk_pertenece) VALUES ('Imataca', @tipo, @pertenece);

SET @tipo = 'Parroquia';
SET @pertenece = (SELECT pkLugar FROM
	(SELECT id_lugar as pkLugar FROM arma_tu_fiesta.lugar WHERE tipo = 'Municipio' AND nombre = 'Casacoima (Sierra Imataca)')
	as tablaLugar);
INSERT INTO arma_tu_fiesta.lugar (nombre, tipo, fk_pertenece) VALUES ('Juan Bautista Arismendi', @tipo, @pertenece);

SET @tipo = 'Parroquia';
SET @pertenece = (SELECT pkLugar FROM
	(SELECT id_lugar as pkLugar FROM arma_tu_fiesta.lugar WHERE tipo = 'Municipio' AND nombre = 'Casacoima (Sierra Imataca)')
	as tablaLugar);
INSERT INTO arma_tu_fiesta.lugar (nombre, tipo, fk_pertenece) VALUES ('Manuel Piar', @tipo, @pertenece);

SET @tipo = 'Parroquia';
SET @pertenece = (SELECT pkLugar FROM
	(SELECT id_lugar as pkLugar FROM arma_tu_fiesta.lugar WHERE tipo = 'Municipio' AND nombre = 'Casacoima (Sierra Imataca)')
	as tablaLugar);
INSERT INTO arma_tu_fiesta.lugar (nombre, tipo, fk_pertenece) VALUES ('Rómulo Gallegos', @tipo, @pertenece);

SET @tipo = 'Municipio';
SET @pertenece = (SELECT pkLugar FROM
	(SELECT id_lugar as pkLugar FROM arma_tu_fiesta.lugar WHERE tipo = 'Estado' AND nombre = 'Delta Amacuro')
	as tablaLugar);
INSERT INTO arma_tu_fiesta.lugar (nombre, tipo, fk_pertenece) VALUES ('Pedernales (Pedernales)', @tipo, @pertenece);

SET @tipo = 'Parroquia';
SET @pertenece = (SELECT pkLugar FROM
	(SELECT id_lugar as pkLugar FROM arma_tu_fiesta.lugar WHERE tipo = 'Municipio' AND nombre = 'Pedernales (Pedernales)')
	as tablaLugar);
INSERT INTO arma_tu_fiesta.lugar (nombre, tipo, fk_pertenece) VALUES ('Pedernales', @tipo, @pertenece);

SET @tipo = 'Parroquia';
SET @pertenece = (SELECT pkLugar FROM
	(SELECT id_lugar as pkLugar FROM arma_tu_fiesta.lugar WHERE tipo = 'Municipio' AND nombre = 'Pedernales (Pedernales)')
	as tablaLugar);
INSERT INTO arma_tu_fiesta.lugar (nombre, tipo, fk_pertenece) VALUES ('Luis Beltrán Prieto Figueroa', @tipo, @pertenece);

SET @tipo = 'Municipio';
SET @pertenece = (SELECT pkLugar FROM
	(SELECT id_lugar as pkLugar FROM arma_tu_fiesta.lugar WHERE tipo = 'Estado' AND nombre = 'Delta Amacuro')
	as tablaLugar);
INSERT INTO arma_tu_fiesta.lugar (nombre, tipo, fk_pertenece) VALUES ('Tucupita (Tucupita)', @tipo, @pertenece);

SET @tipo = 'Parroquia';
SET @pertenece = (SELECT pkLugar FROM
	(SELECT id_lugar as pkLugar FROM arma_tu_fiesta.lugar WHERE tipo = 'Municipio' AND nombre = 'Tucupita (Tucupita)')
	as tablaLugar);
INSERT INTO arma_tu_fiesta.lugar (nombre, tipo, fk_pertenece) VALUES ('San José', @tipo, @pertenece);

SET @tipo = 'Parroquia';
SET @pertenece = (SELECT pkLugar FROM
	(SELECT id_lugar as pkLugar FROM arma_tu_fiesta.lugar WHERE tipo = 'Municipio' AND nombre = 'Tucupita (Tucupita)')
	as tablaLugar);
INSERT INTO arma_tu_fiesta.lugar (nombre, tipo, fk_pertenece) VALUES ('José Vidal Marcano', @tipo, @pertenece);

SET @tipo = 'Parroquia';
SET @pertenece = (SELECT pkLugar FROM
	(SELECT id_lugar as pkLugar FROM arma_tu_fiesta.lugar WHERE tipo = 'Municipio' AND nombre = 'Tucupita (Tucupita)')
	as tablaLugar);
INSERT INTO arma_tu_fiesta.lugar (nombre, tipo, fk_pertenece) VALUES ('Leonardo Ruíz Pineda', @tipo, @pertenece);

SET @tipo = 'Parroquia';
SET @pertenece = (SELECT pkLugar FROM
	(SELECT id_lugar as pkLugar FROM arma_tu_fiesta.lugar WHERE tipo = 'Municipio' AND nombre = 'Tucupita (Tucupita)')
	as tablaLugar);
INSERT INTO arma_tu_fiesta.lugar (nombre, tipo, fk_pertenece) VALUES ('Mariscal Antonio José de Sucre', @tipo, @pertenece);

SET @tipo = 'Parroquia';
SET @pertenece = (SELECT pkLugar FROM
	(SELECT id_lugar as pkLugar FROM arma_tu_fiesta.lugar WHERE tipo = 'Municipio' AND nombre = 'Tucupita (Tucupita)')
	as tablaLugar);
INSERT INTO arma_tu_fiesta.lugar (nombre, tipo, fk_pertenece) VALUES ('Monseñor Argimiro García', @tipo, @pertenece);

SET @tipo = 'Parroquia';
SET @pertenece = (SELECT pkLugar FROM
	(SELECT id_lugar as pkLugar FROM arma_tu_fiesta.lugar WHERE tipo = 'Municipio' AND nombre = 'Tucupita (Tucupita)')
	as tablaLugar);
INSERT INTO arma_tu_fiesta.lugar (nombre, tipo, fk_pertenece) VALUES ('Virgen del Valle', @tipo, @pertenece);

SET @tipo = 'Parroquia';
SET @pertenece = (SELECT pkLugar FROM
	(SELECT id_lugar as pkLugar FROM arma_tu_fiesta.lugar WHERE tipo = 'Municipio' AND nombre = 'Tucupita (Tucupita)')
	as tablaLugar);
INSERT INTO arma_tu_fiesta.lugar (nombre, tipo, fk_pertenece) VALUES ('San Rafael', @tipo, @pertenece);

SET @tipo = 'Parroquia';
SET @pertenece = (SELECT pkLugar FROM
	(SELECT id_lugar as pkLugar FROM arma_tu_fiesta.lugar WHERE tipo = 'Municipio' AND nombre = 'Tucupita (Tucupita)')
	as tablaLugar);
INSERT INTO arma_tu_fiesta.lugar (nombre, tipo, fk_pertenece) VALUES ('Juan Millan', @tipo, @pertenece);

SET @tipo = 'Estado';
SET @pertenece = (SELECT pkLugar FROM
	(SELECT id_lugar as pkLugar FROM arma_tu_fiesta.lugar WHERE tipo = 'Pais' AND nombre = 'Venezuela')
	as tablaLugar);
INSERT INTO arma_tu_fiesta.lugar (nombre, tipo, fk_pertenece) VALUES ('Distrito Capital', @tipo, @pertenece);

SET @tipo = 'Municipio';
SET @pertenece = (SELECT pkLugar FROM
	(SELECT id_lugar as pkLugar FROM arma_tu_fiesta.lugar WHERE tipo = 'Estado' AND nombre = 'Distrito Capital')
	as tablaLugar);
INSERT INTO arma_tu_fiesta.lugar (nombre, tipo, fk_pertenece) VALUES ('Libertador (Caracas)', @tipo, @pertenece);

SET @tipo = 'Parroquia';
SET @pertenece = (SELECT pkLugar FROM
	(SELECT id_lugar as pkLugar FROM arma_tu_fiesta.lugar WHERE tipo = 'Municipio' AND nombre = 'Libertador (Caracas)')
	as tablaLugar);
INSERT INTO arma_tu_fiesta.lugar (nombre, tipo, fk_pertenece) VALUES ('23 de enero', @tipo, @pertenece);

SET @tipo = 'Parroquia';
SET @pertenece = (SELECT pkLugar FROM
	(SELECT id_lugar as pkLugar FROM arma_tu_fiesta.lugar WHERE tipo = 'Municipio' AND nombre = 'Libertador (Caracas)')
	as tablaLugar);
INSERT INTO arma_tu_fiesta.lugar (nombre, tipo, fk_pertenece) VALUES ('Altagracia', @tipo, @pertenece);

SET @tipo = 'Parroquia';
SET @pertenece = (SELECT pkLugar FROM
	(SELECT id_lugar as pkLugar FROM arma_tu_fiesta.lugar WHERE tipo = 'Municipio' AND nombre = 'Libertador (Caracas)')
	as tablaLugar);
INSERT INTO arma_tu_fiesta.lugar (nombre, tipo, fk_pertenece) VALUES ('Antímano', @tipo, @pertenece);

SET @tipo = 'Parroquia';
SET @pertenece = (SELECT pkLugar FROM
	(SELECT id_lugar as pkLugar FROM arma_tu_fiesta.lugar WHERE tipo = 'Municipio' AND nombre = 'Libertador (Caracas)')
	as tablaLugar);
INSERT INTO arma_tu_fiesta.lugar (nombre, tipo, fk_pertenece) VALUES ('Caricuao', @tipo, @pertenece);

SET @tipo = 'Parroquia';
SET @pertenece = (SELECT pkLugar FROM
	(SELECT id_lugar as pkLugar FROM arma_tu_fiesta.lugar WHERE tipo = 'Municipio' AND nombre = 'Libertador (Caracas)')
	as tablaLugar);
INSERT INTO arma_tu_fiesta.lugar (nombre, tipo, fk_pertenece) VALUES ('Catedral', @tipo, @pertenece);

SET @tipo = 'Parroquia';
SET @pertenece = (SELECT pkLugar FROM
	(SELECT id_lugar as pkLugar FROM arma_tu_fiesta.lugar WHERE tipo = 'Municipio' AND nombre = 'Libertador (Caracas)')
	as tablaLugar);
INSERT INTO arma_tu_fiesta.lugar (nombre, tipo, fk_pertenece) VALUES ('Coche', @tipo, @pertenece);

SET @tipo = 'Parroquia';
SET @pertenece = (SELECT pkLugar FROM
	(SELECT id_lugar as pkLugar FROM arma_tu_fiesta.lugar WHERE tipo = 'Municipio' AND nombre = 'Libertador (Caracas)')
	as tablaLugar);
INSERT INTO arma_tu_fiesta.lugar (nombre, tipo, fk_pertenece) VALUES ('El Junquito', @tipo, @pertenece);

SET @tipo = 'Parroquia';
SET @pertenece = (SELECT pkLugar FROM
	(SELECT id_lugar as pkLugar FROM arma_tu_fiesta.lugar WHERE tipo = 'Municipio' AND nombre = 'Libertador (Caracas)')
	as tablaLugar);
INSERT INTO arma_tu_fiesta.lugar (nombre, tipo, fk_pertenece) VALUES ('El Paraíso', @tipo, @pertenece);

SET @tipo = 'Parroquia';
SET @pertenece = (SELECT pkLugar FROM
	(SELECT id_lugar as pkLugar FROM arma_tu_fiesta.lugar WHERE tipo = 'Municipio' AND nombre = 'Libertador (Caracas)')
	as tablaLugar);
INSERT INTO arma_tu_fiesta.lugar (nombre, tipo, fk_pertenece) VALUES ('El Recreo', @tipo, @pertenece);

SET @tipo = 'Parroquia';
SET @pertenece = (SELECT pkLugar FROM
	(SELECT id_lugar as pkLugar FROM arma_tu_fiesta.lugar WHERE tipo = 'Municipio' AND nombre = 'Libertador (Caracas)')
	as tablaLugar);
INSERT INTO arma_tu_fiesta.lugar (nombre, tipo, fk_pertenece) VALUES ('El Valle', @tipo, @pertenece);

SET @tipo = 'Parroquia';
SET @pertenece = (SELECT pkLugar FROM
	(SELECT id_lugar as pkLugar FROM arma_tu_fiesta.lugar WHERE tipo = 'Municipio' AND nombre = 'Libertador (Caracas)')
	as tablaLugar);
INSERT INTO arma_tu_fiesta.lugar (nombre, tipo, fk_pertenece) VALUES ('Candelaria', @tipo, @pertenece);

SET @tipo = 'Parroquia';
SET @pertenece = (SELECT pkLugar FROM
	(SELECT id_lugar as pkLugar FROM arma_tu_fiesta.lugar WHERE tipo = 'Municipio' AND nombre = 'Libertador (Caracas)')
	as tablaLugar);
INSERT INTO arma_tu_fiesta.lugar (nombre, tipo, fk_pertenece) VALUES ('La Pastora', @tipo, @pertenece);

SET @tipo = 'Parroquia';
SET @pertenece = (SELECT pkLugar FROM
	(SELECT id_lugar as pkLugar FROM arma_tu_fiesta.lugar WHERE tipo = 'Municipio' AND nombre = 'Libertador (Caracas)')
	as tablaLugar);
INSERT INTO arma_tu_fiesta.lugar (nombre, tipo, fk_pertenece) VALUES ('La Vega', @tipo, @pertenece);

SET @tipo = 'Parroquia';
SET @pertenece = (SELECT pkLugar FROM
	(SELECT id_lugar as pkLugar FROM arma_tu_fiesta.lugar WHERE tipo = 'Municipio' AND nombre = 'Libertador (Caracas)')
	as tablaLugar);
INSERT INTO arma_tu_fiesta.lugar (nombre, tipo, fk_pertenece) VALUES ('Macarao', @tipo, @pertenece);

SET @tipo = 'Parroquia';
SET @pertenece = (SELECT pkLugar FROM
	(SELECT id_lugar as pkLugar FROM arma_tu_fiesta.lugar WHERE tipo = 'Municipio' AND nombre = 'Libertador (Caracas)')
	as tablaLugar);
INSERT INTO arma_tu_fiesta.lugar (nombre, tipo, fk_pertenece) VALUES ('San Agustín', @tipo, @pertenece);

SET @tipo = 'Parroquia';
SET @pertenece = (SELECT pkLugar FROM
	(SELECT id_lugar as pkLugar FROM arma_tu_fiesta.lugar WHERE tipo = 'Municipio' AND nombre = 'Libertador (Caracas)')
	as tablaLugar);
INSERT INTO arma_tu_fiesta.lugar (nombre, tipo, fk_pertenece) VALUES ('San Bernardino', @tipo, @pertenece);

SET @tipo = 'Parroquia';
SET @pertenece = (SELECT pkLugar FROM
	(SELECT id_lugar as pkLugar FROM arma_tu_fiesta.lugar WHERE tipo = 'Municipio' AND nombre = 'Libertador (Caracas)')
	as tablaLugar);
INSERT INTO arma_tu_fiesta.lugar (nombre, tipo, fk_pertenece) VALUES ('San José', @tipo, @pertenece);

SET @tipo = 'Parroquia';
SET @pertenece = (SELECT pkLugar FROM
	(SELECT id_lugar as pkLugar FROM arma_tu_fiesta.lugar WHERE tipo = 'Municipio' AND nombre = 'Libertador (Caracas)')
	as tablaLugar);
INSERT INTO arma_tu_fiesta.lugar (nombre, tipo, fk_pertenece) VALUES ('San Juan', @tipo, @pertenece);

SET @tipo = 'Parroquia';
SET @pertenece = (SELECT pkLugar FROM
	(SELECT id_lugar as pkLugar FROM arma_tu_fiesta.lugar WHERE tipo = 'Municipio' AND nombre = 'Libertador (Caracas)')
	as tablaLugar);
INSERT INTO arma_tu_fiesta.lugar (nombre, tipo, fk_pertenece) VALUES ('San Pedro', @tipo, @pertenece);

SET @tipo = 'Parroquia';
SET @pertenece = (SELECT pkLugar FROM
	(SELECT id_lugar as pkLugar FROM arma_tu_fiesta.lugar WHERE tipo = 'Municipio' AND nombre = 'Libertador (Caracas)')
	as tablaLugar);
INSERT INTO arma_tu_fiesta.lugar (nombre, tipo, fk_pertenece) VALUES ('Santa Rosalia', @tipo, @pertenece);

SET @tipo = 'Parroquia';
SET @pertenece = (SELECT pkLugar FROM
	(SELECT id_lugar as pkLugar FROM arma_tu_fiesta.lugar WHERE tipo = 'Municipio' AND nombre = 'Libertador (Caracas)')
	as tablaLugar);
INSERT INTO arma_tu_fiesta.lugar (nombre, tipo, fk_pertenece) VALUES ('Santa Teresa', @tipo, @pertenece);

SET @tipo = 'Parroquia';
SET @pertenece = (SELECT pkLugar FROM
	(SELECT id_lugar as pkLugar FROM arma_tu_fiesta.lugar WHERE tipo = 'Municipio' AND nombre = 'Libertador (Caracas)')
	as tablaLugar);
INSERT INTO arma_tu_fiesta.lugar (nombre, tipo, fk_pertenece) VALUES ('Sucre', @tipo, @pertenece);

SET @tipo = 'Estado';
SET @pertenece = (SELECT pkLugar FROM
	(SELECT id_lugar as pkLugar FROM arma_tu_fiesta.lugar WHERE tipo = 'Pais' AND nombre = 'Venezuela')
	as tablaLugar);
INSERT INTO arma_tu_fiesta.lugar (nombre, tipo, fk_pertenece) VALUES ('Falcón', @tipo, @pertenece);

SET @tipo = 'Municipio';
SET @pertenece = (SELECT pkLugar FROM
	(SELECT id_lugar as pkLugar FROM arma_tu_fiesta.lugar WHERE tipo = 'Estado' AND nombre = 'Falcón')
	as tablaLugar);
INSERT INTO arma_tu_fiesta.lugar (nombre, tipo, fk_pertenece) VALUES ('Acosta (San Juan de los Cayos)', @tipo, @pertenece);

SET @tipo = 'Parroquia';
SET @pertenece = (SELECT pkLugar FROM
	(SELECT id_lugar as pkLugar FROM arma_tu_fiesta.lugar WHERE tipo = 'Municipio' AND nombre = 'Acosta (San Juan de los Cayos)')
	as tablaLugar);
INSERT INTO arma_tu_fiesta.lugar (nombre, tipo, fk_pertenece) VALUES ('Capadare', @tipo, @pertenece);

SET @tipo = 'Parroquia';
SET @pertenece = (SELECT pkLugar FROM
	(SELECT id_lugar as pkLugar FROM arma_tu_fiesta.lugar WHERE tipo = 'Municipio' AND nombre = 'Acosta (San Juan de los Cayos)')
	as tablaLugar);
INSERT INTO arma_tu_fiesta.lugar (nombre, tipo, fk_pertenece) VALUES ('La Pastora', @tipo, @pertenece);

SET @tipo = 'Parroquia';
SET @pertenece = (SELECT pkLugar FROM
	(SELECT id_lugar as pkLugar FROM arma_tu_fiesta.lugar WHERE tipo = 'Municipio' AND nombre = 'Acosta (San Juan de los Cayos)')
	as tablaLugar);
INSERT INTO arma_tu_fiesta.lugar (nombre, tipo, fk_pertenece) VALUES ('Libertador', @tipo, @pertenece);

SET @tipo = 'Parroquia';
SET @pertenece = (SELECT pkLugar FROM
	(SELECT id_lugar as pkLugar FROM arma_tu_fiesta.lugar WHERE tipo = 'Municipio' AND nombre = 'Acosta (San Juan de los Cayos)')
	as tablaLugar);
INSERT INTO arma_tu_fiesta.lugar (nombre, tipo, fk_pertenece) VALUES ('San Juan de los Cayos', @tipo, @pertenece);

SET @tipo = 'Municipio';
SET @pertenece = (SELECT pkLugar FROM
	(SELECT id_lugar as pkLugar FROM arma_tu_fiesta.lugar WHERE tipo = 'Estado' AND nombre = 'Falcón')
	as tablaLugar);
INSERT INTO arma_tu_fiesta.lugar (nombre, tipo, fk_pertenece) VALUES ('Bolívar (San Luis)', @tipo, @pertenece);

SET @tipo = 'Parroquia';
SET @pertenece = (SELECT pkLugar FROM
	(SELECT id_lugar as pkLugar FROM arma_tu_fiesta.lugar WHERE tipo = 'Municipio' AND nombre = 'Bolívar (San Luis)')
	as tablaLugar);
INSERT INTO arma_tu_fiesta.lugar (nombre, tipo, fk_pertenece) VALUES ('Aracua', @tipo, @pertenece);

SET @tipo = 'Parroquia';
SET @pertenece = (SELECT pkLugar FROM
	(SELECT id_lugar as pkLugar FROM arma_tu_fiesta.lugar WHERE tipo = 'Municipio' AND nombre = 'Bolívar (San Luis)')
	as tablaLugar);
INSERT INTO arma_tu_fiesta.lugar (nombre, tipo, fk_pertenece) VALUES ('La Peña', @tipo, @pertenece);

SET @tipo = 'Parroquia';
SET @pertenece = (SELECT pkLugar FROM
	(SELECT id_lugar as pkLugar FROM arma_tu_fiesta.lugar WHERE tipo = 'Municipio' AND nombre = 'Bolívar (San Luis)')
	as tablaLugar);
INSERT INTO arma_tu_fiesta.lugar (nombre, tipo, fk_pertenece) VALUES ('San Luis', @tipo, @pertenece);

SET @tipo = 'Municipio';
SET @pertenece = (SELECT pkLugar FROM
	(SELECT id_lugar as pkLugar FROM arma_tu_fiesta.lugar WHERE tipo = 'Estado' AND nombre = 'Falcón')
	as tablaLugar);
INSERT INTO arma_tu_fiesta.lugar (nombre, tipo, fk_pertenece) VALUES ('Buchivacoa (Capatárida)', @tipo, @pertenece);

SET @tipo = 'Parroquia';
SET @pertenece = (SELECT pkLugar FROM
	(SELECT id_lugar as pkLugar FROM arma_tu_fiesta.lugar WHERE tipo = 'Municipio' AND nombre = 'Buchivacoa (Capatárida)')
	as tablaLugar);
INSERT INTO arma_tu_fiesta.lugar (nombre, tipo, fk_pertenece) VALUES ('Bariro', @tipo, @pertenece);

SET @tipo = 'Parroquia';
SET @pertenece = (SELECT pkLugar FROM
	(SELECT id_lugar as pkLugar FROM arma_tu_fiesta.lugar WHERE tipo = 'Municipio' AND nombre = 'Buchivacoa (Capatárida)')
	as tablaLugar);
INSERT INTO arma_tu_fiesta.lugar (nombre, tipo, fk_pertenece) VALUES ('Borojó', @tipo, @pertenece);

SET @tipo = 'Parroquia';
SET @pertenece = (SELECT pkLugar FROM
	(SELECT id_lugar as pkLugar FROM arma_tu_fiesta.lugar WHERE tipo = 'Municipio' AND nombre = 'Buchivacoa (Capatárida)')
	as tablaLugar);
INSERT INTO arma_tu_fiesta.lugar (nombre, tipo, fk_pertenece) VALUES ('Capatárida', @tipo, @pertenece);

SET @tipo = 'Parroquia';
SET @pertenece = (SELECT pkLugar FROM
	(SELECT id_lugar as pkLugar FROM arma_tu_fiesta.lugar WHERE tipo = 'Municipio' AND nombre = 'Buchivacoa (Capatárida)')
	as tablaLugar);
INSERT INTO arma_tu_fiesta.lugar (nombre, tipo, fk_pertenece) VALUES ('Guajiro', @tipo, @pertenece);

SET @tipo = 'Parroquia';
SET @pertenece = (SELECT pkLugar FROM
	(SELECT id_lugar as pkLugar FROM arma_tu_fiesta.lugar WHERE tipo = 'Municipio' AND nombre = 'Buchivacoa (Capatárida)')
	as tablaLugar);
INSERT INTO arma_tu_fiesta.lugar (nombre, tipo, fk_pertenece) VALUES ('Seque', @tipo, @pertenece);

SET @tipo = 'Parroquia';
SET @pertenece = (SELECT pkLugar FROM
	(SELECT id_lugar as pkLugar FROM arma_tu_fiesta.lugar WHERE tipo = 'Municipio' AND nombre = 'Buchivacoa (Capatárida)')
	as tablaLugar);
INSERT INTO arma_tu_fiesta.lugar (nombre, tipo, fk_pertenece) VALUES ('Valle de Eroa', @tipo, @pertenece);

SET @tipo = 'Parroquia';
SET @pertenece = (SELECT pkLugar FROM
	(SELECT id_lugar as pkLugar FROM arma_tu_fiesta.lugar WHERE tipo = 'Municipio' AND nombre = 'Buchivacoa (Capatárida)')
	as tablaLugar);
INSERT INTO arma_tu_fiesta.lugar (nombre, tipo, fk_pertenece) VALUES ('Zazárida', @tipo, @pertenece);

SET @tipo = 'Municipio';
SET @pertenece = (SELECT pkLugar FROM
	(SELECT id_lugar as pkLugar FROM arma_tu_fiesta.lugar WHERE tipo = 'Estado' AND nombre = 'Falcón')
	as tablaLugar);
INSERT INTO arma_tu_fiesta.lugar (nombre, tipo, fk_pertenece) VALUES ('Carirubana (Punto Fijo)', @tipo, @pertenece);

SET @tipo = 'Parroquia';
SET @pertenece = (SELECT pkLugar FROM
	(SELECT id_lugar as pkLugar FROM arma_tu_fiesta.lugar WHERE tipo = 'Municipio' AND nombre = 'Carirubana (Punto Fijo)')
	as tablaLugar);
INSERT INTO arma_tu_fiesta.lugar (nombre, tipo, fk_pertenece) VALUES ('Norte', @tipo, @pertenece);

SET @tipo = 'Parroquia';
SET @pertenece = (SELECT pkLugar FROM
	(SELECT id_lugar as pkLugar FROM arma_tu_fiesta.lugar WHERE tipo = 'Municipio' AND nombre = 'Carirubana (Punto Fijo)')
	as tablaLugar);
INSERT INTO arma_tu_fiesta.lugar (nombre, tipo, fk_pertenece) VALUES ('Carirubana', @tipo, @pertenece);

SET @tipo = 'Parroquia';
SET @pertenece = (SELECT pkLugar FROM
	(SELECT id_lugar as pkLugar FROM arma_tu_fiesta.lugar WHERE tipo = 'Municipio' AND nombre = 'Carirubana (Punto Fijo)')
	as tablaLugar);
INSERT INTO arma_tu_fiesta.lugar (nombre, tipo, fk_pertenece) VALUES ('Santa Ana', @tipo, @pertenece);

SET @tipo = 'Parroquia';
SET @pertenece = (SELECT pkLugar FROM
	(SELECT id_lugar as pkLugar FROM arma_tu_fiesta.lugar WHERE tipo = 'Municipio' AND nombre = 'Carirubana (Punto Fijo)')
	as tablaLugar);
INSERT INTO arma_tu_fiesta.lugar (nombre, tipo, fk_pertenece) VALUES ('Urbana Punta Cardón', @tipo, @pertenece);

SET @tipo = 'Municipio';
SET @pertenece = (SELECT pkLugar FROM
	(SELECT id_lugar as pkLugar FROM arma_tu_fiesta.lugar WHERE tipo = 'Estado' AND nombre = 'Falcón')
	as tablaLugar);
INSERT INTO arma_tu_fiesta.lugar (nombre, tipo, fk_pertenece) VALUES ('Colina (La Vela de Coro)', @tipo, @pertenece);

SET @tipo = 'Parroquia';
SET @pertenece = (SELECT pkLugar FROM
	(SELECT id_lugar as pkLugar FROM arma_tu_fiesta.lugar WHERE tipo = 'Municipio' AND nombre = 'Colina (La Vela de Coro)')
	as tablaLugar);
INSERT INTO arma_tu_fiesta.lugar (nombre, tipo, fk_pertenece) VALUES ('La Vela de Coro', @tipo, @pertenece);

SET @tipo = 'Parroquia';
SET @pertenece = (SELECT pkLugar FROM
	(SELECT id_lugar as pkLugar FROM arma_tu_fiesta.lugar WHERE tipo = 'Municipio' AND nombre = 'Colina (La Vela de Coro)')
	as tablaLugar);
INSERT INTO arma_tu_fiesta.lugar (nombre, tipo, fk_pertenece) VALUES ('Acurigua', @tipo, @pertenece);

SET @tipo = 'Parroquia';
SET @pertenece = (SELECT pkLugar FROM
	(SELECT id_lugar as pkLugar FROM arma_tu_fiesta.lugar WHERE tipo = 'Municipio' AND nombre = 'Colina (La Vela de Coro)')
	as tablaLugar);
INSERT INTO arma_tu_fiesta.lugar (nombre, tipo, fk_pertenece) VALUES ('Guaibacoa', @tipo, @pertenece);

SET @tipo = 'Parroquia';
SET @pertenece = (SELECT pkLugar FROM
	(SELECT id_lugar as pkLugar FROM arma_tu_fiesta.lugar WHERE tipo = 'Municipio' AND nombre = 'Colina (La Vela de Coro)')
	as tablaLugar);
INSERT INTO arma_tu_fiesta.lugar (nombre, tipo, fk_pertenece) VALUES ('Las Calderas', @tipo, @pertenece);

SET @tipo = 'Parroquia';
SET @pertenece = (SELECT pkLugar FROM
	(SELECT id_lugar as pkLugar FROM arma_tu_fiesta.lugar WHERE tipo = 'Municipio' AND nombre = 'Colina (La Vela de Coro)')
	as tablaLugar);
INSERT INTO arma_tu_fiesta.lugar (nombre, tipo, fk_pertenece) VALUES ('Mataruca', @tipo, @pertenece);

SET @tipo = 'Municipio';
SET @pertenece = (SELECT pkLugar FROM
	(SELECT id_lugar as pkLugar FROM arma_tu_fiesta.lugar WHERE tipo = 'Estado' AND nombre = 'Falcón')
	as tablaLugar);
INSERT INTO arma_tu_fiesta.lugar (nombre, tipo, fk_pertenece) VALUES ('Dabajuro (Dabajuro)', @tipo, @pertenece);

SET @tipo = 'Parroquia';
SET @pertenece = (SELECT pkLugar FROM
	(SELECT id_lugar as pkLugar FROM arma_tu_fiesta.lugar WHERE tipo = 'Municipio' AND nombre = 'Dabajuro (Dabajuro)')
	as tablaLugar);
INSERT INTO arma_tu_fiesta.lugar (nombre, tipo, fk_pertenece) VALUES ('Dabajuro', @tipo, @pertenece);

SET @tipo = 'Municipio';
SET @pertenece = (SELECT pkLugar FROM
	(SELECT id_lugar as pkLugar FROM arma_tu_fiesta.lugar WHERE tipo = 'Estado' AND nombre = 'Falcón')
	as tablaLugar);
INSERT INTO arma_tu_fiesta.lugar (nombre, tipo, fk_pertenece) VALUES ('Democracia (Pedregal)', @tipo, @pertenece);

SET @tipo = 'Parroquia';
SET @pertenece = (SELECT pkLugar FROM
	(SELECT id_lugar as pkLugar FROM arma_tu_fiesta.lugar WHERE tipo = 'Municipio' AND nombre = 'Democracia (Pedregal)')
	as tablaLugar);
INSERT INTO arma_tu_fiesta.lugar (nombre, tipo, fk_pertenece) VALUES ('Agua Clara', @tipo, @pertenece);

SET @tipo = 'Parroquia';
SET @pertenece = (SELECT pkLugar FROM
	(SELECT id_lugar as pkLugar FROM arma_tu_fiesta.lugar WHERE tipo = 'Municipio' AND nombre = 'Democracia (Pedregal)')
	as tablaLugar);
INSERT INTO arma_tu_fiesta.lugar (nombre, tipo, fk_pertenece) VALUES ('Avaria', @tipo, @pertenece);

SET @tipo = 'Parroquia';
SET @pertenece = (SELECT pkLugar FROM
	(SELECT id_lugar as pkLugar FROM arma_tu_fiesta.lugar WHERE tipo = 'Municipio' AND nombre = 'Democracia (Pedregal)')
	as tablaLugar);
INSERT INTO arma_tu_fiesta.lugar (nombre, tipo, fk_pertenece) VALUES ('Pedregal', @tipo, @pertenece);

SET @tipo = 'Parroquia';
SET @pertenece = (SELECT pkLugar FROM
	(SELECT id_lugar as pkLugar FROM arma_tu_fiesta.lugar WHERE tipo = 'Municipio' AND nombre = 'Democracia (Pedregal)')
	as tablaLugar);
INSERT INTO arma_tu_fiesta.lugar (nombre, tipo, fk_pertenece) VALUES ('Piedra Grande', @tipo, @pertenece);

SET @tipo = 'Parroquia';
SET @pertenece = (SELECT pkLugar FROM
	(SELECT id_lugar as pkLugar FROM arma_tu_fiesta.lugar WHERE tipo = 'Municipio' AND nombre = 'Democracia (Pedregal)')
	as tablaLugar);
INSERT INTO arma_tu_fiesta.lugar (nombre, tipo, fk_pertenece) VALUES ('Purureche', @tipo, @pertenece);

SET @tipo = 'Municipio';
SET @pertenece = (SELECT pkLugar FROM
	(SELECT id_lugar as pkLugar FROM arma_tu_fiesta.lugar WHERE tipo = 'Estado' AND nombre = 'Falcón')
	as tablaLugar);
INSERT INTO arma_tu_fiesta.lugar (nombre, tipo, fk_pertenece) VALUES ('Falcón (Pueblo Nuevo)', @tipo, @pertenece);

SET @tipo = 'Parroquia';
SET @pertenece = (SELECT pkLugar FROM
	(SELECT id_lugar as pkLugar FROM arma_tu_fiesta.lugar WHERE tipo = 'Municipio' AND nombre = 'Falcón (Pueblo Nuevo)')
	as tablaLugar);
INSERT INTO arma_tu_fiesta.lugar (nombre, tipo, fk_pertenece) VALUES ('Adaure', @tipo, @pertenece);

SET @tipo = 'Parroquia';
SET @pertenece = (SELECT pkLugar FROM
	(SELECT id_lugar as pkLugar FROM arma_tu_fiesta.lugar WHERE tipo = 'Municipio' AND nombre = 'Falcón (Pueblo Nuevo)')
	as tablaLugar);
INSERT INTO arma_tu_fiesta.lugar (nombre, tipo, fk_pertenece) VALUES ('Adícora', @tipo, @pertenece);

SET @tipo = 'Parroquia';
SET @pertenece = (SELECT pkLugar FROM
	(SELECT id_lugar as pkLugar FROM arma_tu_fiesta.lugar WHERE tipo = 'Municipio' AND nombre = 'Falcón (Pueblo Nuevo)')
	as tablaLugar);
INSERT INTO arma_tu_fiesta.lugar (nombre, tipo, fk_pertenece) VALUES ('Baraived', @tipo, @pertenece);

SET @tipo = 'Parroquia';
SET @pertenece = (SELECT pkLugar FROM
	(SELECT id_lugar as pkLugar FROM arma_tu_fiesta.lugar WHERE tipo = 'Municipio' AND nombre = 'Falcón (Pueblo Nuevo)')
	as tablaLugar);
INSERT INTO arma_tu_fiesta.lugar (nombre, tipo, fk_pertenece) VALUES ('Buena Vista', @tipo, @pertenece);

SET @tipo = 'Parroquia';
SET @pertenece = (SELECT pkLugar FROM
	(SELECT id_lugar as pkLugar FROM arma_tu_fiesta.lugar WHERE tipo = 'Municipio' AND nombre = 'Falcón (Pueblo Nuevo)')
	as tablaLugar);
INSERT INTO arma_tu_fiesta.lugar (nombre, tipo, fk_pertenece) VALUES ('Jadacaquiva', @tipo, @pertenece);

SET @tipo = 'Parroquia';
SET @pertenece = (SELECT pkLugar FROM
	(SELECT id_lugar as pkLugar FROM arma_tu_fiesta.lugar WHERE tipo = 'Municipio' AND nombre = 'Falcón (Pueblo Nuevo)')
	as tablaLugar);
INSERT INTO arma_tu_fiesta.lugar (nombre, tipo, fk_pertenece) VALUES ('El Vínculo', @tipo, @pertenece);

SET @tipo = 'Parroquia';
SET @pertenece = (SELECT pkLugar FROM
	(SELECT id_lugar as pkLugar FROM arma_tu_fiesta.lugar WHERE tipo = 'Municipio' AND nombre = 'Falcón (Pueblo Nuevo)')
	as tablaLugar);
INSERT INTO arma_tu_fiesta.lugar (nombre, tipo, fk_pertenece) VALUES ('El Hato', @tipo, @pertenece);

SET @tipo = 'Parroquia';
SET @pertenece = (SELECT pkLugar FROM
	(SELECT id_lugar as pkLugar FROM arma_tu_fiesta.lugar WHERE tipo = 'Municipio' AND nombre = 'Falcón (Pueblo Nuevo)')
	as tablaLugar);
INSERT INTO arma_tu_fiesta.lugar (nombre, tipo, fk_pertenece) VALUES ('Moruy', @tipo, @pertenece);

SET @tipo = 'Parroquia';
SET @pertenece = (SELECT pkLugar FROM
	(SELECT id_lugar as pkLugar FROM arma_tu_fiesta.lugar WHERE tipo = 'Municipio' AND nombre = 'Falcón (Pueblo Nuevo)')
	as tablaLugar);
INSERT INTO arma_tu_fiesta.lugar (nombre, tipo, fk_pertenece) VALUES ('Pueblo Nuevo', @tipo, @pertenece);

SET @tipo = 'Municipio';
SET @pertenece = (SELECT pkLugar FROM
	(SELECT id_lugar as pkLugar FROM arma_tu_fiesta.lugar WHERE tipo = 'Estado' AND nombre = 'Falcón')
	as tablaLugar);
INSERT INTO arma_tu_fiesta.lugar (nombre, tipo, fk_pertenece) VALUES ('Federación (Churuguara)', @tipo, @pertenece);

SET @tipo = 'Parroquia';
SET @pertenece = (SELECT pkLugar FROM
	(SELECT id_lugar as pkLugar FROM arma_tu_fiesta.lugar WHERE tipo = 'Municipio' AND nombre = 'Federación (Churuguara)')
	as tablaLugar);
INSERT INTO arma_tu_fiesta.lugar (nombre, tipo, fk_pertenece) VALUES ('Agua Larga', @tipo, @pertenece);

SET @tipo = 'Parroquia';
SET @pertenece = (SELECT pkLugar FROM
	(SELECT id_lugar as pkLugar FROM arma_tu_fiesta.lugar WHERE tipo = 'Municipio' AND nombre = 'Federación (Churuguara)')
	as tablaLugar);
INSERT INTO arma_tu_fiesta.lugar (nombre, tipo, fk_pertenece) VALUES ('Churuguara', @tipo, @pertenece);

SET @tipo = 'Parroquia';
SET @pertenece = (SELECT pkLugar FROM
	(SELECT id_lugar as pkLugar FROM arma_tu_fiesta.lugar WHERE tipo = 'Municipio' AND nombre = 'Federación (Churuguara)')
	as tablaLugar);
INSERT INTO arma_tu_fiesta.lugar (nombre, tipo, fk_pertenece) VALUES ('El Paují', @tipo, @pertenece);

SET @tipo = 'Parroquia';
SET @pertenece = (SELECT pkLugar FROM
	(SELECT id_lugar as pkLugar FROM arma_tu_fiesta.lugar WHERE tipo = 'Municipio' AND nombre = 'Federación (Churuguara)')
	as tablaLugar);
INSERT INTO arma_tu_fiesta.lugar (nombre, tipo, fk_pertenece) VALUES ('Independencia', @tipo, @pertenece);

SET @tipo = 'Parroquia';
SET @pertenece = (SELECT pkLugar FROM
	(SELECT id_lugar as pkLugar FROM arma_tu_fiesta.lugar WHERE tipo = 'Municipio' AND nombre = 'Federación (Churuguara)')
	as tablaLugar);
INSERT INTO arma_tu_fiesta.lugar (nombre, tipo, fk_pertenece) VALUES ('Mapararí', @tipo, @pertenece);

SET @tipo = 'Municipio';
SET @pertenece = (SELECT pkLugar FROM
	(SELECT id_lugar as pkLugar FROM arma_tu_fiesta.lugar WHERE tipo = 'Estado' AND nombre = 'Falcón')
	as tablaLugar);
INSERT INTO arma_tu_fiesta.lugar (nombre, tipo, fk_pertenece) VALUES ('Iturriza (Chichiriviche)', @tipo, @pertenece);

SET @tipo = 'Parroquia';
SET @pertenece = (SELECT pkLugar FROM
	(SELECT id_lugar as pkLugar FROM arma_tu_fiesta.lugar WHERE tipo = 'Municipio' AND nombre = 'Iturriza (Chichiriviche)')
	as tablaLugar);
INSERT INTO arma_tu_fiesta.lugar (nombre, tipo, fk_pertenece) VALUES ('Boca del Tocuyo', @tipo, @pertenece);

SET @tipo = 'Parroquia';
SET @pertenece = (SELECT pkLugar FROM
	(SELECT id_lugar as pkLugar FROM arma_tu_fiesta.lugar WHERE tipo = 'Municipio' AND nombre = 'Iturriza (Chichiriviche)')
	as tablaLugar);
INSERT INTO arma_tu_fiesta.lugar (nombre, tipo, fk_pertenece) VALUES ('Chichiriviche', @tipo, @pertenece);

SET @tipo = 'Parroquia';
SET @pertenece = (SELECT pkLugar FROM
	(SELECT id_lugar as pkLugar FROM arma_tu_fiesta.lugar WHERE tipo = 'Municipio' AND nombre = 'Iturriza (Chichiriviche)')
	as tablaLugar);
INSERT INTO arma_tu_fiesta.lugar (nombre, tipo, fk_pertenece) VALUES ('Tocuyo de la Costa', @tipo, @pertenece);

SET @tipo = 'Municipio';
SET @pertenece = (SELECT pkLugar FROM
	(SELECT id_lugar as pkLugar FROM arma_tu_fiesta.lugar WHERE tipo = 'Estado' AND nombre = 'Falcón')
	as tablaLugar);
INSERT INTO arma_tu_fiesta.lugar (nombre, tipo, fk_pertenece) VALUES ('Jacura (Jacura)', @tipo, @pertenece);

SET @tipo = 'Parroquia';
SET @pertenece = (SELECT pkLugar FROM
	(SELECT id_lugar as pkLugar FROM arma_tu_fiesta.lugar WHERE tipo = 'Municipio' AND nombre = 'Jacura (Jacura)')
	as tablaLugar);
INSERT INTO arma_tu_fiesta.lugar (nombre, tipo, fk_pertenece) VALUES ('Agua Linda', @tipo, @pertenece);

SET @tipo = 'Parroquia';
SET @pertenece = (SELECT pkLugar FROM
	(SELECT id_lugar as pkLugar FROM arma_tu_fiesta.lugar WHERE tipo = 'Municipio' AND nombre = 'Jacura (Jacura)')
	as tablaLugar);
INSERT INTO arma_tu_fiesta.lugar (nombre, tipo, fk_pertenece) VALUES ('Araurima', @tipo, @pertenece);

SET @tipo = 'Parroquia';
SET @pertenece = (SELECT pkLugar FROM
	(SELECT id_lugar as pkLugar FROM arma_tu_fiesta.lugar WHERE tipo = 'Municipio' AND nombre = 'Jacura (Jacura)')
	as tablaLugar);
INSERT INTO arma_tu_fiesta.lugar (nombre, tipo, fk_pertenece) VALUES ('Jacura', @tipo, @pertenece);

SET @tipo = 'Municipio';
SET @pertenece = (SELECT pkLugar FROM
	(SELECT id_lugar as pkLugar FROM arma_tu_fiesta.lugar WHERE tipo = 'Estado' AND nombre = 'Falcón')
	as tablaLugar);
INSERT INTO arma_tu_fiesta.lugar (nombre, tipo, fk_pertenece) VALUES ('Los Taques (Santa Cruz de Los Taques)', @tipo, @pertenece);

SET @tipo = 'Parroquia';
SET @pertenece = (SELECT pkLugar FROM
	(SELECT id_lugar as pkLugar FROM arma_tu_fiesta.lugar WHERE tipo = 'Municipio' AND nombre = 'Los Taques (Santa Cruz de Los Taques)')
	as tablaLugar);
INSERT INTO arma_tu_fiesta.lugar (nombre, tipo, fk_pertenece) VALUES ('Los Taques', @tipo, @pertenece);

SET @tipo = 'Parroquia';
SET @pertenece = (SELECT pkLugar FROM
	(SELECT id_lugar as pkLugar FROM arma_tu_fiesta.lugar WHERE tipo = 'Municipio' AND nombre = 'Los Taques (Santa Cruz de Los Taques)')
	as tablaLugar);
INSERT INTO arma_tu_fiesta.lugar (nombre, tipo, fk_pertenece) VALUES ('Judibana', @tipo, @pertenece);

SET @tipo = 'Municipio';
SET @pertenece = (SELECT pkLugar FROM
	(SELECT id_lugar as pkLugar FROM arma_tu_fiesta.lugar WHERE tipo = 'Estado' AND nombre = 'Falcón')
	as tablaLugar);
INSERT INTO arma_tu_fiesta.lugar (nombre, tipo, fk_pertenece) VALUES ('Manaure (Yaracal)', @tipo, @pertenece);

SET @tipo = 'Parroquia';
SET @pertenece = (SELECT pkLugar FROM
	(SELECT id_lugar as pkLugar FROM arma_tu_fiesta.lugar WHERE tipo = 'Municipio' AND nombre = 'Manaure (Yaracal)')
	as tablaLugar);
INSERT INTO arma_tu_fiesta.lugar (nombre, tipo, fk_pertenece) VALUES ('Cacique Manaure', @tipo, @pertenece);

SET @tipo = 'Municipio';
SET @pertenece = (SELECT pkLugar FROM
	(SELECT id_lugar as pkLugar FROM arma_tu_fiesta.lugar WHERE tipo = 'Estado' AND nombre = 'Falcón')
	as tablaLugar);
INSERT INTO arma_tu_fiesta.lugar (nombre, tipo, fk_pertenece) VALUES ('Mauroa (Mene de Mauroa)', @tipo, @pertenece);

SET @tipo = 'Parroquia';
SET @pertenece = (SELECT pkLugar FROM
	(SELECT id_lugar as pkLugar FROM arma_tu_fiesta.lugar WHERE tipo = 'Municipio' AND nombre = 'Mauroa (Mene de Mauroa)')
	as tablaLugar);
INSERT INTO arma_tu_fiesta.lugar (nombre, tipo, fk_pertenece) VALUES ('Mene de Mauroa', @tipo, @pertenece);

SET @tipo = 'Parroquia';
SET @pertenece = (SELECT pkLugar FROM
	(SELECT id_lugar as pkLugar FROM arma_tu_fiesta.lugar WHERE tipo = 'Municipio' AND nombre = 'Mauroa (Mene de Mauroa)')
	as tablaLugar);
INSERT INTO arma_tu_fiesta.lugar (nombre, tipo, fk_pertenece) VALUES ('San Félix', @tipo, @pertenece);

SET @tipo = 'Parroquia';
SET @pertenece = (SELECT pkLugar FROM
	(SELECT id_lugar as pkLugar FROM arma_tu_fiesta.lugar WHERE tipo = 'Municipio' AND nombre = 'Mauroa (Mene de Mauroa)')
	as tablaLugar);
INSERT INTO arma_tu_fiesta.lugar (nombre, tipo, fk_pertenece) VALUES ('Casigua', @tipo, @pertenece);

SET @tipo = 'Municipio';
SET @pertenece = (SELECT pkLugar FROM
	(SELECT id_lugar as pkLugar FROM arma_tu_fiesta.lugar WHERE tipo = 'Estado' AND nombre = 'Falcón')
	as tablaLugar);
INSERT INTO arma_tu_fiesta.lugar (nombre, tipo, fk_pertenece) VALUES ('Miranda (Santa Ana de Coro)', @tipo, @pertenece);

SET @tipo = 'Parroquia';
SET @pertenece = (SELECT pkLugar FROM
	(SELECT id_lugar as pkLugar FROM arma_tu_fiesta.lugar WHERE tipo = 'Municipio' AND nombre = 'Miranda (Santa Ana de Coro)')
	as tablaLugar);
INSERT INTO arma_tu_fiesta.lugar (nombre, tipo, fk_pertenece) VALUES ('Guzmán Guillermo', @tipo, @pertenece);

SET @tipo = 'Parroquia';
SET @pertenece = (SELECT pkLugar FROM
	(SELECT id_lugar as pkLugar FROM arma_tu_fiesta.lugar WHERE tipo = 'Municipio' AND nombre = 'Miranda (Santa Ana de Coro)')
	as tablaLugar);
INSERT INTO arma_tu_fiesta.lugar (nombre, tipo, fk_pertenece) VALUES ('Mitare', @tipo, @pertenece);

SET @tipo = 'Parroquia';
SET @pertenece = (SELECT pkLugar FROM
	(SELECT id_lugar as pkLugar FROM arma_tu_fiesta.lugar WHERE tipo = 'Municipio' AND nombre = 'Miranda (Santa Ana de Coro)')
	as tablaLugar);
INSERT INTO arma_tu_fiesta.lugar (nombre, tipo, fk_pertenece) VALUES ('Río Seco', @tipo, @pertenece);

SET @tipo = 'Parroquia';
SET @pertenece = (SELECT pkLugar FROM
	(SELECT id_lugar as pkLugar FROM arma_tu_fiesta.lugar WHERE tipo = 'Municipio' AND nombre = 'Miranda (Santa Ana de Coro)')
	as tablaLugar);
INSERT INTO arma_tu_fiesta.lugar (nombre, tipo, fk_pertenece) VALUES ('Sabaneta', @tipo, @pertenece);

SET @tipo = 'Parroquia';
SET @pertenece = (SELECT pkLugar FROM
	(SELECT id_lugar as pkLugar FROM arma_tu_fiesta.lugar WHERE tipo = 'Municipio' AND nombre = 'Miranda (Santa Ana de Coro)')
	as tablaLugar);
INSERT INTO arma_tu_fiesta.lugar (nombre, tipo, fk_pertenece) VALUES ('San Antonio', @tipo, @pertenece);

SET @tipo = 'Parroquia';
SET @pertenece = (SELECT pkLugar FROM
	(SELECT id_lugar as pkLugar FROM arma_tu_fiesta.lugar WHERE tipo = 'Municipio' AND nombre = 'Miranda (Santa Ana de Coro)')
	as tablaLugar);
INSERT INTO arma_tu_fiesta.lugar (nombre, tipo, fk_pertenece) VALUES ('San Gabriel', @tipo, @pertenece);

SET @tipo = 'Parroquia';
SET @pertenece = (SELECT pkLugar FROM
	(SELECT id_lugar as pkLugar FROM arma_tu_fiesta.lugar WHERE tipo = 'Municipio' AND nombre = 'Miranda (Santa Ana de Coro)')
	as tablaLugar);
INSERT INTO arma_tu_fiesta.lugar (nombre, tipo, fk_pertenece) VALUES ('Santa Ana', @tipo, @pertenece);

SET @tipo = 'Municipio';
SET @pertenece = (SELECT pkLugar FROM
	(SELECT id_lugar as pkLugar FROM arma_tu_fiesta.lugar WHERE tipo = 'Estado' AND nombre = 'Falcón')
	as tablaLugar);
INSERT INTO arma_tu_fiesta.lugar (nombre, tipo, fk_pertenece) VALUES ('Palmasola (Palmasola)', @tipo, @pertenece);

SET @tipo = 'Parroquia';
SET @pertenece = (SELECT pkLugar FROM
	(SELECT id_lugar as pkLugar FROM arma_tu_fiesta.lugar WHERE tipo = 'Municipio' AND nombre = 'Palmasola (Palmasola)')
	as tablaLugar);
INSERT INTO arma_tu_fiesta.lugar (nombre, tipo, fk_pertenece) VALUES ('Palmasola', @tipo, @pertenece);

SET @tipo = 'Municipio';
SET @pertenece = (SELECT pkLugar FROM
	(SELECT id_lugar as pkLugar FROM arma_tu_fiesta.lugar WHERE tipo = 'Estado' AND nombre = 'Falcón')
	as tablaLugar);
INSERT INTO arma_tu_fiesta.lugar (nombre, tipo, fk_pertenece) VALUES ('Petit (Cabure)', @tipo, @pertenece);

SET @tipo = 'Parroquia';
SET @pertenece = (SELECT pkLugar FROM
	(SELECT id_lugar as pkLugar FROM arma_tu_fiesta.lugar WHERE tipo = 'Municipio' AND nombre = 'Petit (Cabure)')
	as tablaLugar);
INSERT INTO arma_tu_fiesta.lugar (nombre, tipo, fk_pertenece) VALUES ('Cabure', @tipo, @pertenece);

SET @tipo = 'Parroquia';
SET @pertenece = (SELECT pkLugar FROM
	(SELECT id_lugar as pkLugar FROM arma_tu_fiesta.lugar WHERE tipo = 'Municipio' AND nombre = 'Petit (Cabure)')
	as tablaLugar);
INSERT INTO arma_tu_fiesta.lugar (nombre, tipo, fk_pertenece) VALUES ('Colina', @tipo, @pertenece);

SET @tipo = 'Parroquia';
SET @pertenece = (SELECT pkLugar FROM
	(SELECT id_lugar as pkLugar FROM arma_tu_fiesta.lugar WHERE tipo = 'Municipio' AND nombre = 'Petit (Cabure)')
	as tablaLugar);
INSERT INTO arma_tu_fiesta.lugar (nombre, tipo, fk_pertenece) VALUES ('Curimagua', @tipo, @pertenece);

SET @tipo = 'Municipio';
SET @pertenece = (SELECT pkLugar FROM
	(SELECT id_lugar as pkLugar FROM arma_tu_fiesta.lugar WHERE tipo = 'Estado' AND nombre = 'Falcón')
	as tablaLugar);
INSERT INTO arma_tu_fiesta.lugar (nombre, tipo, fk_pertenece) VALUES ('Píritu (Falcón) ', @tipo, @pertenece);

SET @tipo = 'Parroquia';
SET @pertenece = (SELECT pkLugar FROM
	(SELECT id_lugar as pkLugar FROM arma_tu_fiesta.lugar WHERE tipo = 'Municipio' AND nombre = 'Píritu (Falc)')
	as tablaLugar);
INSERT INTO arma_tu_fiesta.lugar (nombre, tipo, fk_pertenece) VALUES ('San José de la Costa', @tipo, @pertenece);

SET @tipo = 'Parroquia';
SET @pertenece = (SELECT pkLugar FROM
	(SELECT id_lugar as pkLugar FROM arma_tu_fiesta.lugar WHERE tipo = 'Municipio' AND nombre = 'Píritu (Falcón)')
	as tablaLugar);
INSERT INTO arma_tu_fiesta.lugar (nombre, tipo, fk_pertenece) VALUES ('Píritu', @tipo, @pertenece);

SET @tipo = 'Municipio';
SET @pertenece = (SELECT pkLugar FROM
	(SELECT id_lugar as pkLugar FROM arma_tu_fiesta.lugar WHERE tipo = 'Estado' AND nombre = 'Falcón')
	as tablaLugar);
INSERT INTO arma_tu_fiesta.lugar (nombre, tipo, fk_pertenece) VALUES ('San Francisco (Mirimire)', @tipo, @pertenece);

SET @tipo = 'Parroquia';
SET @pertenece = (SELECT pkLugar FROM
	(SELECT id_lugar as pkLugar FROM arma_tu_fiesta.lugar WHERE tipo = 'Municipio' AND nombre = 'San Francisco (Mirimire)')
	as tablaLugar);
INSERT INTO arma_tu_fiesta.lugar (nombre, tipo, fk_pertenece) VALUES ('Capital San Francisco Mirimire', @tipo, @pertenece);

SET @tipo = 'Municipio';
SET @pertenece = (SELECT pkLugar FROM
	(SELECT id_lugar as pkLugar FROM arma_tu_fiesta.lugar WHERE tipo = 'Estado' AND nombre = 'Falcón')
	as tablaLugar);
INSERT INTO arma_tu_fiesta.lugar (nombre, tipo, fk_pertenece) VALUES ('Sucre (La Cruz de Taratara)', @tipo, @pertenece);

SET @tipo = 'Parroquia';
SET @pertenece = (SELECT pkLugar FROM
	(SELECT id_lugar as pkLugar FROM arma_tu_fiesta.lugar WHERE tipo = 'Municipio' AND nombre = 'Sucre (La Cruz de Taratara)')
	as tablaLugar);
INSERT INTO arma_tu_fiesta.lugar (nombre, tipo, fk_pertenece) VALUES ('Sucre', @tipo, @pertenece);

SET @tipo = 'Parroquia';
SET @pertenece = (SELECT pkLugar FROM
	(SELECT id_lugar as pkLugar FROM arma_tu_fiesta.lugar WHERE tipo = 'Municipio' AND nombre = 'Sucre (La Cruz de Taratara)')
	as tablaLugar);
INSERT INTO arma_tu_fiesta.lugar (nombre, tipo, fk_pertenece) VALUES ('Pecaya', @tipo, @pertenece);

SET @tipo = 'Municipio';
SET @pertenece = (SELECT pkLugar FROM
	(SELECT id_lugar as pkLugar FROM arma_tu_fiesta.lugar WHERE tipo = 'Estado' AND nombre = 'Falcón')
	as tablaLugar);
INSERT INTO arma_tu_fiesta.lugar (nombre, tipo, fk_pertenece) VALUES ('Silva (Tucacas)', @tipo, @pertenece);

SET @tipo = 'Parroquia';
SET @pertenece = (SELECT pkLugar FROM
	(SELECT id_lugar as pkLugar FROM arma_tu_fiesta.lugar WHERE tipo = 'Municipio' AND nombre = 'Silva (Tucacas)')
	as tablaLugar);
INSERT INTO arma_tu_fiesta.lugar (nombre, tipo, fk_pertenece) VALUES ('Tucacas', @tipo, @pertenece);

SET @tipo = 'Parroquia';
SET @pertenece = (SELECT pkLugar FROM
	(SELECT id_lugar as pkLugar FROM arma_tu_fiesta.lugar WHERE tipo = 'Municipio' AND nombre = 'Silva (Tucacas)')
	as tablaLugar);
INSERT INTO arma_tu_fiesta.lugar (nombre, tipo, fk_pertenece) VALUES ('Boca de Aroa', @tipo, @pertenece);

SET @tipo = 'Municipio';
SET @pertenece = (SELECT pkLugar FROM
	(SELECT id_lugar as pkLugar FROM arma_tu_fiesta.lugar WHERE tipo = 'Estado' AND nombre = 'Falcón')
	as tablaLugar);
INSERT INTO arma_tu_fiesta.lugar (nombre, tipo, fk_pertenece) VALUES ('Tocópero (Tocópero)', @tipo, @pertenece);

SET @tipo = 'Parroquia';
SET @pertenece = (SELECT pkLugar FROM
	(SELECT id_lugar as pkLugar FROM arma_tu_fiesta.lugar WHERE tipo = 'Municipio' AND nombre = 'Tocópero (Tocópero)')
	as tablaLugar);
INSERT INTO arma_tu_fiesta.lugar (nombre, tipo, fk_pertenece) VALUES ('Tocópero', @tipo, @pertenece);

SET @tipo = 'Municipio';
SET @pertenece = (SELECT pkLugar FROM
	(SELECT id_lugar as pkLugar FROM arma_tu_fiesta.lugar WHERE tipo = 'Estado' AND nombre = 'Falcón')
	as tablaLugar);
INSERT INTO arma_tu_fiesta.lugar (nombre, tipo, fk_pertenece) VALUES ('Unión (Santa Cruz de Bucaral)', @tipo, @pertenece);

SET @tipo = 'Parroquia';
SET @pertenece = (SELECT pkLugar FROM
	(SELECT id_lugar as pkLugar FROM arma_tu_fiesta.lugar WHERE tipo = 'Municipio' AND nombre = 'Unión (Santa Cruz de Bucaral)')
	as tablaLugar);
INSERT INTO arma_tu_fiesta.lugar (nombre, tipo, fk_pertenece) VALUES ('El Charal', @tipo, @pertenece);

SET @tipo = 'Parroquia';
SET @pertenece = (SELECT pkLugar FROM
	(SELECT id_lugar as pkLugar FROM arma_tu_fiesta.lugar WHERE tipo = 'Municipio' AND nombre = 'Unión (Santa Cruz de Bucaral)')
	as tablaLugar);
INSERT INTO arma_tu_fiesta.lugar (nombre, tipo, fk_pertenece) VALUES ('Las Vegas del Tuy', @tipo, @pertenece);

SET @tipo = 'Parroquia';
SET @pertenece = (SELECT pkLugar FROM
	(SELECT id_lugar as pkLugar FROM arma_tu_fiesta.lugar WHERE tipo = 'Municipio' AND nombre = 'Unión (Santa Cruz de Bucaral)')
	as tablaLugar);
INSERT INTO arma_tu_fiesta.lugar (nombre, tipo, fk_pertenece) VALUES ('Santa Cruz de Bucaral', @tipo, @pertenece);

SET @tipo = 'Municipio';
SET @pertenece = (SELECT pkLugar FROM
	(SELECT id_lugar as pkLugar FROM arma_tu_fiesta.lugar WHERE tipo = 'Estado' AND nombre = 'Falcón')
	as tablaLugar);
INSERT INTO arma_tu_fiesta.lugar (nombre, tipo, fk_pertenece) VALUES ('Urumaco (Urumaco)', @tipo, @pertenece);

SET @tipo = 'Parroquia';
SET @pertenece = (SELECT pkLugar FROM
	(SELECT id_lugar as pkLugar FROM arma_tu_fiesta.lugar WHERE tipo = 'Municipio' AND nombre = 'Urumaco (Urumaco)')
	as tablaLugar);
INSERT INTO arma_tu_fiesta.lugar (nombre, tipo, fk_pertenece) VALUES ('Bruzual', @tipo, @pertenece);

SET @tipo = 'Parroquia';
SET @pertenece = (SELECT pkLugar FROM
	(SELECT id_lugar as pkLugar FROM arma_tu_fiesta.lugar WHERE tipo = 'Municipio' AND nombre = 'Urumaco (Urumaco)')
	as tablaLugar);
INSERT INTO arma_tu_fiesta.lugar (nombre, tipo, fk_pertenece) VALUES ('Urumaco', @tipo, @pertenece);

SET @tipo = 'Municipio';
SET @pertenece = (SELECT pkLugar FROM
	(SELECT id_lugar as pkLugar FROM arma_tu_fiesta.lugar WHERE tipo = 'Estado' AND nombre = 'Falcón')
	as tablaLugar);
INSERT INTO arma_tu_fiesta.lugar (nombre, tipo, fk_pertenece) VALUES ('Zamora (Puerto Cumarebo)', @tipo, @pertenece);

SET @tipo = 'Parroquia';
SET @pertenece = (SELECT pkLugar FROM
	(SELECT id_lugar as pkLugar FROM arma_tu_fiesta.lugar WHERE tipo = 'Municipio' AND nombre = 'Zamora (Puerto Cumarebo)')
	as tablaLugar);
INSERT INTO arma_tu_fiesta.lugar (nombre, tipo, fk_pertenece) VALUES ('Puerto Cumarebo', @tipo, @pertenece);

SET @tipo = 'Parroquia';
SET @pertenece = (SELECT pkLugar FROM
	(SELECT id_lugar as pkLugar FROM arma_tu_fiesta.lugar WHERE tipo = 'Municipio' AND nombre = 'Zamora (Puerto Cumarebo)')
	as tablaLugar);
INSERT INTO arma_tu_fiesta.lugar (nombre, tipo, fk_pertenece) VALUES ('La Ciénaga', @tipo, @pertenece);

SET @tipo = 'Parroquia';
SET @pertenece = (SELECT pkLugar FROM
	(SELECT id_lugar as pkLugar FROM arma_tu_fiesta.lugar WHERE tipo = 'Municipio' AND nombre = 'Zamora (Puerto Cumarebo)')
	as tablaLugar);
INSERT INTO arma_tu_fiesta.lugar (nombre, tipo, fk_pertenece) VALUES ('La Soledad', @tipo, @pertenece);

SET @tipo = 'Parroquia';
SET @pertenece = (SELECT pkLugar FROM
	(SELECT id_lugar as pkLugar FROM arma_tu_fiesta.lugar WHERE tipo = 'Municipio' AND nombre = 'Zamora (Puerto Cumarebo)')
	as tablaLugar);
INSERT INTO arma_tu_fiesta.lugar (nombre, tipo, fk_pertenece) VALUES ('Pueblo Cumarebo', @tipo, @pertenece);

SET @tipo = 'Parroquia';
SET @pertenece = (SELECT pkLugar FROM
	(SELECT id_lugar as pkLugar FROM arma_tu_fiesta.lugar WHERE tipo = 'Municipio' AND nombre = 'Zamora (Puerto Cumarebo)')
	as tablaLugar);
INSERT INTO arma_tu_fiesta.lugar (nombre, tipo, fk_pertenece) VALUES ('Zazárida', @tipo, @pertenece);

SET @tipo = 'Estado';
SET @pertenece = (SELECT pkLugar FROM
	(SELECT id_lugar as pkLugar FROM arma_tu_fiesta.lugar WHERE tipo = 'Pais' AND nombre = 'Venezuela')
	as tablaLugar);
INSERT INTO arma_tu_fiesta.lugar (nombre, tipo, fk_pertenece) VALUES ('Guárico', @tipo, @pertenece);

SET @tipo = 'Municipio';
SET @pertenece = (SELECT pkLugar FROM
	(SELECT id_lugar as pkLugar FROM arma_tu_fiesta.lugar WHERE tipo = 'Estado' AND nombre = 'Guárico')
	as tablaLugar);
INSERT INTO arma_tu_fiesta.lugar (nombre, tipo, fk_pertenece) VALUES ('Camaguán (Camaguán)', @tipo, @pertenece);

SET @tipo = 'Parroquia';
SET @pertenece = (SELECT pkLugar FROM
	(SELECT id_lugar as pkLugar FROM arma_tu_fiesta.lugar WHERE tipo = 'Municipio' AND nombre = 'Camaguán (Camaguán)')
	as tablaLugar);
INSERT INTO arma_tu_fiesta.lugar (nombre, tipo, fk_pertenece) VALUES ('Camaguán', @tipo, @pertenece);

SET @tipo = 'Parroquia';
SET @pertenece = (SELECT pkLugar FROM
	(SELECT id_lugar as pkLugar FROM arma_tu_fiesta.lugar WHERE tipo = 'Municipio' AND nombre = 'Camaguán (Camaguán)')
	as tablaLugar);
INSERT INTO arma_tu_fiesta.lugar (nombre, tipo, fk_pertenece) VALUES ('Puerto Miranda', @tipo, @pertenece);

SET @tipo = 'Parroquia';
SET @pertenece = (SELECT pkLugar FROM
	(SELECT id_lugar as pkLugar FROM arma_tu_fiesta.lugar WHERE tipo = 'Municipio' AND nombre = 'Camaguán (Camaguán)')
	as tablaLugar);
INSERT INTO arma_tu_fiesta.lugar (nombre, tipo, fk_pertenece) VALUES ('Uverito', @tipo, @pertenece);

SET @tipo = 'Municipio';
SET @pertenece = (SELECT pkLugar FROM
	(SELECT id_lugar as pkLugar FROM arma_tu_fiesta.lugar WHERE tipo = 'Estado' AND nombre = 'Guárico')
	as tablaLugar);
INSERT INTO arma_tu_fiesta.lugar (nombre, tipo, fk_pertenece) VALUES ('Chaguaramas (Chaguaramas)', @tipo, @pertenece);

SET @tipo = 'Parroquia';
SET @pertenece = (SELECT pkLugar FROM
	(SELECT id_lugar as pkLugar FROM arma_tu_fiesta.lugar WHERE tipo = 'Municipio' AND nombre = 'Chaguaramas (Chaguaramas)')
	as tablaLugar);
INSERT INTO arma_tu_fiesta.lugar (nombre, tipo, fk_pertenece) VALUES ('Chaguaramas', @tipo, @pertenece);

SET @tipo = 'Municipio';
SET @pertenece = (SELECT pkLugar FROM
	(SELECT id_lugar as pkLugar FROM arma_tu_fiesta.lugar WHERE tipo = 'Estado' AND nombre = 'Guárico')
	as tablaLugar);
INSERT INTO arma_tu_fiesta.lugar (nombre, tipo, fk_pertenece) VALUES ('El Socorro (El Socorro)', @tipo, @pertenece);

SET @tipo = 'Parroquia';
SET @pertenece = (SELECT pkLugar FROM
	(SELECT id_lugar as pkLugar FROM arma_tu_fiesta.lugar WHERE tipo = 'Municipio' AND nombre = 'El Socorro (El Socorro)')
	as tablaLugar);
INSERT INTO arma_tu_fiesta.lugar (nombre, tipo, fk_pertenece) VALUES ('El Socorro', @tipo, @pertenece);

SET @tipo = 'Municipio';
SET @pertenece = (SELECT pkLugar FROM
	(SELECT id_lugar as pkLugar FROM arma_tu_fiesta.lugar WHERE tipo = 'Estado' AND nombre = 'Guárico')
	as tablaLugar);
INSERT INTO arma_tu_fiesta.lugar (nombre, tipo, fk_pertenece) VALUES ('Las Mercedes (Las Mercedes)', @tipo, @pertenece);

SET @tipo = 'Parroquia';
SET @pertenece = (SELECT pkLugar FROM
	(SELECT id_lugar as pkLugar FROM arma_tu_fiesta.lugar WHERE tipo = 'Municipio' AND nombre = 'Las Mercedes (Las Mercedes)')
	as tablaLugar);
INSERT INTO arma_tu_fiesta.lugar (nombre, tipo, fk_pertenece) VALUES ('Las Mercedes', @tipo, @pertenece);

SET @tipo = 'Parroquia';
SET @pertenece = (SELECT pkLugar FROM
	(SELECT id_lugar as pkLugar FROM arma_tu_fiesta.lugar WHERE tipo = 'Municipio' AND nombre = 'Las Mercedes (Las Mercedes)')
	as tablaLugar);
INSERT INTO arma_tu_fiesta.lugar (nombre, tipo, fk_pertenece) VALUES ('Cabruta', @tipo, @pertenece);

SET @tipo = 'Parroquia';
SET @pertenece = (SELECT pkLugar FROM
	(SELECT id_lugar as pkLugar FROM arma_tu_fiesta.lugar WHERE tipo = 'Municipio' AND nombre = 'Las Mercedes (Las Mercedes)')
	as tablaLugar);
INSERT INTO arma_tu_fiesta.lugar (nombre, tipo, fk_pertenece) VALUES ('Santa Rita de Manapire', @tipo, @pertenece);

SET @tipo = 'Municipio';
SET @pertenece = (SELECT pkLugar FROM
	(SELECT id_lugar as pkLugar FROM arma_tu_fiesta.lugar WHERE tipo = 'Estado' AND nombre = 'Guárico')
	as tablaLugar);
INSERT INTO arma_tu_fiesta.lugar (nombre, tipo, fk_pertenece) VALUES ('Leonardo Infante (Valle de La Pascua)', @tipo, @pertenece);

SET @tipo = 'Parroquia';
SET @pertenece = (SELECT pkLugar FROM
	(SELECT id_lugar as pkLugar FROM arma_tu_fiesta.lugar WHERE tipo = 'Municipio' AND nombre = 'Leonardo Infante (Valle de La Pascua)')
	as tablaLugar);
INSERT INTO arma_tu_fiesta.lugar (nombre, tipo, fk_pertenece) VALUES ('Valle de la Pascua', @tipo, @pertenece);

SET @tipo = 'Parroquia';
SET @pertenece = (SELECT pkLugar FROM
	(SELECT id_lugar as pkLugar FROM arma_tu_fiesta.lugar WHERE tipo = 'Municipio' AND nombre = 'Leonardo Infante (Valle de La Pascua)')
	as tablaLugar);
INSERT INTO arma_tu_fiesta.lugar (nombre, tipo, fk_pertenece) VALUES ('Espino', @tipo, @pertenece);

SET @tipo = 'Municipio';
SET @pertenece = (SELECT pkLugar FROM
	(SELECT id_lugar as pkLugar FROM arma_tu_fiesta.lugar WHERE tipo = 'Estado' AND nombre = 'Guárico')
	as tablaLugar);
INSERT INTO arma_tu_fiesta.lugar (nombre, tipo, fk_pertenece) VALUES ('Julián Mellado (El Sombrero)', @tipo, @pertenece);

SET @tipo = 'Parroquia';
SET @pertenece = (SELECT pkLugar FROM
	(SELECT id_lugar as pkLugar FROM arma_tu_fiesta.lugar WHERE tipo = 'Municipio' AND nombre = 'Julián Mellado (El Sombrero)')
	as tablaLugar);
INSERT INTO arma_tu_fiesta.lugar (nombre, tipo, fk_pertenece) VALUES ('El Sombrero', @tipo, @pertenece);

SET @tipo = 'Parroquia';
SET @pertenece = (SELECT pkLugar FROM
	(SELECT id_lugar as pkLugar FROM arma_tu_fiesta.lugar WHERE tipo = 'Municipio' AND nombre = 'Julián Mellado (El Sombrero)')
	as tablaLugar);
INSERT INTO arma_tu_fiesta.lugar (nombre, tipo, fk_pertenece) VALUES ('Sosa', @tipo, @pertenece);

SET @tipo = 'Municipio';
SET @pertenece = (SELECT pkLugar FROM
	(SELECT id_lugar as pkLugar FROM arma_tu_fiesta.lugar WHERE tipo = 'Estado' AND nombre = 'Guárico')
	as tablaLugar);
INSERT INTO arma_tu_fiesta.lugar (nombre, tipo, fk_pertenece) VALUES ('Francisco de Miranda (Calabozo)', @tipo, @pertenece);

SET @tipo = 'Parroquia';
SET @pertenece = (SELECT pkLugar FROM
	(SELECT id_lugar as pkLugar FROM arma_tu_fiesta.lugar WHERE tipo = 'Municipio' AND nombre = 'Francisco de Miranda (Calabozo)')
	as tablaLugar);
INSERT INTO arma_tu_fiesta.lugar (nombre, tipo, fk_pertenece) VALUES ('El Calvario', @tipo, @pertenece);

SET @tipo = 'Parroquia';
SET @pertenece = (SELECT pkLugar FROM
	(SELECT id_lugar as pkLugar FROM arma_tu_fiesta.lugar WHERE tipo = 'Municipio' AND nombre = 'Francisco de Miranda (Calabozo)')
	as tablaLugar);
INSERT INTO arma_tu_fiesta.lugar (nombre, tipo, fk_pertenece) VALUES ('El Rastro', @tipo, @pertenece);

SET @tipo = 'Parroquia';
SET @pertenece = (SELECT pkLugar FROM
	(SELECT id_lugar as pkLugar FROM arma_tu_fiesta.lugar WHERE tipo = 'Municipio' AND nombre = 'Francisco de Miranda (Calabozo)')
	as tablaLugar);
INSERT INTO arma_tu_fiesta.lugar (nombre, tipo, fk_pertenece) VALUES ('Guardatinajas', @tipo, @pertenece);

SET @tipo = 'Parroquia';
SET @pertenece = (SELECT pkLugar FROM
	(SELECT id_lugar as pkLugar FROM arma_tu_fiesta.lugar WHERE tipo = 'Municipio' AND nombre = 'Francisco de Miranda (Calabozo)')
	as tablaLugar);
INSERT INTO arma_tu_fiesta.lugar (nombre, tipo, fk_pertenece) VALUES ('Capital Urbana Calabozo', @tipo, @pertenece);

SET @tipo = 'Municipio';
SET @pertenece = (SELECT pkLugar FROM
	(SELECT id_lugar as pkLugar FROM arma_tu_fiesta.lugar WHERE tipo = 'Estado' AND nombre = 'Guárico')
	as tablaLugar);
INSERT INTO arma_tu_fiesta.lugar (nombre, tipo, fk_pertenece) VALUES ('Monagas (Altagracia de Orituco)', @tipo, @pertenece);

SET @tipo = 'Parroquia';
SET @pertenece = (SELECT pkLugar FROM
	(SELECT id_lugar as pkLugar FROM arma_tu_fiesta.lugar WHERE tipo = 'Municipio' AND nombre = 'Monagas (Altagracia de Orituco)')
	as tablaLugar);
INSERT INTO arma_tu_fiesta.lugar (nombre, tipo, fk_pertenece) VALUES ('Altagracia de Orituco', @tipo, @pertenece);

SET @tipo = 'Parroquia';
SET @pertenece = (SELECT pkLugar FROM
	(SELECT id_lugar as pkLugar FROM arma_tu_fiesta.lugar WHERE tipo = 'Municipio' AND nombre = 'Monagas (Altagracia de Orituco)')
	as tablaLugar);
INSERT INTO arma_tu_fiesta.lugar (nombre, tipo, fk_pertenece) VALUES ('San Rafael de Orituco', @tipo, @pertenece);

SET @tipo = 'Parroquia';
SET @pertenece = (SELECT pkLugar FROM
	(SELECT id_lugar as pkLugar FROM arma_tu_fiesta.lugar WHERE tipo = 'Municipio' AND nombre = 'Monagas (Altagracia de Orituco)')
	as tablaLugar);
INSERT INTO arma_tu_fiesta.lugar (nombre, tipo, fk_pertenece) VALUES ('San Francisco Javier de Lezama', @tipo, @pertenece);

SET @tipo = 'Parroquia';
SET @pertenece = (SELECT pkLugar FROM
	(SELECT id_lugar as pkLugar FROM arma_tu_fiesta.lugar WHERE tipo = 'Municipio' AND nombre = 'Monagas (Altagracia de Orituco)')
	as tablaLugar);
INSERT INTO arma_tu_fiesta.lugar (nombre, tipo, fk_pertenece) VALUES ('Paso Real de Macaira', @tipo, @pertenece);

SET @tipo = 'Parroquia';
SET @pertenece = (SELECT pkLugar FROM
	(SELECT id_lugar as pkLugar FROM arma_tu_fiesta.lugar WHERE tipo = 'Municipio' AND nombre = 'Monagas (Altagracia de Orituco)')
	as tablaLugar);
INSERT INTO arma_tu_fiesta.lugar (nombre, tipo, fk_pertenece) VALUES ('Carlos Soublette', @tipo, @pertenece);

SET @tipo = 'Parroquia';
SET @pertenece = (SELECT pkLugar FROM
	(SELECT id_lugar as pkLugar FROM arma_tu_fiesta.lugar WHERE tipo = 'Municipio' AND nombre = 'Monagas (Altagracia de Orituco)')
	as tablaLugar);
INSERT INTO arma_tu_fiesta.lugar (nombre, tipo, fk_pertenece) VALUES ('San Francisco de Macaira', @tipo, @pertenece);

SET @tipo = 'Parroquia';
SET @pertenece = (SELECT pkLugar FROM
	(SELECT id_lugar as pkLugar FROM arma_tu_fiesta.lugar WHERE tipo = 'Municipio' AND nombre = 'Monagas (Altagracia de Orituco)')
	as tablaLugar);
INSERT INTO arma_tu_fiesta.lugar (nombre, tipo, fk_pertenece) VALUES ('Libertad de Orituco', @tipo, @pertenece);

SET @tipo = 'Municipio';
SET @pertenece = (SELECT pkLugar FROM
	(SELECT id_lugar as pkLugar FROM arma_tu_fiesta.lugar WHERE tipo = 'Estado' AND nombre = 'Guárico')
	as tablaLugar);
INSERT INTO arma_tu_fiesta.lugar (nombre, tipo, fk_pertenece) VALUES ('Ortiz (Ortiz)', @tipo, @pertenece);

SET @tipo = 'Parroquia';
SET @pertenece = (SELECT pkLugar FROM
	(SELECT id_lugar as pkLugar FROM arma_tu_fiesta.lugar WHERE tipo = 'Municipio' AND nombre = 'Ortiz (Ortiz)')
	as tablaLugar);
INSERT INTO arma_tu_fiesta.lugar (nombre, tipo, fk_pertenece) VALUES ('San José de Tiznados', @tipo, @pertenece);

SET @tipo = 'Parroquia';
SET @pertenece = (SELECT pkLugar FROM
	(SELECT id_lugar as pkLugar FROM arma_tu_fiesta.lugar WHERE tipo = 'Municipio' AND nombre = 'Ortiz (Ortiz)')
	as tablaLugar);
INSERT INTO arma_tu_fiesta.lugar (nombre, tipo, fk_pertenece) VALUES ('San Francisco de Tiznados', @tipo, @pertenece);

SET @tipo = 'Parroquia';
SET @pertenece = (SELECT pkLugar FROM
	(SELECT id_lugar as pkLugar FROM arma_tu_fiesta.lugar WHERE tipo = 'Municipio' AND nombre = 'Ortiz (Ortiz)')
	as tablaLugar);
INSERT INTO arma_tu_fiesta.lugar (nombre, tipo, fk_pertenece) VALUES ('San Lorenzo de Tiznados', @tipo, @pertenece);

SET @tipo = 'Parroquia';
SET @pertenece = (SELECT pkLugar FROM
	(SELECT id_lugar as pkLugar FROM arma_tu_fiesta.lugar WHERE tipo = 'Municipio' AND nombre = 'Ortiz (Ortiz)')
	as tablaLugar);
INSERT INTO arma_tu_fiesta.lugar (nombre, tipo, fk_pertenece) VALUES ('Ortiz', @tipo, @pertenece);

SET @tipo = 'Municipio';
SET @pertenece = (SELECT pkLugar FROM
	(SELECT id_lugar as pkLugar FROM arma_tu_fiesta.lugar WHERE tipo = 'Estado' AND nombre = 'Guárico')
	as tablaLugar);
INSERT INTO arma_tu_fiesta.lugar (nombre, tipo, fk_pertenece) VALUES ('Ribas (Tucupido)', @tipo, @pertenece);

SET @tipo = 'Parroquia';
SET @pertenece = (SELECT pkLugar FROM
	(SELECT id_lugar as pkLugar FROM arma_tu_fiesta.lugar WHERE tipo = 'Municipio' AND nombre = 'Ribas (Tucupido)')
	as tablaLugar);
INSERT INTO arma_tu_fiesta.lugar (nombre, tipo, fk_pertenece) VALUES ('Tucupido', @tipo, @pertenece);

SET @tipo = 'Parroquia';
SET @pertenece = (SELECT pkLugar FROM
	(SELECT id_lugar as pkLugar FROM arma_tu_fiesta.lugar WHERE tipo = 'Municipio' AND nombre = 'Ribas (Tucupido)')
	as tablaLugar);
INSERT INTO arma_tu_fiesta.lugar (nombre, tipo, fk_pertenece) VALUES ('San Rafael de Laya', @tipo, @pertenece);

SET @tipo = 'Municipio';
SET @pertenece = (SELECT pkLugar FROM
	(SELECT id_lugar as pkLugar FROM arma_tu_fiesta.lugar WHERE tipo = 'Estado' AND nombre = 'Guárico')
	as tablaLugar);
INSERT INTO arma_tu_fiesta.lugar (nombre, tipo, fk_pertenece) VALUES ('Roscio (San Juan de Los Morros)', @tipo, @pertenece);

SET @tipo = 'Parroquia';
SET @pertenece = (SELECT pkLugar FROM
	(SELECT id_lugar as pkLugar FROM arma_tu_fiesta.lugar WHERE tipo = 'Municipio' AND nombre = 'Roscio (San Juan de Los Morros)')
	as tablaLugar);
INSERT INTO arma_tu_fiesta.lugar (nombre, tipo, fk_pertenece) VALUES ('Cantagallo', @tipo, @pertenece);

SET @tipo = 'Parroquia';
SET @pertenece = (SELECT pkLugar FROM
	(SELECT id_lugar as pkLugar FROM arma_tu_fiesta.lugar WHERE tipo = 'Municipio' AND nombre = 'Roscio (San Juan de Los Morros)')
	as tablaLugar);
INSERT INTO arma_tu_fiesta.lugar (nombre, tipo, fk_pertenece) VALUES ('San Juan de Los Morros', @tipo, @pertenece);

SET @tipo = 'Parroquia';
SET @pertenece = (SELECT pkLugar FROM
	(SELECT id_lugar as pkLugar FROM arma_tu_fiesta.lugar WHERE tipo = 'Municipio' AND nombre = 'Roscio (San Juan de Los Morros)')
	as tablaLugar);
INSERT INTO arma_tu_fiesta.lugar (nombre, tipo, fk_pertenece) VALUES ('Parapara', @tipo, @pertenece);

SET @tipo = 'Municipio';
SET @pertenece = (SELECT pkLugar FROM
	(SELECT id_lugar as pkLugar FROM arma_tu_fiesta.lugar WHERE tipo = 'Estado' AND nombre = 'Guárico')
	as tablaLugar);
INSERT INTO arma_tu_fiesta.lugar (nombre, tipo, fk_pertenece) VALUES ('San Gerónimo de Guayabal (Guayabal)', @tipo, @pertenece);

SET @tipo = 'Parroquia';
SET @pertenece = (SELECT pkLugar FROM
	(SELECT id_lugar as pkLugar FROM arma_tu_fiesta.lugar WHERE tipo = 'Municipio' AND nombre = 'San Gerónimo de Guayabal (Guayabal)')
	as tablaLugar);
INSERT INTO arma_tu_fiesta.lugar (nombre, tipo, fk_pertenece) VALUES ('Guayabal', @tipo, @pertenece);

SET @tipo = 'Parroquia';
SET @pertenece = (SELECT pkLugar FROM
	(SELECT id_lugar as pkLugar FROM arma_tu_fiesta.lugar WHERE tipo = 'Municipio' AND nombre = 'San Gerónimo de Guayabal (Guayabal)')
	as tablaLugar);
INSERT INTO arma_tu_fiesta.lugar (nombre, tipo, fk_pertenece) VALUES ('Cazorla', @tipo, @pertenece);

SET @tipo = 'Municipio';
SET @pertenece = (SELECT pkLugar FROM
	(SELECT id_lugar as pkLugar FROM arma_tu_fiesta.lugar WHERE tipo = 'Estado' AND nombre = 'Guárico')
	as tablaLugar);
INSERT INTO arma_tu_fiesta.lugar (nombre, tipo, fk_pertenece) VALUES ('San José de Guaribe (San José de Guaribe)', @tipo, @pertenece);

SET @tipo = 'Parroquia';
SET @pertenece = (SELECT pkLugar FROM
	(SELECT id_lugar as pkLugar FROM arma_tu_fiesta.lugar WHERE tipo = 'Municipio' AND nombre = 'San José de Guaribe (San José de Guaribe)')
	as tablaLugar);
INSERT INTO arma_tu_fiesta.lugar (nombre, tipo, fk_pertenece) VALUES ('San José de Guaribe', @tipo, @pertenece);

SET @tipo = 'Municipio';
SET @pertenece = (SELECT pkLugar FROM
	(SELECT id_lugar as pkLugar FROM arma_tu_fiesta.lugar WHERE tipo = 'Estado' AND nombre = 'Guárico')
	as tablaLugar);
INSERT INTO arma_tu_fiesta.lugar (nombre, tipo, fk_pertenece) VALUES ('Santa María de Ipire (Santa María de Ipire)', @tipo, @pertenece);

SET @tipo = 'Parroquia';
SET @pertenece = (SELECT pkLugar FROM
	(SELECT id_lugar as pkLugar FROM arma_tu_fiesta.lugar WHERE tipo = 'Municipio' AND nombre = 'Santa María de Ipire (Santa María de Ipire)')
	as tablaLugar);
INSERT INTO arma_tu_fiesta.lugar (nombre, tipo, fk_pertenece) VALUES ('Santa María de Ipire', @tipo, @pertenece);

SET @tipo = 'Parroquia';
SET @pertenece = (SELECT pkLugar FROM
	(SELECT id_lugar as pkLugar FROM arma_tu_fiesta.lugar WHERE tipo = 'Municipio' AND nombre = 'Santa María de Ipire (Santa María de Ipire)')
	as tablaLugar);
INSERT INTO arma_tu_fiesta.lugar (nombre, tipo, fk_pertenece) VALUES ('Altamira', @tipo, @pertenece);

SET @tipo = 'Municipio';
SET @pertenece = (SELECT pkLugar FROM
	(SELECT id_lugar as pkLugar FROM arma_tu_fiesta.lugar WHERE tipo = 'Estado' AND nombre = 'Guárico')
	as tablaLugar);
INSERT INTO arma_tu_fiesta.lugar (nombre, tipo, fk_pertenece) VALUES ('Zaraza (Zaraza)', @tipo, @pertenece);

SET @tipo = 'Parroquia';
SET @pertenece = (SELECT pkLugar FROM
	(SELECT id_lugar as pkLugar FROM arma_tu_fiesta.lugar WHERE tipo = 'Municipio' AND nombre = 'Zaraza (Zaraza)')
	as tablaLugar);
INSERT INTO arma_tu_fiesta.lugar (nombre, tipo, fk_pertenece) VALUES ('San José de Unare', @tipo, @pertenece);

SET @tipo = 'Parroquia';
SET @pertenece = (SELECT pkLugar FROM
	(SELECT id_lugar as pkLugar FROM arma_tu_fiesta.lugar WHERE tipo = 'Municipio' AND nombre = 'Zaraza (Zaraza)')
	as tablaLugar);
INSERT INTO arma_tu_fiesta.lugar (nombre, tipo, fk_pertenece) VALUES ('Zaraza', @tipo, @pertenece);

SET @tipo = 'Estado';
SET @pertenece = (SELECT pkLugar FROM
	(SELECT id_lugar as pkLugar FROM arma_tu_fiesta.lugar WHERE tipo = 'Pais' AND nombre = 'Venezuela')
	as tablaLugar);
INSERT INTO arma_tu_fiesta.lugar (nombre, tipo, fk_pertenece) VALUES ('La Guaira', @tipo, @pertenece);

SET @tipo = 'Municipio';
SET @pertenece = (SELECT pkLugar FROM
	(SELECT id_lugar as pkLugar FROM arma_tu_fiesta.lugar WHERE tipo = 'Estado' AND nombre = 'La Guaira')
	as tablaLugar);
INSERT INTO arma_tu_fiesta.lugar (nombre, tipo, fk_pertenece) VALUES ('Vargas (La Guaira)', @tipo, @pertenece);

SET @tipo = 'Parroquia';
SET @pertenece = (SELECT pkLugar FROM
	(SELECT id_lugar as pkLugar FROM arma_tu_fiesta.lugar WHERE tipo = 'Municipio' AND nombre = 'Vargas (La Guaira)')
	as tablaLugar);
INSERT INTO arma_tu_fiesta.lugar (nombre, tipo, fk_pertenece) VALUES ('Caraballeda', @tipo, @pertenece);

SET @tipo = 'Parroquia';
SET @pertenece = (SELECT pkLugar FROM
	(SELECT id_lugar as pkLugar FROM arma_tu_fiesta.lugar WHERE tipo = 'Municipio' AND nombre = 'Vargas (La Guaira)')
	as tablaLugar);
INSERT INTO arma_tu_fiesta.lugar (nombre, tipo, fk_pertenece) VALUES ('Carayaca', @tipo, @pertenece);

SET @tipo = 'Parroquia';
SET @pertenece = (SELECT pkLugar FROM
	(SELECT id_lugar as pkLugar FROM arma_tu_fiesta.lugar WHERE tipo = 'Municipio' AND nombre = 'Vargas (La Guaira)')
	as tablaLugar);
INSERT INTO arma_tu_fiesta.lugar (nombre, tipo, fk_pertenece) VALUES ('Carlos Soublette', @tipo, @pertenece);

SET @tipo = 'Parroquia';
SET @pertenece = (SELECT pkLugar FROM
	(SELECT id_lugar as pkLugar FROM arma_tu_fiesta.lugar WHERE tipo = 'Municipio' AND nombre = 'Vargas (La Guaira)')
	as tablaLugar);
INSERT INTO arma_tu_fiesta.lugar (nombre, tipo, fk_pertenece) VALUES ('Caruao', @tipo, @pertenece);

SET @tipo = 'Parroquia';
SET @pertenece = (SELECT pkLugar FROM
	(SELECT id_lugar as pkLugar FROM arma_tu_fiesta.lugar WHERE tipo = 'Municipio' AND nombre = 'Vargas (La Guaira)')
	as tablaLugar);
INSERT INTO arma_tu_fiesta.lugar (nombre, tipo, fk_pertenece) VALUES ('Catia La Mar', @tipo, @pertenece);

SET @tipo = 'Parroquia';
SET @pertenece = (SELECT pkLugar FROM
	(SELECT id_lugar as pkLugar FROM arma_tu_fiesta.lugar WHERE tipo = 'Municipio' AND nombre = 'Vargas (La Guaira)')
	as tablaLugar);
INSERT INTO arma_tu_fiesta.lugar (nombre, tipo, fk_pertenece) VALUES ('El Junko', @tipo, @pertenece);

SET @tipo = 'Parroquia';
SET @pertenece = (SELECT pkLugar FROM
	(SELECT id_lugar as pkLugar FROM arma_tu_fiesta.lugar WHERE tipo = 'Municipio' AND nombre = 'Vargas (La Guaira)')
	as tablaLugar);
INSERT INTO arma_tu_fiesta.lugar (nombre, tipo, fk_pertenece) VALUES ('La Guaira', @tipo, @pertenece);

SET @tipo = 'Parroquia';
SET @pertenece = (SELECT pkLugar FROM
	(SELECT id_lugar as pkLugar FROM arma_tu_fiesta.lugar WHERE tipo = 'Municipio' AND nombre = 'Vargas (La Guaira)')
	as tablaLugar);
INSERT INTO arma_tu_fiesta.lugar (nombre, tipo, fk_pertenece) VALUES ('Macuto', @tipo, @pertenece);

SET @tipo = 'Parroquia';
SET @pertenece = (SELECT pkLugar FROM
	(SELECT id_lugar as pkLugar FROM arma_tu_fiesta.lugar WHERE tipo = 'Municipio' AND nombre = 'Vargas (La Guaira)')
	as tablaLugar);
INSERT INTO arma_tu_fiesta.lugar (nombre, tipo, fk_pertenece) VALUES ('Maiquetía', @tipo, @pertenece);

SET @tipo = 'Parroquia';
SET @pertenece = (SELECT pkLugar FROM
	(SELECT id_lugar as pkLugar FROM arma_tu_fiesta.lugar WHERE tipo = 'Municipio' AND nombre = 'Vargas (La Guaira)')
	as tablaLugar);
INSERT INTO arma_tu_fiesta.lugar (nombre, tipo, fk_pertenece) VALUES ('Naiguatá', @tipo, @pertenece);

SET @tipo = 'Parroquia';
SET @pertenece = (SELECT pkLugar FROM
	(SELECT id_lugar as pkLugar FROM arma_tu_fiesta.lugar WHERE tipo = 'Municipio' AND nombre = 'Vargas (La Guaira)')
	as tablaLugar);
INSERT INTO arma_tu_fiesta.lugar (nombre, tipo, fk_pertenece) VALUES ('Urimare', @tipo, @pertenece);

SET @tipo = 'Estado';
SET @pertenece = (SELECT pkLugar FROM
	(SELECT id_lugar as pkLugar FROM arma_tu_fiesta.lugar WHERE tipo = 'Pais' AND nombre = 'Venezuela')
	as tablaLugar);
INSERT INTO arma_tu_fiesta.lugar (nombre, tipo, fk_pertenece) VALUES ('Lara', @tipo, @pertenece);

SET @tipo = 'Municipio';
SET @pertenece = (SELECT pkLugar FROM
	(SELECT id_lugar as pkLugar FROM arma_tu_fiesta.lugar WHERE tipo = 'Estado' AND nombre = 'Lara')
	as tablaLugar);
INSERT INTO arma_tu_fiesta.lugar (nombre, tipo, fk_pertenece) VALUES ('Blanco (Sanare)', @tipo, @pertenece);

SET @tipo = 'Parroquia';
SET @pertenece = (SELECT pkLugar FROM
	(SELECT id_lugar as pkLugar FROM arma_tu_fiesta.lugar WHERE tipo = 'Municipio' AND nombre = 'Blanco (Sanare)')
	as tablaLugar);
INSERT INTO arma_tu_fiesta.lugar (nombre, tipo, fk_pertenece) VALUES ('Quebrada Honda de Guache', @tipo, @pertenece);

SET @tipo = 'Parroquia';
SET @pertenece = (SELECT pkLugar FROM
	(SELECT id_lugar as pkLugar FROM arma_tu_fiesta.lugar WHERE tipo = 'Municipio' AND nombre = 'Blanco (Sanare)')
	as tablaLugar);
INSERT INTO arma_tu_fiesta.lugar (nombre, tipo, fk_pertenece) VALUES ('Pio Tamayo', @tipo, @pertenece);

SET @tipo = 'Parroquia';
SET @pertenece = (SELECT pkLugar FROM
	(SELECT id_lugar as pkLugar FROM arma_tu_fiesta.lugar WHERE tipo = 'Municipio' AND nombre = 'Blanco (Sanare)')
	as tablaLugar);
INSERT INTO arma_tu_fiesta.lugar (nombre, tipo, fk_pertenece) VALUES ('Yacambú', @tipo, @pertenece);

SET @tipo = 'Municipio';
SET @pertenece = (SELECT pkLugar FROM
	(SELECT id_lugar as pkLugar FROM arma_tu_fiesta.lugar WHERE tipo = 'Estado' AND nombre = 'Lara')
	as tablaLugar);
INSERT INTO arma_tu_fiesta.lugar (nombre, tipo, fk_pertenece) VALUES ('Crespo (Duaca)', @tipo, @pertenece);

SET @tipo = 'Parroquia';
SET @pertenece = (SELECT pkLugar FROM
	(SELECT id_lugar as pkLugar FROM arma_tu_fiesta.lugar WHERE tipo = 'Municipio' AND nombre = 'Crespo (Duaca)')
	as tablaLugar);
INSERT INTO arma_tu_fiesta.lugar (nombre, tipo, fk_pertenece) VALUES ('Freitez', @tipo, @pertenece);

SET @tipo = 'Parroquia';
SET @pertenece = (SELECT pkLugar FROM
	(SELECT id_lugar as pkLugar FROM arma_tu_fiesta.lugar WHERE tipo = 'Municipio' AND nombre = 'Crespo (Duaca)')
	as tablaLugar);
INSERT INTO arma_tu_fiesta.lugar (nombre, tipo, fk_pertenece) VALUES ('José María Blanco', @tipo, @pertenece);

SET @tipo = 'Municipio';
SET @pertenece = (SELECT pkLugar FROM
	(SELECT id_lugar as pkLugar FROM arma_tu_fiesta.lugar WHERE tipo = 'Estado' AND nombre = 'Lara')
	as tablaLugar);
INSERT INTO arma_tu_fiesta.lugar (nombre, tipo, fk_pertenece) VALUES ('Iribarren (Barquisimeto)', @tipo, @pertenece);

SET @tipo = 'Parroquia';
SET @pertenece = (SELECT pkLugar FROM
	(SELECT id_lugar as pkLugar FROM arma_tu_fiesta.lugar WHERE tipo = 'Municipio' AND nombre = 'Iribarren (Barquisimeto)')
	as tablaLugar);
INSERT INTO arma_tu_fiesta.lugar (nombre, tipo, fk_pertenece) VALUES ('Aguedo Felipe Alvarado', @tipo, @pertenece);

SET @tipo = 'Parroquia';
SET @pertenece = (SELECT pkLugar FROM
	(SELECT id_lugar as pkLugar FROM arma_tu_fiesta.lugar WHERE tipo = 'Municipio' AND nombre = 'Iribarren (Barquisimeto)')
	as tablaLugar);
INSERT INTO arma_tu_fiesta.lugar (nombre, tipo, fk_pertenece) VALUES ('Buena Vista', @tipo, @pertenece);

SET @tipo = 'Parroquia';
SET @pertenece = (SELECT pkLugar FROM
	(SELECT id_lugar as pkLugar FROM arma_tu_fiesta.lugar WHERE tipo = 'Municipio' AND nombre = 'Iribarren (Barquisimeto)')
	as tablaLugar);
INSERT INTO arma_tu_fiesta.lugar (nombre, tipo, fk_pertenece) VALUES ('Catedral', @tipo, @pertenece);

SET @tipo = 'Parroquia';
SET @pertenece = (SELECT pkLugar FROM
	(SELECT id_lugar as pkLugar FROM arma_tu_fiesta.lugar WHERE tipo = 'Municipio' AND nombre = 'Iribarren (Barquisimeto)')
	as tablaLugar);
INSERT INTO arma_tu_fiesta.lugar (nombre, tipo, fk_pertenece) VALUES ('Concepción', @tipo, @pertenece);

SET @tipo = 'Parroquia';
SET @pertenece = (SELECT pkLugar FROM
	(SELECT id_lugar as pkLugar FROM arma_tu_fiesta.lugar WHERE tipo = 'Municipio' AND nombre = 'Iribarren (Barquisimeto)')
	as tablaLugar);
INSERT INTO arma_tu_fiesta.lugar (nombre, tipo, fk_pertenece) VALUES ('El Cují', @tipo, @pertenece);

SET @tipo = 'Parroquia';
SET @pertenece = (SELECT pkLugar FROM
	(SELECT id_lugar as pkLugar FROM arma_tu_fiesta.lugar WHERE tipo = 'Municipio' AND nombre = 'Iribarren (Barquisimeto)')
	as tablaLugar);
INSERT INTO arma_tu_fiesta.lugar (nombre, tipo, fk_pertenece) VALUES ('Juárez', @tipo, @pertenece);

SET @tipo = 'Parroquia';
SET @pertenece = (SELECT pkLugar FROM
	(SELECT id_lugar as pkLugar FROM arma_tu_fiesta.lugar WHERE tipo = 'Municipio' AND nombre = 'Iribarren (Barquisimeto)')
	as tablaLugar);
INSERT INTO arma_tu_fiesta.lugar (nombre, tipo, fk_pertenece) VALUES ('Ana Soto (Antigua Juan de Villegas)', @tipo, @pertenece);

SET @tipo = 'Parroquia';
SET @pertenece = (SELECT pkLugar FROM
	(SELECT id_lugar as pkLugar FROM arma_tu_fiesta.lugar WHERE tipo = 'Municipio' AND nombre = 'Iribarren (Barquisimeto)')
	as tablaLugar);
INSERT INTO arma_tu_fiesta.lugar (nombre, tipo, fk_pertenece) VALUES ('Santa Rosa', @tipo, @pertenece);

SET @tipo = 'Parroquia';
SET @pertenece = (SELECT pkLugar FROM
	(SELECT id_lugar as pkLugar FROM arma_tu_fiesta.lugar WHERE tipo = 'Municipio' AND nombre = 'Iribarren (Barquisimeto)')
	as tablaLugar);
INSERT INTO arma_tu_fiesta.lugar (nombre, tipo, fk_pertenece) VALUES ('Tamaca', @tipo, @pertenece);

SET @tipo = 'Parroquia';
SET @pertenece = (SELECT pkLugar FROM
	(SELECT id_lugar as pkLugar FROM arma_tu_fiesta.lugar WHERE tipo = 'Municipio' AND nombre = 'Iribarren (Barquisimeto)')
	as tablaLugar);
INSERT INTO arma_tu_fiesta.lugar (nombre, tipo, fk_pertenece) VALUES ('Unión', @tipo, @pertenece);

SET @tipo = 'Municipio';
SET @pertenece = (SELECT pkLugar FROM
	(SELECT id_lugar as pkLugar FROM arma_tu_fiesta.lugar WHERE tipo = 'Estado' AND nombre = 'Lara')
	as tablaLugar);
INSERT INTO arma_tu_fiesta.lugar (nombre, tipo, fk_pertenece) VALUES ('Jiménez (Quibor)', @tipo, @pertenece);

SET @tipo = 'Parroquia';
SET @pertenece = (SELECT pkLugar FROM
	(SELECT id_lugar as pkLugar FROM arma_tu_fiesta.lugar WHERE tipo = 'Municipio' AND nombre = 'Jiménez (Quibor)')
	as tablaLugar);
INSERT INTO arma_tu_fiesta.lugar (nombre, tipo, fk_pertenece) VALUES ('Juan Bautista Rodríguez', @tipo, @pertenece);

SET @tipo = 'Parroquia';
SET @pertenece = (SELECT pkLugar FROM
	(SELECT id_lugar as pkLugar FROM arma_tu_fiesta.lugar WHERE tipo = 'Municipio' AND nombre = 'Jiménez (Quibor)')
	as tablaLugar);
INSERT INTO arma_tu_fiesta.lugar (nombre, tipo, fk_pertenece) VALUES ('Cuara', @tipo, @pertenece);

SET @tipo = 'Parroquia';
SET @pertenece = (SELECT pkLugar FROM
	(SELECT id_lugar as pkLugar FROM arma_tu_fiesta.lugar WHERE tipo = 'Municipio' AND nombre = 'Jiménez (Quibor)')
	as tablaLugar);
INSERT INTO arma_tu_fiesta.lugar (nombre, tipo, fk_pertenece) VALUES ('Diego de Lozada', @tipo, @pertenece);

SET @tipo = 'Parroquia';
SET @pertenece = (SELECT pkLugar FROM
	(SELECT id_lugar as pkLugar FROM arma_tu_fiesta.lugar WHERE tipo = 'Municipio' AND nombre = 'Jiménez (Quibor)')
	as tablaLugar);
INSERT INTO arma_tu_fiesta.lugar (nombre, tipo, fk_pertenece) VALUES ('Paraíso de San José', @tipo, @pertenece);

SET @tipo = 'Parroquia';
SET @pertenece = (SELECT pkLugar FROM
	(SELECT id_lugar as pkLugar FROM arma_tu_fiesta.lugar WHERE tipo = 'Municipio' AND nombre = 'Jiménez (Quibor)')
	as tablaLugar);
INSERT INTO arma_tu_fiesta.lugar (nombre, tipo, fk_pertenece) VALUES ('San Miguel', @tipo, @pertenece);

SET @tipo = 'Parroquia';
SET @pertenece = (SELECT pkLugar FROM
	(SELECT id_lugar as pkLugar FROM arma_tu_fiesta.lugar WHERE tipo = 'Municipio' AND nombre = 'Jiménez (Quibor)')
	as tablaLugar);
INSERT INTO arma_tu_fiesta.lugar (nombre, tipo, fk_pertenece) VALUES ('Tintorero', @tipo, @pertenece);

SET @tipo = 'Parroquia';
SET @pertenece = (SELECT pkLugar FROM
	(SELECT id_lugar as pkLugar FROM arma_tu_fiesta.lugar WHERE tipo = 'Municipio' AND nombre = 'Jiménez (Quibor)')
	as tablaLugar);
INSERT INTO arma_tu_fiesta.lugar (nombre, tipo, fk_pertenece) VALUES ('José Bernardo Dorante', @tipo, @pertenece);

SET @tipo = 'Parroquia';
SET @pertenece = (SELECT pkLugar FROM
	(SELECT id_lugar as pkLugar FROM arma_tu_fiesta.lugar WHERE tipo = 'Municipio' AND nombre = 'Jiménez (Quibor)')
	as tablaLugar);
INSERT INTO arma_tu_fiesta.lugar (nombre, tipo, fk_pertenece) VALUES ('Coronel Mariano Peraza', @tipo, @pertenece);

SET @tipo = 'Municipio';
SET @pertenece = (SELECT pkLugar FROM
	(SELECT id_lugar as pkLugar FROM arma_tu_fiesta.lugar WHERE tipo = 'Estado' AND nombre = 'Lara')
	as tablaLugar);
INSERT INTO arma_tu_fiesta.lugar (nombre, tipo, fk_pertenece) VALUES ('Morán (El Tocuyo)', @tipo, @pertenece);

SET @tipo = 'Parroquia';
SET @pertenece = (SELECT pkLugar FROM
	(SELECT id_lugar as pkLugar FROM arma_tu_fiesta.lugar WHERE tipo = 'Municipio' AND nombre = 'Morán (El Tocuyo)')
	as tablaLugar);
INSERT INTO arma_tu_fiesta.lugar (nombre, tipo, fk_pertenece) VALUES ('Anzoátegui', @tipo, @pertenece);

SET @tipo = 'Parroquia';
SET @pertenece = (SELECT pkLugar FROM
	(SELECT id_lugar as pkLugar FROM arma_tu_fiesta.lugar WHERE tipo = 'Municipio' AND nombre = 'Morán (El Tocuyo)')
	as tablaLugar);
INSERT INTO arma_tu_fiesta.lugar (nombre, tipo, fk_pertenece) VALUES ('Bolívar', @tipo, @pertenece);

SET @tipo = 'Parroquia';
SET @pertenece = (SELECT pkLugar FROM
	(SELECT id_lugar as pkLugar FROM arma_tu_fiesta.lugar WHERE tipo = 'Municipio' AND nombre = 'Morán (El Tocuyo)')
	as tablaLugar);
INSERT INTO arma_tu_fiesta.lugar (nombre, tipo, fk_pertenece) VALUES ('Guárico', @tipo, @pertenece);

SET @tipo = 'Parroquia';
SET @pertenece = (SELECT pkLugar FROM
	(SELECT id_lugar as pkLugar FROM arma_tu_fiesta.lugar WHERE tipo = 'Municipio' AND nombre = 'Morán (El Tocuyo)')
	as tablaLugar);
INSERT INTO arma_tu_fiesta.lugar (nombre, tipo, fk_pertenece) VALUES ('Hilario Luna y Luna', @tipo, @pertenece);

SET @tipo = 'Parroquia';
SET @pertenece = (SELECT pkLugar FROM
	(SELECT id_lugar as pkLugar FROM arma_tu_fiesta.lugar WHERE tipo = 'Municipio' AND nombre = 'Morán (El Tocuyo)')
	as tablaLugar);
INSERT INTO arma_tu_fiesta.lugar (nombre, tipo, fk_pertenece) VALUES ('Humocaro Bajo', @tipo, @pertenece);

SET @tipo = 'Parroquia';
SET @pertenece = (SELECT pkLugar FROM
	(SELECT id_lugar as pkLugar FROM arma_tu_fiesta.lugar WHERE tipo = 'Municipio' AND nombre = 'Morán (El Tocuyo)')
	as tablaLugar);
INSERT INTO arma_tu_fiesta.lugar (nombre, tipo, fk_pertenece) VALUES ('Humocaro Alto', @tipo, @pertenece);

SET @tipo = 'Parroquia';
SET @pertenece = (SELECT pkLugar FROM
	(SELECT id_lugar as pkLugar FROM arma_tu_fiesta.lugar WHERE tipo = 'Municipio' AND nombre = 'Morán (El Tocuyo)')
	as tablaLugar);
INSERT INTO arma_tu_fiesta.lugar (nombre, tipo, fk_pertenece) VALUES ('La Candelaria', @tipo, @pertenece);

SET @tipo = 'Parroquia';
SET @pertenece = (SELECT pkLugar FROM
	(SELECT id_lugar as pkLugar FROM arma_tu_fiesta.lugar WHERE tipo = 'Municipio' AND nombre = 'Morán (El Tocuyo)')
	as tablaLugar);
INSERT INTO arma_tu_fiesta.lugar (nombre, tipo, fk_pertenece) VALUES ('Morán', @tipo, @pertenece);

SET @tipo = 'Municipio';
SET @pertenece = (SELECT pkLugar FROM
	(SELECT id_lugar as pkLugar FROM arma_tu_fiesta.lugar WHERE tipo = 'Estado' AND nombre = 'Lara')
	as tablaLugar);
INSERT INTO arma_tu_fiesta.lugar (nombre, tipo, fk_pertenece) VALUES ('Palavecino (Cabudare)', @tipo, @pertenece);

SET @tipo = 'Parroquia';
SET @pertenece = (SELECT pkLugar FROM
	(SELECT id_lugar as pkLugar FROM arma_tu_fiesta.lugar WHERE tipo = 'Municipio' AND nombre = 'Palavecino (Cabudare)')
	as tablaLugar);
INSERT INTO arma_tu_fiesta.lugar (nombre, tipo, fk_pertenece) VALUES ('Cabudare', @tipo, @pertenece);

SET @tipo = 'Parroquia';
SET @pertenece = (SELECT pkLugar FROM
	(SELECT id_lugar as pkLugar FROM arma_tu_fiesta.lugar WHERE tipo = 'Municipio' AND nombre = 'Palavecino (Cabudare)')
	as tablaLugar);
INSERT INTO arma_tu_fiesta.lugar (nombre, tipo, fk_pertenece) VALUES ('José Gregorio Bastidas', @tipo, @pertenece);

SET @tipo = 'Parroquia';
SET @pertenece = (SELECT pkLugar FROM
	(SELECT id_lugar as pkLugar FROM arma_tu_fiesta.lugar WHERE tipo = 'Municipio' AND nombre = 'Palavecino (Cabudare)')
	as tablaLugar);
INSERT INTO arma_tu_fiesta.lugar (nombre, tipo, fk_pertenece) VALUES ('Agua Viva', @tipo, @pertenece);

SET @tipo = 'Municipio';
SET @pertenece = (SELECT pkLugar FROM
	(SELECT id_lugar as pkLugar FROM arma_tu_fiesta.lugar WHERE tipo = 'Estado' AND nombre = 'Lara')
	as tablaLugar);
INSERT INTO arma_tu_fiesta.lugar (nombre, tipo, fk_pertenece) VALUES ('Planas (Sarare)', @tipo, @pertenece);

SET @tipo = 'Parroquia';
SET @pertenece = (SELECT pkLugar FROM
	(SELECT id_lugar as pkLugar FROM arma_tu_fiesta.lugar WHERE tipo = 'Municipio' AND nombre = 'Planas (Sarare)')
	as tablaLugar);
INSERT INTO arma_tu_fiesta.lugar (nombre, tipo, fk_pertenece) VALUES ('Buría', @tipo, @pertenece);

SET @tipo = 'Parroquia';
SET @pertenece = (SELECT pkLugar FROM
	(SELECT id_lugar as pkLugar FROM arma_tu_fiesta.lugar WHERE tipo = 'Municipio' AND nombre = 'Planas (Sarare)')
	as tablaLugar);
INSERT INTO arma_tu_fiesta.lugar (nombre, tipo, fk_pertenece) VALUES ('Gustavo Vega', @tipo, @pertenece);

SET @tipo = 'Parroquia';
SET @pertenece = (SELECT pkLugar FROM
	(SELECT id_lugar as pkLugar FROM arma_tu_fiesta.lugar WHERE tipo = 'Municipio' AND nombre = 'Planas (Sarare)')
	as tablaLugar);
INSERT INTO arma_tu_fiesta.lugar (nombre, tipo, fk_pertenece) VALUES ('Sarare', @tipo, @pertenece);

SET @tipo = 'Municipio';
SET @pertenece = (SELECT pkLugar FROM
	(SELECT id_lugar as pkLugar FROM arma_tu_fiesta.lugar WHERE tipo = 'Estado' AND nombre = 'Lara')
	as tablaLugar);
INSERT INTO arma_tu_fiesta.lugar (nombre, tipo, fk_pertenece) VALUES ('Torres (Carora)', @tipo, @pertenece);

SET @tipo = 'Parroquia';
SET @pertenece = (SELECT pkLugar FROM
	(SELECT id_lugar as pkLugar FROM arma_tu_fiesta.lugar WHERE tipo = 'Municipio' AND nombre = 'Torres (Carora)')
	as tablaLugar);
INSERT INTO arma_tu_fiesta.lugar (nombre, tipo, fk_pertenece) VALUES ('Altagracia', @tipo, @pertenece);

SET @tipo = 'Parroquia';
SET @pertenece = (SELECT pkLugar FROM
	(SELECT id_lugar as pkLugar FROM arma_tu_fiesta.lugar WHERE tipo = 'Municipio' AND nombre = 'Torres (Carora)')
	as tablaLugar);
INSERT INTO arma_tu_fiesta.lugar (nombre, tipo, fk_pertenece) VALUES ('Antonio Díaz', @tipo, @pertenece);

SET @tipo = 'Parroquia';
SET @pertenece = (SELECT pkLugar FROM
	(SELECT id_lugar as pkLugar FROM arma_tu_fiesta.lugar WHERE tipo = 'Municipio' AND nombre = 'Torres (Carora)')
	as tablaLugar);
INSERT INTO arma_tu_fiesta.lugar (nombre, tipo, fk_pertenece) VALUES ('Camacaro', @tipo, @pertenece);

SET @tipo = 'Parroquia';
SET @pertenece = (SELECT pkLugar FROM
	(SELECT id_lugar as pkLugar FROM arma_tu_fiesta.lugar WHERE tipo = 'Municipio' AND nombre = 'Torres (Carora)')
	as tablaLugar);
INSERT INTO arma_tu_fiesta.lugar (nombre, tipo, fk_pertenece) VALUES ('Castañeda', @tipo, @pertenece);

SET @tipo = 'Parroquia';
SET @pertenece = (SELECT pkLugar FROM
	(SELECT id_lugar as pkLugar FROM arma_tu_fiesta.lugar WHERE tipo = 'Municipio' AND nombre = 'Torres (Carora)')
	as tablaLugar);
INSERT INTO arma_tu_fiesta.lugar (nombre, tipo, fk_pertenece) VALUES ('Cecilio Zubillaga', @tipo, @pertenece);

SET @tipo = 'Parroquia';
SET @pertenece = (SELECT pkLugar FROM
	(SELECT id_lugar as pkLugar FROM arma_tu_fiesta.lugar WHERE tipo = 'Municipio' AND nombre = 'Torres (Carora)')
	as tablaLugar);
INSERT INTO arma_tu_fiesta.lugar (nombre, tipo, fk_pertenece) VALUES ('Chiquinquira', @tipo, @pertenece);

SET @tipo = 'Parroquia';
SET @pertenece = (SELECT pkLugar FROM
	(SELECT id_lugar as pkLugar FROM arma_tu_fiesta.lugar WHERE tipo = 'Municipio' AND nombre = 'Torres (Carora)')
	as tablaLugar);
INSERT INTO arma_tu_fiesta.lugar (nombre, tipo, fk_pertenece) VALUES ('El Blanco', @tipo, @pertenece);

SET @tipo = 'Parroquia';
SET @pertenece = (SELECT pkLugar FROM
	(SELECT id_lugar as pkLugar FROM arma_tu_fiesta.lugar WHERE tipo = 'Municipio' AND nombre = 'Torres (Carora)')
	as tablaLugar);
INSERT INTO arma_tu_fiesta.lugar (nombre, tipo, fk_pertenece) VALUES ('Espinoza de los Monteros', @tipo, @pertenece);

SET @tipo = 'Parroquia';
SET @pertenece = (SELECT pkLugar FROM
	(SELECT id_lugar as pkLugar FROM arma_tu_fiesta.lugar WHERE tipo = 'Municipio' AND nombre = 'Torres (Carora)')
	as tablaLugar);
INSERT INTO arma_tu_fiesta.lugar (nombre, tipo, fk_pertenece) VALUES ('Heriberto Arrollo', @tipo, @pertenece);

SET @tipo = 'Parroquia';
SET @pertenece = (SELECT pkLugar FROM
	(SELECT id_lugar as pkLugar FROM arma_tu_fiesta.lugar WHERE tipo = 'Municipio' AND nombre = 'Torres (Carora)')
	as tablaLugar);
INSERT INTO arma_tu_fiesta.lugar (nombre, tipo, fk_pertenece) VALUES ('Lara', @tipo, @pertenece);

SET @tipo = 'Parroquia';
SET @pertenece = (SELECT pkLugar FROM
	(SELECT id_lugar as pkLugar FROM arma_tu_fiesta.lugar WHERE tipo = 'Municipio' AND nombre = 'Torres (Carora)')
	as tablaLugar);
INSERT INTO arma_tu_fiesta.lugar (nombre, tipo, fk_pertenece) VALUES ('Las Mercedes', @tipo, @pertenece);

SET @tipo = 'Parroquia';
SET @pertenece = (SELECT pkLugar FROM
	(SELECT id_lugar as pkLugar FROM arma_tu_fiesta.lugar WHERE tipo = 'Municipio' AND nombre = 'Torres (Carora)')
	as tablaLugar);
INSERT INTO arma_tu_fiesta.lugar (nombre, tipo, fk_pertenece) VALUES ('Manuel Morillo', @tipo, @pertenece);

SET @tipo = 'Parroquia';
SET @pertenece = (SELECT pkLugar FROM
	(SELECT id_lugar as pkLugar FROM arma_tu_fiesta.lugar WHERE tipo = 'Municipio' AND nombre = 'Torres (Carora)')
	as tablaLugar);
INSERT INTO arma_tu_fiesta.lugar (nombre, tipo, fk_pertenece) VALUES ('Montaña Verde', @tipo, @pertenece);

SET @tipo = 'Parroquia';
SET @pertenece = (SELECT pkLugar FROM
	(SELECT id_lugar as pkLugar FROM arma_tu_fiesta.lugar WHERE tipo = 'Municipio' AND nombre = 'Torres (Carora)')
	as tablaLugar);
INSERT INTO arma_tu_fiesta.lugar (nombre, tipo, fk_pertenece) VALUES ('Montes de Oca', @tipo, @pertenece);

SET @tipo = 'Parroquia';
SET @pertenece = (SELECT pkLugar FROM
	(SELECT id_lugar as pkLugar FROM arma_tu_fiesta.lugar WHERE tipo = 'Municipio' AND nombre = 'Torres (Carora)')
	as tablaLugar);
INSERT INTO arma_tu_fiesta.lugar (nombre, tipo, fk_pertenece) VALUES ('Reyes de Vargas', @tipo, @pertenece);

SET @tipo = 'Parroquia';
SET @pertenece = (SELECT pkLugar FROM
	(SELECT id_lugar as pkLugar FROM arma_tu_fiesta.lugar WHERE tipo = 'Municipio' AND nombre = 'Torres (Carora)')
	as tablaLugar);
INSERT INTO arma_tu_fiesta.lugar (nombre, tipo, fk_pertenece) VALUES ('Torres', @tipo, @pertenece);

SET @tipo = 'Parroquia';
SET @pertenece = (SELECT pkLugar FROM
	(SELECT id_lugar as pkLugar FROM arma_tu_fiesta.lugar WHERE tipo = 'Municipio' AND nombre = 'Torres (Carora)')
	as tablaLugar);
INSERT INTO arma_tu_fiesta.lugar (nombre, tipo, fk_pertenece) VALUES ('Trinidad Samuel', @tipo, @pertenece);

SET @tipo = 'Municipio';
SET @pertenece = (SELECT pkLugar FROM
	(SELECT id_lugar as pkLugar FROM arma_tu_fiesta.lugar WHERE tipo = 'Estado' AND nombre = 'Lara')
	as tablaLugar);
INSERT INTO arma_tu_fiesta.lugar (nombre, tipo, fk_pertenece) VALUES ('Urdaneta (Siquisique)', @tipo, @pertenece);

SET @tipo = 'Parroquia';
SET @pertenece = (SELECT pkLugar FROM
	(SELECT id_lugar as pkLugar FROM arma_tu_fiesta.lugar WHERE tipo = 'Municipio' AND nombre = 'Urdaneta (Siquisique)')
	as tablaLugar);
INSERT INTO arma_tu_fiesta.lugar (nombre, tipo, fk_pertenece) VALUES ('Xaguas', @tipo, @pertenece);

SET @tipo = 'Parroquia';
SET @pertenece = (SELECT pkLugar FROM
	(SELECT id_lugar as pkLugar FROM arma_tu_fiesta.lugar WHERE tipo = 'Municipio' AND nombre = 'Urdaneta (Siquisique)')
	as tablaLugar);
INSERT INTO arma_tu_fiesta.lugar (nombre, tipo, fk_pertenece) VALUES ('Siquisique', @tipo, @pertenece);

SET @tipo = 'Parroquia';
SET @pertenece = (SELECT pkLugar FROM
	(SELECT id_lugar as pkLugar FROM arma_tu_fiesta.lugar WHERE tipo = 'Municipio' AND nombre = 'Urdaneta (Siquisique)')
	as tablaLugar);
INSERT INTO arma_tu_fiesta.lugar (nombre, tipo, fk_pertenece) VALUES ('San Miguel', @tipo, @pertenece);

SET @tipo = 'Parroquia';
SET @pertenece = (SELECT pkLugar FROM
	(SELECT id_lugar as pkLugar FROM arma_tu_fiesta.lugar WHERE tipo = 'Municipio' AND nombre = 'Urdaneta (Siquisique)')
	as tablaLugar);
INSERT INTO arma_tu_fiesta.lugar (nombre, tipo, fk_pertenece) VALUES ('Moroturo', @tipo, @pertenece);

SET @tipo = 'Estado';
SET @pertenece = (SELECT pkLugar FROM
	(SELECT id_lugar as pkLugar FROM arma_tu_fiesta.lugar WHERE tipo = 'Pais' AND nombre = 'Venezuela')
	as tablaLugar);
INSERT INTO arma_tu_fiesta.lugar (nombre, tipo, fk_pertenece) VALUES ('Mérida', @tipo, @pertenece);

SET @tipo = 'Municipio';
SET @pertenece = (SELECT pkLugar FROM
	(SELECT id_lugar as pkLugar FROM arma_tu_fiesta.lugar WHERE tipo = 'Estado' AND nombre = 'Mérida')
	as tablaLugar);
INSERT INTO arma_tu_fiesta.lugar (nombre, tipo, fk_pertenece) VALUES ('Adriani (El Vigía)', @tipo, @pertenece);

SET @tipo = 'Parroquia';
SET @pertenece = (SELECT pkLugar FROM
	(SELECT id_lugar as pkLugar FROM arma_tu_fiesta.lugar WHERE tipo = 'Municipio' AND nombre = 'Adriani (El Vigía)')
	as tablaLugar);
INSERT INTO arma_tu_fiesta.lugar (nombre, tipo, fk_pertenece) VALUES ('Presidente Betancourt ( El Vigía)', @tipo, @pertenece);

SET @tipo = 'Parroquia';
SET @pertenece = (SELECT pkLugar FROM
	(SELECT id_lugar as pkLugar FROM arma_tu_fiesta.lugar WHERE tipo = 'Municipio' AND nombre = 'Adriani (El Vigía)')
	as tablaLugar);
INSERT INTO arma_tu_fiesta.lugar (nombre, tipo, fk_pertenece) VALUES ('Presidente Páez ( El Vigía)', @tipo, @pertenece);

SET @tipo = 'Parroquia';
SET @pertenece = (SELECT pkLugar FROM
	(SELECT id_lugar as pkLugar FROM arma_tu_fiesta.lugar WHERE tipo = 'Municipio' AND nombre = 'Adriani (El Vigía)')
	as tablaLugar);
INSERT INTO arma_tu_fiesta.lugar (nombre, tipo, fk_pertenece) VALUES ('Presidente Rómulo Gallegos ( El Vigía)', @tipo, @pertenece);

SET @tipo = 'Parroquia';
SET @pertenece = (SELECT pkLugar FROM
	(SELECT id_lugar as pkLugar FROM arma_tu_fiesta.lugar WHERE tipo = 'Municipio' AND nombre = 'Adriani (El Vigía)')
	as tablaLugar);
INSERT INTO arma_tu_fiesta.lugar (nombre, tipo, fk_pertenece) VALUES ('Gabriel Picón González ( La Palmita)', @tipo, @pertenece);

SET @tipo = 'Parroquia';
SET @pertenece = (SELECT pkLugar FROM
	(SELECT id_lugar as pkLugar FROM arma_tu_fiesta.lugar WHERE tipo = 'Municipio' AND nombre = 'Adriani (El Vigía)')
	as tablaLugar);
INSERT INTO arma_tu_fiesta.lugar (nombre, tipo, fk_pertenece) VALUES ('Héctor Amable Mora ( Mucujepe)', @tipo, @pertenece);

SET @tipo = 'Parroquia';
SET @pertenece = (SELECT pkLugar FROM
	(SELECT id_lugar as pkLugar FROM arma_tu_fiesta.lugar WHERE tipo = 'Municipio' AND nombre = 'Adriani (El Vigía)')
	as tablaLugar);
INSERT INTO arma_tu_fiesta.lugar (nombre, tipo, fk_pertenece) VALUES ('José Nucete Sardi ( Los Naranjos)', @tipo, @pertenece);

SET @tipo = 'Parroquia';
SET @pertenece = (SELECT pkLugar FROM
	(SELECT id_lugar as pkLugar FROM arma_tu_fiesta.lugar WHERE tipo = 'Municipio' AND nombre = 'Adriani (El Vigía)')
	as tablaLugar);
INSERT INTO arma_tu_fiesta.lugar (nombre, tipo, fk_pertenece) VALUES ('Pulido Méndez ( La Blanca)', @tipo, @pertenece);

SET @tipo = 'Municipio';
SET @pertenece = (SELECT pkLugar FROM
	(SELECT id_lugar as pkLugar FROM arma_tu_fiesta.lugar WHERE tipo = 'Estado' AND nombre = 'Mérida')
	as tablaLugar);
INSERT INTO arma_tu_fiesta.lugar (nombre, tipo, fk_pertenece) VALUES ('Andrés Bello (La Azulita)', @tipo, @pertenece);

SET @tipo = 'Parroquia';
SET @pertenece = (SELECT pkLugar FROM
	(SELECT id_lugar as pkLugar FROM arma_tu_fiesta.lugar WHERE tipo = 'Municipio' AND nombre = 'Andrés Bello (La Azulita)')
	as tablaLugar);
INSERT INTO arma_tu_fiesta.lugar (nombre, tipo, fk_pertenece) VALUES ('La Azulita', @tipo, @pertenece);

SET @tipo = 'Municipio';
SET @pertenece = (SELECT pkLugar FROM
	(SELECT id_lugar as pkLugar FROM arma_tu_fiesta.lugar WHERE tipo = 'Estado' AND nombre = 'Mérida')
	as tablaLugar);
INSERT INTO arma_tu_fiesta.lugar (nombre, tipo, fk_pertenece) VALUES ('Aricagua (Aricagua)', @tipo, @pertenece);

SET @tipo = 'Parroquia';
SET @pertenece = (SELECT pkLugar FROM
	(SELECT id_lugar as pkLugar FROM arma_tu_fiesta.lugar WHERE tipo = 'Municipio' AND nombre = 'Aricagua (Aricagua)')
	as tablaLugar);
INSERT INTO arma_tu_fiesta.lugar (nombre, tipo, fk_pertenece) VALUES ('Aricagua ( Aricagua)', @tipo, @pertenece);

SET @tipo = 'Parroquia';
SET @pertenece = (SELECT pkLugar FROM
	(SELECT id_lugar as pkLugar FROM arma_tu_fiesta.lugar WHERE tipo = 'Municipio' AND nombre = 'Aricagua (Aricagua)')
	as tablaLugar);
INSERT INTO arma_tu_fiesta.lugar (nombre, tipo, fk_pertenece) VALUES ('San Antonio ( Campo Elías)', @tipo, @pertenece);

SET @tipo = 'Municipio';
SET @pertenece = (SELECT pkLugar FROM
	(SELECT id_lugar as pkLugar FROM arma_tu_fiesta.lugar WHERE tipo = 'Estado' AND nombre = 'Mérida')
	as tablaLugar);
INSERT INTO arma_tu_fiesta.lugar (nombre, tipo, fk_pertenece) VALUES ('Briceño (Torondoy)', @tipo, @pertenece);

SET @tipo = 'Parroquia';
SET @pertenece = (SELECT pkLugar FROM
	(SELECT id_lugar as pkLugar FROM arma_tu_fiesta.lugar WHERE tipo = 'Municipio' AND nombre = 'Briceño (Torondoy)')
	as tablaLugar);
INSERT INTO arma_tu_fiesta.lugar (nombre, tipo, fk_pertenece) VALUES ('San Cristóbal de Torondoy ( San Cristóbal de Torondoy)', @tipo, @pertenece);

SET @tipo = 'Parroquia';
SET @pertenece = (SELECT pkLugar FROM
	(SELECT id_lugar as pkLugar FROM arma_tu_fiesta.lugar WHERE tipo = 'Municipio' AND nombre = 'Briceño (Torondoy)')
	as tablaLugar);
INSERT INTO arma_tu_fiesta.lugar (nombre, tipo, fk_pertenece) VALUES ('Torondoy', @tipo, @pertenece);

SET @tipo = 'Municipio';
SET @pertenece = (SELECT pkLugar FROM
	(SELECT id_lugar as pkLugar FROM arma_tu_fiesta.lugar WHERE tipo = 'Estado' AND nombre = 'Mérida')
	as tablaLugar);
INSERT INTO arma_tu_fiesta.lugar (nombre, tipo, fk_pertenece) VALUES ('Chacón (Canaguá)', @tipo, @pertenece);

SET @tipo = 'Parroquia';
SET @pertenece = (SELECT pkLugar FROM
	(SELECT id_lugar as pkLugar FROM arma_tu_fiesta.lugar WHERE tipo = 'Municipio' AND nombre = 'Chacón (Canaguá)')
	as tablaLugar);
INSERT INTO arma_tu_fiesta.lugar (nombre, tipo, fk_pertenece) VALUES ('Canagua', @tipo, @pertenece);

SET @tipo = 'Parroquia';
SET @pertenece = (SELECT pkLugar FROM
	(SELECT id_lugar as pkLugar FROM arma_tu_fiesta.lugar WHERE tipo = 'Municipio' AND nombre = 'Chacón (Canaguá)')
	as tablaLugar);
INSERT INTO arma_tu_fiesta.lugar (nombre, tipo, fk_pertenece) VALUES ('Capurí ( Capurí)', @tipo, @pertenece);

SET @tipo = 'Parroquia';
SET @pertenece = (SELECT pkLugar FROM
	(SELECT id_lugar as pkLugar FROM arma_tu_fiesta.lugar WHERE tipo = 'Municipio' AND nombre = 'Chacón (Canaguá)')
	as tablaLugar);
INSERT INTO arma_tu_fiesta.lugar (nombre, tipo, fk_pertenece) VALUES ('Chacantá (Chacantá)', @tipo, @pertenece);

SET @tipo = 'Parroquia';
SET @pertenece = (SELECT pkLugar FROM
	(SELECT id_lugar as pkLugar FROM arma_tu_fiesta.lugar WHERE tipo = 'Municipio' AND nombre = 'Chacón (Canaguá)')
	as tablaLugar);
INSERT INTO arma_tu_fiesta.lugar (nombre, tipo, fk_pertenece) VALUES ('El Molino ( El Molino)', @tipo, @pertenece);

SET @tipo = 'Parroquia';
SET @pertenece = (SELECT pkLugar FROM
	(SELECT id_lugar as pkLugar FROM arma_tu_fiesta.lugar WHERE tipo = 'Municipio' AND nombre = 'Chacón (Canaguá)')
	as tablaLugar);
INSERT INTO arma_tu_fiesta.lugar (nombre, tipo, fk_pertenece) VALUES ('Guaimaral ( El Viento)', @tipo, @pertenece);

SET @tipo = 'Parroquia';
SET @pertenece = (SELECT pkLugar FROM
	(SELECT id_lugar as pkLugar FROM arma_tu_fiesta.lugar WHERE tipo = 'Municipio' AND nombre = 'Chacón (Canaguá)')
	as tablaLugar);
INSERT INTO arma_tu_fiesta.lugar (nombre, tipo, fk_pertenece) VALUES ('Mucutuy ( Mucutuy)', @tipo, @pertenece);

SET @tipo = 'Parroquia';
SET @pertenece = (SELECT pkLugar FROM
	(SELECT id_lugar as pkLugar FROM arma_tu_fiesta.lugar WHERE tipo = 'Municipio' AND nombre = 'Chacón (Canaguá)')
	as tablaLugar);
INSERT INTO arma_tu_fiesta.lugar (nombre, tipo, fk_pertenece) VALUES ('Mucuchachí ( Mucuchachí)', @tipo, @pertenece);

SET @tipo = 'Municipio';
SET @pertenece = (SELECT pkLugar FROM
	(SELECT id_lugar as pkLugar FROM arma_tu_fiesta.lugar WHERE tipo = 'Estado' AND nombre = 'Mérida')
	as tablaLugar);
INSERT INTO arma_tu_fiesta.lugar (nombre, tipo, fk_pertenece) VALUES ('Campo Elías (Ejido)', @tipo, @pertenece);

SET @tipo = 'Parroquia';
SET @pertenece = (SELECT pkLugar FROM
	(SELECT id_lugar as pkLugar FROM arma_tu_fiesta.lugar WHERE tipo = 'Municipio' AND nombre = 'Campo Elías (Ejido)')
	as tablaLugar);
INSERT INTO arma_tu_fiesta.lugar (nombre, tipo, fk_pertenece) VALUES ('Fernández Peña ( Ejido)', @tipo, @pertenece);

SET @tipo = 'Parroquia';
SET @pertenece = (SELECT pkLugar FROM
	(SELECT id_lugar as pkLugar FROM arma_tu_fiesta.lugar WHERE tipo = 'Municipio' AND nombre = 'Campo Elías (Ejido)')
	as tablaLugar);
INSERT INTO arma_tu_fiesta.lugar (nombre, tipo, fk_pertenece) VALUES ('Matriz ( Ejido)', @tipo, @pertenece);

SET @tipo = 'Parroquia';
SET @pertenece = (SELECT pkLugar FROM
	(SELECT id_lugar as pkLugar FROM arma_tu_fiesta.lugar WHERE tipo = 'Municipio' AND nombre = 'Campo Elías (Ejido)')
	as tablaLugar);
INSERT INTO arma_tu_fiesta.lugar (nombre, tipo, fk_pertenece) VALUES ('Montalbán ( Ejido)', @tipo, @pertenece);

SET @tipo = 'Parroquia';
SET @pertenece = (SELECT pkLugar FROM
	(SELECT id_lugar as pkLugar FROM arma_tu_fiesta.lugar WHERE tipo = 'Municipio' AND nombre = 'Campo Elías (Ejido)')
	as tablaLugar);
INSERT INTO arma_tu_fiesta.lugar (nombre, tipo, fk_pertenece) VALUES ('Acequias', @tipo, @pertenece);

SET @tipo = 'Parroquia';
SET @pertenece = (SELECT pkLugar FROM
	(SELECT id_lugar as pkLugar FROM arma_tu_fiesta.lugar WHERE tipo = 'Municipio' AND nombre = 'Campo Elías (Ejido)')
	as tablaLugar);
INSERT INTO arma_tu_fiesta.lugar (nombre, tipo, fk_pertenece) VALUES ('Jají', @tipo, @pertenece);

SET @tipo = 'Parroquia';
SET @pertenece = (SELECT pkLugar FROM
	(SELECT id_lugar as pkLugar FROM arma_tu_fiesta.lugar WHERE tipo = 'Municipio' AND nombre = 'Campo Elías (Ejido)')
	as tablaLugar);
INSERT INTO arma_tu_fiesta.lugar (nombre, tipo, fk_pertenece) VALUES ('La Mesa ( La Mesa)', @tipo, @pertenece);

SET @tipo = 'Parroquia';
SET @pertenece = (SELECT pkLugar FROM
	(SELECT id_lugar as pkLugar FROM arma_tu_fiesta.lugar WHERE tipo = 'Municipio' AND nombre = 'Campo Elías (Ejido)')
	as tablaLugar);
INSERT INTO arma_tu_fiesta.lugar (nombre, tipo, fk_pertenece) VALUES ('San José del Sur ( San José)', @tipo, @pertenece);

SET @tipo = 'Municipio';
SET @pertenece = (SELECT pkLugar FROM
	(SELECT id_lugar as pkLugar FROM arma_tu_fiesta.lugar WHERE tipo = 'Estado' AND nombre = 'Mérida')
	as tablaLugar);
INSERT INTO arma_tu_fiesta.lugar (nombre, tipo, fk_pertenece) VALUES ('Dávila (Bailadores)', @tipo, @pertenece);

SET @tipo = 'Parroquia';
SET @pertenece = (SELECT pkLugar FROM
	(SELECT id_lugar as pkLugar FROM arma_tu_fiesta.lugar WHERE tipo = 'Municipio' AND nombre = 'Dávila (Bailadores)')
	as tablaLugar);
INSERT INTO arma_tu_fiesta.lugar (nombre, tipo, fk_pertenece) VALUES ('Gerónimo Maldonado', @tipo, @pertenece);

SET @tipo = 'Parroquia';
SET @pertenece = (SELECT pkLugar FROM
	(SELECT id_lugar as pkLugar FROM arma_tu_fiesta.lugar WHERE tipo = 'Municipio' AND nombre = 'Dávila (Bailadores)')
	as tablaLugar);
INSERT INTO arma_tu_fiesta.lugar (nombre, tipo, fk_pertenece) VALUES ('Bailadores', @tipo, @pertenece);

SET @tipo = 'Municipio';
SET @pertenece = (SELECT pkLugar FROM
	(SELECT id_lugar as pkLugar FROM arma_tu_fiesta.lugar WHERE tipo = 'Estado' AND nombre = 'Mérida')
	as tablaLugar);
INSERT INTO arma_tu_fiesta.lugar (nombre, tipo, fk_pertenece) VALUES ('Febres Cordero (Nueva Bolivia)', @tipo, @pertenece);

SET @tipo = 'Parroquia';
SET @pertenece = (SELECT pkLugar FROM
	(SELECT id_lugar as pkLugar FROM arma_tu_fiesta.lugar WHERE tipo = 'Municipio' AND nombre = 'Febres Cordero (Nueva Bolivia)')
	as tablaLugar);
INSERT INTO arma_tu_fiesta.lugar (nombre, tipo, fk_pertenece) VALUES ('Independencia ( Palmarito)', @tipo, @pertenece);

SET @tipo = 'Parroquia';
SET @pertenece = (SELECT pkLugar FROM
	(SELECT id_lugar as pkLugar FROM arma_tu_fiesta.lugar WHERE tipo = 'Municipio' AND nombre = 'Febres Cordero (Nueva Bolivia)')
	as tablaLugar);
INSERT INTO arma_tu_fiesta.lugar (nombre, tipo, fk_pertenece) VALUES ('María de la Concepción Palacios Blanco ( Las Virtudes)', @tipo, @pertenece);

SET @tipo = 'Parroquia';
SET @pertenece = (SELECT pkLugar FROM
	(SELECT id_lugar as pkLugar FROM arma_tu_fiesta.lugar WHERE tipo = 'Municipio' AND nombre = 'Febres Cordero (Nueva Bolivia)')
	as tablaLugar);
INSERT INTO arma_tu_fiesta.lugar (nombre, tipo, fk_pertenece) VALUES ('Nueva Bolivia', @tipo, @pertenece);

SET @tipo = 'Parroquia';
SET @pertenece = (SELECT pkLugar FROM
	(SELECT id_lugar as pkLugar FROM arma_tu_fiesta.lugar WHERE tipo = 'Municipio' AND nombre = 'Febres Cordero (Nueva Bolivia)')
	as tablaLugar);
INSERT INTO arma_tu_fiesta.lugar (nombre, tipo, fk_pertenece) VALUES ('Santa Apolonia', @tipo, @pertenece);

SET @tipo = 'Municipio';
SET @pertenece = (SELECT pkLugar FROM
	(SELECT id_lugar as pkLugar FROM arma_tu_fiesta.lugar WHERE tipo = 'Estado' AND nombre = 'Mérida')
	as tablaLugar);
INSERT INTO arma_tu_fiesta.lugar (nombre, tipo, fk_pertenece) VALUES ('Guaraque (Guaraque)', @tipo, @pertenece);

SET @tipo = 'Parroquia';
SET @pertenece = (SELECT pkLugar FROM
	(SELECT id_lugar as pkLugar FROM arma_tu_fiesta.lugar WHERE tipo = 'Municipio' AND nombre = 'Guaraque (Guaraque)')
	as tablaLugar);
INSERT INTO arma_tu_fiesta.lugar (nombre, tipo, fk_pertenece) VALUES ('Guaraque ( Guaraque)', @tipo, @pertenece);

SET @tipo = 'Parroquia';
SET @pertenece = (SELECT pkLugar FROM
	(SELECT id_lugar as pkLugar FROM arma_tu_fiesta.lugar WHERE tipo = 'Municipio' AND nombre = 'Guaraque (Guaraque)')
	as tablaLugar);
INSERT INTO arma_tu_fiesta.lugar (nombre, tipo, fk_pertenece) VALUES ('Mesa de Quintero ( Mesa de Quintero)', @tipo, @pertenece);

SET @tipo = 'Parroquia';
SET @pertenece = (SELECT pkLugar FROM
	(SELECT id_lugar as pkLugar FROM arma_tu_fiesta.lugar WHERE tipo = 'Municipio' AND nombre = 'Guaraque (Guaraque)')
	as tablaLugar);
INSERT INTO arma_tu_fiesta.lugar (nombre, tipo, fk_pertenece) VALUES ('Río Negro ( Río Negro)', @tipo, @pertenece);

SET @tipo = 'Municipio';
SET @pertenece = (SELECT pkLugar FROM
	(SELECT id_lugar as pkLugar FROM arma_tu_fiesta.lugar WHERE tipo = 'Estado' AND nombre = 'Mérida')
	as tablaLugar);
INSERT INTO arma_tu_fiesta.lugar (nombre, tipo, fk_pertenece) VALUES ('Libertador (Mérida)', @tipo, @pertenece);

SET @tipo = 'Parroquia';
SET @pertenece = (SELECT pkLugar FROM
	(SELECT id_lugar as pkLugar FROM arma_tu_fiesta.lugar WHERE tipo = 'Municipio' AND nombre = 'Libertador (Mérida)')
	as tablaLugar);
INSERT INTO arma_tu_fiesta.lugar (nombre, tipo, fk_pertenece) VALUES ('Antonio Spinetti Dini ( Mérida)', @tipo, @pertenece);

SET @tipo = 'Parroquia';
SET @pertenece = (SELECT pkLugar FROM
	(SELECT id_lugar as pkLugar FROM arma_tu_fiesta.lugar WHERE tipo = 'Municipio' AND nombre = 'Libertador (Mérida)')
	as tablaLugar);
INSERT INTO arma_tu_fiesta.lugar (nombre, tipo, fk_pertenece) VALUES ('Arias ( Mérida)', @tipo, @pertenece);

SET @tipo = 'Parroquia';
SET @pertenece = (SELECT pkLugar FROM
	(SELECT id_lugar as pkLugar FROM arma_tu_fiesta.lugar WHERE tipo = 'Municipio' AND nombre = 'Libertador (Mérida)')
	as tablaLugar);
INSERT INTO arma_tu_fiesta.lugar (nombre, tipo, fk_pertenece) VALUES ('Caracciolo Parra Pérez ( Mérida)', @tipo, @pertenece);

SET @tipo = 'Parroquia';
SET @pertenece = (SELECT pkLugar FROM
	(SELECT id_lugar as pkLugar FROM arma_tu_fiesta.lugar WHERE tipo = 'Municipio' AND nombre = 'Libertador (Mérida)')
	as tablaLugar);
INSERT INTO arma_tu_fiesta.lugar (nombre, tipo, fk_pertenece) VALUES ('Domingo Peña ( Mérida)', @tipo, @pertenece);

SET @tipo = 'Parroquia';
SET @pertenece = (SELECT pkLugar FROM
	(SELECT id_lugar as pkLugar FROM arma_tu_fiesta.lugar WHERE tipo = 'Municipio' AND nombre = 'Libertador (Mérida)')
	as tablaLugar);
INSERT INTO arma_tu_fiesta.lugar (nombre, tipo, fk_pertenece) VALUES ('El Llano ( Mérida)', @tipo, @pertenece);

SET @tipo = 'Parroquia';
SET @pertenece = (SELECT pkLugar FROM
	(SELECT id_lugar as pkLugar FROM arma_tu_fiesta.lugar WHERE tipo = 'Municipio' AND nombre = 'Libertador (Mérida)')
	as tablaLugar);
INSERT INTO arma_tu_fiesta.lugar (nombre, tipo, fk_pertenece) VALUES ('Gonzalo Picón Febres ( Mérida)', @tipo, @pertenece);

SET @tipo = 'Parroquia';
SET @pertenece = (SELECT pkLugar FROM
	(SELECT id_lugar as pkLugar FROM arma_tu_fiesta.lugar WHERE tipo = 'Municipio' AND nombre = 'Libertador (Mérida)')
	as tablaLugar);
INSERT INTO arma_tu_fiesta.lugar (nombre, tipo, fk_pertenece) VALUES ('Jacinto Plaza ( Mérida)', @tipo, @pertenece);

SET @tipo = 'Parroquia';
SET @pertenece = (SELECT pkLugar FROM
	(SELECT id_lugar as pkLugar FROM arma_tu_fiesta.lugar WHERE tipo = 'Municipio' AND nombre = 'Libertador (Mérida)')
	as tablaLugar);
INSERT INTO arma_tu_fiesta.lugar (nombre, tipo, fk_pertenece) VALUES ('Juan Rodríguez Suárez ( Mérida)', @tipo, @pertenece);

SET @tipo = 'Parroquia';
SET @pertenece = (SELECT pkLugar FROM
	(SELECT id_lugar as pkLugar FROM arma_tu_fiesta.lugar WHERE tipo = 'Municipio' AND nombre = 'Libertador (Mérida)')
	as tablaLugar);
INSERT INTO arma_tu_fiesta.lugar (nombre, tipo, fk_pertenece) VALUES ('Lasso de la Vega ( Mérida)', @tipo, @pertenece);

SET @tipo = 'Parroquia';
SET @pertenece = (SELECT pkLugar FROM
	(SELECT id_lugar as pkLugar FROM arma_tu_fiesta.lugar WHERE tipo = 'Municipio' AND nombre = 'Libertador (Mérida)')
	as tablaLugar);
INSERT INTO arma_tu_fiesta.lugar (nombre, tipo, fk_pertenece) VALUES ('Mariano Picón Salas ( Mérida)', @tipo, @pertenece);

SET @tipo = 'Parroquia';
SET @pertenece = (SELECT pkLugar FROM
	(SELECT id_lugar as pkLugar FROM arma_tu_fiesta.lugar WHERE tipo = 'Municipio' AND nombre = 'Libertador (Mérida)')
	as tablaLugar);
INSERT INTO arma_tu_fiesta.lugar (nombre, tipo, fk_pertenece) VALUES ('Milla ( Mérida)', @tipo, @pertenece);

SET @tipo = 'Parroquia';
SET @pertenece = (SELECT pkLugar FROM
	(SELECT id_lugar as pkLugar FROM arma_tu_fiesta.lugar WHERE tipo = 'Municipio' AND nombre = 'Libertador (Mérida)')
	as tablaLugar);
INSERT INTO arma_tu_fiesta.lugar (nombre, tipo, fk_pertenece) VALUES ('Osuna Rodríguez ( Mérida)', @tipo, @pertenece);

SET @tipo = 'Parroquia';
SET @pertenece = (SELECT pkLugar FROM
	(SELECT id_lugar as pkLugar FROM arma_tu_fiesta.lugar WHERE tipo = 'Municipio' AND nombre = 'Libertador (Mérida)')
	as tablaLugar);
INSERT INTO arma_tu_fiesta.lugar (nombre, tipo, fk_pertenece) VALUES ('Sagrario ( Mérida)', @tipo, @pertenece);

SET @tipo = 'Parroquia';
SET @pertenece = (SELECT pkLugar FROM
	(SELECT id_lugar as pkLugar FROM arma_tu_fiesta.lugar WHERE tipo = 'Municipio' AND nombre = 'Libertador (Mérida)')
	as tablaLugar);
INSERT INTO arma_tu_fiesta.lugar (nombre, tipo, fk_pertenece) VALUES ('El Morro', @tipo, @pertenece);

SET @tipo = 'Parroquia';
SET @pertenece = (SELECT pkLugar FROM
	(SELECT id_lugar as pkLugar FROM arma_tu_fiesta.lugar WHERE tipo = 'Municipio' AND nombre = 'Libertador (Mérida)')
	as tablaLugar);
INSERT INTO arma_tu_fiesta.lugar (nombre, tipo, fk_pertenece) VALUES ('Los Nevados', @tipo, @pertenece);

SET @tipo = 'Municipio';
SET @pertenece = (SELECT pkLugar FROM
	(SELECT id_lugar as pkLugar FROM arma_tu_fiesta.lugar WHERE tipo = 'Estado' AND nombre = 'Mérida')
	as tablaLugar);
INSERT INTO arma_tu_fiesta.lugar (nombre, tipo, fk_pertenece) VALUES ('Miranda (Timotes)', @tipo, @pertenece);

SET @tipo = 'Parroquia';
SET @pertenece = (SELECT pkLugar FROM
	(SELECT id_lugar as pkLugar FROM arma_tu_fiesta.lugar WHERE tipo = 'Municipio' AND nombre = 'Miranda (Timotes)')
	as tablaLugar);
INSERT INTO arma_tu_fiesta.lugar (nombre, tipo, fk_pertenece) VALUES ('Andrés Eloy Blanco', @tipo, @pertenece);

SET @tipo = 'Parroquia';
SET @pertenece = (SELECT pkLugar FROM
	(SELECT id_lugar as pkLugar FROM arma_tu_fiesta.lugar WHERE tipo = 'Municipio' AND nombre = 'Miranda (Timotes)')
	as tablaLugar);
INSERT INTO arma_tu_fiesta.lugar (nombre, tipo, fk_pertenece) VALUES ('La Venta ( La Venta)', @tipo, @pertenece);

SET @tipo = 'Parroquia';
SET @pertenece = (SELECT pkLugar FROM
	(SELECT id_lugar as pkLugar FROM arma_tu_fiesta.lugar WHERE tipo = 'Municipio' AND nombre = 'Miranda (Timotes)')
	as tablaLugar);
INSERT INTO arma_tu_fiesta.lugar (nombre, tipo, fk_pertenece) VALUES ('Piñango', @tipo, @pertenece);

SET @tipo = 'Parroquia';
SET @pertenece = (SELECT pkLugar FROM
	(SELECT id_lugar as pkLugar FROM arma_tu_fiesta.lugar WHERE tipo = 'Municipio' AND nombre = 'Miranda (Timotes)')
	as tablaLugar);
INSERT INTO arma_tu_fiesta.lugar (nombre, tipo, fk_pertenece) VALUES ('Timotes', @tipo, @pertenece);

SET @tipo = 'Municipio';
SET @pertenece = (SELECT pkLugar FROM
	(SELECT id_lugar as pkLugar FROM arma_tu_fiesta.lugar WHERE tipo = 'Estado' AND nombre = 'Mérida')
	as tablaLugar);
INSERT INTO arma_tu_fiesta.lugar (nombre, tipo, fk_pertenece) VALUES ('Noguera (Santa María de Caparo)', @tipo, @pertenece);

SET @tipo = 'Parroquia';
SET @pertenece = (SELECT pkLugar FROM
	(SELECT id_lugar as pkLugar FROM arma_tu_fiesta.lugar WHERE tipo = 'Municipio' AND nombre = 'Noguera (Santa María de Caparo)')
	as tablaLugar);
INSERT INTO arma_tu_fiesta.lugar (nombre, tipo, fk_pertenece) VALUES ('Santa María de Caparo ( Santa María de Caparo)', @tipo, @pertenece);

SET @tipo = 'Municipio';
SET @pertenece = (SELECT pkLugar FROM
	(SELECT id_lugar as pkLugar FROM arma_tu_fiesta.lugar WHERE tipo = 'Estado' AND nombre = 'Mérida')
	as tablaLugar);
INSERT INTO arma_tu_fiesta.lugar (nombre, tipo, fk_pertenece) VALUES ('Parra Olmedo (Tucaní)', @tipo, @pertenece);

SET @tipo = 'Parroquia';
SET @pertenece = (SELECT pkLugar FROM
	(SELECT id_lugar as pkLugar FROM arma_tu_fiesta.lugar WHERE tipo = 'Municipio' AND nombre = 'Parra Olmedo (Tucaní)')
	as tablaLugar);
INSERT INTO arma_tu_fiesta.lugar (nombre, tipo, fk_pertenece) VALUES ('Tucaní ( Tucaní)', @tipo, @pertenece);

SET @tipo = 'Parroquia';
SET @pertenece = (SELECT pkLugar FROM
	(SELECT id_lugar as pkLugar FROM arma_tu_fiesta.lugar WHERE tipo = 'Municipio' AND nombre = 'Parra Olmedo (Tucaní)')
	as tablaLugar);
INSERT INTO arma_tu_fiesta.lugar (nombre, tipo, fk_pertenece) VALUES ('Florencio Ramírez ( El Pinar)', @tipo, @pertenece);

SET @tipo = 'Municipio';
SET @pertenece = (SELECT pkLugar FROM
	(SELECT id_lugar as pkLugar FROM arma_tu_fiesta.lugar WHERE tipo = 'Estado' AND nombre = 'Mérida')
	as tablaLugar);
INSERT INTO arma_tu_fiesta.lugar (nombre, tipo, fk_pertenece) VALUES ('Pinto Salinas (Santa Cruz de Mora)', @tipo, @pertenece);

SET @tipo = 'Parroquia';
SET @pertenece = (SELECT pkLugar FROM
	(SELECT id_lugar as pkLugar FROM arma_tu_fiesta.lugar WHERE tipo = 'Municipio' AND nombre = 'Pinto Salinas (Santa Cruz de Mora)')
	as tablaLugar);
INSERT INTO arma_tu_fiesta.lugar (nombre, tipo, fk_pertenece) VALUES ('Santa Cruz de Mora', @tipo, @pertenece);

SET @tipo = 'Parroquia';
SET @pertenece = (SELECT pkLugar FROM
	(SELECT id_lugar as pkLugar FROM arma_tu_fiesta.lugar WHERE tipo = 'Municipio' AND nombre = 'Pinto Salinas (Santa Cruz de Mora)')
	as tablaLugar);
INSERT INTO arma_tu_fiesta.lugar (nombre, tipo, fk_pertenece) VALUES ('Mesa Bolívar (Mesa Bolívar)', @tipo, @pertenece);

SET @tipo = 'Parroquia';
SET @pertenece = (SELECT pkLugar FROM
	(SELECT id_lugar as pkLugar FROM arma_tu_fiesta.lugar WHERE tipo = 'Municipio' AND nombre = 'Pinto Salinas (Santa Cruz de Mora)')
	as tablaLugar);
INSERT INTO arma_tu_fiesta.lugar (nombre, tipo, fk_pertenece) VALUES ('Mesa de Las Palmas (Mesa de Las Palmas)', @tipo, @pertenece);

SET @tipo = 'Municipio';
SET @pertenece = (SELECT pkLugar FROM
	(SELECT id_lugar as pkLugar FROM arma_tu_fiesta.lugar WHERE tipo = 'Estado' AND nombre = 'Mérida')
	as tablaLugar);
INSERT INTO arma_tu_fiesta.lugar (nombre, tipo, fk_pertenece) VALUES ('Pueblo Llano (Pueblo Llano)', @tipo, @pertenece);

SET @tipo = 'Parroquia';
SET @pertenece = (SELECT pkLugar FROM
	(SELECT id_lugar as pkLugar FROM arma_tu_fiesta.lugar WHERE tipo = 'Municipio' AND nombre = 'Pueblo Llano (Pueblo Llano)')
	as tablaLugar);
INSERT INTO arma_tu_fiesta.lugar (nombre, tipo, fk_pertenece) VALUES ('Pueblo Llano', @tipo, @pertenece);

SET @tipo = 'Municipio';
SET @pertenece = (SELECT pkLugar FROM
	(SELECT id_lugar as pkLugar FROM arma_tu_fiesta.lugar WHERE tipo = 'Estado' AND nombre = 'Mérida')
	as tablaLugar);
INSERT INTO arma_tu_fiesta.lugar (nombre, tipo, fk_pertenece) VALUES ('Quintero (Santo Domingo)', @tipo, @pertenece);

SET @tipo = 'Parroquia';
SET @pertenece = (SELECT pkLugar FROM
	(SELECT id_lugar as pkLugar FROM arma_tu_fiesta.lugar WHERE tipo = 'Municipio' AND nombre = 'Quintero (Santo Domingo)')
	as tablaLugar);
INSERT INTO arma_tu_fiesta.lugar (nombre, tipo, fk_pertenece) VALUES ('Santo Domingo', @tipo, @pertenece);

SET @tipo = 'Parroquia';
SET @pertenece = (SELECT pkLugar FROM
	(SELECT id_lugar as pkLugar FROM arma_tu_fiesta.lugar WHERE tipo = 'Municipio' AND nombre = 'Quintero (Santo Domingo)')
	as tablaLugar);
INSERT INTO arma_tu_fiesta.lugar (nombre, tipo, fk_pertenece) VALUES ('Las Piedras ( Las Piedras)', @tipo, @pertenece);

SET @tipo = 'Municipio';
SET @pertenece = (SELECT pkLugar FROM
	(SELECT id_lugar as pkLugar FROM arma_tu_fiesta.lugar WHERE tipo = 'Estado' AND nombre = 'Mérida')
	as tablaLugar);
INSERT INTO arma_tu_fiesta.lugar (nombre, tipo, fk_pertenece) VALUES ('Rangel (Mucuchíes)', @tipo, @pertenece);

SET @tipo = 'Parroquia';
SET @pertenece = (SELECT pkLugar FROM
	(SELECT id_lugar as pkLugar FROM arma_tu_fiesta.lugar WHERE tipo = 'Municipio' AND nombre = 'Rangel (Mucuchíes)')
	as tablaLugar);
INSERT INTO arma_tu_fiesta.lugar (nombre, tipo, fk_pertenece) VALUES ('Cacute ( Cacute)', @tipo, @pertenece);

SET @tipo = 'Parroquia';
SET @pertenece = (SELECT pkLugar FROM
	(SELECT id_lugar as pkLugar FROM arma_tu_fiesta.lugar WHERE tipo = 'Municipio' AND nombre = 'Rangel (Mucuchíes)')
	as tablaLugar);
INSERT INTO arma_tu_fiesta.lugar (nombre, tipo, fk_pertenece) VALUES ('La Toma ( La Toma)', @tipo, @pertenece);

SET @tipo = 'Parroquia';
SET @pertenece = (SELECT pkLugar FROM
	(SELECT id_lugar as pkLugar FROM arma_tu_fiesta.lugar WHERE tipo = 'Municipio' AND nombre = 'Rangel (Mucuchíes)')
	as tablaLugar);
INSERT INTO arma_tu_fiesta.lugar (nombre, tipo, fk_pertenece) VALUES ('Mucuchíes', @tipo, @pertenece);

SET @tipo = 'Parroquia';
SET @pertenece = (SELECT pkLugar FROM
	(SELECT id_lugar as pkLugar FROM arma_tu_fiesta.lugar WHERE tipo = 'Municipio' AND nombre = 'Rangel (Mucuchíes)')
	as tablaLugar);
INSERT INTO arma_tu_fiesta.lugar (nombre, tipo, fk_pertenece) VALUES ('Mucurubá ( Mucurubá)', @tipo, @pertenece);

SET @tipo = 'Parroquia';
SET @pertenece = (SELECT pkLugar FROM
	(SELECT id_lugar as pkLugar FROM arma_tu_fiesta.lugar WHERE tipo = 'Municipio' AND nombre = 'Rangel (Mucuchíes)')
	as tablaLugar);
INSERT INTO arma_tu_fiesta.lugar (nombre, tipo, fk_pertenece) VALUES ('San Rafael', @tipo, @pertenece);

SET @tipo = 'Municipio';
SET @pertenece = (SELECT pkLugar FROM
	(SELECT id_lugar as pkLugar FROM arma_tu_fiesta.lugar WHERE tipo = 'Estado' AND nombre = 'Mérida')
	as tablaLugar);
INSERT INTO arma_tu_fiesta.lugar (nombre, tipo, fk_pertenece) VALUES ('Ramos de Lora (Santa Elena de Arenales)', @tipo, @pertenece);

SET @tipo = 'Parroquia';
SET @pertenece = (SELECT pkLugar FROM
	(SELECT id_lugar as pkLugar FROM arma_tu_fiesta.lugar WHERE tipo = 'Municipio' AND nombre = 'Ramos de Lora (Santa Elena de Arenales)')
	as tablaLugar);
INSERT INTO arma_tu_fiesta.lugar (nombre, tipo, fk_pertenece) VALUES ('Eloy Paredes ( Guayabones)', @tipo, @pertenece);

SET @tipo = 'Parroquia';
SET @pertenece = (SELECT pkLugar FROM
	(SELECT id_lugar as pkLugar FROM arma_tu_fiesta.lugar WHERE tipo = 'Municipio' AND nombre = 'Ramos de Lora (Santa Elena de Arenales)')
	as tablaLugar);
INSERT INTO arma_tu_fiesta.lugar (nombre, tipo, fk_pertenece) VALUES ('San Rafael de Alcázar ( San Rafael de Alcázar)', @tipo, @pertenece);

SET @tipo = 'Parroquia';
SET @pertenece = (SELECT pkLugar FROM
	(SELECT id_lugar as pkLugar FROM arma_tu_fiesta.lugar WHERE tipo = 'Municipio' AND nombre = 'Ramos de Lora (Santa Elena de Arenales)')
	as tablaLugar);
INSERT INTO arma_tu_fiesta.lugar (nombre, tipo, fk_pertenece) VALUES ('Santa Elena de Arenales', @tipo, @pertenece);

SET @tipo = 'Municipio';
SET @pertenece = (SELECT pkLugar FROM
	(SELECT id_lugar as pkLugar FROM arma_tu_fiesta.lugar WHERE tipo = 'Estado' AND nombre = 'Mérida')
	as tablaLugar);
INSERT INTO arma_tu_fiesta.lugar (nombre, tipo, fk_pertenece) VALUES ('Salas (Arapuey)', @tipo, @pertenece);

SET @tipo = 'Parroquia';
SET @pertenece = (SELECT pkLugar FROM
	(SELECT id_lugar as pkLugar FROM arma_tu_fiesta.lugar WHERE tipo = 'Municipio' AND nombre = 'Salas (Arapuey)')
	as tablaLugar);
INSERT INTO arma_tu_fiesta.lugar (nombre, tipo, fk_pertenece) VALUES ('Arapuey ( Arapuey)', @tipo, @pertenece);

SET @tipo = 'Parroquia';
SET @pertenece = (SELECT pkLugar FROM
	(SELECT id_lugar as pkLugar FROM arma_tu_fiesta.lugar WHERE tipo = 'Municipio' AND nombre = 'Salas (Arapuey)')
	as tablaLugar);
INSERT INTO arma_tu_fiesta.lugar (nombre, tipo, fk_pertenece) VALUES ('Palmira ( San José de Palmira)', @tipo, @pertenece);

SET @tipo = 'Municipio';
SET @pertenece = (SELECT pkLugar FROM
	(SELECT id_lugar as pkLugar FROM arma_tu_fiesta.lugar WHERE tipo = 'Estado' AND nombre = 'Mérida')
	as tablaLugar);
INSERT INTO arma_tu_fiesta.lugar (nombre, tipo, fk_pertenece) VALUES ('Marquina (Tabay)', @tipo, @pertenece);

SET @tipo = 'Parroquia';
SET @pertenece = (SELECT pkLugar FROM
	(SELECT id_lugar as pkLugar FROM arma_tu_fiesta.lugar WHERE tipo = 'Municipio' AND nombre = 'Marquina (Tabay)')
	as tablaLugar);
INSERT INTO arma_tu_fiesta.lugar (nombre, tipo, fk_pertenece) VALUES ('Tabay', @tipo, @pertenece);

SET @tipo = 'Municipio';
SET @pertenece = (SELECT pkLugar FROM
	(SELECT id_lugar as pkLugar FROM arma_tu_fiesta.lugar WHERE tipo = 'Estado' AND nombre = 'Mérida')
	as tablaLugar);
INSERT INTO arma_tu_fiesta.lugar (nombre, tipo, fk_pertenece) VALUES ('Sucre (Lagunillas)', @tipo, @pertenece);

SET @tipo = 'Parroquia';
SET @pertenece = (SELECT pkLugar FROM
	(SELECT id_lugar as pkLugar FROM arma_tu_fiesta.lugar WHERE tipo = 'Municipio' AND nombre = 'Sucre (Lagunillas)')
	as tablaLugar);
INSERT INTO arma_tu_fiesta.lugar (nombre, tipo, fk_pertenece) VALUES ('Chiguará', @tipo, @pertenece);

SET @tipo = 'Parroquia';
SET @pertenece = (SELECT pkLugar FROM
	(SELECT id_lugar as pkLugar FROM arma_tu_fiesta.lugar WHERE tipo = 'Municipio' AND nombre = 'Sucre (Lagunillas)')
	as tablaLugar);
INSERT INTO arma_tu_fiesta.lugar (nombre, tipo, fk_pertenece) VALUES ('Estánques ( Estánques)', @tipo, @pertenece);

SET @tipo = 'Parroquia';
SET @pertenece = (SELECT pkLugar FROM
	(SELECT id_lugar as pkLugar FROM arma_tu_fiesta.lugar WHERE tipo = 'Municipio' AND nombre = 'Sucre (Lagunillas)')
	as tablaLugar);
INSERT INTO arma_tu_fiesta.lugar (nombre, tipo, fk_pertenece) VALUES ('Lagunillas', @tipo, @pertenece);

SET @tipo = 'Parroquia';
SET @pertenece = (SELECT pkLugar FROM
	(SELECT id_lugar as pkLugar FROM arma_tu_fiesta.lugar WHERE tipo = 'Municipio' AND nombre = 'Sucre (Lagunillas)')
	as tablaLugar);
INSERT INTO arma_tu_fiesta.lugar (nombre, tipo, fk_pertenece) VALUES ('La Trampa ( La Trampa)', @tipo, @pertenece);

SET @tipo = 'Parroquia';
SET @pertenece = (SELECT pkLugar FROM
	(SELECT id_lugar as pkLugar FROM arma_tu_fiesta.lugar WHERE tipo = 'Municipio' AND nombre = 'Sucre (Lagunillas)')
	as tablaLugar);
INSERT INTO arma_tu_fiesta.lugar (nombre, tipo, fk_pertenece) VALUES ('Pueblo Nuevo del Sur ( Pueblo Nuevo del Sur)', @tipo, @pertenece);

SET @tipo = 'Parroquia';
SET @pertenece = (SELECT pkLugar FROM
	(SELECT id_lugar as pkLugar FROM arma_tu_fiesta.lugar WHERE tipo = 'Municipio' AND nombre = 'Sucre (Lagunillas)')
	as tablaLugar);
INSERT INTO arma_tu_fiesta.lugar (nombre, tipo, fk_pertenece) VALUES ('San Juan', @tipo, @pertenece);

SET @tipo = 'Municipio';
SET @pertenece = (SELECT pkLugar FROM
	(SELECT id_lugar as pkLugar FROM arma_tu_fiesta.lugar WHERE tipo = 'Estado' AND nombre = 'Mérida')
	as tablaLugar);
INSERT INTO arma_tu_fiesta.lugar (nombre, tipo, fk_pertenece) VALUES ('Tovar (Tovar)', @tipo, @pertenece);

SET @tipo = 'Parroquia';
SET @pertenece = (SELECT pkLugar FROM
	(SELECT id_lugar as pkLugar FROM arma_tu_fiesta.lugar WHERE tipo = 'Municipio' AND nombre = 'Tovar (Tovar)')
	as tablaLugar);
INSERT INTO arma_tu_fiesta.lugar (nombre, tipo, fk_pertenece) VALUES ('El Amparo ( Tovar)', @tipo, @pertenece);

SET @tipo = 'Parroquia';
SET @pertenece = (SELECT pkLugar FROM
	(SELECT id_lugar as pkLugar FROM arma_tu_fiesta.lugar WHERE tipo = 'Municipio' AND nombre = 'Tovar (Tovar)')
	as tablaLugar);
INSERT INTO arma_tu_fiesta.lugar (nombre, tipo, fk_pertenece) VALUES ('El Llano ( Tovar)', @tipo, @pertenece);

SET @tipo = 'Parroquia';
SET @pertenece = (SELECT pkLugar FROM
	(SELECT id_lugar as pkLugar FROM arma_tu_fiesta.lugar WHERE tipo = 'Municipio' AND nombre = 'Tovar (Tovar)')
	as tablaLugar);
INSERT INTO arma_tu_fiesta.lugar (nombre, tipo, fk_pertenece) VALUES ('San Francisco ( Tovar)', @tipo, @pertenece);

SET @tipo = 'Parroquia';
SET @pertenece = (SELECT pkLugar FROM
	(SELECT id_lugar as pkLugar FROM arma_tu_fiesta.lugar WHERE tipo = 'Municipio' AND nombre = 'Tovar (Tovar)')
	as tablaLugar);
INSERT INTO arma_tu_fiesta.lugar (nombre, tipo, fk_pertenece) VALUES ('Tovar ( Tovar)', @tipo, @pertenece);

SET @tipo = 'Municipio';
SET @pertenece = (SELECT pkLugar FROM
	(SELECT id_lugar as pkLugar FROM arma_tu_fiesta.lugar WHERE tipo = 'Estado' AND nombre = 'Mérida')
	as tablaLugar);
INSERT INTO arma_tu_fiesta.lugar (nombre, tipo, fk_pertenece) VALUES ('Zea (Zea)', @tipo, @pertenece);

SET @tipo = 'Parroquia';
SET @pertenece = (SELECT pkLugar FROM
	(SELECT id_lugar as pkLugar FROM arma_tu_fiesta.lugar WHERE tipo = 'Municipio' AND nombre = 'Zea (Zea)')
	as tablaLugar);
INSERT INTO arma_tu_fiesta.lugar (nombre, tipo, fk_pertenece) VALUES ('Caño El Tigre ( Caño Tigre)', @tipo, @pertenece);

SET @tipo = 'Parroquia';
SET @pertenece = (SELECT pkLugar FROM
	(SELECT id_lugar as pkLugar FROM arma_tu_fiesta.lugar WHERE tipo = 'Municipio' AND nombre = 'Zea (Zea)')
	as tablaLugar);
INSERT INTO arma_tu_fiesta.lugar (nombre, tipo, fk_pertenece) VALUES ('Zea', @tipo, @pertenece);

SET @tipo = 'Estado';
SET @pertenece = (SELECT pkLugar FROM
	(SELECT id_lugar as pkLugar FROM arma_tu_fiesta.lugar WHERE tipo = 'Pais' AND nombre = 'Venezuela')
	as tablaLugar);
INSERT INTO arma_tu_fiesta.lugar (nombre, tipo, fk_pertenece) VALUES ('Miranda', @tipo, @pertenece);

SET @tipo = 'Municipio';
SET @pertenece = (SELECT pkLugar FROM
	(SELECT id_lugar as pkLugar FROM arma_tu_fiesta.lugar WHERE tipo = 'Estado' AND nombre = 'Miranda')
	as tablaLugar);
INSERT INTO arma_tu_fiesta.lugar (nombre, tipo, fk_pertenece) VALUES ('Acevedo (Caucagua)', @tipo, @pertenece);

SET @tipo = 'Parroquia';
SET @pertenece = (SELECT pkLugar FROM
	(SELECT id_lugar as pkLugar FROM arma_tu_fiesta.lugar WHERE tipo = 'Municipio' AND nombre = 'Acevedo (Caucagua)')
	as tablaLugar);
INSERT INTO arma_tu_fiesta.lugar (nombre, tipo, fk_pertenece) VALUES ('Aragüita', @tipo, @pertenece);

SET @tipo = 'Parroquia';
SET @pertenece = (SELECT pkLugar FROM
	(SELECT id_lugar as pkLugar FROM arma_tu_fiesta.lugar WHERE tipo = 'Municipio' AND nombre = 'Acevedo (Caucagua)')
	as tablaLugar);
INSERT INTO arma_tu_fiesta.lugar (nombre, tipo, fk_pertenece) VALUES ('Arévalo González', @tipo, @pertenece);

SET @tipo = 'Parroquia';
SET @pertenece = (SELECT pkLugar FROM
	(SELECT id_lugar as pkLugar FROM arma_tu_fiesta.lugar WHERE tipo = 'Municipio' AND nombre = 'Acevedo (Caucagua)')
	as tablaLugar);
INSERT INTO arma_tu_fiesta.lugar (nombre, tipo, fk_pertenece) VALUES ('Capaya', @tipo, @pertenece);

SET @tipo = 'Parroquia';
SET @pertenece = (SELECT pkLugar FROM
	(SELECT id_lugar as pkLugar FROM arma_tu_fiesta.lugar WHERE tipo = 'Municipio' AND nombre = 'Acevedo (Caucagua)')
	as tablaLugar);
INSERT INTO arma_tu_fiesta.lugar (nombre, tipo, fk_pertenece) VALUES ('Caucagua', @tipo, @pertenece);

SET @tipo = 'Parroquia';
SET @pertenece = (SELECT pkLugar FROM
	(SELECT id_lugar as pkLugar FROM arma_tu_fiesta.lugar WHERE tipo = 'Municipio' AND nombre = 'Acevedo (Caucagua)')
	as tablaLugar);
INSERT INTO arma_tu_fiesta.lugar (nombre, tipo, fk_pertenece) VALUES ('Panaquire', @tipo, @pertenece);

SET @tipo = 'Parroquia';
SET @pertenece = (SELECT pkLugar FROM
	(SELECT id_lugar as pkLugar FROM arma_tu_fiesta.lugar WHERE tipo = 'Municipio' AND nombre = 'Acevedo (Caucagua)')
	as tablaLugar);
INSERT INTO arma_tu_fiesta.lugar (nombre, tipo, fk_pertenece) VALUES ('Ribas', @tipo, @pertenece);

SET @tipo = 'Parroquia';
SET @pertenece = (SELECT pkLugar FROM
	(SELECT id_lugar as pkLugar FROM arma_tu_fiesta.lugar WHERE tipo = 'Municipio' AND nombre = 'Acevedo (Caucagua)')
	as tablaLugar);
INSERT INTO arma_tu_fiesta.lugar (nombre, tipo, fk_pertenece) VALUES ('El Café', @tipo, @pertenece);

SET @tipo = 'Parroquia';
SET @pertenece = (SELECT pkLugar FROM
	(SELECT id_lugar as pkLugar FROM arma_tu_fiesta.lugar WHERE tipo = 'Municipio' AND nombre = 'Acevedo (Caucagua)')
	as tablaLugar);
INSERT INTO arma_tu_fiesta.lugar (nombre, tipo, fk_pertenece) VALUES ('Marizapa', @tipo, @pertenece);

SET @tipo = 'Municipio';
SET @pertenece = (SELECT pkLugar FROM
	(SELECT id_lugar as pkLugar FROM arma_tu_fiesta.lugar WHERE tipo = 'Estado' AND nombre = 'Miranda')
	as tablaLugar);
INSERT INTO arma_tu_fiesta.lugar (nombre, tipo, fk_pertenece) VALUES ('Andrés Bello (San José de Barlovento)', @tipo, @pertenece);

SET @tipo = 'Parroquia';
SET @pertenece = (SELECT pkLugar FROM
	(SELECT id_lugar as pkLugar FROM arma_tu_fiesta.lugar WHERE tipo = 'Municipio' AND nombre = 'Andrés Bello (San José de Barlovento)')
	as tablaLugar);
INSERT INTO arma_tu_fiesta.lugar (nombre, tipo, fk_pertenece) VALUES ('Cumbo', @tipo, @pertenece);

SET @tipo = 'Parroquia';
SET @pertenece = (SELECT pkLugar FROM
	(SELECT id_lugar as pkLugar FROM arma_tu_fiesta.lugar WHERE tipo = 'Municipio' AND nombre = 'Andrés Bello (San José de Barlovento)')
	as tablaLugar);
INSERT INTO arma_tu_fiesta.lugar (nombre, tipo, fk_pertenece) VALUES ('San José de Barlovento', @tipo, @pertenece);

SET @tipo = 'Municipio';
SET @pertenece = (SELECT pkLugar FROM
	(SELECT id_lugar as pkLugar FROM arma_tu_fiesta.lugar WHERE tipo = 'Estado' AND nombre = 'Miranda')
	as tablaLugar);
INSERT INTO arma_tu_fiesta.lugar (nombre, tipo, fk_pertenece) VALUES ('Baruta (Baruta)', @tipo, @pertenece);

SET @tipo = 'Parroquia';
SET @pertenece = (SELECT pkLugar FROM
	(SELECT id_lugar as pkLugar FROM arma_tu_fiesta.lugar WHERE tipo = 'Municipio' AND nombre = 'Baruta (Baruta)')
	as tablaLugar);
INSERT INTO arma_tu_fiesta.lugar (nombre, tipo, fk_pertenece) VALUES ('El Cafetal ( Área metropolitana de Caracas)', @tipo, @pertenece);

SET @tipo = 'Parroquia';
SET @pertenece = (SELECT pkLugar FROM
	(SELECT id_lugar as pkLugar FROM arma_tu_fiesta.lugar WHERE tipo = 'Municipio' AND nombre = 'Baruta (Baruta)')
	as tablaLugar);
INSERT INTO arma_tu_fiesta.lugar (nombre, tipo, fk_pertenece) VALUES ('Las Minas ( Área metropolitana de Caracas)', @tipo, @pertenece);

SET @tipo = 'Municipio';
SET @pertenece = (SELECT pkLugar FROM
	(SELECT id_lugar as pkLugar FROM arma_tu_fiesta.lugar WHERE tipo = 'Estado' AND nombre = 'Miranda')
	as tablaLugar);
INSERT INTO arma_tu_fiesta.lugar (nombre, tipo, fk_pertenece) VALUES ('Brión (Higuerote)', @tipo, @pertenece);

SET @tipo = 'Parroquia';
SET @pertenece = (SELECT pkLugar FROM
	(SELECT id_lugar as pkLugar FROM arma_tu_fiesta.lugar WHERE tipo = 'Municipio' AND nombre = 'Brión (Higuerote)')
	as tablaLugar);
INSERT INTO arma_tu_fiesta.lugar (nombre, tipo, fk_pertenece) VALUES ('Higuerote', @tipo, @pertenece);

SET @tipo = 'Parroquia';
SET @pertenece = (SELECT pkLugar FROM
	(SELECT id_lugar as pkLugar FROM arma_tu_fiesta.lugar WHERE tipo = 'Municipio' AND nombre = 'Brión (Higuerote)')
	as tablaLugar);
INSERT INTO arma_tu_fiesta.lugar (nombre, tipo, fk_pertenece) VALUES ('Curiepe', @tipo, @pertenece);

SET @tipo = 'Parroquia';
SET @pertenece = (SELECT pkLugar FROM
	(SELECT id_lugar as pkLugar FROM arma_tu_fiesta.lugar WHERE tipo = 'Municipio' AND nombre = 'Brión (Higuerote)')
	as tablaLugar);
INSERT INTO arma_tu_fiesta.lugar (nombre, tipo, fk_pertenece) VALUES ('Tacarigua de Brión', @tipo, @pertenece);

SET @tipo = 'Municipio';
SET @pertenece = (SELECT pkLugar FROM
	(SELECT id_lugar as pkLugar FROM arma_tu_fiesta.lugar WHERE tipo = 'Estado' AND nombre = 'Miranda')
	as tablaLugar);
INSERT INTO arma_tu_fiesta.lugar (nombre, tipo, fk_pertenece) VALUES ('Bolívar (San Francisco de Yare)', @tipo, @pertenece);

SET @tipo = 'Parroquia';
SET @pertenece = (SELECT pkLugar FROM
	(SELECT id_lugar as pkLugar FROM arma_tu_fiesta.lugar WHERE tipo = 'Municipio' AND nombre = 'Bolívar (San Francisco de Yare)')
	as tablaLugar);
INSERT INTO arma_tu_fiesta.lugar (nombre, tipo, fk_pertenece) VALUES ('San Antonio de Yare', @tipo, @pertenece);

SET @tipo = 'Parroquia';
SET @pertenece = (SELECT pkLugar FROM
	(SELECT id_lugar as pkLugar FROM arma_tu_fiesta.lugar WHERE tipo = 'Municipio' AND nombre = 'Bolívar (San Francisco de Yare)')
	as tablaLugar);
INSERT INTO arma_tu_fiesta.lugar (nombre, tipo, fk_pertenece) VALUES ('San Francisco de Yare', @tipo, @pertenece);

SET @tipo = 'Municipio';
SET @pertenece = (SELECT pkLugar FROM
	(SELECT id_lugar as pkLugar FROM arma_tu_fiesta.lugar WHERE tipo = 'Estado' AND nombre = 'Miranda')
	as tablaLugar);
INSERT INTO arma_tu_fiesta.lugar (nombre, tipo, fk_pertenece) VALUES ('Buroz (Mamporal)', @tipo, @pertenece);

SET @tipo = 'Parroquia';
SET @pertenece = (SELECT pkLugar FROM
	(SELECT id_lugar as pkLugar FROM arma_tu_fiesta.lugar WHERE tipo = 'Municipio' AND nombre = 'Buroz (Mamporal)')
	as tablaLugar);
INSERT INTO arma_tu_fiesta.lugar (nombre, tipo, fk_pertenece) VALUES ('Mamporal', @tipo, @pertenece);

SET @tipo = 'Municipio';
SET @pertenece = (SELECT pkLugar FROM
	(SELECT id_lugar as pkLugar FROM arma_tu_fiesta.lugar WHERE tipo = 'Estado' AND nombre = 'Miranda')
	as tablaLugar);
INSERT INTO arma_tu_fiesta.lugar (nombre, tipo, fk_pertenece) VALUES ('Carrizal (Carrizal)', @tipo, @pertenece);

SET @tipo = 'Parroquia';
SET @pertenece = (SELECT pkLugar FROM
	(SELECT id_lugar as pkLugar FROM arma_tu_fiesta.lugar WHERE tipo = 'Municipio' AND nombre = 'Carrizal (Carrizal)')
	as tablaLugar);
INSERT INTO arma_tu_fiesta.lugar (nombre, tipo, fk_pertenece) VALUES ('Carrizal', @tipo, @pertenece);

SET @tipo = 'Municipio';
SET @pertenece = (SELECT pkLugar FROM
	(SELECT id_lugar as pkLugar FROM arma_tu_fiesta.lugar WHERE tipo = 'Estado' AND nombre = 'Miranda')
	as tablaLugar);
INSERT INTO arma_tu_fiesta.lugar (nombre, tipo, fk_pertenece) VALUES ('Chacao (Chacao)', @tipo, @pertenece);

SET @tipo = 'Parroquia';
SET @pertenece = (SELECT pkLugar FROM
	(SELECT id_lugar as pkLugar FROM arma_tu_fiesta.lugar WHERE tipo = 'Municipio' AND nombre = 'Chacao (Chacao)')
	as tablaLugar);
INSERT INTO arma_tu_fiesta.lugar (nombre, tipo, fk_pertenece) VALUES ('Chacao ( Área metropolitana de Caracas)', @tipo, @pertenece);

SET @tipo = 'Municipio';
SET @pertenece = (SELECT pkLugar FROM
	(SELECT id_lugar as pkLugar FROM arma_tu_fiesta.lugar WHERE tipo = 'Estado' AND nombre = 'Miranda')
	as tablaLugar);
INSERT INTO arma_tu_fiesta.lugar (nombre, tipo, fk_pertenece) VALUES ('Cristóbal Rojas (Charallave)', @tipo, @pertenece);

SET @tipo = 'Parroquia';
SET @pertenece = (SELECT pkLugar FROM
	(SELECT id_lugar as pkLugar FROM arma_tu_fiesta.lugar WHERE tipo = 'Municipio' AND nombre = 'Cristóbal Rojas (Charallave)')
	as tablaLugar);
INSERT INTO arma_tu_fiesta.lugar (nombre, tipo, fk_pertenece) VALUES ('Charallave', @tipo, @pertenece);

SET @tipo = 'Parroquia';
SET @pertenece = (SELECT pkLugar FROM
	(SELECT id_lugar as pkLugar FROM arma_tu_fiesta.lugar WHERE tipo = 'Municipio' AND nombre = 'Cristóbal Rojas (Charallave)')
	as tablaLugar);
INSERT INTO arma_tu_fiesta.lugar (nombre, tipo, fk_pertenece) VALUES ('Las Brisas', @tipo, @pertenece);

SET @tipo = 'Municipio';
SET @pertenece = (SELECT pkLugar FROM
	(SELECT id_lugar as pkLugar FROM arma_tu_fiesta.lugar WHERE tipo = 'Estado' AND nombre = 'Miranda')
	as tablaLugar);
INSERT INTO arma_tu_fiesta.lugar (nombre, tipo, fk_pertenece) VALUES ('El Hatillo (El Hatillo)', @tipo, @pertenece);

SET @tipo = 'Parroquia';
SET @pertenece = (SELECT pkLugar FROM
	(SELECT id_lugar as pkLugar FROM arma_tu_fiesta.lugar WHERE tipo = 'Municipio' AND nombre = 'El Hatillo (El Hatillo)')
	as tablaLugar);
INSERT INTO arma_tu_fiesta.lugar (nombre, tipo, fk_pertenece) VALUES ('Santa Rosalía de Palermo( Área metropolitana de Caracas)', @tipo, @pertenece);

SET @tipo = 'Municipio';
SET @pertenece = (SELECT pkLugar FROM
	(SELECT id_lugar as pkLugar FROM arma_tu_fiesta.lugar WHERE tipo = 'Estado' AND nombre = 'Miranda')
	as tablaLugar);
INSERT INTO arma_tu_fiesta.lugar (nombre, tipo, fk_pertenece) VALUES ('Guaicaipuro (Los Teques)', @tipo, @pertenece);

SET @tipo = 'Parroquia';
SET @pertenece = (SELECT pkLugar FROM
	(SELECT id_lugar as pkLugar FROM arma_tu_fiesta.lugar WHERE tipo = 'Municipio' AND nombre = 'Guaicaipuro (Los Teques)')
	as tablaLugar);
INSERT INTO arma_tu_fiesta.lugar (nombre, tipo, fk_pertenece) VALUES ('Altagracia de la Montaña', @tipo, @pertenece);

SET @tipo = 'Parroquia';
SET @pertenece = (SELECT pkLugar FROM
	(SELECT id_lugar as pkLugar FROM arma_tu_fiesta.lugar WHERE tipo = 'Municipio' AND nombre = 'Guaicaipuro (Los Teques)')
	as tablaLugar);
INSERT INTO arma_tu_fiesta.lugar (nombre, tipo, fk_pertenece) VALUES ('Cecilio Acosta', @tipo, @pertenece);

SET @tipo = 'Parroquia';
SET @pertenece = (SELECT pkLugar FROM
	(SELECT id_lugar as pkLugar FROM arma_tu_fiesta.lugar WHERE tipo = 'Municipio' AND nombre = 'Guaicaipuro (Los Teques)')
	as tablaLugar);
INSERT INTO arma_tu_fiesta.lugar (nombre, tipo, fk_pertenece) VALUES ('Los Teques', @tipo, @pertenece);

SET @tipo = 'Parroquia';
SET @pertenece = (SELECT pkLugar FROM
	(SELECT id_lugar as pkLugar FROM arma_tu_fiesta.lugar WHERE tipo = 'Municipio' AND nombre = 'Guaicaipuro (Los Teques)')
	as tablaLugar);
INSERT INTO arma_tu_fiesta.lugar (nombre, tipo, fk_pertenece) VALUES ('El Jarillo', @tipo, @pertenece);

SET @tipo = 'Parroquia';
SET @pertenece = (SELECT pkLugar FROM
	(SELECT id_lugar as pkLugar FROM arma_tu_fiesta.lugar WHERE tipo = 'Municipio' AND nombre = 'Guaicaipuro (Los Teques)')
	as tablaLugar);
INSERT INTO arma_tu_fiesta.lugar (nombre, tipo, fk_pertenece) VALUES ('San Pedro', @tipo, @pertenece);

SET @tipo = 'Parroquia';
SET @pertenece = (SELECT pkLugar FROM
	(SELECT id_lugar as pkLugar FROM arma_tu_fiesta.lugar WHERE tipo = 'Municipio' AND nombre = 'Guaicaipuro (Los Teques)')
	as tablaLugar);
INSERT INTO arma_tu_fiesta.lugar (nombre, tipo, fk_pertenece) VALUES ('Tácata', @tipo, @pertenece);

SET @tipo = 'Parroquia';
SET @pertenece = (SELECT pkLugar FROM
	(SELECT id_lugar as pkLugar FROM arma_tu_fiesta.lugar WHERE tipo = 'Municipio' AND nombre = 'Guaicaipuro (Los Teques)')
	as tablaLugar);
INSERT INTO arma_tu_fiesta.lugar (nombre, tipo, fk_pertenece) VALUES ('Paracotos', @tipo, @pertenece);

SET @tipo = 'Municipio';
SET @pertenece = (SELECT pkLugar FROM
	(SELECT id_lugar as pkLugar FROM arma_tu_fiesta.lugar WHERE tipo = 'Estado' AND nombre = 'Miranda')
	as tablaLugar);
INSERT INTO arma_tu_fiesta.lugar (nombre, tipo, fk_pertenece) VALUES ('Gual (Cúpira)', @tipo, @pertenece);

SET @tipo = 'Parroquia';
SET @pertenece = (SELECT pkLugar FROM
	(SELECT id_lugar as pkLugar FROM arma_tu_fiesta.lugar WHERE tipo = 'Municipio' AND nombre = 'Gual (Cúpira)')
	as tablaLugar);
INSERT INTO arma_tu_fiesta.lugar (nombre, tipo, fk_pertenece) VALUES ('Cúpira', @tipo, @pertenece);

SET @tipo = 'Parroquia';
SET @pertenece = (SELECT pkLugar FROM
	(SELECT id_lugar as pkLugar FROM arma_tu_fiesta.lugar WHERE tipo = 'Municipio' AND nombre = 'Gual (Cúpira)')
	as tablaLugar);
INSERT INTO arma_tu_fiesta.lugar (nombre, tipo, fk_pertenece) VALUES ('Machurucuto', @tipo, @pertenece);

SET @tipo = 'Municipio';
SET @pertenece = (SELECT pkLugar FROM
	(SELECT id_lugar as pkLugar FROM arma_tu_fiesta.lugar WHERE tipo = 'Estado' AND nombre = 'Miranda')
	as tablaLugar);
INSERT INTO arma_tu_fiesta.lugar (nombre, tipo, fk_pertenece) VALUES ('Independencia (Santa Teresa del Tuy)', @tipo, @pertenece);

SET @tipo = 'Parroquia';
SET @pertenece = (SELECT pkLugar FROM
	(SELECT id_lugar as pkLugar FROM arma_tu_fiesta.lugar WHERE tipo = 'Municipio' AND nombre = 'Independencia (Santa Teresa del Tuy)')
	as tablaLugar);
INSERT INTO arma_tu_fiesta.lugar (nombre, tipo, fk_pertenece) VALUES ('Cartanal', @tipo, @pertenece);

SET @tipo = 'Parroquia';
SET @pertenece = (SELECT pkLugar FROM
	(SELECT id_lugar as pkLugar FROM arma_tu_fiesta.lugar WHERE tipo = 'Municipio' AND nombre = 'Independencia (Santa Teresa del Tuy)')
	as tablaLugar);
INSERT INTO arma_tu_fiesta.lugar (nombre, tipo, fk_pertenece) VALUES ('Santa Teresa del Tuy', @tipo, @pertenece);

SET @tipo = 'Municipio';
SET @pertenece = (SELECT pkLugar FROM
	(SELECT id_lugar as pkLugar FROM arma_tu_fiesta.lugar WHERE tipo = 'Estado' AND nombre = 'Miranda')
	as tablaLugar);
INSERT INTO arma_tu_fiesta.lugar (nombre, tipo, fk_pertenece) VALUES ('Lander (Ocumare del Tuy)', @tipo, @pertenece);

SET @tipo = 'Parroquia';
SET @pertenece = (SELECT pkLugar FROM
	(SELECT id_lugar as pkLugar FROM arma_tu_fiesta.lugar WHERE tipo = 'Municipio' AND nombre = 'Lander (Ocumare del Tuy)')
	as tablaLugar);
INSERT INTO arma_tu_fiesta.lugar (nombre, tipo, fk_pertenece) VALUES ('La Democracia', @tipo, @pertenece);

SET @tipo = 'Parroquia';
SET @pertenece = (SELECT pkLugar FROM
	(SELECT id_lugar as pkLugar FROM arma_tu_fiesta.lugar WHERE tipo = 'Municipio' AND nombre = 'Lander (Ocumare del Tuy)')
	as tablaLugar);
INSERT INTO arma_tu_fiesta.lugar (nombre, tipo, fk_pertenece) VALUES ('Ocumare del Tuy', @tipo, @pertenece);

SET @tipo = 'Parroquia';
SET @pertenece = (SELECT pkLugar FROM
	(SELECT id_lugar as pkLugar FROM arma_tu_fiesta.lugar WHERE tipo = 'Municipio' AND nombre = 'Lander (Ocumare del Tuy)')
	as tablaLugar);
INSERT INTO arma_tu_fiesta.lugar (nombre, tipo, fk_pertenece) VALUES ('Santa Bárbara', @tipo, @pertenece);

SET @tipo = 'Municipio';
SET @pertenece = (SELECT pkLugar FROM
	(SELECT id_lugar as pkLugar FROM arma_tu_fiesta.lugar WHERE tipo = 'Estado' AND nombre = 'Miranda')
	as tablaLugar);
INSERT INTO arma_tu_fiesta.lugar (nombre, tipo, fk_pertenece) VALUES ('Los Salias (San Antonio de los Altos)', @tipo, @pertenece);

SET @tipo = 'Parroquia';
SET @pertenece = (SELECT pkLugar FROM
	(SELECT id_lugar as pkLugar FROM arma_tu_fiesta.lugar WHERE tipo = 'Municipio' AND nombre = 'Los Salias (San Antonio de los Altos)')
	as tablaLugar);
INSERT INTO arma_tu_fiesta.lugar (nombre, tipo, fk_pertenece) VALUES ('San Antonio de los Altos', @tipo, @pertenece);

SET @tipo = 'Municipio';
SET @pertenece = (SELECT pkLugar FROM
	(SELECT id_lugar as pkLugar FROM arma_tu_fiesta.lugar WHERE tipo = 'Estado' AND nombre = 'Miranda')
	as tablaLugar);
INSERT INTO arma_tu_fiesta.lugar (nombre, tipo, fk_pertenece) VALUES ('Páez (Río Chico)', @tipo, @pertenece);

SET @tipo = 'Parroquia';
SET @pertenece = (SELECT pkLugar FROM
	(SELECT id_lugar as pkLugar FROM arma_tu_fiesta.lugar WHERE tipo = 'Municipio' AND nombre = 'Páez (Río Chico)')
	as tablaLugar);
INSERT INTO arma_tu_fiesta.lugar (nombre, tipo, fk_pertenece) VALUES ('Río Chico', @tipo, @pertenece);

SET @tipo = 'Parroquia';
SET @pertenece = (SELECT pkLugar FROM
	(SELECT id_lugar as pkLugar FROM arma_tu_fiesta.lugar WHERE tipo = 'Municipio' AND nombre = 'Páez (Río Chico)')
	as tablaLugar);
INSERT INTO arma_tu_fiesta.lugar (nombre, tipo, fk_pertenece) VALUES ('El Guapo', @tipo, @pertenece);

SET @tipo = 'Parroquia';
SET @pertenece = (SELECT pkLugar FROM
	(SELECT id_lugar as pkLugar FROM arma_tu_fiesta.lugar WHERE tipo = 'Municipio' AND nombre = 'Páez (Río Chico)')
	as tablaLugar);
INSERT INTO arma_tu_fiesta.lugar (nombre, tipo, fk_pertenece) VALUES ('Tacarigua de la Laguna', @tipo, @pertenece);

SET @tipo = 'Parroquia';
SET @pertenece = (SELECT pkLugar FROM
	(SELECT id_lugar as pkLugar FROM arma_tu_fiesta.lugar WHERE tipo = 'Municipio' AND nombre = 'Páez (Río Chico)')
	as tablaLugar);
INSERT INTO arma_tu_fiesta.lugar (nombre, tipo, fk_pertenece) VALUES ('Paparo', @tipo, @pertenece);

SET @tipo = 'Parroquia';
SET @pertenece = (SELECT pkLugar FROM
	(SELECT id_lugar as pkLugar FROM arma_tu_fiesta.lugar WHERE tipo = 'Municipio' AND nombre = 'Páez (Río Chico)')
	as tablaLugar);
INSERT INTO arma_tu_fiesta.lugar (nombre, tipo, fk_pertenece) VALUES ('San Fernando del Guapo', @tipo, @pertenece);

SET @tipo = 'Municipio';
SET @pertenece = (SELECT pkLugar FROM
	(SELECT id_lugar as pkLugar FROM arma_tu_fiesta.lugar WHERE tipo = 'Estado' AND nombre = 'Miranda')
	as tablaLugar);
INSERT INTO arma_tu_fiesta.lugar (nombre, tipo, fk_pertenece) VALUES ('Paz Castillo (Santa Lucía)', @tipo, @pertenece);

SET @tipo = 'Parroquia';
SET @pertenece = (SELECT pkLugar FROM
	(SELECT id_lugar as pkLugar FROM arma_tu_fiesta.lugar WHERE tipo = 'Municipio' AND nombre = 'Paz Castillo (Santa Lucía)')
	as tablaLugar);
INSERT INTO arma_tu_fiesta.lugar (nombre, tipo, fk_pertenece) VALUES ('Santa Lucía del Tuy', @tipo, @pertenece);

SET @tipo = 'Municipio';
SET @pertenece = (SELECT pkLugar FROM
	(SELECT id_lugar as pkLugar FROM arma_tu_fiesta.lugar WHERE tipo = 'Estado' AND nombre = 'Miranda')
	as tablaLugar);
INSERT INTO arma_tu_fiesta.lugar (nombre, tipo, fk_pertenece) VALUES ('Plaza (Guarenas)', @tipo, @pertenece);

SET @tipo = 'Parroquia';
SET @pertenece = (SELECT pkLugar FROM
	(SELECT id_lugar as pkLugar FROM arma_tu_fiesta.lugar WHERE tipo = 'Municipio' AND nombre = 'Plaza (Guarenas)')
	as tablaLugar);
INSERT INTO arma_tu_fiesta.lugar (nombre, tipo, fk_pertenece) VALUES ('Guarenas', @tipo, @pertenece);

SET @tipo = 'Municipio';
SET @pertenece = (SELECT pkLugar FROM
	(SELECT id_lugar as pkLugar FROM arma_tu_fiesta.lugar WHERE tipo = 'Estado' AND nombre = 'Miranda')
	as tablaLugar);
INSERT INTO arma_tu_fiesta.lugar (nombre, tipo, fk_pertenece) VALUES ('Sucre (Petare)', @tipo, @pertenece);

SET @tipo = 'Parroquia';
SET @pertenece = (SELECT pkLugar FROM
	(SELECT id_lugar as pkLugar FROM arma_tu_fiesta.lugar WHERE tipo = 'Municipio' AND nombre = 'Sucre (Petare)')
	as tablaLugar);
INSERT INTO arma_tu_fiesta.lugar (nombre, tipo, fk_pertenece) VALUES ('Leoncio Martínez ( Área metropolitana de Caracas)', @tipo, @pertenece);

SET @tipo = 'Parroquia';
SET @pertenece = (SELECT pkLugar FROM
	(SELECT id_lugar as pkLugar FROM arma_tu_fiesta.lugar WHERE tipo = 'Municipio' AND nombre = 'Sucre (Petare)')
	as tablaLugar);
INSERT INTO arma_tu_fiesta.lugar (nombre, tipo, fk_pertenece) VALUES ('Caucagüita ( Área metropolitana de Caracas)', @tipo, @pertenece);

SET @tipo = 'Parroquia';
SET @pertenece = (SELECT pkLugar FROM
	(SELECT id_lugar as pkLugar FROM arma_tu_fiesta.lugar WHERE tipo = 'Municipio' AND nombre = 'Sucre (Petare)')
	as tablaLugar);
INSERT INTO arma_tu_fiesta.lugar (nombre, tipo, fk_pertenece) VALUES ('Filas de Mariche ( Área metropolitana de Caracas)', @tipo, @pertenece);

SET @tipo = 'Parroquia';
SET @pertenece = (SELECT pkLugar FROM
	(SELECT id_lugar as pkLugar FROM arma_tu_fiesta.lugar WHERE tipo = 'Municipio' AND nombre = 'Sucre (Petare)')
	as tablaLugar);
INSERT INTO arma_tu_fiesta.lugar (nombre, tipo, fk_pertenece) VALUES ('La Dolorita ( Área metropolitana de Caracas)', @tipo, @pertenece);

SET @tipo = 'Parroquia';
SET @pertenece = (SELECT pkLugar FROM
	(SELECT id_lugar as pkLugar FROM arma_tu_fiesta.lugar WHERE tipo = 'Municipio' AND nombre = 'Sucre (Petare)')
	as tablaLugar);
INSERT INTO arma_tu_fiesta.lugar (nombre, tipo, fk_pertenece) VALUES ('Petare ( Área metropolitana de Caracas)', @tipo, @pertenece);

SET @tipo = 'Municipio';
SET @pertenece = (SELECT pkLugar FROM
	(SELECT id_lugar as pkLugar FROM arma_tu_fiesta.lugar WHERE tipo = 'Estado' AND nombre = 'Miranda')
	as tablaLugar);
INSERT INTO arma_tu_fiesta.lugar (nombre, tipo, fk_pertenece) VALUES ('Urdaneta (Cúa)', @tipo, @pertenece);

SET @tipo = 'Parroquia';
SET @pertenece = (SELECT pkLugar FROM
	(SELECT id_lugar as pkLugar FROM arma_tu_fiesta.lugar WHERE tipo = 'Municipio' AND nombre = 'Urdaneta (Cúa)')
	as tablaLugar);
INSERT INTO arma_tu_fiesta.lugar (nombre, tipo, fk_pertenece) VALUES ('Cúa', @tipo, @pertenece);

SET @tipo = 'Parroquia';
SET @pertenece = (SELECT pkLugar FROM
	(SELECT id_lugar as pkLugar FROM arma_tu_fiesta.lugar WHERE tipo = 'Municipio' AND nombre = 'Urdaneta (Cúa)')
	as tablaLugar);
INSERT INTO arma_tu_fiesta.lugar (nombre, tipo, fk_pertenece) VALUES ('Nueva Cúa', @tipo, @pertenece);

SET @tipo = 'Municipio';
SET @pertenece = (SELECT pkLugar FROM
	(SELECT id_lugar as pkLugar FROM arma_tu_fiesta.lugar WHERE tipo = 'Estado' AND nombre = 'Miranda')
	as tablaLugar);
INSERT INTO arma_tu_fiesta.lugar (nombre, tipo, fk_pertenece) VALUES ('Zamora (Guatire)', @tipo, @pertenece);

SET @tipo = 'Parroquia';
SET @pertenece = (SELECT pkLugar FROM
	(SELECT id_lugar as pkLugar FROM arma_tu_fiesta.lugar WHERE tipo = 'Municipio' AND nombre = 'Zamora (Guatire)')
	as tablaLugar);
INSERT INTO arma_tu_fiesta.lugar (nombre, tipo, fk_pertenece) VALUES ('Guatire', @tipo, @pertenece);

SET @tipo = 'Parroquia';
SET @pertenece = (SELECT pkLugar FROM
	(SELECT id_lugar as pkLugar FROM arma_tu_fiesta.lugar WHERE tipo = 'Municipio' AND nombre = 'Zamora (Guatire)')
	as tablaLugar);
INSERT INTO arma_tu_fiesta.lugar (nombre, tipo, fk_pertenece) VALUES ('Bolívar', @tipo, @pertenece);

SET @tipo = 'Estado';
SET @pertenece = (SELECT pkLugar FROM
	(SELECT id_lugar as pkLugar FROM arma_tu_fiesta.lugar WHERE tipo = 'Pais' AND nombre = 'Venezuela')
	as tablaLugar);
INSERT INTO arma_tu_fiesta.lugar (nombre, tipo, fk_pertenece) VALUES ('Monagas', @tipo, @pertenece);

SET @tipo = 'Municipio';
SET @pertenece = (SELECT pkLugar FROM
	(SELECT id_lugar as pkLugar FROM arma_tu_fiesta.lugar WHERE tipo = 'Estado' AND nombre = 'Monagas')
	as tablaLugar);
INSERT INTO arma_tu_fiesta.lugar (nombre, tipo, fk_pertenece) VALUES ('Acosta (San Antonio de Capayacuar)', @tipo, @pertenece);

SET @tipo = 'Parroquia';
SET @pertenece = (SELECT pkLugar FROM
	(SELECT id_lugar as pkLugar FROM arma_tu_fiesta.lugar WHERE tipo = 'Municipio' AND nombre = 'Acosta (San Antonio de Capayacuar)')
	as tablaLugar);
INSERT INTO arma_tu_fiesta.lugar (nombre, tipo, fk_pertenece) VALUES ('San Antonio de Maturín', @tipo, @pertenece);

SET @tipo = 'Parroquia';
SET @pertenece = (SELECT pkLugar FROM
	(SELECT id_lugar as pkLugar FROM arma_tu_fiesta.lugar WHERE tipo = 'Municipio' AND nombre = 'Acosta (San Antonio de Capayacuar)')
	as tablaLugar);
INSERT INTO arma_tu_fiesta.lugar (nombre, tipo, fk_pertenece) VALUES ('San Francisco de Maturín', @tipo, @pertenece);

SET @tipo = 'Municipio';
SET @pertenece = (SELECT pkLugar FROM
	(SELECT id_lugar as pkLugar FROM arma_tu_fiesta.lugar WHERE tipo = 'Estado' AND nombre = 'Monagas')
	as tablaLugar);
INSERT INTO arma_tu_fiesta.lugar (nombre, tipo, fk_pertenece) VALUES ('Aguasay (Aguasay)', @tipo, @pertenece);

SET @tipo = 'Parroquia';
SET @pertenece = (SELECT pkLugar FROM
	(SELECT id_lugar as pkLugar FROM arma_tu_fiesta.lugar WHERE tipo = 'Municipio' AND nombre = 'Aguasay (Aguasay)')
	as tablaLugar);
INSERT INTO arma_tu_fiesta.lugar (nombre, tipo, fk_pertenece) VALUES ('Aguasay', @tipo, @pertenece);

SET @tipo = 'Municipio';
SET @pertenece = (SELECT pkLugar FROM
	(SELECT id_lugar as pkLugar FROM arma_tu_fiesta.lugar WHERE tipo = 'Estado' AND nombre = 'Monagas')
	as tablaLugar);
INSERT INTO arma_tu_fiesta.lugar (nombre, tipo, fk_pertenece) VALUES ('Bolívar (Caripito)', @tipo, @pertenece);

SET @tipo = 'Parroquia';
SET @pertenece = (SELECT pkLugar FROM
	(SELECT id_lugar as pkLugar FROM arma_tu_fiesta.lugar WHERE tipo = 'Municipio' AND nombre = 'Bolívar (Caripito)')
	as tablaLugar);
INSERT INTO arma_tu_fiesta.lugar (nombre, tipo, fk_pertenece) VALUES ('Caripito', @tipo, @pertenece);

SET @tipo = 'Municipio';
SET @pertenece = (SELECT pkLugar FROM
	(SELECT id_lugar as pkLugar FROM arma_tu_fiesta.lugar WHERE tipo = 'Estado' AND nombre = 'Monagas')
	as tablaLugar);
INSERT INTO arma_tu_fiesta.lugar (nombre, tipo, fk_pertenece) VALUES ('Caripe (Caripe)', @tipo, @pertenece);

SET @tipo = 'Parroquia';
SET @pertenece = (SELECT pkLugar FROM
	(SELECT id_lugar as pkLugar FROM arma_tu_fiesta.lugar WHERE tipo = 'Municipio' AND nombre = 'Caripe (Caripe)')
	as tablaLugar);
INSERT INTO arma_tu_fiesta.lugar (nombre, tipo, fk_pertenece) VALUES ('El Guácharo', @tipo, @pertenece);

SET @tipo = 'Parroquia';
SET @pertenece = (SELECT pkLugar FROM
	(SELECT id_lugar as pkLugar FROM arma_tu_fiesta.lugar WHERE tipo = 'Municipio' AND nombre = 'Caripe (Caripe)')
	as tablaLugar);
INSERT INTO arma_tu_fiesta.lugar (nombre, tipo, fk_pertenece) VALUES ('La Guanota', @tipo, @pertenece);

SET @tipo = 'Parroquia';
SET @pertenece = (SELECT pkLugar FROM
	(SELECT id_lugar as pkLugar FROM arma_tu_fiesta.lugar WHERE tipo = 'Municipio' AND nombre = 'Caripe (Caripe)')
	as tablaLugar);
INSERT INTO arma_tu_fiesta.lugar (nombre, tipo, fk_pertenece) VALUES ('Sabana de Piedra', @tipo, @pertenece);

SET @tipo = 'Parroquia';
SET @pertenece = (SELECT pkLugar FROM
	(SELECT id_lugar as pkLugar FROM arma_tu_fiesta.lugar WHERE tipo = 'Municipio' AND nombre = 'Caripe (Caripe)')
	as tablaLugar);
INSERT INTO arma_tu_fiesta.lugar (nombre, tipo, fk_pertenece) VALUES ('San Agustín', @tipo, @pertenece);

SET @tipo = 'Parroquia';
SET @pertenece = (SELECT pkLugar FROM
	(SELECT id_lugar as pkLugar FROM arma_tu_fiesta.lugar WHERE tipo = 'Municipio' AND nombre = 'Caripe (Caripe)')
	as tablaLugar);
INSERT INTO arma_tu_fiesta.lugar (nombre, tipo, fk_pertenece) VALUES ('Teresen', @tipo, @pertenece);

SET @tipo = 'Parroquia';
SET @pertenece = (SELECT pkLugar FROM
	(SELECT id_lugar as pkLugar FROM arma_tu_fiesta.lugar WHERE tipo = 'Municipio' AND nombre = 'Caripe (Caripe)')
	as tablaLugar);
INSERT INTO arma_tu_fiesta.lugar (nombre, tipo, fk_pertenece) VALUES ('Caripe', @tipo, @pertenece);

SET @tipo = 'Municipio';
SET @pertenece = (SELECT pkLugar FROM
	(SELECT id_lugar as pkLugar FROM arma_tu_fiesta.lugar WHERE tipo = 'Estado' AND nombre = 'Monagas')
	as tablaLugar);
INSERT INTO arma_tu_fiesta.lugar (nombre, tipo, fk_pertenece) VALUES ('Cedeño (Caicara de Maturín)', @tipo, @pertenece);

SET @tipo = 'Parroquia';
SET @pertenece = (SELECT pkLugar FROM
	(SELECT id_lugar as pkLugar FROM arma_tu_fiesta.lugar WHERE tipo = 'Municipio' AND nombre = 'Cedeño (Caicara de Maturín)')
	as tablaLugar);
INSERT INTO arma_tu_fiesta.lugar (nombre, tipo, fk_pertenece) VALUES ('Areo', @tipo, @pertenece);

SET @tipo = 'Parroquia';
SET @pertenece = (SELECT pkLugar FROM
	(SELECT id_lugar as pkLugar FROM arma_tu_fiesta.lugar WHERE tipo = 'Municipio' AND nombre = 'Cedeño (Caicara de Maturín)')
	as tablaLugar);
INSERT INTO arma_tu_fiesta.lugar (nombre, tipo, fk_pertenece) VALUES ('Capital Cedeño', @tipo, @pertenece);

SET @tipo = 'Parroquia';
SET @pertenece = (SELECT pkLugar FROM
	(SELECT id_lugar as pkLugar FROM arma_tu_fiesta.lugar WHERE tipo = 'Municipio' AND nombre = 'Cedeño (Caicara de Maturín)')
	as tablaLugar);
INSERT INTO arma_tu_fiesta.lugar (nombre, tipo, fk_pertenece) VALUES ('San Félix de Cantalicio', @tipo, @pertenece);

SET @tipo = 'Parroquia';
SET @pertenece = (SELECT pkLugar FROM
	(SELECT id_lugar as pkLugar FROM arma_tu_fiesta.lugar WHERE tipo = 'Municipio' AND nombre = 'Cedeño (Caicara de Maturín)')
	as tablaLugar);
INSERT INTO arma_tu_fiesta.lugar (nombre, tipo, fk_pertenece) VALUES ('Viento Fresco', @tipo, @pertenece);

SET @tipo = 'Municipio';
SET @pertenece = (SELECT pkLugar FROM
	(SELECT id_lugar as pkLugar FROM arma_tu_fiesta.lugar WHERE tipo = 'Estado' AND nombre = 'Monagas')
	as tablaLugar);
INSERT INTO arma_tu_fiesta.lugar (nombre, tipo, fk_pertenece) VALUES ('Libertador (Temblador)', @tipo, @pertenece);

SET @tipo = 'Parroquia';
SET @pertenece = (SELECT pkLugar FROM
	(SELECT id_lugar as pkLugar FROM arma_tu_fiesta.lugar WHERE tipo = 'Municipio' AND nombre = 'Libertador (Temblador)')
	as tablaLugar);
INSERT INTO arma_tu_fiesta.lugar (nombre, tipo, fk_pertenece) VALUES ('Chaguaramas', @tipo, @pertenece);

SET @tipo = 'Parroquia';
SET @pertenece = (SELECT pkLugar FROM
	(SELECT id_lugar as pkLugar FROM arma_tu_fiesta.lugar WHERE tipo = 'Municipio' AND nombre = 'Libertador (Temblador)')
	as tablaLugar);
INSERT INTO arma_tu_fiesta.lugar (nombre, tipo, fk_pertenece) VALUES ('Las Alhuacas', @tipo, @pertenece);

SET @tipo = 'Parroquia';
SET @pertenece = (SELECT pkLugar FROM
	(SELECT id_lugar as pkLugar FROM arma_tu_fiesta.lugar WHERE tipo = 'Municipio' AND nombre = 'Libertador (Temblador)')
	as tablaLugar);
INSERT INTO arma_tu_fiesta.lugar (nombre, tipo, fk_pertenece) VALUES ('Tabasca', @tipo, @pertenece);

SET @tipo = 'Parroquia';
SET @pertenece = (SELECT pkLugar FROM
	(SELECT id_lugar as pkLugar FROM arma_tu_fiesta.lugar WHERE tipo = 'Municipio' AND nombre = 'Libertador (Temblador)')
	as tablaLugar);
INSERT INTO arma_tu_fiesta.lugar (nombre, tipo, fk_pertenece) VALUES ('Temblador', @tipo, @pertenece);

SET @tipo = 'Municipio';
SET @pertenece = (SELECT pkLugar FROM
	(SELECT id_lugar as pkLugar FROM arma_tu_fiesta.lugar WHERE tipo = 'Estado' AND nombre = 'Monagas')
	as tablaLugar);
INSERT INTO arma_tu_fiesta.lugar (nombre, tipo, fk_pertenece) VALUES ('Maturín (Maturín)', @tipo, @pertenece);

SET @tipo = 'Parroquia';
SET @pertenece = (SELECT pkLugar FROM
	(SELECT id_lugar as pkLugar FROM arma_tu_fiesta.lugar WHERE tipo = 'Municipio' AND nombre = 'Maturín (Maturín)')
	as tablaLugar);
INSERT INTO arma_tu_fiesta.lugar (nombre, tipo, fk_pertenece) VALUES ('Alto de los Godos', @tipo, @pertenece);

SET @tipo = 'Parroquia';
SET @pertenece = (SELECT pkLugar FROM
	(SELECT id_lugar as pkLugar FROM arma_tu_fiesta.lugar WHERE tipo = 'Municipio' AND nombre = 'Maturín (Maturín)')
	as tablaLugar);
INSERT INTO arma_tu_fiesta.lugar (nombre, tipo, fk_pertenece) VALUES ('Boquerón', @tipo, @pertenece);

SET @tipo = 'Parroquia';
SET @pertenece = (SELECT pkLugar FROM
	(SELECT id_lugar as pkLugar FROM arma_tu_fiesta.lugar WHERE tipo = 'Municipio' AND nombre = 'Maturín (Maturín)')
	as tablaLugar);
INSERT INTO arma_tu_fiesta.lugar (nombre, tipo, fk_pertenece) VALUES ('Las Cocuizas', @tipo, @pertenece);

SET @tipo = 'Parroquia';
SET @pertenece = (SELECT pkLugar FROM
	(SELECT id_lugar as pkLugar FROM arma_tu_fiesta.lugar WHERE tipo = 'Municipio' AND nombre = 'Maturín (Maturín)')
	as tablaLugar);
INSERT INTO arma_tu_fiesta.lugar (nombre, tipo, fk_pertenece) VALUES ('La Cruz', @tipo, @pertenece);

SET @tipo = 'Parroquia';
SET @pertenece = (SELECT pkLugar FROM
	(SELECT id_lugar as pkLugar FROM arma_tu_fiesta.lugar WHERE tipo = 'Municipio' AND nombre = 'Maturín (Maturín)')
	as tablaLugar);
INSERT INTO arma_tu_fiesta.lugar (nombre, tipo, fk_pertenece) VALUES ('San Simón', @tipo, @pertenece);

SET @tipo = 'Parroquia';
SET @pertenece = (SELECT pkLugar FROM
	(SELECT id_lugar as pkLugar FROM arma_tu_fiesta.lugar WHERE tipo = 'Municipio' AND nombre = 'Maturín (Maturín)')
	as tablaLugar);
INSERT INTO arma_tu_fiesta.lugar (nombre, tipo, fk_pertenece) VALUES ('El Corozo', @tipo, @pertenece);

SET @tipo = 'Parroquia';
SET @pertenece = (SELECT pkLugar FROM
	(SELECT id_lugar as pkLugar FROM arma_tu_fiesta.lugar WHERE tipo = 'Municipio' AND nombre = 'Maturín (Maturín)')
	as tablaLugar);
INSERT INTO arma_tu_fiesta.lugar (nombre, tipo, fk_pertenece) VALUES ('El Furrial', @tipo, @pertenece);

SET @tipo = 'Parroquia';
SET @pertenece = (SELECT pkLugar FROM
	(SELECT id_lugar as pkLugar FROM arma_tu_fiesta.lugar WHERE tipo = 'Municipio' AND nombre = 'Maturín (Maturín)')
	as tablaLugar);
INSERT INTO arma_tu_fiesta.lugar (nombre, tipo, fk_pertenece) VALUES ('Jusepín', @tipo, @pertenece);

SET @tipo = 'Parroquia';
SET @pertenece = (SELECT pkLugar FROM
	(SELECT id_lugar as pkLugar FROM arma_tu_fiesta.lugar WHERE tipo = 'Municipio' AND nombre = 'Maturín (Maturín)')
	as tablaLugar);
INSERT INTO arma_tu_fiesta.lugar (nombre, tipo, fk_pertenece) VALUES ('La Pica', @tipo, @pertenece);

SET @tipo = 'Parroquia';
SET @pertenece = (SELECT pkLugar FROM
	(SELECT id_lugar as pkLugar FROM arma_tu_fiesta.lugar WHERE tipo = 'Municipio' AND nombre = 'Maturín (Maturín)')
	as tablaLugar);
INSERT INTO arma_tu_fiesta.lugar (nombre, tipo, fk_pertenece) VALUES ('San Vicente', @tipo, @pertenece);

SET @tipo = 'Municipio';
SET @pertenece = (SELECT pkLugar FROM
	(SELECT id_lugar as pkLugar FROM arma_tu_fiesta.lugar WHERE tipo = 'Estado' AND nombre = 'Monagas')
	as tablaLugar);
INSERT INTO arma_tu_fiesta.lugar (nombre, tipo, fk_pertenece) VALUES ('Piar (Aragua de Maturín)', @tipo, @pertenece);

SET @tipo = 'Parroquia';
SET @pertenece = (SELECT pkLugar FROM
	(SELECT id_lugar as pkLugar FROM arma_tu_fiesta.lugar WHERE tipo = 'Municipio' AND nombre = 'Piar (Aragua de Maturín)')
	as tablaLugar);
INSERT INTO arma_tu_fiesta.lugar (nombre, tipo, fk_pertenece) VALUES ('Aparicio', @tipo, @pertenece);

SET @tipo = 'Parroquia';
SET @pertenece = (SELECT pkLugar FROM
	(SELECT id_lugar as pkLugar FROM arma_tu_fiesta.lugar WHERE tipo = 'Municipio' AND nombre = 'Piar (Aragua de Maturín)')
	as tablaLugar);
INSERT INTO arma_tu_fiesta.lugar (nombre, tipo, fk_pertenece) VALUES ('Aragua de Maturín', @tipo, @pertenece);

SET @tipo = 'Parroquia';
SET @pertenece = (SELECT pkLugar FROM
	(SELECT id_lugar as pkLugar FROM arma_tu_fiesta.lugar WHERE tipo = 'Municipio' AND nombre = 'Piar (Aragua de Maturín)')
	as tablaLugar);
INSERT INTO arma_tu_fiesta.lugar (nombre, tipo, fk_pertenece) VALUES ('Chaguaramal', @tipo, @pertenece);

SET @tipo = 'Parroquia';
SET @pertenece = (SELECT pkLugar FROM
	(SELECT id_lugar as pkLugar FROM arma_tu_fiesta.lugar WHERE tipo = 'Municipio' AND nombre = 'Piar (Aragua de Maturín)')
	as tablaLugar);
INSERT INTO arma_tu_fiesta.lugar (nombre, tipo, fk_pertenece) VALUES ('El Pinto', @tipo, @pertenece);

SET @tipo = 'Parroquia';
SET @pertenece = (SELECT pkLugar FROM
	(SELECT id_lugar as pkLugar FROM arma_tu_fiesta.lugar WHERE tipo = 'Municipio' AND nombre = 'Piar (Aragua de Maturín)')
	as tablaLugar);
INSERT INTO arma_tu_fiesta.lugar (nombre, tipo, fk_pertenece) VALUES ('Guanaguana', @tipo, @pertenece);

SET @tipo = 'Parroquia';
SET @pertenece = (SELECT pkLugar FROM
	(SELECT id_lugar as pkLugar FROM arma_tu_fiesta.lugar WHERE tipo = 'Municipio' AND nombre = 'Piar (Aragua de Maturín)')
	as tablaLugar);
INSERT INTO arma_tu_fiesta.lugar (nombre, tipo, fk_pertenece) VALUES ('La Toscana', @tipo, @pertenece);

SET @tipo = 'Parroquia';
SET @pertenece = (SELECT pkLugar FROM
	(SELECT id_lugar as pkLugar FROM arma_tu_fiesta.lugar WHERE tipo = 'Municipio' AND nombre = 'Piar (Aragua de Maturín)')
	as tablaLugar);
INSERT INTO arma_tu_fiesta.lugar (nombre, tipo, fk_pertenece) VALUES ('Taguaya', @tipo, @pertenece);

SET @tipo = 'Municipio';
SET @pertenece = (SELECT pkLugar FROM
	(SELECT id_lugar as pkLugar FROM arma_tu_fiesta.lugar WHERE tipo = 'Estado' AND nombre = 'Monagas')
	as tablaLugar);
INSERT INTO arma_tu_fiesta.lugar (nombre, tipo, fk_pertenece) VALUES ('Punceres (Quiriquire)', @tipo, @pertenece);

SET @tipo = 'Parroquia';
SET @pertenece = (SELECT pkLugar FROM
	(SELECT id_lugar as pkLugar FROM arma_tu_fiesta.lugar WHERE tipo = 'Municipio' AND nombre = 'Punceres (Quiriquire)')
	as tablaLugar);
INSERT INTO arma_tu_fiesta.lugar (nombre, tipo, fk_pertenece) VALUES ('Cachipo', @tipo, @pertenece);

SET @tipo = 'Parroquia';
SET @pertenece = (SELECT pkLugar FROM
	(SELECT id_lugar as pkLugar FROM arma_tu_fiesta.lugar WHERE tipo = 'Municipio' AND nombre = 'Punceres (Quiriquire)')
	as tablaLugar);
INSERT INTO arma_tu_fiesta.lugar (nombre, tipo, fk_pertenece) VALUES ('Quiriquire', @tipo, @pertenece);

SET @tipo = 'Municipio';
SET @pertenece = (SELECT pkLugar FROM
	(SELECT id_lugar as pkLugar FROM arma_tu_fiesta.lugar WHERE tipo = 'Estado' AND nombre = 'Monagas')
	as tablaLugar);
INSERT INTO arma_tu_fiesta.lugar (nombre, tipo, fk_pertenece) VALUES ('Santa Bárbara (Santa Bárbara)', @tipo, @pertenece);

SET @tipo = 'Parroquia';
SET @pertenece = (SELECT pkLugar FROM
	(SELECT id_lugar as pkLugar FROM arma_tu_fiesta.lugar WHERE tipo = 'Municipio' AND nombre = 'Santa Bárbara (Santa Bárbara)')
	as tablaLugar);
INSERT INTO arma_tu_fiesta.lugar (nombre, tipo, fk_pertenece) VALUES ('Santa Bárbara', @tipo, @pertenece);

SET @tipo = 'Parroquia';
SET @pertenece = (SELECT pkLugar FROM
	(SELECT id_lugar as pkLugar FROM arma_tu_fiesta.lugar WHERE tipo = 'Municipio' AND nombre = 'Santa Bárbara (Santa Bárbara)')
	as tablaLugar);
INSERT INTO arma_tu_fiesta.lugar (nombre, tipo, fk_pertenece) VALUES ('Morón', @tipo, @pertenece);

SET @tipo = 'Municipio';
SET @pertenece = (SELECT pkLugar FROM
	(SELECT id_lugar as pkLugar FROM arma_tu_fiesta.lugar WHERE tipo = 'Estado' AND nombre = 'Monagas')
	as tablaLugar);
INSERT INTO arma_tu_fiesta.lugar (nombre, tipo, fk_pertenece) VALUES ('Sotillo (Barrancas del Orinoco)', @tipo, @pertenece);

SET @tipo = 'Parroquia';
SET @pertenece = (SELECT pkLugar FROM
	(SELECT id_lugar as pkLugar FROM arma_tu_fiesta.lugar WHERE tipo = 'Municipio' AND nombre = 'Sotillo (Barrancas del Orinoco)')
	as tablaLugar);
INSERT INTO arma_tu_fiesta.lugar (nombre, tipo, fk_pertenece) VALUES ('Barrancas', @tipo, @pertenece);

SET @tipo = 'Parroquia';
SET @pertenece = (SELECT pkLugar FROM
	(SELECT id_lugar as pkLugar FROM arma_tu_fiesta.lugar WHERE tipo = 'Municipio' AND nombre = 'Sotillo (Barrancas del Orinoco)')
	as tablaLugar);
INSERT INTO arma_tu_fiesta.lugar (nombre, tipo, fk_pertenece) VALUES ('Los Barrancos de Fajardo', @tipo, @pertenece);

SET @tipo = 'Municipio';
SET @pertenece = (SELECT pkLugar FROM
	(SELECT id_lugar as pkLugar FROM arma_tu_fiesta.lugar WHERE tipo = 'Estado' AND nombre = 'Monagas')
	as tablaLugar);
INSERT INTO arma_tu_fiesta.lugar (nombre, tipo, fk_pertenece) VALUES ('Uracoa (Uracoa)', @tipo, @pertenece);

SET @tipo = 'Parroquia';
SET @pertenece = (SELECT pkLugar FROM
	(SELECT id_lugar as pkLugar FROM arma_tu_fiesta.lugar WHERE tipo = 'Municipio' AND nombre = 'Uracoa (Uracoa)')
	as tablaLugar);
INSERT INTO arma_tu_fiesta.lugar (nombre, tipo, fk_pertenece) VALUES ('Uracoa', @tipo, @pertenece);

SET @tipo = 'Municipio';
SET @pertenece = (SELECT pkLugar FROM
	(SELECT id_lugar as pkLugar FROM arma_tu_fiesta.lugar WHERE tipo = 'Estado' AND nombre = 'Monagas')
	as tablaLugar);
INSERT INTO arma_tu_fiesta.lugar (nombre, tipo, fk_pertenece) VALUES ('Zamora (Punta de Mata)', @tipo, @pertenece);

SET @tipo = 'Parroquia';
SET @pertenece = (SELECT pkLugar FROM
	(SELECT id_lugar as pkLugar FROM arma_tu_fiesta.lugar WHERE tipo = 'Municipio' AND nombre = 'Zamora (Punta de Mata)')
	as tablaLugar);
INSERT INTO arma_tu_fiesta.lugar (nombre, tipo, fk_pertenece) VALUES ('El Tejero', @tipo, @pertenece);

SET @tipo = 'Parroquia';
SET @pertenece = (SELECT pkLugar FROM
	(SELECT id_lugar as pkLugar FROM arma_tu_fiesta.lugar WHERE tipo = 'Municipio' AND nombre = 'Zamora (Punta de Mata)')
	as tablaLugar);
INSERT INTO arma_tu_fiesta.lugar (nombre, tipo, fk_pertenece) VALUES ('Punta de Mata', @tipo, @pertenece);

SET @tipo = 'Estado';
SET @pertenece = (SELECT pkLugar FROM
	(SELECT id_lugar as pkLugar FROM arma_tu_fiesta.lugar WHERE tipo = 'Pais' AND nombre = 'Venezuela')
	as tablaLugar);
INSERT INTO arma_tu_fiesta.lugar (nombre, tipo, fk_pertenece) VALUES ('Nueva Esparta', @tipo, @pertenece);

SET @tipo = 'Municipio';
SET @pertenece = (SELECT pkLugar FROM
	(SELECT id_lugar as pkLugar FROM arma_tu_fiesta.lugar WHERE tipo = 'Estado' AND nombre = 'Nueva Esparta')
	as tablaLugar);
INSERT INTO arma_tu_fiesta.lugar (nombre, tipo, fk_pertenece) VALUES ('Antolín del Campo (Paraguachí)', @tipo, @pertenece);

SET @tipo = 'Parroquia';
SET @pertenece = (SELECT pkLugar FROM
	(SELECT id_lugar as pkLugar FROM arma_tu_fiesta.lugar WHERE tipo = 'Municipio' AND nombre = 'Antolín del Campo (Paraguachí)')
	as tablaLugar);
INSERT INTO arma_tu_fiesta.lugar (nombre, tipo, fk_pertenece) VALUES ('Antolín del Campo​', @tipo, @pertenece);

SET @tipo = 'Municipio';
SET @pertenece = (SELECT pkLugar FROM
	(SELECT id_lugar as pkLugar FROM arma_tu_fiesta.lugar WHERE tipo = 'Estado' AND nombre = 'Nueva Esparta')
	as tablaLugar);
INSERT INTO arma_tu_fiesta.lugar (nombre, tipo, fk_pertenece) VALUES ('Arismendi (La Asunción)', @tipo, @pertenece);

SET @tipo = 'Parroquia';
SET @pertenece = (SELECT pkLugar FROM
	(SELECT id_lugar as pkLugar FROM arma_tu_fiesta.lugar WHERE tipo = 'Municipio' AND nombre = 'Arismendi (La Asunción)')
	as tablaLugar);
INSERT INTO arma_tu_fiesta.lugar (nombre, tipo, fk_pertenece) VALUES ('Arismendi​', @tipo, @pertenece);

SET @tipo = 'Municipio';
SET @pertenece = (SELECT pkLugar FROM
	(SELECT id_lugar as pkLugar FROM arma_tu_fiesta.lugar WHERE tipo = 'Estado' AND nombre = 'Nueva Esparta')
	as tablaLugar);
INSERT INTO arma_tu_fiesta.lugar (nombre, tipo, fk_pertenece) VALUES ('Díaz (San Juan Bautista)', @tipo, @pertenece);

SET @tipo = 'Parroquia';
SET @pertenece = (SELECT pkLugar FROM
	(SELECT id_lugar as pkLugar FROM arma_tu_fiesta.lugar WHERE tipo = 'Municipio' AND nombre = 'Díaz (San Juan Bautista)')
	as tablaLugar);
INSERT INTO arma_tu_fiesta.lugar (nombre, tipo, fk_pertenece) VALUES ('San Juan Bautista​', @tipo, @pertenece);

SET @tipo = 'Parroquia';
SET @pertenece = (SELECT pkLugar FROM
	(SELECT id_lugar as pkLugar FROM arma_tu_fiesta.lugar WHERE tipo = 'Municipio' AND nombre = 'Díaz (San Juan Bautista)')
	as tablaLugar);
INSERT INTO arma_tu_fiesta.lugar (nombre, tipo, fk_pertenece) VALUES ('Zabala​', @tipo, @pertenece);

SET @tipo = 'Municipio';
SET @pertenece = (SELECT pkLugar FROM
	(SELECT id_lugar as pkLugar FROM arma_tu_fiesta.lugar WHERE tipo = 'Estado' AND nombre = 'Nueva Esparta')
	as tablaLugar);
INSERT INTO arma_tu_fiesta.lugar (nombre, tipo, fk_pertenece) VALUES ('García (El Valle)', @tipo, @pertenece);

SET @tipo = 'Parroquia';
SET @pertenece = (SELECT pkLugar FROM
	(SELECT id_lugar as pkLugar FROM arma_tu_fiesta.lugar WHERE tipo = 'Municipio' AND nombre = 'García (El Valle)')
	as tablaLugar);
INSERT INTO arma_tu_fiesta.lugar (nombre, tipo, fk_pertenece) VALUES ('García​', @tipo, @pertenece);

SET @tipo = 'Parroquia';
SET @pertenece = (SELECT pkLugar FROM
	(SELECT id_lugar as pkLugar FROM arma_tu_fiesta.lugar WHERE tipo = 'Municipio' AND nombre = 'García (El Valle)')
	as tablaLugar);
INSERT INTO arma_tu_fiesta.lugar (nombre, tipo, fk_pertenece) VALUES ('Francisco Fajardo​', @tipo, @pertenece);

SET @tipo = 'Municipio';
SET @pertenece = (SELECT pkLugar FROM
	(SELECT id_lugar as pkLugar FROM arma_tu_fiesta.lugar WHERE tipo = 'Estado' AND nombre = 'Nueva Esparta')
	as tablaLugar);
INSERT INTO arma_tu_fiesta.lugar (nombre, tipo, fk_pertenece) VALUES ('Gómez (Santa Ana)', @tipo, @pertenece);

SET @tipo = 'Parroquia';
SET @pertenece = (SELECT pkLugar FROM
	(SELECT id_lugar as pkLugar FROM arma_tu_fiesta.lugar WHERE tipo = 'Municipio' AND nombre = 'Gómez (Santa Ana)')
	as tablaLugar);
INSERT INTO arma_tu_fiesta.lugar (nombre, tipo, fk_pertenece) VALUES ('Bolívar​', @tipo, @pertenece);

SET @tipo = 'Parroquia';
SET @pertenece = (SELECT pkLugar FROM
	(SELECT id_lugar as pkLugar FROM arma_tu_fiesta.lugar WHERE tipo = 'Municipio' AND nombre = 'Gómez (Santa Ana)')
	as tablaLugar);
INSERT INTO arma_tu_fiesta.lugar (nombre, tipo, fk_pertenece) VALUES ('Guevara​', @tipo, @pertenece);

SET @tipo = 'Parroquia';
SET @pertenece = (SELECT pkLugar FROM
	(SELECT id_lugar as pkLugar FROM arma_tu_fiesta.lugar WHERE tipo = 'Municipio' AND nombre = 'Gómez (Santa Ana)')
	as tablaLugar);
INSERT INTO arma_tu_fiesta.lugar (nombre, tipo, fk_pertenece) VALUES ('Matasiete​', @tipo, @pertenece);

SET @tipo = 'Parroquia';
SET @pertenece = (SELECT pkLugar FROM
	(SELECT id_lugar as pkLugar FROM arma_tu_fiesta.lugar WHERE tipo = 'Municipio' AND nombre = 'Gómez (Santa Ana)')
	as tablaLugar);
INSERT INTO arma_tu_fiesta.lugar (nombre, tipo, fk_pertenece) VALUES ('Santa Ana​', @tipo, @pertenece);

SET @tipo = 'Parroquia';
SET @pertenece = (SELECT pkLugar FROM
	(SELECT id_lugar as pkLugar FROM arma_tu_fiesta.lugar WHERE tipo = 'Municipio' AND nombre = 'Gómez (Santa Ana)')
	as tablaLugar);
INSERT INTO arma_tu_fiesta.lugar (nombre, tipo, fk_pertenece) VALUES ('Sucre​', @tipo, @pertenece);

SET @tipo = 'Municipio';
SET @pertenece = (SELECT pkLugar FROM
	(SELECT id_lugar as pkLugar FROM arma_tu_fiesta.lugar WHERE tipo = 'Estado' AND nombre = 'Nueva Esparta')
	as tablaLugar);
INSERT INTO arma_tu_fiesta.lugar (nombre, tipo, fk_pertenece) VALUES ('Macanao (Boca de Río)', @tipo, @pertenece);

SET @tipo = 'Parroquia';
SET @pertenece = (SELECT pkLugar FROM
	(SELECT id_lugar as pkLugar FROM arma_tu_fiesta.lugar WHERE tipo = 'Municipio' AND nombre = 'Macanao (Boca de Río)')
	as tablaLugar);
INSERT INTO arma_tu_fiesta.lugar (nombre, tipo, fk_pertenece) VALUES ('San Francisco de Macanao​', @tipo, @pertenece);

SET @tipo = 'Parroquia';
SET @pertenece = (SELECT pkLugar FROM
	(SELECT id_lugar as pkLugar FROM arma_tu_fiesta.lugar WHERE tipo = 'Municipio' AND nombre = 'Macanao (Boca de Río)')
	as tablaLugar);
INSERT INTO arma_tu_fiesta.lugar (nombre, tipo, fk_pertenece) VALUES ('Boca de Río​', @tipo, @pertenece);

SET @tipo = 'Municipio';
SET @pertenece = (SELECT pkLugar FROM
	(SELECT id_lugar as pkLugar FROM arma_tu_fiesta.lugar WHERE tipo = 'Estado' AND nombre = 'Nueva Esparta')
	as tablaLugar);
INSERT INTO arma_tu_fiesta.lugar (nombre, tipo, fk_pertenece) VALUES ('Maneiro (Pampatar)', @tipo, @pertenece);

SET @tipo = 'Parroquia';
SET @pertenece = (SELECT pkLugar FROM
	(SELECT id_lugar as pkLugar FROM arma_tu_fiesta.lugar WHERE tipo = 'Municipio' AND nombre = 'Maneiro (Pampatar)')
	as tablaLugar);
INSERT INTO arma_tu_fiesta.lugar (nombre, tipo, fk_pertenece) VALUES ('Aguirre​', @tipo, @pertenece);

SET @tipo = 'Parroquia';
SET @pertenece = (SELECT pkLugar FROM
	(SELECT id_lugar as pkLugar FROM arma_tu_fiesta.lugar WHERE tipo = 'Municipio' AND nombre = 'Maneiro (Pampatar)')
	as tablaLugar);
INSERT INTO arma_tu_fiesta.lugar (nombre, tipo, fk_pertenece) VALUES ('Maneiro​', @tipo, @pertenece);

SET @tipo = 'Municipio';
SET @pertenece = (SELECT pkLugar FROM
	(SELECT id_lugar as pkLugar FROM arma_tu_fiesta.lugar WHERE tipo = 'Estado' AND nombre = 'Nueva Esparta')
	as tablaLugar);
INSERT INTO arma_tu_fiesta.lugar (nombre, tipo, fk_pertenece) VALUES ('Marcano (Juan Griego)', @tipo, @pertenece);

SET @tipo = 'Parroquia';
SET @pertenece = (SELECT pkLugar FROM
	(SELECT id_lugar as pkLugar FROM arma_tu_fiesta.lugar WHERE tipo = 'Municipio' AND nombre = 'Marcano (Juan Griego)')
	as tablaLugar);
INSERT INTO arma_tu_fiesta.lugar (nombre, tipo, fk_pertenece) VALUES ('Adrián​', @tipo, @pertenece);

SET @tipo = 'Parroquia';
SET @pertenece = (SELECT pkLugar FROM
	(SELECT id_lugar as pkLugar FROM arma_tu_fiesta.lugar WHERE tipo = 'Municipio' AND nombre = 'Marcano (Juan Griego)')
	as tablaLugar);
INSERT INTO arma_tu_fiesta.lugar (nombre, tipo, fk_pertenece) VALUES ('Juan Griego', @tipo, @pertenece);

SET @tipo = 'Municipio';
SET @pertenece = (SELECT pkLugar FROM
	(SELECT id_lugar as pkLugar FROM arma_tu_fiesta.lugar WHERE tipo = 'Estado' AND nombre = 'Nueva Esparta')
	as tablaLugar);
INSERT INTO arma_tu_fiesta.lugar (nombre, tipo, fk_pertenece) VALUES ('Mariño (Porlamar)', @tipo, @pertenece);

SET @tipo = 'Parroquia';
SET @pertenece = (SELECT pkLugar FROM
	(SELECT id_lugar as pkLugar FROM arma_tu_fiesta.lugar WHERE tipo = 'Municipio' AND nombre = 'Mariño (Porlamar)')
	as tablaLugar);
INSERT INTO arma_tu_fiesta.lugar (nombre, tipo, fk_pertenece) VALUES ('Mariño​', @tipo, @pertenece);

SET @tipo = 'Municipio';
SET @pertenece = (SELECT pkLugar FROM
	(SELECT id_lugar as pkLugar FROM arma_tu_fiesta.lugar WHERE tipo = 'Estado' AND nombre = 'Nueva Esparta')
	as tablaLugar);
INSERT INTO arma_tu_fiesta.lugar (nombre, tipo, fk_pertenece) VALUES ('Tubores (Punta de Piedras)', @tipo, @pertenece);

SET @tipo = 'Parroquia';
SET @pertenece = (SELECT pkLugar FROM
	(SELECT id_lugar as pkLugar FROM arma_tu_fiesta.lugar WHERE tipo = 'Municipio' AND nombre = 'Tubores (Punta de Piedras)')
	as tablaLugar);
INSERT INTO arma_tu_fiesta.lugar (nombre, tipo, fk_pertenece) VALUES ('Tubores​', @tipo, @pertenece);

SET @tipo = 'Parroquia';
SET @pertenece = (SELECT pkLugar FROM
	(SELECT id_lugar as pkLugar FROM arma_tu_fiesta.lugar WHERE tipo = 'Municipio' AND nombre = 'Tubores (Punta de Piedras)')
	as tablaLugar);
INSERT INTO arma_tu_fiesta.lugar (nombre, tipo, fk_pertenece) VALUES ('Los Barales', @tipo, @pertenece);

SET @tipo = 'Municipio';
SET @pertenece = (SELECT pkLugar FROM
	(SELECT id_lugar as pkLugar FROM arma_tu_fiesta.lugar WHERE tipo = 'Estado' AND nombre = 'Nueva Esparta')
	as tablaLugar);
INSERT INTO arma_tu_fiesta.lugar (nombre, tipo, fk_pertenece) VALUES ('Villalba (San Pedro de Coche)', @tipo, @pertenece);

SET @tipo = 'Parroquia';
SET @pertenece = (SELECT pkLugar FROM
	(SELECT id_lugar as pkLugar FROM arma_tu_fiesta.lugar WHERE tipo = 'Municipio' AND nombre = 'Villalba (San Pedro de Coche)')
	as tablaLugar);
INSERT INTO arma_tu_fiesta.lugar (nombre, tipo, fk_pertenece) VALUES ('Vicente Fuentes', @tipo, @pertenece);

SET @tipo = 'Parroquia';
SET @pertenece = (SELECT pkLugar FROM
	(SELECT id_lugar as pkLugar FROM arma_tu_fiesta.lugar WHERE tipo = 'Municipio' AND nombre = 'Villalba (San Pedro de Coche)')
	as tablaLugar);
INSERT INTO arma_tu_fiesta.lugar (nombre, tipo, fk_pertenece) VALUES ('Villalba', @tipo, @pertenece);

SET @tipo = 'Estado';
SET @pertenece = (SELECT pkLugar FROM
	(SELECT id_lugar as pkLugar FROM arma_tu_fiesta.lugar WHERE tipo = 'Pais' AND nombre = 'Venezuela')
	as tablaLugar);
INSERT INTO arma_tu_fiesta.lugar (nombre, tipo, fk_pertenece) VALUES ('Portuguesa', @tipo, @pertenece);

SET @tipo = 'Municipio';
SET @pertenece = (SELECT pkLugar FROM
	(SELECT id_lugar as pkLugar FROM arma_tu_fiesta.lugar WHERE tipo = 'Estado' AND nombre = 'Portuguesa')
	as tablaLugar);
INSERT INTO arma_tu_fiesta.lugar (nombre, tipo, fk_pertenece) VALUES ('Agua Blanca (Agua Blanca)', @tipo, @pertenece);

SET @tipo = 'Parroquia';
SET @pertenece = (SELECT pkLugar FROM
	(SELECT id_lugar as pkLugar FROM arma_tu_fiesta.lugar WHERE tipo = 'Municipio' AND nombre = 'Agua Blanca (Agua Blanca)')
	as tablaLugar);
INSERT INTO arma_tu_fiesta.lugar (nombre, tipo, fk_pertenece) VALUES ('Agua Blanca', @tipo, @pertenece);

SET @tipo = 'Municipio';
SET @pertenece = (SELECT pkLugar FROM
	(SELECT id_lugar as pkLugar FROM arma_tu_fiesta.lugar WHERE tipo = 'Estado' AND nombre = 'Portuguesa')
	as tablaLugar);
INSERT INTO arma_tu_fiesta.lugar (nombre, tipo, fk_pertenece) VALUES ('Araure (Araure)', @tipo, @pertenece);

SET @tipo = 'Parroquia';
SET @pertenece = (SELECT pkLugar FROM
	(SELECT id_lugar as pkLugar FROM arma_tu_fiesta.lugar WHERE tipo = 'Municipio' AND nombre = 'Araure (Araure)')
	as tablaLugar);
INSERT INTO arma_tu_fiesta.lugar (nombre, tipo, fk_pertenece) VALUES ('Araure', @tipo, @pertenece);

SET @tipo = 'Parroquia';
SET @pertenece = (SELECT pkLugar FROM
	(SELECT id_lugar as pkLugar FROM arma_tu_fiesta.lugar WHERE tipo = 'Municipio' AND nombre = 'Araure (Araure)')
	as tablaLugar);
INSERT INTO arma_tu_fiesta.lugar (nombre, tipo, fk_pertenece) VALUES ('Río Acarigua', @tipo, @pertenece);

SET @tipo = 'Municipio';
SET @pertenece = (SELECT pkLugar FROM
	(SELECT id_lugar as pkLugar FROM arma_tu_fiesta.lugar WHERE tipo = 'Estado' AND nombre = 'Portuguesa')
	as tablaLugar);
INSERT INTO arma_tu_fiesta.lugar (nombre, tipo, fk_pertenece) VALUES ('Esteller (Píritu)', @tipo, @pertenece);

SET @tipo = 'Parroquia';
SET @pertenece = (SELECT pkLugar FROM
	(SELECT id_lugar as pkLugar FROM arma_tu_fiesta.lugar WHERE tipo = 'Municipio' AND nombre = 'Esteller (Píritu)')
	as tablaLugar);
INSERT INTO arma_tu_fiesta.lugar (nombre, tipo, fk_pertenece) VALUES ('Píritu', @tipo, @pertenece);

SET @tipo = 'Parroquia';
SET @pertenece = (SELECT pkLugar FROM
	(SELECT id_lugar as pkLugar FROM arma_tu_fiesta.lugar WHERE tipo = 'Municipio' AND nombre = 'Esteller (Píritu)')
	as tablaLugar);
INSERT INTO arma_tu_fiesta.lugar (nombre, tipo, fk_pertenece) VALUES ('Uveral', @tipo, @pertenece);

SET @tipo = 'Municipio';
SET @pertenece = (SELECT pkLugar FROM
	(SELECT id_lugar as pkLugar FROM arma_tu_fiesta.lugar WHERE tipo = 'Estado' AND nombre = 'Portuguesa')
	as tablaLugar);
INSERT INTO arma_tu_fiesta.lugar (nombre, tipo, fk_pertenece) VALUES ('Guanare (Guanare)', @tipo, @pertenece);

SET @tipo = 'Parroquia';
SET @pertenece = (SELECT pkLugar FROM
	(SELECT id_lugar as pkLugar FROM arma_tu_fiesta.lugar WHERE tipo = 'Municipio' AND nombre = 'Guanare (Guanare)')
	as tablaLugar);
INSERT INTO arma_tu_fiesta.lugar (nombre, tipo, fk_pertenece) VALUES ('Cordova', @tipo, @pertenece);

SET @tipo = 'Parroquia';
SET @pertenece = (SELECT pkLugar FROM
	(SELECT id_lugar as pkLugar FROM arma_tu_fiesta.lugar WHERE tipo = 'Municipio' AND nombre = 'Guanare (Guanare)')
	as tablaLugar);
INSERT INTO arma_tu_fiesta.lugar (nombre, tipo, fk_pertenece) VALUES ('Guanare', @tipo, @pertenece);

SET @tipo = 'Parroquia';
SET @pertenece = (SELECT pkLugar FROM
	(SELECT id_lugar as pkLugar FROM arma_tu_fiesta.lugar WHERE tipo = 'Municipio' AND nombre = 'Guanare (Guanare)')
	as tablaLugar);
INSERT INTO arma_tu_fiesta.lugar (nombre, tipo, fk_pertenece) VALUES ('San José de la Montaña', @tipo, @pertenece);

SET @tipo = 'Parroquia';
SET @pertenece = (SELECT pkLugar FROM
	(SELECT id_lugar as pkLugar FROM arma_tu_fiesta.lugar WHERE tipo = 'Municipio' AND nombre = 'Guanare (Guanare)')
	as tablaLugar);
INSERT INTO arma_tu_fiesta.lugar (nombre, tipo, fk_pertenece) VALUES ('San Juan de Guanaguanare', @tipo, @pertenece);

SET @tipo = 'Parroquia';
SET @pertenece = (SELECT pkLugar FROM
	(SELECT id_lugar as pkLugar FROM arma_tu_fiesta.lugar WHERE tipo = 'Municipio' AND nombre = 'Guanare (Guanare)')
	as tablaLugar);
INSERT INTO arma_tu_fiesta.lugar (nombre, tipo, fk_pertenece) VALUES ('Virgen de Coromoto', @tipo, @pertenece);

SET @tipo = 'Municipio';
SET @pertenece = (SELECT pkLugar FROM
	(SELECT id_lugar as pkLugar FROM arma_tu_fiesta.lugar WHERE tipo = 'Estado' AND nombre = 'Portuguesa')
	as tablaLugar);
INSERT INTO arma_tu_fiesta.lugar (nombre, tipo, fk_pertenece) VALUES ('Guanarito (Guanarito)', @tipo, @pertenece);

SET @tipo = 'Parroquia';
SET @pertenece = (SELECT pkLugar FROM
	(SELECT id_lugar as pkLugar FROM arma_tu_fiesta.lugar WHERE tipo = 'Municipio' AND nombre = 'Guanarito (Guanarito)')
	as tablaLugar);
INSERT INTO arma_tu_fiesta.lugar (nombre, tipo, fk_pertenece) VALUES ('Guanarito', @tipo, @pertenece);

SET @tipo = 'Parroquia';
SET @pertenece = (SELECT pkLugar FROM
	(SELECT id_lugar as pkLugar FROM arma_tu_fiesta.lugar WHERE tipo = 'Municipio' AND nombre = 'Guanarito (Guanarito)')
	as tablaLugar);
INSERT INTO arma_tu_fiesta.lugar (nombre, tipo, fk_pertenece) VALUES ('Trinidad de la Capilla', @tipo, @pertenece);

SET @tipo = 'Parroquia';
SET @pertenece = (SELECT pkLugar FROM
	(SELECT id_lugar as pkLugar FROM arma_tu_fiesta.lugar WHERE tipo = 'Municipio' AND nombre = 'Guanarito (Guanarito)')
	as tablaLugar);
INSERT INTO arma_tu_fiesta.lugar (nombre, tipo, fk_pertenece) VALUES ('Divina Pastora', @tipo, @pertenece);

SET @tipo = 'Municipio';
SET @pertenece = (SELECT pkLugar FROM
	(SELECT id_lugar as pkLugar FROM arma_tu_fiesta.lugar WHERE tipo = 'Estado' AND nombre = 'Portuguesa')
	as tablaLugar);
INSERT INTO arma_tu_fiesta.lugar (nombre, tipo, fk_pertenece) VALUES ('Ospino (Ospino)', @tipo, @pertenece);

SET @tipo = 'Parroquia';
SET @pertenece = (SELECT pkLugar FROM
	(SELECT id_lugar as pkLugar FROM arma_tu_fiesta.lugar WHERE tipo = 'Municipio' AND nombre = 'Ospino (Ospino)')
	as tablaLugar);
INSERT INTO arma_tu_fiesta.lugar (nombre, tipo, fk_pertenece) VALUES ('Aparición', @tipo, @pertenece);

SET @tipo = 'Parroquia';
SET @pertenece = (SELECT pkLugar FROM
	(SELECT id_lugar as pkLugar FROM arma_tu_fiesta.lugar WHERE tipo = 'Municipio' AND nombre = 'Ospino (Ospino)')
	as tablaLugar);
INSERT INTO arma_tu_fiesta.lugar (nombre, tipo, fk_pertenece) VALUES ('La Estación', @tipo, @pertenece);

SET @tipo = 'Parroquia';
SET @pertenece = (SELECT pkLugar FROM
	(SELECT id_lugar as pkLugar FROM arma_tu_fiesta.lugar WHERE tipo = 'Municipio' AND nombre = 'Ospino (Ospino)')
	as tablaLugar);
INSERT INTO arma_tu_fiesta.lugar (nombre, tipo, fk_pertenece) VALUES ('Ospino', @tipo, @pertenece);

SET @tipo = 'Municipio';
SET @pertenece = (SELECT pkLugar FROM
	(SELECT id_lugar as pkLugar FROM arma_tu_fiesta.lugar WHERE tipo = 'Estado' AND nombre = 'Portuguesa')
	as tablaLugar);
INSERT INTO arma_tu_fiesta.lugar (nombre, tipo, fk_pertenece) VALUES ('Páez (Acarigua)', @tipo, @pertenece);

SET @tipo = 'Parroquia';
SET @pertenece = (SELECT pkLugar FROM
	(SELECT id_lugar as pkLugar FROM arma_tu_fiesta.lugar WHERE tipo = 'Municipio' AND nombre = 'Páez (Acarigua)')
	as tablaLugar);
INSERT INTO arma_tu_fiesta.lugar (nombre, tipo, fk_pertenece) VALUES ('Acarigua', @tipo, @pertenece);

SET @tipo = 'Parroquia';
SET @pertenece = (SELECT pkLugar FROM
	(SELECT id_lugar as pkLugar FROM arma_tu_fiesta.lugar WHERE tipo = 'Municipio' AND nombre = 'Páez (Acarigua)')
	as tablaLugar);
INSERT INTO arma_tu_fiesta.lugar (nombre, tipo, fk_pertenece) VALUES ('Payara', @tipo, @pertenece);

SET @tipo = 'Parroquia';
SET @pertenece = (SELECT pkLugar FROM
	(SELECT id_lugar as pkLugar FROM arma_tu_fiesta.lugar WHERE tipo = 'Municipio' AND nombre = 'Páez (Acarigua)')
	as tablaLugar);
INSERT INTO arma_tu_fiesta.lugar (nombre, tipo, fk_pertenece) VALUES ('Pimpinela', @tipo, @pertenece);

SET @tipo = 'Parroquia';
SET @pertenece = (SELECT pkLugar FROM
	(SELECT id_lugar as pkLugar FROM arma_tu_fiesta.lugar WHERE tipo = 'Municipio' AND nombre = 'Páez (Acarigua)')
	as tablaLugar);
INSERT INTO arma_tu_fiesta.lugar (nombre, tipo, fk_pertenece) VALUES ('Ramón Peraza', @tipo, @pertenece);

SET @tipo = 'Municipio';
SET @pertenece = (SELECT pkLugar FROM
	(SELECT id_lugar as pkLugar FROM arma_tu_fiesta.lugar WHERE tipo = 'Estado' AND nombre = 'Portuguesa')
	as tablaLugar);
INSERT INTO arma_tu_fiesta.lugar (nombre, tipo, fk_pertenece) VALUES ('Papelón (Papelón)', @tipo, @pertenece);

SET @tipo = 'Parroquia';
SET @pertenece = (SELECT pkLugar FROM
	(SELECT id_lugar as pkLugar FROM arma_tu_fiesta.lugar WHERE tipo = 'Municipio' AND nombre = 'Papelón (Papelón)')
	as tablaLugar);
INSERT INTO arma_tu_fiesta.lugar (nombre, tipo, fk_pertenece) VALUES ('Caño Delgadito', @tipo, @pertenece);

SET @tipo = 'Parroquia';
SET @pertenece = (SELECT pkLugar FROM
	(SELECT id_lugar as pkLugar FROM arma_tu_fiesta.lugar WHERE tipo = 'Municipio' AND nombre = 'Papelón (Papelón)')
	as tablaLugar);
INSERT INTO arma_tu_fiesta.lugar (nombre, tipo, fk_pertenece) VALUES ('Papelón', @tipo, @pertenece);

SET @tipo = 'Municipio';
SET @pertenece = (SELECT pkLugar FROM
	(SELECT id_lugar as pkLugar FROM arma_tu_fiesta.lugar WHERE tipo = 'Estado' AND nombre = 'Portuguesa')
	as tablaLugar);
INSERT INTO arma_tu_fiesta.lugar (nombre, tipo, fk_pertenece) VALUES ('San Genaro de Boconoíto (Boconoíto)', @tipo, @pertenece);

SET @tipo = 'Parroquia';
SET @pertenece = (SELECT pkLugar FROM
	(SELECT id_lugar as pkLugar FROM arma_tu_fiesta.lugar WHERE tipo = 'Municipio' AND nombre = 'San Genaro de Boconoíto (Boconoíto)')
	as tablaLugar);
INSERT INTO arma_tu_fiesta.lugar (nombre, tipo, fk_pertenece) VALUES ('Antolín Tovar Anquino', @tipo, @pertenece);

SET @tipo = 'Parroquia';
SET @pertenece = (SELECT pkLugar FROM
	(SELECT id_lugar as pkLugar FROM arma_tu_fiesta.lugar WHERE tipo = 'Municipio' AND nombre = 'San Genaro de Boconoíto (Boconoíto)')
	as tablaLugar);
INSERT INTO arma_tu_fiesta.lugar (nombre, tipo, fk_pertenece) VALUES ('Boconoíto', @tipo, @pertenece);

SET @tipo = 'Municipio';
SET @pertenece = (SELECT pkLugar FROM
	(SELECT id_lugar as pkLugar FROM arma_tu_fiesta.lugar WHERE tipo = 'Estado' AND nombre = 'Portuguesa')
	as tablaLugar);
INSERT INTO arma_tu_fiesta.lugar (nombre, tipo, fk_pertenece) VALUES ('San Rafael de Onoto (San Rafael de Onoto)', @tipo, @pertenece);

SET @tipo = 'Parroquia';
SET @pertenece = (SELECT pkLugar FROM
	(SELECT id_lugar as pkLugar FROM arma_tu_fiesta.lugar WHERE tipo = 'Municipio' AND nombre = 'San Rafael de Onoto (San Rafael de Onoto)')
	as tablaLugar);
INSERT INTO arma_tu_fiesta.lugar (nombre, tipo, fk_pertenece) VALUES ('Santa Fé', @tipo, @pertenece);

SET @tipo = 'Parroquia';
SET @pertenece = (SELECT pkLugar FROM
	(SELECT id_lugar as pkLugar FROM arma_tu_fiesta.lugar WHERE tipo = 'Municipio' AND nombre = 'San Rafael de Onoto (San Rafael de Onoto)')
	as tablaLugar);
INSERT INTO arma_tu_fiesta.lugar (nombre, tipo, fk_pertenece) VALUES ('San Rafael de Onoto', @tipo, @pertenece);

SET @tipo = 'Parroquia';
SET @pertenece = (SELECT pkLugar FROM
	(SELECT id_lugar as pkLugar FROM arma_tu_fiesta.lugar WHERE tipo = 'Municipio' AND nombre = 'San Rafael de Onoto (San Rafael de Onoto)')
	as tablaLugar);
INSERT INTO arma_tu_fiesta.lugar (nombre, tipo, fk_pertenece) VALUES ('Thelmo Morles', @tipo, @pertenece);

SET @tipo = 'Municipio';
SET @pertenece = (SELECT pkLugar FROM
	(SELECT id_lugar as pkLugar FROM arma_tu_fiesta.lugar WHERE tipo = 'Estado' AND nombre = 'Portuguesa')
	as tablaLugar);
INSERT INTO arma_tu_fiesta.lugar (nombre, tipo, fk_pertenece) VALUES ('Santa Rosalía (El Playón)', @tipo, @pertenece);

SET @tipo = 'Parroquia';
SET @pertenece = (SELECT pkLugar FROM
	(SELECT id_lugar as pkLugar FROM arma_tu_fiesta.lugar WHERE tipo = 'Municipio' AND nombre = 'Santa Rosalía (El Playón)')
	as tablaLugar);
INSERT INTO arma_tu_fiesta.lugar (nombre, tipo, fk_pertenece) VALUES ('Florida', @tipo, @pertenece);

SET @tipo = 'Parroquia';
SET @pertenece = (SELECT pkLugar FROM
	(SELECT id_lugar as pkLugar FROM arma_tu_fiesta.lugar WHERE tipo = 'Municipio' AND nombre = 'Santa Rosalía (El Playón)')
	as tablaLugar);
INSERT INTO arma_tu_fiesta.lugar (nombre, tipo, fk_pertenece) VALUES ('El Playón', @tipo, @pertenece);

SET @tipo = 'Municipio';
SET @pertenece = (SELECT pkLugar FROM
	(SELECT id_lugar as pkLugar FROM arma_tu_fiesta.lugar WHERE tipo = 'Estado' AND nombre = 'Portuguesa')
	as tablaLugar);
INSERT INTO arma_tu_fiesta.lugar (nombre, tipo, fk_pertenece) VALUES ('Sucre (Biscucuy)', @tipo, @pertenece);

SET @tipo = 'Parroquia';
SET @pertenece = (SELECT pkLugar FROM
	(SELECT id_lugar as pkLugar FROM arma_tu_fiesta.lugar WHERE tipo = 'Municipio' AND nombre = 'Sucre (Biscucuy)')
	as tablaLugar);
INSERT INTO arma_tu_fiesta.lugar (nombre, tipo, fk_pertenece) VALUES ('Biscucuy', @tipo, @pertenece);

SET @tipo = 'Parroquia';
SET @pertenece = (SELECT pkLugar FROM
	(SELECT id_lugar as pkLugar FROM arma_tu_fiesta.lugar WHERE tipo = 'Municipio' AND nombre = 'Sucre (Biscucuy)')
	as tablaLugar);
INSERT INTO arma_tu_fiesta.lugar (nombre, tipo, fk_pertenece) VALUES ('Concepción', @tipo, @pertenece);

SET @tipo = 'Parroquia';
SET @pertenece = (SELECT pkLugar FROM
	(SELECT id_lugar as pkLugar FROM arma_tu_fiesta.lugar WHERE tipo = 'Municipio' AND nombre = 'Sucre (Biscucuy)')
	as tablaLugar);
INSERT INTO arma_tu_fiesta.lugar (nombre, tipo, fk_pertenece) VALUES ('San José de Saguaz', @tipo, @pertenece);

SET @tipo = 'Parroquia';
SET @pertenece = (SELECT pkLugar FROM
	(SELECT id_lugar as pkLugar FROM arma_tu_fiesta.lugar WHERE tipo = 'Municipio' AND nombre = 'Sucre (Biscucuy)')
	as tablaLugar);
INSERT INTO arma_tu_fiesta.lugar (nombre, tipo, fk_pertenece) VALUES ('San Rafael de Palo Alzado', @tipo, @pertenece);

SET @tipo = 'Parroquia';
SET @pertenece = (SELECT pkLugar FROM
	(SELECT id_lugar as pkLugar FROM arma_tu_fiesta.lugar WHERE tipo = 'Municipio' AND nombre = 'Sucre (Biscucuy)')
	as tablaLugar);
INSERT INTO arma_tu_fiesta.lugar (nombre, tipo, fk_pertenece) VALUES ('Uvencio Antonio Velásquez', @tipo, @pertenece);

SET @tipo = 'Parroquia';
SET @pertenece = (SELECT pkLugar FROM
	(SELECT id_lugar as pkLugar FROM arma_tu_fiesta.lugar WHERE tipo = 'Municipio' AND nombre = 'Sucre (Biscucuy)')
	as tablaLugar);
INSERT INTO arma_tu_fiesta.lugar (nombre, tipo, fk_pertenece) VALUES ('Villa Rosa', @tipo, @pertenece);

SET @tipo = 'Municipio';
SET @pertenece = (SELECT pkLugar FROM
	(SELECT id_lugar as pkLugar FROM arma_tu_fiesta.lugar WHERE tipo = 'Estado' AND nombre = 'Portuguesa')
	as tablaLugar);
INSERT INTO arma_tu_fiesta.lugar (nombre, tipo, fk_pertenece) VALUES ('Turén (Villa Bruzual)', @tipo, @pertenece);

SET @tipo = 'Parroquia';
SET @pertenece = (SELECT pkLugar FROM
	(SELECT id_lugar as pkLugar FROM arma_tu_fiesta.lugar WHERE tipo = 'Municipio' AND nombre = 'Turén (Villa Bruzual)')
	as tablaLugar);
INSERT INTO arma_tu_fiesta.lugar (nombre, tipo, fk_pertenece) VALUES ('Villa Bruzual', @tipo, @pertenece);

SET @tipo = 'Parroquia';
SET @pertenece = (SELECT pkLugar FROM
	(SELECT id_lugar as pkLugar FROM arma_tu_fiesta.lugar WHERE tipo = 'Municipio' AND nombre = 'Turén (Villa Bruzual)')
	as tablaLugar);
INSERT INTO arma_tu_fiesta.lugar (nombre, tipo, fk_pertenece) VALUES ('Canelones', @tipo, @pertenece);

SET @tipo = 'Parroquia';
SET @pertenece = (SELECT pkLugar FROM
	(SELECT id_lugar as pkLugar FROM arma_tu_fiesta.lugar WHERE tipo = 'Municipio' AND nombre = 'Turén (Villa Bruzual)')
	as tablaLugar);
INSERT INTO arma_tu_fiesta.lugar (nombre, tipo, fk_pertenece) VALUES ('Santa Cruz', @tipo, @pertenece);

SET @tipo = 'Parroquia';
SET @pertenece = (SELECT pkLugar FROM
	(SELECT id_lugar as pkLugar FROM arma_tu_fiesta.lugar WHERE tipo = 'Municipio' AND nombre = 'Turén (Villa Bruzual)')
	as tablaLugar);
INSERT INTO arma_tu_fiesta.lugar (nombre, tipo, fk_pertenece) VALUES ('San Isidro Labrador', @tipo, @pertenece);

SET @tipo = 'Municipio';
SET @pertenece = (SELECT pkLugar FROM
	(SELECT id_lugar as pkLugar FROM arma_tu_fiesta.lugar WHERE tipo = 'Estado' AND nombre = 'Portuguesa')
	as tablaLugar);
INSERT INTO arma_tu_fiesta.lugar (nombre, tipo, fk_pertenece) VALUES ('Unda (Chabasquén)', @tipo, @pertenece);

SET @tipo = 'Parroquia';
SET @pertenece = (SELECT pkLugar FROM
	(SELECT id_lugar as pkLugar FROM arma_tu_fiesta.lugar WHERE tipo = 'Municipio' AND nombre = 'Unda (Chabasquén)')
	as tablaLugar);
INSERT INTO arma_tu_fiesta.lugar (nombre, tipo, fk_pertenece) VALUES ('Chabasquén', @tipo, @pertenece);

SET @tipo = 'Parroquia';
SET @pertenece = (SELECT pkLugar FROM
	(SELECT id_lugar as pkLugar FROM arma_tu_fiesta.lugar WHERE tipo = 'Municipio' AND nombre = 'Unda (Chabasquén)')
	as tablaLugar);
INSERT INTO arma_tu_fiesta.lugar (nombre, tipo, fk_pertenece) VALUES ('Peña Blanca', @tipo, @pertenece);

SET @tipo = 'Estado';
SET @pertenece = (SELECT pkLugar FROM
	(SELECT id_lugar as pkLugar FROM arma_tu_fiesta.lugar WHERE tipo = 'Pais' AND nombre = 'Venezuela')
	as tablaLugar);
INSERT INTO arma_tu_fiesta.lugar (nombre, tipo, fk_pertenece) VALUES ('Sucre', @tipo, @pertenece);

SET @tipo = 'Municipio';
SET @pertenece = (SELECT pkLugar FROM
	(SELECT id_lugar as pkLugar FROM arma_tu_fiesta.lugar WHERE tipo = 'Estado' AND nombre = 'Sucre')
	as tablaLugar);
INSERT INTO arma_tu_fiesta.lugar (nombre, tipo, fk_pertenece) VALUES ('Arismendi (Río Caribe)', @tipo, @pertenece);

SET @tipo = 'Parroquia';
SET @pertenece = (SELECT pkLugar FROM
	(SELECT id_lugar as pkLugar FROM arma_tu_fiesta.lugar WHERE tipo = 'Municipio' AND nombre = 'Arismendi (Río Caribe)')
	as tablaLugar);
INSERT INTO arma_tu_fiesta.lugar (nombre, tipo, fk_pertenece) VALUES ('Río Caribe', @tipo, @pertenece);

SET @tipo = 'Parroquia';
SET @pertenece = (SELECT pkLugar FROM
	(SELECT id_lugar as pkLugar FROM arma_tu_fiesta.lugar WHERE tipo = 'Municipio' AND nombre = 'Arismendi (Río Caribe)')
	as tablaLugar);
INSERT INTO arma_tu_fiesta.lugar (nombre, tipo, fk_pertenece) VALUES ('Antonio José de Sucre', @tipo, @pertenece);

SET @tipo = 'Parroquia';
SET @pertenece = (SELECT pkLugar FROM
	(SELECT id_lugar as pkLugar FROM arma_tu_fiesta.lugar WHERE tipo = 'Municipio' AND nombre = 'Arismendi (Río Caribe)')
	as tablaLugar);
INSERT INTO arma_tu_fiesta.lugar (nombre, tipo, fk_pertenece) VALUES ('El Morro de Puerto Santo', @tipo, @pertenece);

SET @tipo = 'Parroquia';
SET @pertenece = (SELECT pkLugar FROM
	(SELECT id_lugar as pkLugar FROM arma_tu_fiesta.lugar WHERE tipo = 'Municipio' AND nombre = 'Arismendi (Río Caribe)')
	as tablaLugar);
INSERT INTO arma_tu_fiesta.lugar (nombre, tipo, fk_pertenece) VALUES ('Puerto Santo', @tipo, @pertenece);

SET @tipo = 'Parroquia';
SET @pertenece = (SELECT pkLugar FROM
	(SELECT id_lugar as pkLugar FROM arma_tu_fiesta.lugar WHERE tipo = 'Municipio' AND nombre = 'Arismendi (Río Caribe)')
	as tablaLugar);
INSERT INTO arma_tu_fiesta.lugar (nombre, tipo, fk_pertenece) VALUES ('San Juan de las Galdonas', @tipo, @pertenece);

SET @tipo = 'Municipio';
SET @pertenece = (SELECT pkLugar FROM
	(SELECT id_lugar as pkLugar FROM arma_tu_fiesta.lugar WHERE tipo = 'Estado' AND nombre = 'Sucre')
	as tablaLugar);
INSERT INTO arma_tu_fiesta.lugar (nombre, tipo, fk_pertenece) VALUES ('Benítez (El Pilar)', @tipo, @pertenece);

SET @tipo = 'Parroquia';
SET @pertenece = (SELECT pkLugar FROM
	(SELECT id_lugar as pkLugar FROM arma_tu_fiesta.lugar WHERE tipo = 'Municipio' AND nombre = 'Benítez (El Pilar)')
	as tablaLugar);
INSERT INTO arma_tu_fiesta.lugar (nombre, tipo, fk_pertenece) VALUES ('El Pilar', @tipo, @pertenece);

SET @tipo = 'Parroquia';
SET @pertenece = (SELECT pkLugar FROM
	(SELECT id_lugar as pkLugar FROM arma_tu_fiesta.lugar WHERE tipo = 'Municipio' AND nombre = 'Benítez (El Pilar)')
	as tablaLugar);
INSERT INTO arma_tu_fiesta.lugar (nombre, tipo, fk_pertenece) VALUES ('El Rincón', @tipo, @pertenece);

SET @tipo = 'Parroquia';
SET @pertenece = (SELECT pkLugar FROM
	(SELECT id_lugar as pkLugar FROM arma_tu_fiesta.lugar WHERE tipo = 'Municipio' AND nombre = 'Benítez (El Pilar)')
	as tablaLugar);
INSERT INTO arma_tu_fiesta.lugar (nombre, tipo, fk_pertenece) VALUES ('General Francisco Antonio Vázquez', @tipo, @pertenece);

SET @tipo = 'Parroquia';
SET @pertenece = (SELECT pkLugar FROM
	(SELECT id_lugar as pkLugar FROM arma_tu_fiesta.lugar WHERE tipo = 'Municipio' AND nombre = 'Benítez (El Pilar)')
	as tablaLugar);
INSERT INTO arma_tu_fiesta.lugar (nombre, tipo, fk_pertenece) VALUES ('Guaraúnos', @tipo, @pertenece);

SET @tipo = 'Parroquia';
SET @pertenece = (SELECT pkLugar FROM
	(SELECT id_lugar as pkLugar FROM arma_tu_fiesta.lugar WHERE tipo = 'Municipio' AND nombre = 'Benítez (El Pilar)')
	as tablaLugar);
INSERT INTO arma_tu_fiesta.lugar (nombre, tipo, fk_pertenece) VALUES ('Tunapuicito', @tipo, @pertenece);

SET @tipo = 'Parroquia';
SET @pertenece = (SELECT pkLugar FROM
	(SELECT id_lugar as pkLugar FROM arma_tu_fiesta.lugar WHERE tipo = 'Municipio' AND nombre = 'Benítez (El Pilar)')
	as tablaLugar);
INSERT INTO arma_tu_fiesta.lugar (nombre, tipo, fk_pertenece) VALUES ('Unión', @tipo, @pertenece);

SET @tipo = 'Municipio';
SET @pertenece = (SELECT pkLugar FROM
	(SELECT id_lugar as pkLugar FROM arma_tu_fiesta.lugar WHERE tipo = 'Estado' AND nombre = 'Sucre')
	as tablaLugar);
INSERT INTO arma_tu_fiesta.lugar (nombre, tipo, fk_pertenece) VALUES ('Bermúdez (Carúpano)', @tipo, @pertenece);

SET @tipo = 'Parroquia';
SET @pertenece = (SELECT pkLugar FROM
	(SELECT id_lugar as pkLugar FROM arma_tu_fiesta.lugar WHERE tipo = 'Municipio' AND nombre = 'Bermúdez (Carúpano)')
	as tablaLugar);
INSERT INTO arma_tu_fiesta.lugar (nombre, tipo, fk_pertenece) VALUES ('Santa Catalina', @tipo, @pertenece);

SET @tipo = 'Parroquia';
SET @pertenece = (SELECT pkLugar FROM
	(SELECT id_lugar as pkLugar FROM arma_tu_fiesta.lugar WHERE tipo = 'Municipio' AND nombre = 'Bermúdez (Carúpano)')
	as tablaLugar);
INSERT INTO arma_tu_fiesta.lugar (nombre, tipo, fk_pertenece) VALUES ('Santa Rosa', @tipo, @pertenece);

SET @tipo = 'Parroquia';
SET @pertenece = (SELECT pkLugar FROM
	(SELECT id_lugar as pkLugar FROM arma_tu_fiesta.lugar WHERE tipo = 'Municipio' AND nombre = 'Bermúdez (Carúpano)')
	as tablaLugar);
INSERT INTO arma_tu_fiesta.lugar (nombre, tipo, fk_pertenece) VALUES ('Santa Teresa', @tipo, @pertenece);

SET @tipo = 'Parroquia';
SET @pertenece = (SELECT pkLugar FROM
	(SELECT id_lugar as pkLugar FROM arma_tu_fiesta.lugar WHERE tipo = 'Municipio' AND nombre = 'Bermúdez (Carúpano)')
	as tablaLugar);
INSERT INTO arma_tu_fiesta.lugar (nombre, tipo, fk_pertenece) VALUES ('Bolívar', @tipo, @pertenece);

SET @tipo = 'Parroquia';
SET @pertenece = (SELECT pkLugar FROM
	(SELECT id_lugar as pkLugar FROM arma_tu_fiesta.lugar WHERE tipo = 'Municipio' AND nombre = 'Bermúdez (Carúpano)')
	as tablaLugar);
INSERT INTO arma_tu_fiesta.lugar (nombre, tipo, fk_pertenece) VALUES ('Maracapana', @tipo, @pertenece);

SET @tipo = 'Municipio';
SET @pertenece = (SELECT pkLugar FROM
	(SELECT id_lugar as pkLugar FROM arma_tu_fiesta.lugar WHERE tipo = 'Estado' AND nombre = 'Sucre')
	as tablaLugar);
INSERT INTO arma_tu_fiesta.lugar (nombre, tipo, fk_pertenece) VALUES ('Blanco (Casanay)', @tipo, @pertenece);

SET @tipo = 'Parroquia';
SET @pertenece = (SELECT pkLugar FROM
	(SELECT id_lugar as pkLugar FROM arma_tu_fiesta.lugar WHERE tipo = 'Municipio' AND nombre = 'Blanco (Casanay)')
	as tablaLugar);
INSERT INTO arma_tu_fiesta.lugar (nombre, tipo, fk_pertenece) VALUES ('Mariño', @tipo, @pertenece);

SET @tipo = 'Parroquia';
SET @pertenece = (SELECT pkLugar FROM
	(SELECT id_lugar as pkLugar FROM arma_tu_fiesta.lugar WHERE tipo = 'Municipio' AND nombre = 'Blanco (Casanay)')
	as tablaLugar);
INSERT INTO arma_tu_fiesta.lugar (nombre, tipo, fk_pertenece) VALUES ('Rómulo Gallegos', @tipo, @pertenece);

SET @tipo = 'Municipio';
SET @pertenece = (SELECT pkLugar FROM
	(SELECT id_lugar as pkLugar FROM arma_tu_fiesta.lugar WHERE tipo = 'Estado' AND nombre = 'Sucre')
	as tablaLugar);
INSERT INTO arma_tu_fiesta.lugar (nombre, tipo, fk_pertenece) VALUES ('Bolívar (Marigüitar)', @tipo, @pertenece);

SET @tipo = 'Parroquia';
SET @pertenece = (SELECT pkLugar FROM
	(SELECT id_lugar as pkLugar FROM arma_tu_fiesta.lugar WHERE tipo = 'Municipio' AND nombre = 'Bolívar (Marigüitar)')
	as tablaLugar);
INSERT INTO arma_tu_fiesta.lugar (nombre, tipo, fk_pertenece) VALUES ('Marigüitar', @tipo, @pertenece);

SET @tipo = 'Municipio';
SET @pertenece = (SELECT pkLugar FROM
	(SELECT id_lugar as pkLugar FROM arma_tu_fiesta.lugar WHERE tipo = 'Estado' AND nombre = 'Sucre')
	as tablaLugar);
INSERT INTO arma_tu_fiesta.lugar (nombre, tipo, fk_pertenece) VALUES ('Cajigal (Yaguaraparo)', @tipo, @pertenece);

SET @tipo = 'Parroquia';
SET @pertenece = (SELECT pkLugar FROM
	(SELECT id_lugar as pkLugar FROM arma_tu_fiesta.lugar WHERE tipo = 'Municipio' AND nombre = 'Cajigal (Yaguaraparo)')
	as tablaLugar);
INSERT INTO arma_tu_fiesta.lugar (nombre, tipo, fk_pertenece) VALUES ('Libertad', @tipo, @pertenece);

SET @tipo = 'Parroquia';
SET @pertenece = (SELECT pkLugar FROM
	(SELECT id_lugar as pkLugar FROM arma_tu_fiesta.lugar WHERE tipo = 'Municipio' AND nombre = 'Cajigal (Yaguaraparo)')
	as tablaLugar);
INSERT INTO arma_tu_fiesta.lugar (nombre, tipo, fk_pertenece) VALUES ('El Paujil', @tipo, @pertenece);

SET @tipo = 'Parroquia';
SET @pertenece = (SELECT pkLugar FROM
	(SELECT id_lugar as pkLugar FROM arma_tu_fiesta.lugar WHERE tipo = 'Municipio' AND nombre = 'Cajigal (Yaguaraparo)')
	as tablaLugar);
INSERT INTO arma_tu_fiesta.lugar (nombre, tipo, fk_pertenece) VALUES ('Yaguaraparo', @tipo, @pertenece);

SET @tipo = 'Municipio';
SET @pertenece = (SELECT pkLugar FROM
	(SELECT id_lugar as pkLugar FROM arma_tu_fiesta.lugar WHERE tipo = 'Estado' AND nombre = 'Sucre')
	as tablaLugar);
INSERT INTO arma_tu_fiesta.lugar (nombre, tipo, fk_pertenece) VALUES ('Cruz Salmerón Acosta (Araya)', @tipo, @pertenece);

SET @tipo = 'Parroquia';
SET @pertenece = (SELECT pkLugar FROM
	(SELECT id_lugar as pkLugar FROM arma_tu_fiesta.lugar WHERE tipo = 'Municipio' AND nombre = 'Cruz Salmerón Acosta (Araya)')
	as tablaLugar);
INSERT INTO arma_tu_fiesta.lugar (nombre, tipo, fk_pertenece) VALUES ('Araya', @tipo, @pertenece);

SET @tipo = 'Parroquia';
SET @pertenece = (SELECT pkLugar FROM
	(SELECT id_lugar as pkLugar FROM arma_tu_fiesta.lugar WHERE tipo = 'Municipio' AND nombre = 'Cruz Salmerón Acosta (Araya)')
	as tablaLugar);
INSERT INTO arma_tu_fiesta.lugar (nombre, tipo, fk_pertenece) VALUES ('Chacopata', @tipo, @pertenece);

SET @tipo = 'Parroquia';
SET @pertenece = (SELECT pkLugar FROM
	(SELECT id_lugar as pkLugar FROM arma_tu_fiesta.lugar WHERE tipo = 'Municipio' AND nombre = 'Cruz Salmerón Acosta (Araya)')
	as tablaLugar);
INSERT INTO arma_tu_fiesta.lugar (nombre, tipo, fk_pertenece) VALUES ('Manicuare', @tipo, @pertenece);

SET @tipo = 'Municipio';
SET @pertenece = (SELECT pkLugar FROM
	(SELECT id_lugar as pkLugar FROM arma_tu_fiesta.lugar WHERE tipo = 'Estado' AND nombre = 'Sucre')
	as tablaLugar);
INSERT INTO arma_tu_fiesta.lugar (nombre, tipo, fk_pertenece) VALUES ('Libertador (Tunapuy)', @tipo, @pertenece);

SET @tipo = 'Parroquia';
SET @pertenece = (SELECT pkLugar FROM
	(SELECT id_lugar as pkLugar FROM arma_tu_fiesta.lugar WHERE tipo = 'Municipio' AND nombre = 'Libertador (Tunapuy)')
	as tablaLugar);
INSERT INTO arma_tu_fiesta.lugar (nombre, tipo, fk_pertenece) VALUES ('Tunapuy', @tipo, @pertenece);

SET @tipo = 'Parroquia';
SET @pertenece = (SELECT pkLugar FROM
	(SELECT id_lugar as pkLugar FROM arma_tu_fiesta.lugar WHERE tipo = 'Municipio' AND nombre = 'Libertador (Tunapuy)')
	as tablaLugar);
INSERT INTO arma_tu_fiesta.lugar (nombre, tipo, fk_pertenece) VALUES ('Campo Elías', @tipo, @pertenece);

SET @tipo = 'Municipio';
SET @pertenece = (SELECT pkLugar FROM
	(SELECT id_lugar as pkLugar FROM arma_tu_fiesta.lugar WHERE tipo = 'Estado' AND nombre = 'Sucre')
	as tablaLugar);
INSERT INTO arma_tu_fiesta.lugar (nombre, tipo, fk_pertenece) VALUES ('Mariño (Irapa)', @tipo, @pertenece);

SET @tipo = 'Parroquia';
SET @pertenece = (SELECT pkLugar FROM
	(SELECT id_lugar as pkLugar FROM arma_tu_fiesta.lugar WHERE tipo = 'Municipio' AND nombre = 'Mariño (Irapa)')
	as tablaLugar);
INSERT INTO arma_tu_fiesta.lugar (nombre, tipo, fk_pertenece) VALUES ('Irapa', @tipo, @pertenece);

SET @tipo = 'Parroquia';
SET @pertenece = (SELECT pkLugar FROM
	(SELECT id_lugar as pkLugar FROM arma_tu_fiesta.lugar WHERE tipo = 'Municipio' AND nombre = 'Mariño (Irapa)')
	as tablaLugar);
INSERT INTO arma_tu_fiesta.lugar (nombre, tipo, fk_pertenece) VALUES ('Campo Claro', @tipo, @pertenece);

SET @tipo = 'Parroquia';
SET @pertenece = (SELECT pkLugar FROM
	(SELECT id_lugar as pkLugar FROM arma_tu_fiesta.lugar WHERE tipo = 'Municipio' AND nombre = 'Mariño (Irapa)')
	as tablaLugar);
INSERT INTO arma_tu_fiesta.lugar (nombre, tipo, fk_pertenece) VALUES ('Marabal', @tipo, @pertenece);

SET @tipo = 'Parroquia';
SET @pertenece = (SELECT pkLugar FROM
	(SELECT id_lugar as pkLugar FROM arma_tu_fiesta.lugar WHERE tipo = 'Municipio' AND nombre = 'Mariño (Irapa)')
	as tablaLugar);
INSERT INTO arma_tu_fiesta.lugar (nombre, tipo, fk_pertenece) VALUES ('San Antonio de Irapa', @tipo, @pertenece);

SET @tipo = 'Parroquia';
SET @pertenece = (SELECT pkLugar FROM
	(SELECT id_lugar as pkLugar FROM arma_tu_fiesta.lugar WHERE tipo = 'Municipio' AND nombre = 'Mariño (Irapa)')
	as tablaLugar);
INSERT INTO arma_tu_fiesta.lugar (nombre, tipo, fk_pertenece) VALUES ('Soro', @tipo, @pertenece);

SET @tipo = 'Municipio';
SET @pertenece = (SELECT pkLugar FROM
	(SELECT id_lugar as pkLugar FROM arma_tu_fiesta.lugar WHERE tipo = 'Estado' AND nombre = 'Sucre')
	as tablaLugar);
INSERT INTO arma_tu_fiesta.lugar (nombre, tipo, fk_pertenece) VALUES ('Mata (San José de Aerocuar)', @tipo, @pertenece);

SET @tipo = 'Parroquia';
SET @pertenece = (SELECT pkLugar FROM
	(SELECT id_lugar as pkLugar FROM arma_tu_fiesta.lugar WHERE tipo = 'Municipio' AND nombre = 'Mata (San José de Aerocuar)')
	as tablaLugar);
INSERT INTO arma_tu_fiesta.lugar (nombre, tipo, fk_pertenece) VALUES ('San José de Areocuar', @tipo, @pertenece);

SET @tipo = 'Parroquia';
SET @pertenece = (SELECT pkLugar FROM
	(SELECT id_lugar as pkLugar FROM arma_tu_fiesta.lugar WHERE tipo = 'Municipio' AND nombre = 'Mata (San José de Aerocuar)')
	as tablaLugar);
INSERT INTO arma_tu_fiesta.lugar (nombre, tipo, fk_pertenece) VALUES ('Tavera Acosta', @tipo, @pertenece);

SET @tipo = 'Municipio';
SET @pertenece = (SELECT pkLugar FROM
	(SELECT id_lugar as pkLugar FROM arma_tu_fiesta.lugar WHERE tipo = 'Estado' AND nombre = 'Sucre')
	as tablaLugar);
INSERT INTO arma_tu_fiesta.lugar (nombre, tipo, fk_pertenece) VALUES ('Mejía (San Antonio del Golfo)', @tipo, @pertenece);

SET @tipo = 'Parroquia';
SET @pertenece = (SELECT pkLugar FROM
	(SELECT id_lugar as pkLugar FROM arma_tu_fiesta.lugar WHERE tipo = 'Municipio' AND nombre = 'Mejía (San Antonio del Golfo)')
	as tablaLugar);
INSERT INTO arma_tu_fiesta.lugar (nombre, tipo, fk_pertenece) VALUES ('San Antonio del Golfo', @tipo, @pertenece);

SET @tipo = 'Municipio';
SET @pertenece = (SELECT pkLugar FROM
	(SELECT id_lugar as pkLugar FROM arma_tu_fiesta.lugar WHERE tipo = 'Estado' AND nombre = 'Sucre')
	as tablaLugar);
INSERT INTO arma_tu_fiesta.lugar (nombre, tipo, fk_pertenece) VALUES ('Montes (Cumanacoa)', @tipo, @pertenece);

SET @tipo = 'Parroquia';
SET @pertenece = (SELECT pkLugar FROM
	(SELECT id_lugar as pkLugar FROM arma_tu_fiesta.lugar WHERE tipo = 'Municipio' AND nombre = 'Montes (Cumanacoa)')
	as tablaLugar);
INSERT INTO arma_tu_fiesta.lugar (nombre, tipo, fk_pertenece) VALUES ('Cumanacoa', @tipo, @pertenece);

SET @tipo = 'Parroquia';
SET @pertenece = (SELECT pkLugar FROM
	(SELECT id_lugar as pkLugar FROM arma_tu_fiesta.lugar WHERE tipo = 'Municipio' AND nombre = 'Montes (Cumanacoa)')
	as tablaLugar);
INSERT INTO arma_tu_fiesta.lugar (nombre, tipo, fk_pertenece) VALUES ('Arenas', @tipo, @pertenece);

SET @tipo = 'Parroquia';
SET @pertenece = (SELECT pkLugar FROM
	(SELECT id_lugar as pkLugar FROM arma_tu_fiesta.lugar WHERE tipo = 'Municipio' AND nombre = 'Montes (Cumanacoa)')
	as tablaLugar);
INSERT INTO arma_tu_fiesta.lugar (nombre, tipo, fk_pertenece) VALUES ('Aricagua', @tipo, @pertenece);

SET @tipo = 'Parroquia';
SET @pertenece = (SELECT pkLugar FROM
	(SELECT id_lugar as pkLugar FROM arma_tu_fiesta.lugar WHERE tipo = 'Municipio' AND nombre = 'Montes (Cumanacoa)')
	as tablaLugar);
INSERT INTO arma_tu_fiesta.lugar (nombre, tipo, fk_pertenece) VALUES ('Cocollar', @tipo, @pertenece);

SET @tipo = 'Parroquia';
SET @pertenece = (SELECT pkLugar FROM
	(SELECT id_lugar as pkLugar FROM arma_tu_fiesta.lugar WHERE tipo = 'Municipio' AND nombre = 'Montes (Cumanacoa)')
	as tablaLugar);
INSERT INTO arma_tu_fiesta.lugar (nombre, tipo, fk_pertenece) VALUES ('San Fernando', @tipo, @pertenece);

SET @tipo = 'Parroquia';
SET @pertenece = (SELECT pkLugar FROM
	(SELECT id_lugar as pkLugar FROM arma_tu_fiesta.lugar WHERE tipo = 'Municipio' AND nombre = 'Montes (Cumanacoa)')
	as tablaLugar);
INSERT INTO arma_tu_fiesta.lugar (nombre, tipo, fk_pertenece) VALUES ('San Lorenzo', @tipo, @pertenece);

SET @tipo = 'Municipio';
SET @pertenece = (SELECT pkLugar FROM
	(SELECT id_lugar as pkLugar FROM arma_tu_fiesta.lugar WHERE tipo = 'Estado' AND nombre = 'Sucre')
	as tablaLugar);
INSERT INTO arma_tu_fiesta.lugar (nombre, tipo, fk_pertenece) VALUES ('Ribero (Cariaco)', @tipo, @pertenece);

SET @tipo = 'Parroquia';
SET @pertenece = (SELECT pkLugar FROM
	(SELECT id_lugar as pkLugar FROM arma_tu_fiesta.lugar WHERE tipo = 'Municipio' AND nombre = 'Ribero (Cariaco)')
	as tablaLugar);
INSERT INTO arma_tu_fiesta.lugar (nombre, tipo, fk_pertenece) VALUES ('Cariaco', @tipo, @pertenece);

SET @tipo = 'Parroquia';
SET @pertenece = (SELECT pkLugar FROM
	(SELECT id_lugar as pkLugar FROM arma_tu_fiesta.lugar WHERE tipo = 'Municipio' AND nombre = 'Ribero (Cariaco)')
	as tablaLugar);
INSERT INTO arma_tu_fiesta.lugar (nombre, tipo, fk_pertenece) VALUES ('Catuaro', @tipo, @pertenece);

SET @tipo = 'Parroquia';
SET @pertenece = (SELECT pkLugar FROM
	(SELECT id_lugar as pkLugar FROM arma_tu_fiesta.lugar WHERE tipo = 'Municipio' AND nombre = 'Ribero (Cariaco)')
	as tablaLugar);
INSERT INTO arma_tu_fiesta.lugar (nombre, tipo, fk_pertenece) VALUES ('Rendón', @tipo, @pertenece);

SET @tipo = 'Parroquia';
SET @pertenece = (SELECT pkLugar FROM
	(SELECT id_lugar as pkLugar FROM arma_tu_fiesta.lugar WHERE tipo = 'Municipio' AND nombre = 'Ribero (Cariaco)')
	as tablaLugar);
INSERT INTO arma_tu_fiesta.lugar (nombre, tipo, fk_pertenece) VALUES ('Santa Cruz', @tipo, @pertenece);

SET @tipo = 'Parroquia';
SET @pertenece = (SELECT pkLugar FROM
	(SELECT id_lugar as pkLugar FROM arma_tu_fiesta.lugar WHERE tipo = 'Municipio' AND nombre = 'Ribero (Cariaco)')
	as tablaLugar);
INSERT INTO arma_tu_fiesta.lugar (nombre, tipo, fk_pertenece) VALUES ('Santa María', @tipo, @pertenece);

SET @tipo = 'Municipio';
SET @pertenece = (SELECT pkLugar FROM
	(SELECT id_lugar as pkLugar FROM arma_tu_fiesta.lugar WHERE tipo = 'Estado' AND nombre = 'Sucre')
	as tablaLugar);
INSERT INTO arma_tu_fiesta.lugar (nombre, tipo, fk_pertenece) VALUES ('Sucre (Cumaná)', @tipo, @pertenece);

SET @tipo = 'Parroquia';
SET @pertenece = (SELECT pkLugar FROM
	(SELECT id_lugar as pkLugar FROM arma_tu_fiesta.lugar WHERE tipo = 'Municipio' AND nombre = 'Sucre (Cumaná)')
	as tablaLugar);
INSERT INTO arma_tu_fiesta.lugar (nombre, tipo, fk_pertenece) VALUES ('Altagracia (Cumaná)', @tipo, @pertenece);

SET @tipo = 'Parroquia';
SET @pertenece = (SELECT pkLugar FROM
	(SELECT id_lugar as pkLugar FROM arma_tu_fiesta.lugar WHERE tipo = 'Municipio' AND nombre = 'Sucre (Cumaná)')
	as tablaLugar);
INSERT INTO arma_tu_fiesta.lugar (nombre, tipo, fk_pertenece) VALUES ('Santa Inés (Cumaná)', @tipo, @pertenece);

SET @tipo = 'Parroquia';
SET @pertenece = (SELECT pkLugar FROM
	(SELECT id_lugar as pkLugar FROM arma_tu_fiesta.lugar WHERE tipo = 'Municipio' AND nombre = 'Sucre (Cumaná)')
	as tablaLugar);
INSERT INTO arma_tu_fiesta.lugar (nombre, tipo, fk_pertenece) VALUES ('Valentín Valiente (Cumaná)', @tipo, @pertenece);

SET @tipo = 'Parroquia';
SET @pertenece = (SELECT pkLugar FROM
	(SELECT id_lugar as pkLugar FROM arma_tu_fiesta.lugar WHERE tipo = 'Municipio' AND nombre = 'Sucre (Cumaná)')
	as tablaLugar);
INSERT INTO arma_tu_fiesta.lugar (nombre, tipo, fk_pertenece) VALUES ('Ayacucho (Cumaná)', @tipo, @pertenece);

SET @tipo = 'Parroquia';
SET @pertenece = (SELECT pkLugar FROM
	(SELECT id_lugar as pkLugar FROM arma_tu_fiesta.lugar WHERE tipo = 'Municipio' AND nombre = 'Sucre (Cumaná)')
	as tablaLugar);
INSERT INTO arma_tu_fiesta.lugar (nombre, tipo, fk_pertenece) VALUES ('San Juan', @tipo, @pertenece);

SET @tipo = 'Parroquia';
SET @pertenece = (SELECT pkLugar FROM
	(SELECT id_lugar as pkLugar FROM arma_tu_fiesta.lugar WHERE tipo = 'Municipio' AND nombre = 'Sucre (Cumaná)')
	as tablaLugar);
INSERT INTO arma_tu_fiesta.lugar (nombre, tipo, fk_pertenece) VALUES ('Raúl Leoni', @tipo, @pertenece);

SET @tipo = 'Parroquia';
SET @pertenece = (SELECT pkLugar FROM
	(SELECT id_lugar as pkLugar FROM arma_tu_fiesta.lugar WHERE tipo = 'Municipio' AND nombre = 'Sucre (Cumaná)')
	as tablaLugar);
INSERT INTO arma_tu_fiesta.lugar (nombre, tipo, fk_pertenece) VALUES ('Gran Mariscal', @tipo, @pertenece);

SET @tipo = 'Municipio';
SET @pertenece = (SELECT pkLugar FROM
	(SELECT id_lugar as pkLugar FROM arma_tu_fiesta.lugar WHERE tipo = 'Estado' AND nombre = 'Sucre')
	as tablaLugar);
INSERT INTO arma_tu_fiesta.lugar (nombre, tipo, fk_pertenece) VALUES ('Valdez (Güiria)', @tipo, @pertenece);

SET @tipo = 'Parroquia';
SET @pertenece = (SELECT pkLugar FROM
	(SELECT id_lugar as pkLugar FROM arma_tu_fiesta.lugar WHERE tipo = 'Municipio' AND nombre = 'Valdez (Güiria)')
	as tablaLugar);
INSERT INTO arma_tu_fiesta.lugar (nombre, tipo, fk_pertenece) VALUES ('Cristóbal Colón', @tipo, @pertenece);

SET @tipo = 'Parroquia';
SET @pertenece = (SELECT pkLugar FROM
	(SELECT id_lugar as pkLugar FROM arma_tu_fiesta.lugar WHERE tipo = 'Municipio' AND nombre = 'Valdez (Güiria)')
	as tablaLugar);
INSERT INTO arma_tu_fiesta.lugar (nombre, tipo, fk_pertenece) VALUES ('Bideau', @tipo, @pertenece);

SET @tipo = 'Parroquia';
SET @pertenece = (SELECT pkLugar FROM
	(SELECT id_lugar as pkLugar FROM arma_tu_fiesta.lugar WHERE tipo = 'Municipio' AND nombre = 'Valdez (Güiria)')
	as tablaLugar);
INSERT INTO arma_tu_fiesta.lugar (nombre, tipo, fk_pertenece) VALUES ('Punta de Piedras', @tipo, @pertenece);

SET @tipo = 'Parroquia';
SET @pertenece = (SELECT pkLugar FROM
	(SELECT id_lugar as pkLugar FROM arma_tu_fiesta.lugar WHERE tipo = 'Municipio' AND nombre = 'Valdez (Güiria)')
	as tablaLugar);
INSERT INTO arma_tu_fiesta.lugar (nombre, tipo, fk_pertenece) VALUES ('Güiria', @tipo, @pertenece);

SET @tipo = 'Estado';
SET @pertenece = (SELECT pkLugar FROM
	(SELECT id_lugar as pkLugar FROM arma_tu_fiesta.lugar WHERE tipo = 'Pais' AND nombre = 'Venezuela')
	as tablaLugar);
INSERT INTO arma_tu_fiesta.lugar (nombre, tipo, fk_pertenece) VALUES ('Táchira', @tipo, @pertenece);

SET @tipo = 'Municipio';
SET @pertenece = (SELECT pkLugar FROM
	(SELECT id_lugar as pkLugar FROM arma_tu_fiesta.lugar WHERE tipo = 'Estado' AND nombre = 'Táchira')
	as tablaLugar);
INSERT INTO arma_tu_fiesta.lugar (nombre, tipo, fk_pertenece) VALUES ('Andrés Bello (Cordero)', @tipo, @pertenece);

SET @tipo = 'Parroquia';
SET @pertenece = (SELECT pkLugar FROM
	(SELECT id_lugar as pkLugar FROM arma_tu_fiesta.lugar WHERE tipo = 'Municipio' AND nombre = 'Andrés Bello (Cordero)')
	as tablaLugar);
INSERT INTO arma_tu_fiesta.lugar (nombre, tipo, fk_pertenece) VALUES ('Cordero', @tipo, @pertenece);

SET @tipo = 'Municipio';
SET @pertenece = (SELECT pkLugar FROM
	(SELECT id_lugar as pkLugar FROM arma_tu_fiesta.lugar WHERE tipo = 'Estado' AND nombre = 'Táchira')
	as tablaLugar);
INSERT INTO arma_tu_fiesta.lugar (nombre, tipo, fk_pertenece) VALUES ('Ayacucho (Colón)', @tipo, @pertenece);

SET @tipo = 'Parroquia';
SET @pertenece = (SELECT pkLugar FROM
	(SELECT id_lugar as pkLugar FROM arma_tu_fiesta.lugar WHERE tipo = 'Municipio' AND nombre = 'Ayacucho (Colón)')
	as tablaLugar);
INSERT INTO arma_tu_fiesta.lugar (nombre, tipo, fk_pertenece) VALUES ('Rivas Berti', @tipo, @pertenece);

SET @tipo = 'Parroquia';
SET @pertenece = (SELECT pkLugar FROM
	(SELECT id_lugar as pkLugar FROM arma_tu_fiesta.lugar WHERE tipo = 'Municipio' AND nombre = 'Ayacucho (Colón)')
	as tablaLugar);
INSERT INTO arma_tu_fiesta.lugar (nombre, tipo, fk_pertenece) VALUES ('San Juan de Colon', @tipo, @pertenece);

SET @tipo = 'Parroquia';
SET @pertenece = (SELECT pkLugar FROM
	(SELECT id_lugar as pkLugar FROM arma_tu_fiesta.lugar WHERE tipo = 'Municipio' AND nombre = 'Ayacucho (Colón)')
	as tablaLugar);
INSERT INTO arma_tu_fiesta.lugar (nombre, tipo, fk_pertenece) VALUES ('San Pedro del Rio', @tipo, @pertenece);

SET @tipo = 'Municipio';
SET @pertenece = (SELECT pkLugar FROM
	(SELECT id_lugar as pkLugar FROM arma_tu_fiesta.lugar WHERE tipo = 'Estado' AND nombre = 'Táchira')
	as tablaLugar);
INSERT INTO arma_tu_fiesta.lugar (nombre, tipo, fk_pertenece) VALUES ('Bolívar (San Antonio del Táchira)', @tipo, @pertenece);

SET @tipo = 'Parroquia';
SET @pertenece = (SELECT pkLugar FROM
	(SELECT id_lugar as pkLugar FROM arma_tu_fiesta.lugar WHERE tipo = 'Municipio' AND nombre = 'Bolívar (San Antonio del Táchira)')
	as tablaLugar);
INSERT INTO arma_tu_fiesta.lugar (nombre, tipo, fk_pertenece) VALUES ('Isaias Medina Angarita', @tipo, @pertenece);

SET @tipo = 'Parroquia';
SET @pertenece = (SELECT pkLugar FROM
	(SELECT id_lugar as pkLugar FROM arma_tu_fiesta.lugar WHERE tipo = 'Municipio' AND nombre = 'Bolívar (San Antonio del Táchira)')
	as tablaLugar);
INSERT INTO arma_tu_fiesta.lugar (nombre, tipo, fk_pertenece) VALUES ('Juan Vicente Gomez', @tipo, @pertenece);

SET @tipo = 'Parroquia';
SET @pertenece = (SELECT pkLugar FROM
	(SELECT id_lugar as pkLugar FROM arma_tu_fiesta.lugar WHERE tipo = 'Municipio' AND nombre = 'Bolívar (San Antonio del Táchira)')
	as tablaLugar);
INSERT INTO arma_tu_fiesta.lugar (nombre, tipo, fk_pertenece) VALUES ('Palotal', @tipo, @pertenece);

SET @tipo = 'Parroquia';
SET @pertenece = (SELECT pkLugar FROM
	(SELECT id_lugar as pkLugar FROM arma_tu_fiesta.lugar WHERE tipo = 'Municipio' AND nombre = 'Bolívar (San Antonio del Táchira)')
	as tablaLugar);
INSERT INTO arma_tu_fiesta.lugar (nombre, tipo, fk_pertenece) VALUES ('San Antonio del Tachira', @tipo, @pertenece);

SET @tipo = 'Municipio';
SET @pertenece = (SELECT pkLugar FROM
	(SELECT id_lugar as pkLugar FROM arma_tu_fiesta.lugar WHERE tipo = 'Estado' AND nombre = 'Táchira')
	as tablaLugar);
INSERT INTO arma_tu_fiesta.lugar (nombre, tipo, fk_pertenece) VALUES ('Cárdenas (Táriba)', @tipo, @pertenece);

SET @tipo = 'Parroquia';
SET @pertenece = (SELECT pkLugar FROM
	(SELECT id_lugar as pkLugar FROM arma_tu_fiesta.lugar WHERE tipo = 'Municipio' AND nombre = 'Cárdenas (Táriba)')
	as tablaLugar);
INSERT INTO arma_tu_fiesta.lugar (nombre, tipo, fk_pertenece) VALUES ('Amenodoro Rangel Lamus', @tipo, @pertenece);

SET @tipo = 'Parroquia';
SET @pertenece = (SELECT pkLugar FROM
	(SELECT id_lugar as pkLugar FROM arma_tu_fiesta.lugar WHERE tipo = 'Municipio' AND nombre = 'Cárdenas (Táriba)')
	as tablaLugar);
INSERT INTO arma_tu_fiesta.lugar (nombre, tipo, fk_pertenece) VALUES ('La Florida', @tipo, @pertenece);

SET @tipo = 'Parroquia';
SET @pertenece = (SELECT pkLugar FROM
	(SELECT id_lugar as pkLugar FROM arma_tu_fiesta.lugar WHERE tipo = 'Municipio' AND nombre = 'Cárdenas (Táriba)')
	as tablaLugar);
INSERT INTO arma_tu_fiesta.lugar (nombre, tipo, fk_pertenece) VALUES ('Tariba', @tipo, @pertenece);

SET @tipo = 'Municipio';
SET @pertenece = (SELECT pkLugar FROM
	(SELECT id_lugar as pkLugar FROM arma_tu_fiesta.lugar WHERE tipo = 'Estado' AND nombre = 'Táchira')
	as tablaLugar);
INSERT INTO arma_tu_fiesta.lugar (nombre, tipo, fk_pertenece) VALUES ('Córdoba (Santa Ana de Táchira)', @tipo, @pertenece);

SET @tipo = 'Parroquia';
SET @pertenece = (SELECT pkLugar FROM
	(SELECT id_lugar as pkLugar FROM arma_tu_fiesta.lugar WHERE tipo = 'Municipio' AND nombre = 'Córdoba (Santa Ana de Táchira)')
	as tablaLugar);
INSERT INTO arma_tu_fiesta.lugar (nombre, tipo, fk_pertenece) VALUES ('Santa Ana del Tachira', @tipo, @pertenece);

SET @tipo = 'Municipio';
SET @pertenece = (SELECT pkLugar FROM
	(SELECT id_lugar as pkLugar FROM arma_tu_fiesta.lugar WHERE tipo = 'Estado' AND nombre = 'Táchira')
	as tablaLugar);
INSERT INTO arma_tu_fiesta.lugar (nombre, tipo, fk_pertenece) VALUES ('Fernández (San Rafael del Piñal)', @tipo, @pertenece);

SET @tipo = 'Parroquia';
SET @pertenece = (SELECT pkLugar FROM
	(SELECT id_lugar as pkLugar FROM arma_tu_fiesta.lugar WHERE tipo = 'Municipio' AND nombre = 'Fernández (San Rafael del Piñal)')
	as tablaLugar);
INSERT INTO arma_tu_fiesta.lugar (nombre, tipo, fk_pertenece) VALUES ('Alberto Adriani', @tipo, @pertenece);

SET @tipo = 'Parroquia';
SET @pertenece = (SELECT pkLugar FROM
	(SELECT id_lugar as pkLugar FROM arma_tu_fiesta.lugar WHERE tipo = 'Municipio' AND nombre = 'Fernández (San Rafael del Piñal)')
	as tablaLugar);
INSERT INTO arma_tu_fiesta.lugar (nombre, tipo, fk_pertenece) VALUES ('San Rafael', @tipo, @pertenece);

SET @tipo = 'Parroquia';
SET @pertenece = (SELECT pkLugar FROM
	(SELECT id_lugar as pkLugar FROM arma_tu_fiesta.lugar WHERE tipo = 'Municipio' AND nombre = 'Fernández (San Rafael del Piñal)')
	as tablaLugar);
INSERT INTO arma_tu_fiesta.lugar (nombre, tipo, fk_pertenece) VALUES ('Santo Domingo', @tipo, @pertenece);

SET @tipo = 'Municipio';
SET @pertenece = (SELECT pkLugar FROM
	(SELECT id_lugar as pkLugar FROM arma_tu_fiesta.lugar WHERE tipo = 'Estado' AND nombre = 'Táchira')
	as tablaLugar);
INSERT INTO arma_tu_fiesta.lugar (nombre, tipo, fk_pertenece) VALUES ('Guásimos (Palmira)', @tipo, @pertenece);

SET @tipo = 'Parroquia';
SET @pertenece = (SELECT pkLugar FROM
	(SELECT id_lugar as pkLugar FROM arma_tu_fiesta.lugar WHERE tipo = 'Municipio' AND nombre = 'Guásimos (Palmira)')
	as tablaLugar);
INSERT INTO arma_tu_fiesta.lugar (nombre, tipo, fk_pertenece) VALUES ('Palmira', @tipo, @pertenece);

SET @tipo = 'Municipio';
SET @pertenece = (SELECT pkLugar FROM
	(SELECT id_lugar as pkLugar FROM arma_tu_fiesta.lugar WHERE tipo = 'Estado' AND nombre = 'Táchira')
	as tablaLugar);
INSERT INTO arma_tu_fiesta.lugar (nombre, tipo, fk_pertenece) VALUES ('Hevia (La Fría)', @tipo, @pertenece);

SET @tipo = 'Parroquia';
SET @pertenece = (SELECT pkLugar FROM
	(SELECT id_lugar as pkLugar FROM arma_tu_fiesta.lugar WHERE tipo = 'Municipio' AND nombre = 'Hevia (La Fría)')
	as tablaLugar);
INSERT INTO arma_tu_fiesta.lugar (nombre, tipo, fk_pertenece) VALUES ('Boca de Grita', @tipo, @pertenece);

SET @tipo = 'Parroquia';
SET @pertenece = (SELECT pkLugar FROM
	(SELECT id_lugar as pkLugar FROM arma_tu_fiesta.lugar WHERE tipo = 'Municipio' AND nombre = 'Hevia (La Fría)')
	as tablaLugar);
INSERT INTO arma_tu_fiesta.lugar (nombre, tipo, fk_pertenece) VALUES ('Jose Antonio Paez', @tipo, @pertenece);

SET @tipo = 'Parroquia';
SET @pertenece = (SELECT pkLugar FROM
	(SELECT id_lugar as pkLugar FROM arma_tu_fiesta.lugar WHERE tipo = 'Municipio' AND nombre = 'Hevia (La Fría)')
	as tablaLugar);
INSERT INTO arma_tu_fiesta.lugar (nombre, tipo, fk_pertenece) VALUES ('La Fria', @tipo, @pertenece);

SET @tipo = 'Municipio';
SET @pertenece = (SELECT pkLugar FROM
	(SELECT id_lugar as pkLugar FROM arma_tu_fiesta.lugar WHERE tipo = 'Estado' AND nombre = 'Táchira')
	as tablaLugar);
INSERT INTO arma_tu_fiesta.lugar (nombre, tipo, fk_pertenece) VALUES ('Independencia (Capacho Nuevo)', @tipo, @pertenece);

SET @tipo = 'Parroquia';
SET @pertenece = (SELECT pkLugar FROM
	(SELECT id_lugar as pkLugar FROM arma_tu_fiesta.lugar WHERE tipo = 'Municipio' AND nombre = 'Independencia (Capacho Nuevo)')
	as tablaLugar);
INSERT INTO arma_tu_fiesta.lugar (nombre, tipo, fk_pertenece) VALUES ('Capacho Nuevo', @tipo, @pertenece);

SET @tipo = 'Parroquia';
SET @pertenece = (SELECT pkLugar FROM
	(SELECT id_lugar as pkLugar FROM arma_tu_fiesta.lugar WHERE tipo = 'Municipio' AND nombre = 'Independencia (Capacho Nuevo)')
	as tablaLugar);
INSERT INTO arma_tu_fiesta.lugar (nombre, tipo, fk_pertenece) VALUES ('Juan German Roscio', @tipo, @pertenece);

SET @tipo = 'Parroquia';
SET @pertenece = (SELECT pkLugar FROM
	(SELECT id_lugar as pkLugar FROM arma_tu_fiesta.lugar WHERE tipo = 'Municipio' AND nombre = 'Independencia (Capacho Nuevo)')
	as tablaLugar);
INSERT INTO arma_tu_fiesta.lugar (nombre, tipo, fk_pertenece) VALUES ('Roman Cardenas', @tipo, @pertenece);

SET @tipo = 'Municipio';
SET @pertenece = (SELECT pkLugar FROM
	(SELECT id_lugar as pkLugar FROM arma_tu_fiesta.lugar WHERE tipo = 'Estado' AND nombre = 'Táchira')
	as tablaLugar);
INSERT INTO arma_tu_fiesta.lugar (nombre, tipo, fk_pertenece) VALUES ('Jáuregui (La Grita)', @tipo, @pertenece);

SET @tipo = 'Parroquia';
SET @pertenece = (SELECT pkLugar FROM
	(SELECT id_lugar as pkLugar FROM arma_tu_fiesta.lugar WHERE tipo = 'Municipio' AND nombre = 'Jáuregui (La Grita)')
	as tablaLugar);
INSERT INTO arma_tu_fiesta.lugar (nombre, tipo, fk_pertenece) VALUES ('Emilio Constantino Guerrero', @tipo, @pertenece);

SET @tipo = 'Parroquia';
SET @pertenece = (SELECT pkLugar FROM
	(SELECT id_lugar as pkLugar FROM arma_tu_fiesta.lugar WHERE tipo = 'Municipio' AND nombre = 'Jáuregui (La Grita)')
	as tablaLugar);
INSERT INTO arma_tu_fiesta.lugar (nombre, tipo, fk_pertenece) VALUES ('La Grita', @tipo, @pertenece);

SET @tipo = 'Parroquia';
SET @pertenece = (SELECT pkLugar FROM
	(SELECT id_lugar as pkLugar FROM arma_tu_fiesta.lugar WHERE tipo = 'Municipio' AND nombre = 'Jáuregui (La Grita)')
	as tablaLugar);
INSERT INTO arma_tu_fiesta.lugar (nombre, tipo, fk_pertenece) VALUES ('Miguel Antonio Salias', @tipo, @pertenece);

SET @tipo = 'Municipio';
SET @pertenece = (SELECT pkLugar FROM
	(SELECT id_lugar as pkLugar FROM arma_tu_fiesta.lugar WHERE tipo = 'Estado' AND nombre = 'Táchira')
	as tablaLugar);
INSERT INTO arma_tu_fiesta.lugar (nombre, tipo, fk_pertenece) VALUES ('Junín (Rubio)', @tipo, @pertenece);

SET @tipo = 'Parroquia';
SET @pertenece = (SELECT pkLugar FROM
	(SELECT id_lugar as pkLugar FROM arma_tu_fiesta.lugar WHERE tipo = 'Municipio' AND nombre = 'Junín (Rubio)')
	as tablaLugar);
INSERT INTO arma_tu_fiesta.lugar (nombre, tipo, fk_pertenece) VALUES ('Bramon', @tipo, @pertenece);

SET @tipo = 'Parroquia';
SET @pertenece = (SELECT pkLugar FROM
	(SELECT id_lugar as pkLugar FROM arma_tu_fiesta.lugar WHERE tipo = 'Municipio' AND nombre = 'Junín (Rubio)')
	as tablaLugar);
INSERT INTO arma_tu_fiesta.lugar (nombre, tipo, fk_pertenece) VALUES ('La Petrolea', @tipo, @pertenece);

SET @tipo = 'Parroquia';
SET @pertenece = (SELECT pkLugar FROM
	(SELECT id_lugar as pkLugar FROM arma_tu_fiesta.lugar WHERE tipo = 'Municipio' AND nombre = 'Junín (Rubio)')
	as tablaLugar);
INSERT INTO arma_tu_fiesta.lugar (nombre, tipo, fk_pertenece) VALUES ('Quinimari', @tipo, @pertenece);

SET @tipo = 'Parroquia';
SET @pertenece = (SELECT pkLugar FROM
	(SELECT id_lugar as pkLugar FROM arma_tu_fiesta.lugar WHERE tipo = 'Municipio' AND nombre = 'Junín (Rubio)')
	as tablaLugar);
INSERT INTO arma_tu_fiesta.lugar (nombre, tipo, fk_pertenece) VALUES ('Rubio', @tipo, @pertenece);

SET @tipo = 'Municipio';
SET @pertenece = (SELECT pkLugar FROM
	(SELECT id_lugar as pkLugar FROM arma_tu_fiesta.lugar WHERE tipo = 'Estado' AND nombre = 'Táchira')
	as tablaLugar);
INSERT INTO arma_tu_fiesta.lugar (nombre, tipo, fk_pertenece) VALUES ('Libertad (Capacho Viejo)', @tipo, @pertenece);

SET @tipo = 'Parroquia';
SET @pertenece = (SELECT pkLugar FROM
	(SELECT id_lugar as pkLugar FROM arma_tu_fiesta.lugar WHERE tipo = 'Municipio' AND nombre = 'Libertad (Capacho Viejo)')
	as tablaLugar);
INSERT INTO arma_tu_fiesta.lugar (nombre, tipo, fk_pertenece) VALUES ('Capacho Viejo', @tipo, @pertenece);

SET @tipo = 'Parroquia';
SET @pertenece = (SELECT pkLugar FROM
	(SELECT id_lugar as pkLugar FROM arma_tu_fiesta.lugar WHERE tipo = 'Municipio' AND nombre = 'Libertad (Capacho Viejo)')
	as tablaLugar);
INSERT INTO arma_tu_fiesta.lugar (nombre, tipo, fk_pertenece) VALUES ('Cipriano Castro', @tipo, @pertenece);

SET @tipo = 'Parroquia';
SET @pertenece = (SELECT pkLugar FROM
	(SELECT id_lugar as pkLugar FROM arma_tu_fiesta.lugar WHERE tipo = 'Municipio' AND nombre = 'Libertad (Capacho Viejo)')
	as tablaLugar);
INSERT INTO arma_tu_fiesta.lugar (nombre, tipo, fk_pertenece) VALUES ('Manuel Felipe Rugeles', @tipo, @pertenece);

SET @tipo = 'Municipio';
SET @pertenece = (SELECT pkLugar FROM
	(SELECT id_lugar as pkLugar FROM arma_tu_fiesta.lugar WHERE tipo = 'Estado' AND nombre = 'Táchira')
	as tablaLugar);
INSERT INTO arma_tu_fiesta.lugar (nombre, tipo, fk_pertenece) VALUES ('Libertador (Abejales)', @tipo, @pertenece);

SET @tipo = 'Parroquia';
SET @pertenece = (SELECT pkLugar FROM
	(SELECT id_lugar as pkLugar FROM arma_tu_fiesta.lugar WHERE tipo = 'Municipio' AND nombre = 'Libertador (Abejales)')
	as tablaLugar);
INSERT INTO arma_tu_fiesta.lugar (nombre, tipo, fk_pertenece) VALUES ('Abejales', @tipo, @pertenece);

SET @tipo = 'Parroquia';
SET @pertenece = (SELECT pkLugar FROM
	(SELECT id_lugar as pkLugar FROM arma_tu_fiesta.lugar WHERE tipo = 'Municipio' AND nombre = 'Libertador (Abejales)')
	as tablaLugar);
INSERT INTO arma_tu_fiesta.lugar (nombre, tipo, fk_pertenece) VALUES ('Doradas', @tipo, @pertenece);

SET @tipo = 'Parroquia';
SET @pertenece = (SELECT pkLugar FROM
	(SELECT id_lugar as pkLugar FROM arma_tu_fiesta.lugar WHERE tipo = 'Municipio' AND nombre = 'Libertador (Abejales)')
	as tablaLugar);
INSERT INTO arma_tu_fiesta.lugar (nombre, tipo, fk_pertenece) VALUES ('Emeterio Ochoa', @tipo, @pertenece);

SET @tipo = 'Parroquia';
SET @pertenece = (SELECT pkLugar FROM
	(SELECT id_lugar as pkLugar FROM arma_tu_fiesta.lugar WHERE tipo = 'Municipio' AND nombre = 'Libertador (Abejales)')
	as tablaLugar);
INSERT INTO arma_tu_fiesta.lugar (nombre, tipo, fk_pertenece) VALUES ('San Joaquin de Navay', @tipo, @pertenece);

SET @tipo = 'Municipio';
SET @pertenece = (SELECT pkLugar FROM
	(SELECT id_lugar as pkLugar FROM arma_tu_fiesta.lugar WHERE tipo = 'Estado' AND nombre = 'Táchira')
	as tablaLugar);
INSERT INTO arma_tu_fiesta.lugar (nombre, tipo, fk_pertenece) VALUES ('Lobatera (Lobatera)', @tipo, @pertenece);

SET @tipo = 'Parroquia';
SET @pertenece = (SELECT pkLugar FROM
	(SELECT id_lugar as pkLugar FROM arma_tu_fiesta.lugar WHERE tipo = 'Municipio' AND nombre = 'Lobatera (Lobatera)')
	as tablaLugar);
INSERT INTO arma_tu_fiesta.lugar (nombre, tipo, fk_pertenece) VALUES ('Lobatera', @tipo, @pertenece);

SET @tipo = 'Parroquia';
SET @pertenece = (SELECT pkLugar FROM
	(SELECT id_lugar as pkLugar FROM arma_tu_fiesta.lugar WHERE tipo = 'Municipio' AND nombre = 'Lobatera (Lobatera)')
	as tablaLugar);
INSERT INTO arma_tu_fiesta.lugar (nombre, tipo, fk_pertenece) VALUES ('Constitucion', @tipo, @pertenece);

SET @tipo = 'Municipio';
SET @pertenece = (SELECT pkLugar FROM
	(SELECT id_lugar as pkLugar FROM arma_tu_fiesta.lugar WHERE tipo = 'Estado' AND nombre = 'Táchira')
	as tablaLugar);
INSERT INTO arma_tu_fiesta.lugar (nombre, tipo, fk_pertenece) VALUES ('Maldonado (La Tendida)', @tipo, @pertenece);

SET @tipo = 'Parroquia';
SET @pertenece = (SELECT pkLugar FROM
	(SELECT id_lugar as pkLugar FROM arma_tu_fiesta.lugar WHERE tipo = 'Municipio' AND nombre = 'Maldonado (La Tendida)')
	as tablaLugar);
INSERT INTO arma_tu_fiesta.lugar (nombre, tipo, fk_pertenece) VALUES ('Bocono', @tipo, @pertenece);

SET @tipo = 'Parroquia';
SET @pertenece = (SELECT pkLugar FROM
	(SELECT id_lugar as pkLugar FROM arma_tu_fiesta.lugar WHERE tipo = 'Municipio' AND nombre = 'Maldonado (La Tendida)')
	as tablaLugar);
INSERT INTO arma_tu_fiesta.lugar (nombre, tipo, fk_pertenece) VALUES ('Hernandez', @tipo, @pertenece);

SET @tipo = 'Parroquia';
SET @pertenece = (SELECT pkLugar FROM
	(SELECT id_lugar as pkLugar FROM arma_tu_fiesta.lugar WHERE tipo = 'Municipio' AND nombre = 'Maldonado (La Tendida)')
	as tablaLugar);
INSERT INTO arma_tu_fiesta.lugar (nombre, tipo, fk_pertenece) VALUES ('La Tendida', @tipo, @pertenece);

SET @tipo = 'Municipio';
SET @pertenece = (SELECT pkLugar FROM
	(SELECT id_lugar as pkLugar FROM arma_tu_fiesta.lugar WHERE tipo = 'Estado' AND nombre = 'Táchira')
	as tablaLugar);
INSERT INTO arma_tu_fiesta.lugar (nombre, tipo, fk_pertenece) VALUES ('Michelena (Michelena)', @tipo, @pertenece);

SET @tipo = 'Parroquia';
SET @pertenece = (SELECT pkLugar FROM
	(SELECT id_lugar as pkLugar FROM arma_tu_fiesta.lugar WHERE tipo = 'Municipio' AND nombre = 'Michelena (Michelena)')
	as tablaLugar);
INSERT INTO arma_tu_fiesta.lugar (nombre, tipo, fk_pertenece) VALUES ('Michelena', @tipo, @pertenece);

SET @tipo = 'Municipio';
SET @pertenece = (SELECT pkLugar FROM
	(SELECT id_lugar as pkLugar FROM arma_tu_fiesta.lugar WHERE tipo = 'Estado' AND nombre = 'Táchira')
	as tablaLugar);
INSERT INTO arma_tu_fiesta.lugar (nombre, tipo, fk_pertenece) VALUES ('Miranda (San José de Bolívar)', @tipo, @pertenece);

SET @tipo = 'Parroquia';
SET @pertenece = (SELECT pkLugar FROM
	(SELECT id_lugar as pkLugar FROM arma_tu_fiesta.lugar WHERE tipo = 'Municipio' AND nombre = 'Miranda (San José de Bolívar)')
	as tablaLugar);
INSERT INTO arma_tu_fiesta.lugar (nombre, tipo, fk_pertenece) VALUES ('San Jose de Bolivar', @tipo, @pertenece);

SET @tipo = 'Municipio';
SET @pertenece = (SELECT pkLugar FROM
	(SELECT id_lugar as pkLugar FROM arma_tu_fiesta.lugar WHERE tipo = 'Estado' AND nombre = 'Táchira')
	as tablaLugar);
INSERT INTO arma_tu_fiesta.lugar (nombre, tipo, fk_pertenece) VALUES ('Panamericano (Coloncito)', @tipo, @pertenece);

SET @tipo = 'Parroquia';
SET @pertenece = (SELECT pkLugar FROM
	(SELECT id_lugar as pkLugar FROM arma_tu_fiesta.lugar WHERE tipo = 'Municipio' AND nombre = 'Panamericano (Coloncito)')
	as tablaLugar);
INSERT INTO arma_tu_fiesta.lugar (nombre, tipo, fk_pertenece) VALUES ('Coloncito', @tipo, @pertenece);

SET @tipo = 'Parroquia';
SET @pertenece = (SELECT pkLugar FROM
	(SELECT id_lugar as pkLugar FROM arma_tu_fiesta.lugar WHERE tipo = 'Municipio' AND nombre = 'Panamericano (Coloncito)')
	as tablaLugar);
INSERT INTO arma_tu_fiesta.lugar (nombre, tipo, fk_pertenece) VALUES ('La Palmita', @tipo, @pertenece);

SET @tipo = 'Municipio';
SET @pertenece = (SELECT pkLugar FROM
	(SELECT id_lugar as pkLugar FROM arma_tu_fiesta.lugar WHERE tipo = 'Estado' AND nombre = 'Táchira')
	as tablaLugar);
INSERT INTO arma_tu_fiesta.lugar (nombre, tipo, fk_pertenece) VALUES ('Rómulo Costa (Las Mesas)', @tipo, @pertenece);

SET @tipo = 'Parroquia';
SET @pertenece = (SELECT pkLugar FROM
	(SELECT id_lugar as pkLugar FROM arma_tu_fiesta.lugar WHERE tipo = 'Municipio' AND nombre = 'Rómulo Costa (Las Mesas)')
	as tablaLugar);
INSERT INTO arma_tu_fiesta.lugar (nombre, tipo, fk_pertenece) VALUES ('Las Mesas', @tipo, @pertenece);

SET @tipo = 'Municipio';
SET @pertenece = (SELECT pkLugar FROM
	(SELECT id_lugar as pkLugar FROM arma_tu_fiesta.lugar WHERE tipo = 'Estado' AND nombre = 'Táchira')
	as tablaLugar);
INSERT INTO arma_tu_fiesta.lugar (nombre, tipo, fk_pertenece) VALUES ('San Cristóbal (San Cristóbal)', @tipo, @pertenece);

SET @tipo = 'Parroquia';
SET @pertenece = (SELECT pkLugar FROM
	(SELECT id_lugar as pkLugar FROM arma_tu_fiesta.lugar WHERE tipo = 'Municipio' AND nombre = 'San Cristóbal (San Cristóbal)')
	as tablaLugar);
INSERT INTO arma_tu_fiesta.lugar (nombre, tipo, fk_pertenece) VALUES ('Francisco Romero Lobo', @tipo, @pertenece);

SET @tipo = 'Parroquia';
SET @pertenece = (SELECT pkLugar FROM
	(SELECT id_lugar as pkLugar FROM arma_tu_fiesta.lugar WHERE tipo = 'Municipio' AND nombre = 'San Cristóbal (San Cristóbal)')
	as tablaLugar);
INSERT INTO arma_tu_fiesta.lugar (nombre, tipo, fk_pertenece) VALUES ('La Concordia', @tipo, @pertenece);

SET @tipo = 'Parroquia';
SET @pertenece = (SELECT pkLugar FROM
	(SELECT id_lugar as pkLugar FROM arma_tu_fiesta.lugar WHERE tipo = 'Municipio' AND nombre = 'San Cristóbal (San Cristóbal)')
	as tablaLugar);
INSERT INTO arma_tu_fiesta.lugar (nombre, tipo, fk_pertenece) VALUES ('Pedro Maria Morantes', @tipo, @pertenece);

SET @tipo = 'Parroquia';
SET @pertenece = (SELECT pkLugar FROM
	(SELECT id_lugar as pkLugar FROM arma_tu_fiesta.lugar WHERE tipo = 'Municipio' AND nombre = 'San Cristóbal (San Cristóbal)')
	as tablaLugar);
INSERT INTO arma_tu_fiesta.lugar (nombre, tipo, fk_pertenece) VALUES ('San Juan Bautista', @tipo, @pertenece);

SET @tipo = 'Parroquia';
SET @pertenece = (SELECT pkLugar FROM
	(SELECT id_lugar as pkLugar FROM arma_tu_fiesta.lugar WHERE tipo = 'Municipio' AND nombre = 'San Cristóbal (San Cristóbal)')
	as tablaLugar);
INSERT INTO arma_tu_fiesta.lugar (nombre, tipo, fk_pertenece) VALUES ('San Sebastian', @tipo, @pertenece);

SET @tipo = 'Municipio';
SET @pertenece = (SELECT pkLugar FROM
	(SELECT id_lugar as pkLugar FROM arma_tu_fiesta.lugar WHERE tipo = 'Estado' AND nombre = 'Táchira')
	as tablaLugar);
INSERT INTO arma_tu_fiesta.lugar (nombre, tipo, fk_pertenece) VALUES ('San Judas Tadeo (Umuquena)', @tipo, @pertenece);

SET @tipo = 'Parroquia';
SET @pertenece = (SELECT pkLugar FROM
	(SELECT id_lugar as pkLugar FROM arma_tu_fiesta.lugar WHERE tipo = 'Municipio' AND nombre = 'San Judas Tadeo (Umuquena)')
	as tablaLugar);
INSERT INTO arma_tu_fiesta.lugar (nombre, tipo, fk_pertenece) VALUES ('Umuquena', @tipo, @pertenece);

SET @tipo = 'Municipio';
SET @pertenece = (SELECT pkLugar FROM
	(SELECT id_lugar as pkLugar FROM arma_tu_fiesta.lugar WHERE tipo = 'Estado' AND nombre = 'Táchira')
	as tablaLugar);
INSERT INTO arma_tu_fiesta.lugar (nombre, tipo, fk_pertenece) VALUES ('Seboruco (Seboruco)', @tipo, @pertenece);

SET @tipo = 'Parroquia';
SET @pertenece = (SELECT pkLugar FROM
	(SELECT id_lugar as pkLugar FROM arma_tu_fiesta.lugar WHERE tipo = 'Municipio' AND nombre = 'Seboruco (Seboruco)')
	as tablaLugar);
INSERT INTO arma_tu_fiesta.lugar (nombre, tipo, fk_pertenece) VALUES ('Seboruco', @tipo, @pertenece);

SET @tipo = 'Municipio';
SET @pertenece = (SELECT pkLugar FROM
	(SELECT id_lugar as pkLugar FROM arma_tu_fiesta.lugar WHERE tipo = 'Estado' AND nombre = 'Táchira')
	as tablaLugar);
INSERT INTO arma_tu_fiesta.lugar (nombre, tipo, fk_pertenece) VALUES ('Simón Rodríguez (San Simón)', @tipo, @pertenece);

SET @tipo = 'Parroquia';
SET @pertenece = (SELECT pkLugar FROM
	(SELECT id_lugar as pkLugar FROM arma_tu_fiesta.lugar WHERE tipo = 'Municipio' AND nombre = 'Simón Rodríguez (San Simón)')
	as tablaLugar);
INSERT INTO arma_tu_fiesta.lugar (nombre, tipo, fk_pertenece) VALUES ('San Simon', @tipo, @pertenece);

SET @tipo = 'Municipio';
SET @pertenece = (SELECT pkLugar FROM
	(SELECT id_lugar as pkLugar FROM arma_tu_fiesta.lugar WHERE tipo = 'Estado' AND nombre = 'Táchira')
	as tablaLugar);
INSERT INTO arma_tu_fiesta.lugar (nombre, tipo, fk_pertenece) VALUES ('Sucre (Queniquea)', @tipo, @pertenece);

SET @tipo = 'Parroquia';
SET @pertenece = (SELECT pkLugar FROM
	(SELECT id_lugar as pkLugar FROM arma_tu_fiesta.lugar WHERE tipo = 'Municipio' AND nombre = 'Sucre (Queniquea)')
	as tablaLugar);
INSERT INTO arma_tu_fiesta.lugar (nombre, tipo, fk_pertenece) VALUES ('Eleazar Lopez Contreras', @tipo, @pertenece);

SET @tipo = 'Parroquia';
SET @pertenece = (SELECT pkLugar FROM
	(SELECT id_lugar as pkLugar FROM arma_tu_fiesta.lugar WHERE tipo = 'Municipio' AND nombre = 'Sucre (Queniquea)')
	as tablaLugar);
INSERT INTO arma_tu_fiesta.lugar (nombre, tipo, fk_pertenece) VALUES ('Capital Sucre', @tipo, @pertenece);

SET @tipo = 'Parroquia';
SET @pertenece = (SELECT pkLugar FROM
	(SELECT id_lugar as pkLugar FROM arma_tu_fiesta.lugar WHERE tipo = 'Municipio' AND nombre = 'Sucre (Queniquea)')
	as tablaLugar);
INSERT INTO arma_tu_fiesta.lugar (nombre, tipo, fk_pertenece) VALUES ('San Pablo', @tipo, @pertenece);

SET @tipo = 'Municipio';
SET @pertenece = (SELECT pkLugar FROM
	(SELECT id_lugar as pkLugar FROM arma_tu_fiesta.lugar WHERE tipo = 'Estado' AND nombre = 'Táchira')
	as tablaLugar);
INSERT INTO arma_tu_fiesta.lugar (nombre, tipo, fk_pertenece) VALUES ('Torbes (San Josecito)', @tipo, @pertenece);

SET @tipo = 'Parroquia';
SET @pertenece = (SELECT pkLugar FROM
	(SELECT id_lugar as pkLugar FROM arma_tu_fiesta.lugar WHERE tipo = 'Municipio' AND nombre = 'Torbes (San Josecito)')
	as tablaLugar);
INSERT INTO arma_tu_fiesta.lugar (nombre, tipo, fk_pertenece) VALUES ('San Josecito', @tipo, @pertenece);

SET @tipo = 'Municipio';
SET @pertenece = (SELECT pkLugar FROM
	(SELECT id_lugar as pkLugar FROM arma_tu_fiesta.lugar WHERE tipo = 'Estado' AND nombre = 'Táchira')
	as tablaLugar);
INSERT INTO arma_tu_fiesta.lugar (nombre, tipo, fk_pertenece) VALUES ('Urdaneta (Delicias)', @tipo, @pertenece);

SET @tipo = 'Parroquia';
SET @pertenece = (SELECT pkLugar FROM
	(SELECT id_lugar as pkLugar FROM arma_tu_fiesta.lugar WHERE tipo = 'Municipio' AND nombre = 'Urdaneta (Delicias)')
	as tablaLugar);
INSERT INTO arma_tu_fiesta.lugar (nombre, tipo, fk_pertenece) VALUES ('Delicias', @tipo, @pertenece);

SET @tipo = 'Municipio';
SET @pertenece = (SELECT pkLugar FROM
	(SELECT id_lugar as pkLugar FROM arma_tu_fiesta.lugar WHERE tipo = 'Estado' AND nombre = 'Táchira')
	as tablaLugar);
INSERT INTO arma_tu_fiesta.lugar (nombre, tipo, fk_pertenece) VALUES ('Ureña (Ureña)', @tipo, @pertenece);

SET @tipo = 'Parroquia';
SET @pertenece = (SELECT pkLugar FROM
	(SELECT id_lugar as pkLugar FROM arma_tu_fiesta.lugar WHERE tipo = 'Municipio' AND nombre = 'Ureña (Ureña)')
	as tablaLugar);
INSERT INTO arma_tu_fiesta.lugar (nombre, tipo, fk_pertenece) VALUES ('Ureña', @tipo, @pertenece);

SET @tipo = 'Parroquia';
SET @pertenece = (SELECT pkLugar FROM
	(SELECT id_lugar as pkLugar FROM arma_tu_fiesta.lugar WHERE tipo = 'Municipio' AND nombre = 'Ureña (Ureña)')
	as tablaLugar);
INSERT INTO arma_tu_fiesta.lugar (nombre, tipo, fk_pertenece) VALUES ('Nueva Arcadia', @tipo, @pertenece);

SET @tipo = 'Municipio';
SET @pertenece = (SELECT pkLugar FROM
	(SELECT id_lugar as pkLugar FROM arma_tu_fiesta.lugar WHERE tipo = 'Estado' AND nombre = 'Táchira')
	as tablaLugar);
INSERT INTO arma_tu_fiesta.lugar (nombre, tipo, fk_pertenece) VALUES ('Uribante (Pregonero)', @tipo, @pertenece);

SET @tipo = 'Parroquia';
SET @pertenece = (SELECT pkLugar FROM
	(SELECT id_lugar as pkLugar FROM arma_tu_fiesta.lugar WHERE tipo = 'Municipio' AND nombre = 'Uribante (Pregonero)')
	as tablaLugar);
INSERT INTO arma_tu_fiesta.lugar (nombre, tipo, fk_pertenece) VALUES ('Cardenas', @tipo, @pertenece);

SET @tipo = 'Parroquia';
SET @pertenece = (SELECT pkLugar FROM
	(SELECT id_lugar as pkLugar FROM arma_tu_fiesta.lugar WHERE tipo = 'Municipio' AND nombre = 'Uribante (Pregonero)')
	as tablaLugar);
INSERT INTO arma_tu_fiesta.lugar (nombre, tipo, fk_pertenece) VALUES ('Juan Pablo Peñaloza', @tipo, @pertenece);

SET @tipo = 'Parroquia';
SET @pertenece = (SELECT pkLugar FROM
	(SELECT id_lugar as pkLugar FROM arma_tu_fiesta.lugar WHERE tipo = 'Municipio' AND nombre = 'Uribante (Pregonero)')
	as tablaLugar);
INSERT INTO arma_tu_fiesta.lugar (nombre, tipo, fk_pertenece) VALUES ('Potosi', @tipo, @pertenece);

SET @tipo = 'Parroquia';
SET @pertenece = (SELECT pkLugar FROM
	(SELECT id_lugar as pkLugar FROM arma_tu_fiesta.lugar WHERE tipo = 'Municipio' AND nombre = 'Uribante (Pregonero)')
	as tablaLugar);
INSERT INTO arma_tu_fiesta.lugar (nombre, tipo, fk_pertenece) VALUES ('Pregonero', @tipo, @pertenece);

SET @tipo = 'Municipio';
SET @pertenece = (SELECT pkLugar FROM
	(SELECT id_lugar as pkLugar FROM arma_tu_fiesta.lugar WHERE tipo = 'Estado' AND nombre = 'Táchira')
	as tablaLugar);
INSERT INTO arma_tu_fiesta.lugar (nombre, tipo, fk_pertenece) VALUES ('Vargas (El Cobre)', @tipo, @pertenece);

SET @tipo = 'Parroquia';
SET @pertenece = (SELECT pkLugar FROM
	(SELECT id_lugar as pkLugar FROM arma_tu_fiesta.lugar WHERE tipo = 'Municipio' AND nombre = 'Vargas (El Cobre)')
	as tablaLugar);
INSERT INTO arma_tu_fiesta.lugar (nombre, tipo, fk_pertenece) VALUES ('El Cobre', @tipo, @pertenece);

SET @tipo = 'Estado';
SET @pertenece = (SELECT pkLugar FROM
	(SELECT id_lugar as pkLugar FROM arma_tu_fiesta.lugar WHERE tipo = 'Pais' AND nombre = 'Venezuela')
	as tablaLugar);
INSERT INTO arma_tu_fiesta.lugar (nombre, tipo, fk_pertenece) VALUES ('Trujillo', @tipo, @pertenece);

SET @tipo = 'Municipio';
SET @pertenece = (SELECT pkLugar FROM
	(SELECT id_lugar as pkLugar FROM arma_tu_fiesta.lugar WHERE tipo = 'Estado' AND nombre = 'Trujillo')
	as tablaLugar);
INSERT INTO arma_tu_fiesta.lugar (nombre, tipo, fk_pertenece) VALUES ('Andrés Bello (Santa Isabel)', @tipo, @pertenece);

SET @tipo = 'Parroquia';
SET @pertenece = (SELECT pkLugar FROM
	(SELECT id_lugar as pkLugar FROM arma_tu_fiesta.lugar WHERE tipo = 'Municipio' AND nombre = 'Andrés Bello (Santa Isabel)')
	as tablaLugar);
INSERT INTO arma_tu_fiesta.lugar (nombre, tipo, fk_pertenece) VALUES ('Araguaney', @tipo, @pertenece);

SET @tipo = 'Parroquia';
SET @pertenece = (SELECT pkLugar FROM
	(SELECT id_lugar as pkLugar FROM arma_tu_fiesta.lugar WHERE tipo = 'Municipio' AND nombre = 'Andrés Bello (Santa Isabel)')
	as tablaLugar);
INSERT INTO arma_tu_fiesta.lugar (nombre, tipo, fk_pertenece) VALUES ('El Jaguito', @tipo, @pertenece);

SET @tipo = 'Parroquia';
SET @pertenece = (SELECT pkLugar FROM
	(SELECT id_lugar as pkLugar FROM arma_tu_fiesta.lugar WHERE tipo = 'Municipio' AND nombre = 'Andrés Bello (Santa Isabel)')
	as tablaLugar);
INSERT INTO arma_tu_fiesta.lugar (nombre, tipo, fk_pertenece) VALUES ('La Esperanza', @tipo, @pertenece);

SET @tipo = 'Parroquia';
SET @pertenece = (SELECT pkLugar FROM
	(SELECT id_lugar as pkLugar FROM arma_tu_fiesta.lugar WHERE tipo = 'Municipio' AND nombre = 'Andrés Bello (Santa Isabel)')
	as tablaLugar);
INSERT INTO arma_tu_fiesta.lugar (nombre, tipo, fk_pertenece) VALUES ('Santa Isabel', @tipo, @pertenece);

SET @tipo = 'Municipio';
SET @pertenece = (SELECT pkLugar FROM
	(SELECT id_lugar as pkLugar FROM arma_tu_fiesta.lugar WHERE tipo = 'Estado' AND nombre = 'Trujillo')
	as tablaLugar);
INSERT INTO arma_tu_fiesta.lugar (nombre, tipo, fk_pertenece) VALUES ('Boconó (Boconó)', @tipo, @pertenece);

SET @tipo = 'Parroquia';
SET @pertenece = (SELECT pkLugar FROM
	(SELECT id_lugar as pkLugar FROM arma_tu_fiesta.lugar WHERE tipo = 'Municipio' AND nombre = 'Boconó (Boconó)')
	as tablaLugar);
INSERT INTO arma_tu_fiesta.lugar (nombre, tipo, fk_pertenece) VALUES ('Boconó', @tipo, @pertenece);

SET @tipo = 'Parroquia';
SET @pertenece = (SELECT pkLugar FROM
	(SELECT id_lugar as pkLugar FROM arma_tu_fiesta.lugar WHERE tipo = 'Municipio' AND nombre = 'Boconó (Boconó)')
	as tablaLugar);
INSERT INTO arma_tu_fiesta.lugar (nombre, tipo, fk_pertenece) VALUES ('El Carmen', @tipo, @pertenece);

SET @tipo = 'Parroquia';
SET @pertenece = (SELECT pkLugar FROM
	(SELECT id_lugar as pkLugar FROM arma_tu_fiesta.lugar WHERE tipo = 'Municipio' AND nombre = 'Boconó (Boconó)')
	as tablaLugar);
INSERT INTO arma_tu_fiesta.lugar (nombre, tipo, fk_pertenece) VALUES ('Mosquey', @tipo, @pertenece);

SET @tipo = 'Parroquia';
SET @pertenece = (SELECT pkLugar FROM
	(SELECT id_lugar as pkLugar FROM arma_tu_fiesta.lugar WHERE tipo = 'Municipio' AND nombre = 'Boconó (Boconó)')
	as tablaLugar);
INSERT INTO arma_tu_fiesta.lugar (nombre, tipo, fk_pertenece) VALUES ('Ayacucho', @tipo, @pertenece);

SET @tipo = 'Parroquia';
SET @pertenece = (SELECT pkLugar FROM
	(SELECT id_lugar as pkLugar FROM arma_tu_fiesta.lugar WHERE tipo = 'Municipio' AND nombre = 'Boconó (Boconó)')
	as tablaLugar);
INSERT INTO arma_tu_fiesta.lugar (nombre, tipo, fk_pertenece) VALUES ('Burbusay', @tipo, @pertenece);

SET @tipo = 'Parroquia';
SET @pertenece = (SELECT pkLugar FROM
	(SELECT id_lugar as pkLugar FROM arma_tu_fiesta.lugar WHERE tipo = 'Municipio' AND nombre = 'Boconó (Boconó)')
	as tablaLugar);
INSERT INTO arma_tu_fiesta.lugar (nombre, tipo, fk_pertenece) VALUES ('General Ribas', @tipo, @pertenece);

SET @tipo = 'Parroquia';
SET @pertenece = (SELECT pkLugar FROM
	(SELECT id_lugar as pkLugar FROM arma_tu_fiesta.lugar WHERE tipo = 'Municipio' AND nombre = 'Boconó (Boconó)')
	as tablaLugar);
INSERT INTO arma_tu_fiesta.lugar (nombre, tipo, fk_pertenece) VALUES ('Guaramacal', @tipo, @pertenece);

SET @tipo = 'Parroquia';
SET @pertenece = (SELECT pkLugar FROM
	(SELECT id_lugar as pkLugar FROM arma_tu_fiesta.lugar WHERE tipo = 'Municipio' AND nombre = 'Boconó (Boconó)')
	as tablaLugar);
INSERT INTO arma_tu_fiesta.lugar (nombre, tipo, fk_pertenece) VALUES ('Vega de Guaramacal', @tipo, @pertenece);

SET @tipo = 'Parroquia';
SET @pertenece = (SELECT pkLugar FROM
	(SELECT id_lugar as pkLugar FROM arma_tu_fiesta.lugar WHERE tipo = 'Municipio' AND nombre = 'Boconó (Boconó)')
	as tablaLugar);
INSERT INTO arma_tu_fiesta.lugar (nombre, tipo, fk_pertenece) VALUES ('Monseñor Jáuregui', @tipo, @pertenece);

SET @tipo = 'Parroquia';
SET @pertenece = (SELECT pkLugar FROM
	(SELECT id_lugar as pkLugar FROM arma_tu_fiesta.lugar WHERE tipo = 'Municipio' AND nombre = 'Boconó (Boconó)')
	as tablaLugar);
INSERT INTO arma_tu_fiesta.lugar (nombre, tipo, fk_pertenece) VALUES ('Rafael Rangel', @tipo, @pertenece);

SET @tipo = 'Parroquia';
SET @pertenece = (SELECT pkLugar FROM
	(SELECT id_lugar as pkLugar FROM arma_tu_fiesta.lugar WHERE tipo = 'Municipio' AND nombre = 'Boconó (Boconó)')
	as tablaLugar);
INSERT INTO arma_tu_fiesta.lugar (nombre, tipo, fk_pertenece) VALUES ('San Miguel', @tipo, @pertenece);

SET @tipo = 'Parroquia';
SET @pertenece = (SELECT pkLugar FROM
	(SELECT id_lugar as pkLugar FROM arma_tu_fiesta.lugar WHERE tipo = 'Municipio' AND nombre = 'Boconó (Boconó)')
	as tablaLugar);
INSERT INTO arma_tu_fiesta.lugar (nombre, tipo, fk_pertenece) VALUES ('San José', @tipo, @pertenece);

SET @tipo = 'Municipio';
SET @pertenece = (SELECT pkLugar FROM
	(SELECT id_lugar as pkLugar FROM arma_tu_fiesta.lugar WHERE tipo = 'Estado' AND nombre = 'Trujillo')
	as tablaLugar);
INSERT INTO arma_tu_fiesta.lugar (nombre, tipo, fk_pertenece) VALUES ('Bolívar (Sabana Grande)', @tipo, @pertenece);

SET @tipo = 'Parroquia';
SET @pertenece = (SELECT pkLugar FROM
	(SELECT id_lugar as pkLugar FROM arma_tu_fiesta.lugar WHERE tipo = 'Municipio' AND nombre = 'Bolívar (Sabana Grande)')
	as tablaLugar);
INSERT INTO arma_tu_fiesta.lugar (nombre, tipo, fk_pertenece) VALUES ('Sabana Grande', @tipo, @pertenece);

SET @tipo = 'Parroquia';
SET @pertenece = (SELECT pkLugar FROM
	(SELECT id_lugar as pkLugar FROM arma_tu_fiesta.lugar WHERE tipo = 'Municipio' AND nombre = 'Bolívar (Sabana Grande)')
	as tablaLugar);
INSERT INTO arma_tu_fiesta.lugar (nombre, tipo, fk_pertenece) VALUES ('Cherengue', @tipo, @pertenece);

SET @tipo = 'Parroquia';
SET @pertenece = (SELECT pkLugar FROM
	(SELECT id_lugar as pkLugar FROM arma_tu_fiesta.lugar WHERE tipo = 'Municipio' AND nombre = 'Bolívar (Sabana Grande)')
	as tablaLugar);
INSERT INTO arma_tu_fiesta.lugar (nombre, tipo, fk_pertenece) VALUES ('Granados', @tipo, @pertenece);

SET @tipo = 'Municipio';
SET @pertenece = (SELECT pkLugar FROM
	(SELECT id_lugar as pkLugar FROM arma_tu_fiesta.lugar WHERE tipo = 'Estado' AND nombre = 'Trujillo')
	as tablaLugar);
INSERT INTO arma_tu_fiesta.lugar (nombre, tipo, fk_pertenece) VALUES ('Candelaria (Chejendé)', @tipo, @pertenece);

SET @tipo = 'Parroquia';
SET @pertenece = (SELECT pkLugar FROM
	(SELECT id_lugar as pkLugar FROM arma_tu_fiesta.lugar WHERE tipo = 'Municipio' AND nombre = 'Candelaria (Chejendé)')
	as tablaLugar);
INSERT INTO arma_tu_fiesta.lugar (nombre, tipo, fk_pertenece) VALUES ('Arnoldo Gabaldón', @tipo, @pertenece);

SET @tipo = 'Parroquia';
SET @pertenece = (SELECT pkLugar FROM
	(SELECT id_lugar as pkLugar FROM arma_tu_fiesta.lugar WHERE tipo = 'Municipio' AND nombre = 'Candelaria (Chejendé)')
	as tablaLugar);
INSERT INTO arma_tu_fiesta.lugar (nombre, tipo, fk_pertenece) VALUES ('Bolivia', @tipo, @pertenece);

SET @tipo = 'Parroquia';
SET @pertenece = (SELECT pkLugar FROM
	(SELECT id_lugar as pkLugar FROM arma_tu_fiesta.lugar WHERE tipo = 'Municipio' AND nombre = 'Candelaria (Chejendé)')
	as tablaLugar);
INSERT INTO arma_tu_fiesta.lugar (nombre, tipo, fk_pertenece) VALUES ('Carrillo', @tipo, @pertenece);

SET @tipo = 'Parroquia';
SET @pertenece = (SELECT pkLugar FROM
	(SELECT id_lugar as pkLugar FROM arma_tu_fiesta.lugar WHERE tipo = 'Municipio' AND nombre = 'Candelaria (Chejendé)')
	as tablaLugar);
INSERT INTO arma_tu_fiesta.lugar (nombre, tipo, fk_pertenece) VALUES ('Cegarra', @tipo, @pertenece);

SET @tipo = 'Parroquia';
SET @pertenece = (SELECT pkLugar FROM
	(SELECT id_lugar as pkLugar FROM arma_tu_fiesta.lugar WHERE tipo = 'Municipio' AND nombre = 'Candelaria (Chejendé)')
	as tablaLugar);
INSERT INTO arma_tu_fiesta.lugar (nombre, tipo, fk_pertenece) VALUES ('Chejende', @tipo, @pertenece);

SET @tipo = 'Parroquia';
SET @pertenece = (SELECT pkLugar FROM
	(SELECT id_lugar as pkLugar FROM arma_tu_fiesta.lugar WHERE tipo = 'Municipio' AND nombre = 'Candelaria (Chejendé)')
	as tablaLugar);
INSERT INTO arma_tu_fiesta.lugar (nombre, tipo, fk_pertenece) VALUES ('Manuel Salvador Ulloa', @tipo, @pertenece);

SET @tipo = 'Parroquia';
SET @pertenece = (SELECT pkLugar FROM
	(SELECT id_lugar as pkLugar FROM arma_tu_fiesta.lugar WHERE tipo = 'Municipio' AND nombre = 'Candelaria (Chejendé)')
	as tablaLugar);
INSERT INTO arma_tu_fiesta.lugar (nombre, tipo, fk_pertenece) VALUES ('San Jose', @tipo, @pertenece);

SET @tipo = 'Municipio';
SET @pertenece = (SELECT pkLugar FROM
	(SELECT id_lugar as pkLugar FROM arma_tu_fiesta.lugar WHERE tipo = 'Estado' AND nombre = 'Trujillo')
	as tablaLugar);
INSERT INTO arma_tu_fiesta.lugar (nombre, tipo, fk_pertenece) VALUES ('Carache (Carache)', @tipo, @pertenece);

SET @tipo = 'Parroquia';
SET @pertenece = (SELECT pkLugar FROM
	(SELECT id_lugar as pkLugar FROM arma_tu_fiesta.lugar WHERE tipo = 'Municipio' AND nombre = 'Carache (Carache)')
	as tablaLugar);
INSERT INTO arma_tu_fiesta.lugar (nombre, tipo, fk_pertenece) VALUES ('Carache', @tipo, @pertenece);

SET @tipo = 'Parroquia';
SET @pertenece = (SELECT pkLugar FROM
	(SELECT id_lugar as pkLugar FROM arma_tu_fiesta.lugar WHERE tipo = 'Municipio' AND nombre = 'Carache (Carache)')
	as tablaLugar);
INSERT INTO arma_tu_fiesta.lugar (nombre, tipo, fk_pertenece) VALUES ('La Concepción', @tipo, @pertenece);

SET @tipo = 'Parroquia';
SET @pertenece = (SELECT pkLugar FROM
	(SELECT id_lugar as pkLugar FROM arma_tu_fiesta.lugar WHERE tipo = 'Municipio' AND nombre = 'Carache (Carache)')
	as tablaLugar);
INSERT INTO arma_tu_fiesta.lugar (nombre, tipo, fk_pertenece) VALUES ('Cuicas', @tipo, @pertenece);

SET @tipo = 'Parroquia';
SET @pertenece = (SELECT pkLugar FROM
	(SELECT id_lugar as pkLugar FROM arma_tu_fiesta.lugar WHERE tipo = 'Municipio' AND nombre = 'Carache (Carache)')
	as tablaLugar);
INSERT INTO arma_tu_fiesta.lugar (nombre, tipo, fk_pertenece) VALUES ('Panamericana', @tipo, @pertenece);

SET @tipo = 'Parroquia';
SET @pertenece = (SELECT pkLugar FROM
	(SELECT id_lugar as pkLugar FROM arma_tu_fiesta.lugar WHERE tipo = 'Municipio' AND nombre = 'Carache (Carache)')
	as tablaLugar);
INSERT INTO arma_tu_fiesta.lugar (nombre, tipo, fk_pertenece) VALUES ('Santa cruz', @tipo, @pertenece);

SET @tipo = 'Municipio';
SET @pertenece = (SELECT pkLugar FROM
	(SELECT id_lugar as pkLugar FROM arma_tu_fiesta.lugar WHERE tipo = 'Estado' AND nombre = 'Trujillo')
	as tablaLugar);
INSERT INTO arma_tu_fiesta.lugar (nombre, tipo, fk_pertenece) VALUES ('Campos Elías (Campo Elías)', @tipo, @pertenece);

SET @tipo = 'Parroquia';
SET @pertenece = (SELECT pkLugar FROM
	(SELECT id_lugar as pkLugar FROM arma_tu_fiesta.lugar WHERE tipo = 'Municipio' AND nombre = 'Campos Elías (Campo Elías)')
	as tablaLugar);
INSERT INTO arma_tu_fiesta.lugar (nombre, tipo, fk_pertenece) VALUES ('Campo Elías', @tipo, @pertenece);

SET @tipo = 'Parroquia';
SET @pertenece = (SELECT pkLugar FROM
	(SELECT id_lugar as pkLugar FROM arma_tu_fiesta.lugar WHERE tipo = 'Municipio' AND nombre = 'Campos Elías (Campo Elías)')
	as tablaLugar);
INSERT INTO arma_tu_fiesta.lugar (nombre, tipo, fk_pertenece) VALUES ('Arnoldo Gabaldón', @tipo, @pertenece);

SET @tipo = 'Municipio';
SET @pertenece = (SELECT pkLugar FROM
	(SELECT id_lugar as pkLugar FROM arma_tu_fiesta.lugar WHERE tipo = 'Estado' AND nombre = 'Trujillo')
	as tablaLugar);
INSERT INTO arma_tu_fiesta.lugar (nombre, tipo, fk_pertenece) VALUES ('Carvajal (Carvajal)', @tipo, @pertenece);

SET @tipo = 'Parroquia';
SET @pertenece = (SELECT pkLugar FROM
	(SELECT id_lugar as pkLugar FROM arma_tu_fiesta.lugar WHERE tipo = 'Municipio' AND nombre = 'Carvajal (Carvajal)')
	as tablaLugar);
INSERT INTO arma_tu_fiesta.lugar (nombre, tipo, fk_pertenece) VALUES ('Carvajal', @tipo, @pertenece);

SET @tipo = 'Parroquia';
SET @pertenece = (SELECT pkLugar FROM
	(SELECT id_lugar as pkLugar FROM arma_tu_fiesta.lugar WHERE tipo = 'Municipio' AND nombre = 'Carvajal (Carvajal)')
	as tablaLugar);
INSERT INTO arma_tu_fiesta.lugar (nombre, tipo, fk_pertenece) VALUES ('Campo Alegre', @tipo, @pertenece);

SET @tipo = 'Parroquia';
SET @pertenece = (SELECT pkLugar FROM
	(SELECT id_lugar as pkLugar FROM arma_tu_fiesta.lugar WHERE tipo = 'Municipio' AND nombre = 'Carvajal (Carvajal)')
	as tablaLugar);
INSERT INTO arma_tu_fiesta.lugar (nombre, tipo, fk_pertenece) VALUES ('Antonio Nicolás Briceño', @tipo, @pertenece);

SET @tipo = 'Parroquia';
SET @pertenece = (SELECT pkLugar FROM
	(SELECT id_lugar as pkLugar FROM arma_tu_fiesta.lugar WHERE tipo = 'Municipio' AND nombre = 'Carvajal (Carvajal)')
	as tablaLugar);
INSERT INTO arma_tu_fiesta.lugar (nombre, tipo, fk_pertenece) VALUES ('José Leonardo Suárez', @tipo, @pertenece);

SET @tipo = 'Municipio';
SET @pertenece = (SELECT pkLugar FROM
	(SELECT id_lugar as pkLugar FROM arma_tu_fiesta.lugar WHERE tipo = 'Estado' AND nombre = 'Trujillo')
	as tablaLugar);
INSERT INTO arma_tu_fiesta.lugar (nombre, tipo, fk_pertenece) VALUES ('Escuque (Escuque)', @tipo, @pertenece);

SET @tipo = 'Parroquia';
SET @pertenece = (SELECT pkLugar FROM
	(SELECT id_lugar as pkLugar FROM arma_tu_fiesta.lugar WHERE tipo = 'Municipio' AND nombre = 'Escuque (Escuque)')
	as tablaLugar);
INSERT INTO arma_tu_fiesta.lugar (nombre, tipo, fk_pertenece) VALUES ('Escuque', @tipo, @pertenece);

SET @tipo = 'Parroquia';
SET @pertenece = (SELECT pkLugar FROM
	(SELECT id_lugar as pkLugar FROM arma_tu_fiesta.lugar WHERE tipo = 'Municipio' AND nombre = 'Escuque (Escuque)')
	as tablaLugar);
INSERT INTO arma_tu_fiesta.lugar (nombre, tipo, fk_pertenece) VALUES ('La Unión (El Alto Escuque)', @tipo, @pertenece);

SET @tipo = 'Parroquia';
SET @pertenece = (SELECT pkLugar FROM
	(SELECT id_lugar as pkLugar FROM arma_tu_fiesta.lugar WHERE tipo = 'Municipio' AND nombre = 'Escuque (Escuque)')
	as tablaLugar);
INSERT INTO arma_tu_fiesta.lugar (nombre, tipo, fk_pertenece) VALUES ('Santa Rita', @tipo, @pertenece);

SET @tipo = 'Parroquia';
SET @pertenece = (SELECT pkLugar FROM
	(SELECT id_lugar as pkLugar FROM arma_tu_fiesta.lugar WHERE tipo = 'Municipio' AND nombre = 'Escuque (Escuque)')
	as tablaLugar);
INSERT INTO arma_tu_fiesta.lugar (nombre, tipo, fk_pertenece) VALUES ('Sabana Libre', @tipo, @pertenece);

SET @tipo = 'Municipio';
SET @pertenece = (SELECT pkLugar FROM
	(SELECT id_lugar as pkLugar FROM arma_tu_fiesta.lugar WHERE tipo = 'Estado' AND nombre = 'Trujillo')
	as tablaLugar);
INSERT INTO arma_tu_fiesta.lugar (nombre, tipo, fk_pertenece) VALUES ('La Ceiba (Santa Apolonia)', @tipo, @pertenece);

SET @tipo = 'Parroquia';
SET @pertenece = (SELECT pkLugar FROM
	(SELECT id_lugar as pkLugar FROM arma_tu_fiesta.lugar WHERE tipo = 'Municipio' AND nombre = 'La Ceiba (Santa Apolonia)')
	as tablaLugar);
INSERT INTO arma_tu_fiesta.lugar (nombre, tipo, fk_pertenece) VALUES ('Santa Apolonia', @tipo, @pertenece);

SET @tipo = 'Parroquia';
SET @pertenece = (SELECT pkLugar FROM
	(SELECT id_lugar as pkLugar FROM arma_tu_fiesta.lugar WHERE tipo = 'Municipio' AND nombre = 'La Ceiba (Santa Apolonia)')
	as tablaLugar);
INSERT INTO arma_tu_fiesta.lugar (nombre, tipo, fk_pertenece) VALUES ('El Progreso', @tipo, @pertenece);

SET @tipo = 'Parroquia';
SET @pertenece = (SELECT pkLugar FROM
	(SELECT id_lugar as pkLugar FROM arma_tu_fiesta.lugar WHERE tipo = 'Municipio' AND nombre = 'La Ceiba (Santa Apolonia)')
	as tablaLugar);
INSERT INTO arma_tu_fiesta.lugar (nombre, tipo, fk_pertenece) VALUES ('La Ceiba', @tipo, @pertenece);

SET @tipo = 'Parroquia';
SET @pertenece = (SELECT pkLugar FROM
	(SELECT id_lugar as pkLugar FROM arma_tu_fiesta.lugar WHERE tipo = 'Municipio' AND nombre = 'La Ceiba (Santa Apolonia)')
	as tablaLugar);
INSERT INTO arma_tu_fiesta.lugar (nombre, tipo, fk_pertenece) VALUES ('Tres de Febrero', @tipo, @pertenece);

SET @tipo = 'Municipio';
SET @pertenece = (SELECT pkLugar FROM
	(SELECT id_lugar as pkLugar FROM arma_tu_fiesta.lugar WHERE tipo = 'Estado' AND nombre = 'Trujillo')
	as tablaLugar);
INSERT INTO arma_tu_fiesta.lugar (nombre, tipo, fk_pertenece) VALUES ('Márquez Cañizales (El Paradero)', @tipo, @pertenece);

SET @tipo = 'Parroquia';
SET @pertenece = (SELECT pkLugar FROM
	(SELECT id_lugar as pkLugar FROM arma_tu_fiesta.lugar WHERE tipo = 'Municipio' AND nombre = 'Márquez Cañizales (El Paradero)')
	as tablaLugar);
INSERT INTO arma_tu_fiesta.lugar (nombre, tipo, fk_pertenece) VALUES ('El Socorro', @tipo, @pertenece);

SET @tipo = 'Parroquia';
SET @pertenece = (SELECT pkLugar FROM
	(SELECT id_lugar as pkLugar FROM arma_tu_fiesta.lugar WHERE tipo = 'Municipio' AND nombre = 'Márquez Cañizales (El Paradero)')
	as tablaLugar);
INSERT INTO arma_tu_fiesta.lugar (nombre, tipo, fk_pertenece) VALUES ('Los Caprichos', @tipo, @pertenece);

SET @tipo = 'Parroquia';
SET @pertenece = (SELECT pkLugar FROM
	(SELECT id_lugar as pkLugar FROM arma_tu_fiesta.lugar WHERE tipo = 'Municipio' AND nombre = 'Márquez Cañizales (El Paradero)')
	as tablaLugar);
INSERT INTO arma_tu_fiesta.lugar (nombre, tipo, fk_pertenece) VALUES ('Antonio José de Sucre', @tipo, @pertenece);

SET @tipo = 'Municipio';
SET @pertenece = (SELECT pkLugar FROM
	(SELECT id_lugar as pkLugar FROM arma_tu_fiesta.lugar WHERE tipo = 'Estado' AND nombre = 'Trujillo')
	as tablaLugar);
INSERT INTO arma_tu_fiesta.lugar (nombre, tipo, fk_pertenece) VALUES ('Miranda (El Dividive)', @tipo, @pertenece);

SET @tipo = 'Parroquia';
SET @pertenece = (SELECT pkLugar FROM
	(SELECT id_lugar as pkLugar FROM arma_tu_fiesta.lugar WHERE tipo = 'Municipio' AND nombre = 'Miranda (El Dividive)')
	as tablaLugar);
INSERT INTO arma_tu_fiesta.lugar (nombre, tipo, fk_pertenece) VALUES ('El Dividive', @tipo, @pertenece);

SET @tipo = 'Parroquia';
SET @pertenece = (SELECT pkLugar FROM
	(SELECT id_lugar as pkLugar FROM arma_tu_fiesta.lugar WHERE tipo = 'Municipio' AND nombre = 'Miranda (El Dividive)')
	as tablaLugar);
INSERT INTO arma_tu_fiesta.lugar (nombre, tipo, fk_pertenece) VALUES ('Agua Santa', @tipo, @pertenece);

SET @tipo = 'Parroquia';
SET @pertenece = (SELECT pkLugar FROM
	(SELECT id_lugar as pkLugar FROM arma_tu_fiesta.lugar WHERE tipo = 'Municipio' AND nombre = 'Miranda (El Dividive)')
	as tablaLugar);
INSERT INTO arma_tu_fiesta.lugar (nombre, tipo, fk_pertenece) VALUES ('Agua Caliente', @tipo, @pertenece);

SET @tipo = 'Parroquia';
SET @pertenece = (SELECT pkLugar FROM
	(SELECT id_lugar as pkLugar FROM arma_tu_fiesta.lugar WHERE tipo = 'Municipio' AND nombre = 'Miranda (El Dividive)')
	as tablaLugar);
INSERT INTO arma_tu_fiesta.lugar (nombre, tipo, fk_pertenece) VALUES ('El Cenizo', @tipo, @pertenece);

SET @tipo = 'Parroquia';
SET @pertenece = (SELECT pkLugar FROM
	(SELECT id_lugar as pkLugar FROM arma_tu_fiesta.lugar WHERE tipo = 'Municipio' AND nombre = 'Miranda (El Dividive)')
	as tablaLugar);
INSERT INTO arma_tu_fiesta.lugar (nombre, tipo, fk_pertenece) VALUES ('Valerita', @tipo, @pertenece);

SET @tipo = 'Municipio';
SET @pertenece = (SELECT pkLugar FROM
	(SELECT id_lugar as pkLugar FROM arma_tu_fiesta.lugar WHERE tipo = 'Estado' AND nombre = 'Trujillo')
	as tablaLugar);
INSERT INTO arma_tu_fiesta.lugar (nombre, tipo, fk_pertenece) VALUES ('Monte Carmelo (Monte Carmelo)', @tipo, @pertenece);

SET @tipo = 'Parroquia';
SET @pertenece = (SELECT pkLugar FROM
	(SELECT id_lugar as pkLugar FROM arma_tu_fiesta.lugar WHERE tipo = 'Municipio' AND nombre = 'Monte Carmelo (Monte Carmelo)')
	as tablaLugar);
INSERT INTO arma_tu_fiesta.lugar (nombre, tipo, fk_pertenece) VALUES ('Monte Carmelo', @tipo, @pertenece);

SET @tipo = 'Parroquia';
SET @pertenece = (SELECT pkLugar FROM
	(SELECT id_lugar as pkLugar FROM arma_tu_fiesta.lugar WHERE tipo = 'Municipio' AND nombre = 'Monte Carmelo (Monte Carmelo)')
	as tablaLugar);
INSERT INTO arma_tu_fiesta.lugar (nombre, tipo, fk_pertenece) VALUES ('Buena Vista', @tipo, @pertenece);

SET @tipo = 'Parroquia';
SET @pertenece = (SELECT pkLugar FROM
	(SELECT id_lugar as pkLugar FROM arma_tu_fiesta.lugar WHERE tipo = 'Municipio' AND nombre = 'Monte Carmelo (Monte Carmelo)')
	as tablaLugar);
INSERT INTO arma_tu_fiesta.lugar (nombre, tipo, fk_pertenece) VALUES ('Santa María del Horcón', @tipo, @pertenece);

SET @tipo = 'Municipio';
SET @pertenece = (SELECT pkLugar FROM
	(SELECT id_lugar as pkLugar FROM arma_tu_fiesta.lugar WHERE tipo = 'Estado' AND nombre = 'Trujillo')
	as tablaLugar);
INSERT INTO arma_tu_fiesta.lugar (nombre, tipo, fk_pertenece) VALUES ('Motatán (Motatán)', @tipo, @pertenece);

SET @tipo = 'Parroquia';
SET @pertenece = (SELECT pkLugar FROM
	(SELECT id_lugar as pkLugar FROM arma_tu_fiesta.lugar WHERE tipo = 'Municipio' AND nombre = 'Motatán (Motatán)')
	as tablaLugar);
INSERT INTO arma_tu_fiesta.lugar (nombre, tipo, fk_pertenece) VALUES ('Motatán', @tipo, @pertenece);

SET @tipo = 'Parroquia';
SET @pertenece = (SELECT pkLugar FROM
	(SELECT id_lugar as pkLugar FROM arma_tu_fiesta.lugar WHERE tipo = 'Municipio' AND nombre = 'Motatán (Motatán)')
	as tablaLugar);
INSERT INTO arma_tu_fiesta.lugar (nombre, tipo, fk_pertenece) VALUES ('El Baño', @tipo, @pertenece);

SET @tipo = 'Parroquia';
SET @pertenece = (SELECT pkLugar FROM
	(SELECT id_lugar as pkLugar FROM arma_tu_fiesta.lugar WHERE tipo = 'Municipio' AND nombre = 'Motatán (Motatán)')
	as tablaLugar);
INSERT INTO arma_tu_fiesta.lugar (nombre, tipo, fk_pertenece) VALUES ('Jalisco', @tipo, @pertenece);

SET @tipo = 'Municipio';
SET @pertenece = (SELECT pkLugar FROM
	(SELECT id_lugar as pkLugar FROM arma_tu_fiesta.lugar WHERE tipo = 'Estado' AND nombre = 'Trujillo')
	as tablaLugar);
INSERT INTO arma_tu_fiesta.lugar (nombre, tipo, fk_pertenece) VALUES ('Pampán (Pampán)', @tipo, @pertenece);

SET @tipo = 'Parroquia';
SET @pertenece = (SELECT pkLugar FROM
	(SELECT id_lugar as pkLugar FROM arma_tu_fiesta.lugar WHERE tipo = 'Municipio' AND nombre = 'Pampán (Pampán)')
	as tablaLugar);
INSERT INTO arma_tu_fiesta.lugar (nombre, tipo, fk_pertenece) VALUES ('Pampán', @tipo, @pertenece);

SET @tipo = 'Parroquia';
SET @pertenece = (SELECT pkLugar FROM
	(SELECT id_lugar as pkLugar FROM arma_tu_fiesta.lugar WHERE tipo = 'Municipio' AND nombre = 'Pampán (Pampán)')
	as tablaLugar);
INSERT INTO arma_tu_fiesta.lugar (nombre, tipo, fk_pertenece) VALUES ('Flor de Patria', @tipo, @pertenece);

SET @tipo = 'Parroquia';
SET @pertenece = (SELECT pkLugar FROM
	(SELECT id_lugar as pkLugar FROM arma_tu_fiesta.lugar WHERE tipo = 'Municipio' AND nombre = 'Pampán (Pampán)')
	as tablaLugar);
INSERT INTO arma_tu_fiesta.lugar (nombre, tipo, fk_pertenece) VALUES ('La Paz', @tipo, @pertenece);

SET @tipo = 'Parroquia';
SET @pertenece = (SELECT pkLugar FROM
	(SELECT id_lugar as pkLugar FROM arma_tu_fiesta.lugar WHERE tipo = 'Municipio' AND nombre = 'Pampán (Pampán)')
	as tablaLugar);
INSERT INTO arma_tu_fiesta.lugar (nombre, tipo, fk_pertenece) VALUES ('Santa Ana', @tipo, @pertenece);

SET @tipo = 'Municipio';
SET @pertenece = (SELECT pkLugar FROM
	(SELECT id_lugar as pkLugar FROM arma_tu_fiesta.lugar WHERE tipo = 'Estado' AND nombre = 'Trujillo')
	as tablaLugar);
INSERT INTO arma_tu_fiesta.lugar (nombre, tipo, fk_pertenece) VALUES ('Pampanito (Pampanito)', @tipo, @pertenece);

SET @tipo = 'Parroquia';
SET @pertenece = (SELECT pkLugar FROM
	(SELECT id_lugar as pkLugar FROM arma_tu_fiesta.lugar WHERE tipo = 'Municipio' AND nombre = 'Pampanito (Pampanito)')
	as tablaLugar);
INSERT INTO arma_tu_fiesta.lugar (nombre, tipo, fk_pertenece) VALUES ('Pampanito', @tipo, @pertenece);

SET @tipo = 'Parroquia';
SET @pertenece = (SELECT pkLugar FROM
	(SELECT id_lugar as pkLugar FROM arma_tu_fiesta.lugar WHERE tipo = 'Municipio' AND nombre = 'Pampanito (Pampanito)')
	as tablaLugar);
INSERT INTO arma_tu_fiesta.lugar (nombre, tipo, fk_pertenece) VALUES ('La Concepción', @tipo, @pertenece);

SET @tipo = 'Parroquia';
SET @pertenece = (SELECT pkLugar FROM
	(SELECT id_lugar as pkLugar FROM arma_tu_fiesta.lugar WHERE tipo = 'Municipio' AND nombre = 'Pampanito (Pampanito)')
	as tablaLugar);
INSERT INTO arma_tu_fiesta.lugar (nombre, tipo, fk_pertenece) VALUES ('Pampanito II', @tipo, @pertenece);

SET @tipo = 'Municipio';
SET @pertenece = (SELECT pkLugar FROM
	(SELECT id_lugar as pkLugar FROM arma_tu_fiesta.lugar WHERE tipo = 'Estado' AND nombre = 'Trujillo')
	as tablaLugar);
INSERT INTO arma_tu_fiesta.lugar (nombre, tipo, fk_pertenece) VALUES ('Rangel (Betijoque)', @tipo, @pertenece);

SET @tipo = 'Parroquia';
SET @pertenece = (SELECT pkLugar FROM
	(SELECT id_lugar as pkLugar FROM arma_tu_fiesta.lugar WHERE tipo = 'Municipio' AND nombre = 'Rangel (Betijoque)')
	as tablaLugar);
INSERT INTO arma_tu_fiesta.lugar (nombre, tipo, fk_pertenece) VALUES ('Betijoque', @tipo, @pertenece);

SET @tipo = 'Parroquia';
SET @pertenece = (SELECT pkLugar FROM
	(SELECT id_lugar as pkLugar FROM arma_tu_fiesta.lugar WHERE tipo = 'Municipio' AND nombre = 'Rangel (Betijoque)')
	as tablaLugar);
INSERT INTO arma_tu_fiesta.lugar (nombre, tipo, fk_pertenece) VALUES ('José Gregorio Hernández', @tipo, @pertenece);

SET @tipo = 'Parroquia';
SET @pertenece = (SELECT pkLugar FROM
	(SELECT id_lugar as pkLugar FROM arma_tu_fiesta.lugar WHERE tipo = 'Municipio' AND nombre = 'Rangel (Betijoque)')
	as tablaLugar);
INSERT INTO arma_tu_fiesta.lugar (nombre, tipo, fk_pertenece) VALUES ('La Pueblita', @tipo, @pertenece);

SET @tipo = 'Parroquia';
SET @pertenece = (SELECT pkLugar FROM
	(SELECT id_lugar as pkLugar FROM arma_tu_fiesta.lugar WHERE tipo = 'Municipio' AND nombre = 'Rangel (Betijoque)')
	as tablaLugar);
INSERT INTO arma_tu_fiesta.lugar (nombre, tipo, fk_pertenece) VALUES ('Los Cedros', @tipo, @pertenece);

SET @tipo = 'Municipio';
SET @pertenece = (SELECT pkLugar FROM
	(SELECT id_lugar as pkLugar FROM arma_tu_fiesta.lugar WHERE tipo = 'Estado' AND nombre = 'Trujillo')
	as tablaLugar);
INSERT INTO arma_tu_fiesta.lugar (nombre, tipo, fk_pertenece) VALUES ('Sucre (Sabana de Mendoza)', @tipo, @pertenece);

SET @tipo = 'Parroquia';
SET @pertenece = (SELECT pkLugar FROM
	(SELECT id_lugar as pkLugar FROM arma_tu_fiesta.lugar WHERE tipo = 'Municipio' AND nombre = 'Sucre (Sabana de Mendoza)')
	as tablaLugar);
INSERT INTO arma_tu_fiesta.lugar (nombre, tipo, fk_pertenece) VALUES ('Sabana de Mendoza', @tipo, @pertenece);

SET @tipo = 'Parroquia';
SET @pertenece = (SELECT pkLugar FROM
	(SELECT id_lugar as pkLugar FROM arma_tu_fiesta.lugar WHERE tipo = 'Municipio' AND nombre = 'Sucre (Sabana de Mendoza)')
	as tablaLugar);
INSERT INTO arma_tu_fiesta.lugar (nombre, tipo, fk_pertenece) VALUES ('Junín', @tipo, @pertenece);

SET @tipo = 'Parroquia';
SET @pertenece = (SELECT pkLugar FROM
	(SELECT id_lugar as pkLugar FROM arma_tu_fiesta.lugar WHERE tipo = 'Municipio' AND nombre = 'Sucre (Sabana de Mendoza)')
	as tablaLugar);
INSERT INTO arma_tu_fiesta.lugar (nombre, tipo, fk_pertenece) VALUES ('Valmore Rodríguez', @tipo, @pertenece);

SET @tipo = 'Parroquia';
SET @pertenece = (SELECT pkLugar FROM
	(SELECT id_lugar as pkLugar FROM arma_tu_fiesta.lugar WHERE tipo = 'Municipio' AND nombre = 'Sucre (Sabana de Mendoza)')
	as tablaLugar);
INSERT INTO arma_tu_fiesta.lugar (nombre, tipo, fk_pertenece) VALUES ('El Paraíso', @tipo, @pertenece);

SET @tipo = 'Municipio';
SET @pertenece = (SELECT pkLugar FROM
	(SELECT id_lugar as pkLugar FROM arma_tu_fiesta.lugar WHERE tipo = 'Estado' AND nombre = 'Trujillo')
	as tablaLugar);
INSERT INTO arma_tu_fiesta.lugar (nombre, tipo, fk_pertenece) VALUES ('Trujillo (Trujillo)', @tipo, @pertenece);

SET @tipo = 'Parroquia';
SET @pertenece = (SELECT pkLugar FROM
	(SELECT id_lugar as pkLugar FROM arma_tu_fiesta.lugar WHERE tipo = 'Municipio' AND nombre = 'Trujillo (Trujillo)')
	as tablaLugar);
INSERT INTO arma_tu_fiesta.lugar (nombre, tipo, fk_pertenece) VALUES ('Andrés Linares', @tipo, @pertenece);

SET @tipo = 'Parroquia';
SET @pertenece = (SELECT pkLugar FROM
	(SELECT id_lugar as pkLugar FROM arma_tu_fiesta.lugar WHERE tipo = 'Municipio' AND nombre = 'Trujillo (Trujillo)')
	as tablaLugar);
INSERT INTO arma_tu_fiesta.lugar (nombre, tipo, fk_pertenece) VALUES ('Chiquinquirá', @tipo, @pertenece);

SET @tipo = 'Parroquia';
SET @pertenece = (SELECT pkLugar FROM
	(SELECT id_lugar as pkLugar FROM arma_tu_fiesta.lugar WHERE tipo = 'Municipio' AND nombre = 'Trujillo (Trujillo)')
	as tablaLugar);
INSERT INTO arma_tu_fiesta.lugar (nombre, tipo, fk_pertenece) VALUES ('Cristóbal Mendoza', @tipo, @pertenece);

SET @tipo = 'Parroquia';
SET @pertenece = (SELECT pkLugar FROM
	(SELECT id_lugar as pkLugar FROM arma_tu_fiesta.lugar WHERE tipo = 'Municipio' AND nombre = 'Trujillo (Trujillo)')
	as tablaLugar);
INSERT INTO arma_tu_fiesta.lugar (nombre, tipo, fk_pertenece) VALUES ('Cruz Carrillo', @tipo, @pertenece);

SET @tipo = 'Parroquia';
SET @pertenece = (SELECT pkLugar FROM
	(SELECT id_lugar as pkLugar FROM arma_tu_fiesta.lugar WHERE tipo = 'Municipio' AND nombre = 'Trujillo (Trujillo)')
	as tablaLugar);
INSERT INTO arma_tu_fiesta.lugar (nombre, tipo, fk_pertenece) VALUES ('Matriz', @tipo, @pertenece);

SET @tipo = 'Parroquia';
SET @pertenece = (SELECT pkLugar FROM
	(SELECT id_lugar as pkLugar FROM arma_tu_fiesta.lugar WHERE tipo = 'Municipio' AND nombre = 'Trujillo (Trujillo)')
	as tablaLugar);
INSERT INTO arma_tu_fiesta.lugar (nombre, tipo, fk_pertenece) VALUES ('Monseñor Carrillo', @tipo, @pertenece);

SET @tipo = 'Parroquia';
SET @pertenece = (SELECT pkLugar FROM
	(SELECT id_lugar as pkLugar FROM arma_tu_fiesta.lugar WHERE tipo = 'Municipio' AND nombre = 'Trujillo (Trujillo)')
	as tablaLugar);
INSERT INTO arma_tu_fiesta.lugar (nombre, tipo, fk_pertenece) VALUES ('Tres Esquinas', @tipo, @pertenece);

SET @tipo = 'Municipio';
SET @pertenece = (SELECT pkLugar FROM
	(SELECT id_lugar as pkLugar FROM arma_tu_fiesta.lugar WHERE tipo = 'Estado' AND nombre = 'Trujillo')
	as tablaLugar);
INSERT INTO arma_tu_fiesta.lugar (nombre, tipo, fk_pertenece) VALUES ('Urdaneta (La Quebrada)', @tipo, @pertenece);

SET @tipo = 'Parroquia';
SET @pertenece = (SELECT pkLugar FROM
	(SELECT id_lugar as pkLugar FROM arma_tu_fiesta.lugar WHERE tipo = 'Municipio' AND nombre = 'Urdaneta (La Quebrada)')
	as tablaLugar);
INSERT INTO arma_tu_fiesta.lugar (nombre, tipo, fk_pertenece) VALUES ('Cabimbú', @tipo, @pertenece);

SET @tipo = 'Parroquia';
SET @pertenece = (SELECT pkLugar FROM
	(SELECT id_lugar as pkLugar FROM arma_tu_fiesta.lugar WHERE tipo = 'Municipio' AND nombre = 'Urdaneta (La Quebrada)')
	as tablaLugar);
INSERT INTO arma_tu_fiesta.lugar (nombre, tipo, fk_pertenece) VALUES ('Jajó', @tipo, @pertenece);

SET @tipo = 'Parroquia';
SET @pertenece = (SELECT pkLugar FROM
	(SELECT id_lugar as pkLugar FROM arma_tu_fiesta.lugar WHERE tipo = 'Municipio' AND nombre = 'Urdaneta (La Quebrada)')
	as tablaLugar);
INSERT INTO arma_tu_fiesta.lugar (nombre, tipo, fk_pertenece) VALUES ('La Mesa de Esnujaque', @tipo, @pertenece);

SET @tipo = 'Parroquia';
SET @pertenece = (SELECT pkLugar FROM
	(SELECT id_lugar as pkLugar FROM arma_tu_fiesta.lugar WHERE tipo = 'Municipio' AND nombre = 'Urdaneta (La Quebrada)')
	as tablaLugar);
INSERT INTO arma_tu_fiesta.lugar (nombre, tipo, fk_pertenece) VALUES ('Santiago', @tipo, @pertenece);

SET @tipo = 'Parroquia';
SET @pertenece = (SELECT pkLugar FROM
	(SELECT id_lugar as pkLugar FROM arma_tu_fiesta.lugar WHERE tipo = 'Municipio' AND nombre = 'Urdaneta (La Quebrada)')
	as tablaLugar);
INSERT INTO arma_tu_fiesta.lugar (nombre, tipo, fk_pertenece) VALUES ('Tuñame', @tipo, @pertenece);

SET @tipo = 'Parroquia';
SET @pertenece = (SELECT pkLugar FROM
	(SELECT id_lugar as pkLugar FROM arma_tu_fiesta.lugar WHERE tipo = 'Municipio' AND nombre = 'Urdaneta (La Quebrada)')
	as tablaLugar);
INSERT INTO arma_tu_fiesta.lugar (nombre, tipo, fk_pertenece) VALUES ('La Quebrada', @tipo, @pertenece);

SET @tipo = 'Municipio';
SET @pertenece = (SELECT pkLugar FROM
	(SELECT id_lugar as pkLugar FROM arma_tu_fiesta.lugar WHERE tipo = 'Estado' AND nombre = 'Trujillo')
	as tablaLugar);
INSERT INTO arma_tu_fiesta.lugar (nombre, tipo, fk_pertenece) VALUES ('Valera (Valera)', @tipo, @pertenece);

SET @tipo = 'Parroquia';
SET @pertenece = (SELECT pkLugar FROM
	(SELECT id_lugar as pkLugar FROM arma_tu_fiesta.lugar WHERE tipo = 'Municipio' AND nombre = 'Valera (Valera)')
	as tablaLugar);
INSERT INTO arma_tu_fiesta.lugar (nombre, tipo, fk_pertenece) VALUES ('Juan Ignacio Montilla', @tipo, @pertenece);

SET @tipo = 'Parroquia';
SET @pertenece = (SELECT pkLugar FROM
	(SELECT id_lugar as pkLugar FROM arma_tu_fiesta.lugar WHERE tipo = 'Municipio' AND nombre = 'Valera (Valera)')
	as tablaLugar);
INSERT INTO arma_tu_fiesta.lugar (nombre, tipo, fk_pertenece) VALUES ('La Beatriz', @tipo, @pertenece);

SET @tipo = 'Parroquia';
SET @pertenece = (SELECT pkLugar FROM
	(SELECT id_lugar as pkLugar FROM arma_tu_fiesta.lugar WHERE tipo = 'Municipio' AND nombre = 'Valera (Valera)')
	as tablaLugar);
INSERT INTO arma_tu_fiesta.lugar (nombre, tipo, fk_pertenece) VALUES ('La Puerta', @tipo, @pertenece);

SET @tipo = 'Parroquia';
SET @pertenece = (SELECT pkLugar FROM
	(SELECT id_lugar as pkLugar FROM arma_tu_fiesta.lugar WHERE tipo = 'Municipio' AND nombre = 'Valera (Valera)')
	as tablaLugar);
INSERT INTO arma_tu_fiesta.lugar (nombre, tipo, fk_pertenece) VALUES ('Mendoza del Valle de Momboy', @tipo, @pertenece);

SET @tipo = 'Parroquia';
SET @pertenece = (SELECT pkLugar FROM
	(SELECT id_lugar as pkLugar FROM arma_tu_fiesta.lugar WHERE tipo = 'Municipio' AND nombre = 'Valera (Valera)')
	as tablaLugar);
INSERT INTO arma_tu_fiesta.lugar (nombre, tipo, fk_pertenece) VALUES ('Mercedes Díaz', @tipo, @pertenece);

SET @tipo = 'Parroquia';
SET @pertenece = (SELECT pkLugar FROM
	(SELECT id_lugar as pkLugar FROM arma_tu_fiesta.lugar WHERE tipo = 'Municipio' AND nombre = 'Valera (Valera)')
	as tablaLugar);
INSERT INTO arma_tu_fiesta.lugar (nombre, tipo, fk_pertenece) VALUES ('San Luis', @tipo, @pertenece);

SET @tipo = 'Estado';
SET @pertenece = (SELECT pkLugar FROM
	(SELECT id_lugar as pkLugar FROM arma_tu_fiesta.lugar WHERE tipo = 'Pais' AND nombre = 'Venezuela')
	as tablaLugar);
INSERT INTO arma_tu_fiesta.lugar (nombre, tipo, fk_pertenece) VALUES ('Yaracuy', @tipo, @pertenece);

SET @tipo = 'Municipio';
SET @pertenece = (SELECT pkLugar FROM
	(SELECT id_lugar as pkLugar FROM arma_tu_fiesta.lugar WHERE tipo = 'Estado' AND nombre = 'Yaracuy')
	as tablaLugar);
INSERT INTO arma_tu_fiesta.lugar (nombre, tipo, fk_pertenece) VALUES ('Arístides Bastidas (San Pablo)', @tipo, @pertenece);

SET @tipo = 'Parroquia';
SET @pertenece = (SELECT pkLugar FROM
	(SELECT id_lugar as pkLugar FROM arma_tu_fiesta.lugar WHERE tipo = 'Municipio' AND nombre = 'Arístides Bastidas (San Pablo)')
	as tablaLugar);
INSERT INTO arma_tu_fiesta.lugar (nombre, tipo, fk_pertenece) VALUES ('Arístides Bastidas', @tipo, @pertenece);

SET @tipo = 'Municipio';
SET @pertenece = (SELECT pkLugar FROM
	(SELECT id_lugar as pkLugar FROM arma_tu_fiesta.lugar WHERE tipo = 'Estado' AND nombre = 'Yaracuy')
	as tablaLugar);
INSERT INTO arma_tu_fiesta.lugar (nombre, tipo, fk_pertenece) VALUES ('Bolívar (Aroa)', @tipo, @pertenece);

SET @tipo = 'Parroquia';
SET @pertenece = (SELECT pkLugar FROM
	(SELECT id_lugar as pkLugar FROM arma_tu_fiesta.lugar WHERE tipo = 'Municipio' AND nombre = 'Bolívar (Aroa)')
	as tablaLugar);
INSERT INTO arma_tu_fiesta.lugar (nombre, tipo, fk_pertenece) VALUES ('Bolívar', @tipo, @pertenece);

SET @tipo = 'Municipio';
SET @pertenece = (SELECT pkLugar FROM
	(SELECT id_lugar as pkLugar FROM arma_tu_fiesta.lugar WHERE tipo = 'Estado' AND nombre = 'Yaracuy')
	as tablaLugar);
INSERT INTO arma_tu_fiesta.lugar (nombre, tipo, fk_pertenece) VALUES ('Bruzual (Chivacoa)', @tipo, @pertenece);

SET @tipo = 'Parroquia';
SET @pertenece = (SELECT pkLugar FROM
	(SELECT id_lugar as pkLugar FROM arma_tu_fiesta.lugar WHERE tipo = 'Municipio' AND nombre = 'Bruzual (Chivacoa)')
	as tablaLugar);
INSERT INTO arma_tu_fiesta.lugar (nombre, tipo, fk_pertenece) VALUES ('Chivacoa', @tipo, @pertenece);

SET @tipo = 'Parroquia';
SET @pertenece = (SELECT pkLugar FROM
	(SELECT id_lugar as pkLugar FROM arma_tu_fiesta.lugar WHERE tipo = 'Municipio' AND nombre = 'Bruzual (Chivacoa)')
	as tablaLugar);
INSERT INTO arma_tu_fiesta.lugar (nombre, tipo, fk_pertenece) VALUES ('Campo Elías', @tipo, @pertenece);

SET @tipo = 'Municipio';
SET @pertenece = (SELECT pkLugar FROM
	(SELECT id_lugar as pkLugar FROM arma_tu_fiesta.lugar WHERE tipo = 'Estado' AND nombre = 'Yaracuy')
	as tablaLugar);
INSERT INTO arma_tu_fiesta.lugar (nombre, tipo, fk_pertenece) VALUES ('Cocorote (Cocorote)', @tipo, @pertenece);

SET @tipo = 'Parroquia';
SET @pertenece = (SELECT pkLugar FROM
	(SELECT id_lugar as pkLugar FROM arma_tu_fiesta.lugar WHERE tipo = 'Municipio' AND nombre = 'Cocorote (Cocorote)')
	as tablaLugar);
INSERT INTO arma_tu_fiesta.lugar (nombre, tipo, fk_pertenece) VALUES ('Cocorote', @tipo, @pertenece);

SET @tipo = 'Municipio';
SET @pertenece = (SELECT pkLugar FROM
	(SELECT id_lugar as pkLugar FROM arma_tu_fiesta.lugar WHERE tipo = 'Estado' AND nombre = 'Yaracuy')
	as tablaLugar);
INSERT INTO arma_tu_fiesta.lugar (nombre, tipo, fk_pertenece) VALUES ('Independencia (Independencia)', @tipo, @pertenece);

SET @tipo = 'Parroquia';
SET @pertenece = (SELECT pkLugar FROM
	(SELECT id_lugar as pkLugar FROM arma_tu_fiesta.lugar WHERE tipo = 'Municipio' AND nombre = 'Independencia (Independencia)')
	as tablaLugar);
INSERT INTO arma_tu_fiesta.lugar (nombre, tipo, fk_pertenece) VALUES ('Independencia', @tipo, @pertenece);

SET @tipo = 'Municipio';
SET @pertenece = (SELECT pkLugar FROM
	(SELECT id_lugar as pkLugar FROM arma_tu_fiesta.lugar WHERE tipo = 'Estado' AND nombre = 'Yaracuy')
	as tablaLugar);
INSERT INTO arma_tu_fiesta.lugar (nombre, tipo, fk_pertenece) VALUES ('La Trinidad (Boraure)', @tipo, @pertenece);

SET @tipo = 'Parroquia';
SET @pertenece = (SELECT pkLugar FROM
	(SELECT id_lugar as pkLugar FROM arma_tu_fiesta.lugar WHERE tipo = 'Municipio' AND nombre = 'La Trinidad (Boraure)')
	as tablaLugar);
INSERT INTO arma_tu_fiesta.lugar (nombre, tipo, fk_pertenece) VALUES ('La Trinidad', @tipo, @pertenece);

SET @tipo = 'Municipio';
SET @pertenece = (SELECT pkLugar FROM
	(SELECT id_lugar as pkLugar FROM arma_tu_fiesta.lugar WHERE tipo = 'Estado' AND nombre = 'Yaracuy')
	as tablaLugar);
INSERT INTO arma_tu_fiesta.lugar (nombre, tipo, fk_pertenece) VALUES ('Monge (Yumare)', @tipo, @pertenece);

SET @tipo = 'Parroquia';
SET @pertenece = (SELECT pkLugar FROM
	(SELECT id_lugar as pkLugar FROM arma_tu_fiesta.lugar WHERE tipo = 'Municipio' AND nombre = 'Monge (Yumare)')
	as tablaLugar);
INSERT INTO arma_tu_fiesta.lugar (nombre, tipo, fk_pertenece) VALUES ('Manuel Monge', @tipo, @pertenece);

SET @tipo = 'Municipio';
SET @pertenece = (SELECT pkLugar FROM
	(SELECT id_lugar as pkLugar FROM arma_tu_fiesta.lugar WHERE tipo = 'Estado' AND nombre = 'Yaracuy')
	as tablaLugar);
INSERT INTO arma_tu_fiesta.lugar (nombre, tipo, fk_pertenece) VALUES ('Nirgua (Nirgua)', @tipo, @pertenece);

SET @tipo = 'Parroquia';
SET @pertenece = (SELECT pkLugar FROM
	(SELECT id_lugar as pkLugar FROM arma_tu_fiesta.lugar WHERE tipo = 'Municipio' AND nombre = 'Nirgua (Nirgua)')
	as tablaLugar);
INSERT INTO arma_tu_fiesta.lugar (nombre, tipo, fk_pertenece) VALUES ('Salóm', @tipo, @pertenece);

SET @tipo = 'Parroquia';
SET @pertenece = (SELECT pkLugar FROM
	(SELECT id_lugar as pkLugar FROM arma_tu_fiesta.lugar WHERE tipo = 'Municipio' AND nombre = 'Nirgua (Nirgua)')
	as tablaLugar);
INSERT INTO arma_tu_fiesta.lugar (nombre, tipo, fk_pertenece) VALUES ('Temerla', @tipo, @pertenece);

SET @tipo = 'Parroquia';
SET @pertenece = (SELECT pkLugar FROM
	(SELECT id_lugar as pkLugar FROM arma_tu_fiesta.lugar WHERE tipo = 'Municipio' AND nombre = 'Nirgua (Nirgua)')
	as tablaLugar);
INSERT INTO arma_tu_fiesta.lugar (nombre, tipo, fk_pertenece) VALUES ('Nirgua', @tipo, @pertenece);

SET @tipo = 'Municipio';
SET @pertenece = (SELECT pkLugar FROM
	(SELECT id_lugar as pkLugar FROM arma_tu_fiesta.lugar WHERE tipo = 'Estado' AND nombre = 'Yaracuy')
	as tablaLugar);
INSERT INTO arma_tu_fiesta.lugar (nombre, tipo, fk_pertenece) VALUES ('Páez (Sabana de Parra)', @tipo, @pertenece);

SET @tipo = 'Parroquia';
SET @pertenece = (SELECT pkLugar FROM
	(SELECT id_lugar as pkLugar FROM arma_tu_fiesta.lugar WHERE tipo = 'Municipio' AND nombre = 'Páez (Sabana de Parra)')
	as tablaLugar);
INSERT INTO arma_tu_fiesta.lugar (nombre, tipo, fk_pertenece) VALUES ('José Antonio Páez', @tipo, @pertenece);

SET @tipo = 'Municipio';
SET @pertenece = (SELECT pkLugar FROM
	(SELECT id_lugar as pkLugar FROM arma_tu_fiesta.lugar WHERE tipo = 'Estado' AND nombre = 'Yaracuy')
	as tablaLugar);
INSERT INTO arma_tu_fiesta.lugar (nombre, tipo, fk_pertenece) VALUES ('Peña (Yaritagua)', @tipo, @pertenece);

SET @tipo = 'Parroquia';
SET @pertenece = (SELECT pkLugar FROM
	(SELECT id_lugar as pkLugar FROM arma_tu_fiesta.lugar WHERE tipo = 'Municipio' AND nombre = 'Peña (Yaritagua)')
	as tablaLugar);
INSERT INTO arma_tu_fiesta.lugar (nombre, tipo, fk_pertenece) VALUES ('San Andrés', @tipo, @pertenece);

SET @tipo = 'Parroquia';
SET @pertenece = (SELECT pkLugar FROM
	(SELECT id_lugar as pkLugar FROM arma_tu_fiesta.lugar WHERE tipo = 'Municipio' AND nombre = 'Peña (Yaritagua)')
	as tablaLugar);
INSERT INTO arma_tu_fiesta.lugar (nombre, tipo, fk_pertenece) VALUES ('Yaritagua', @tipo, @pertenece);

SET @tipo = 'Municipio';
SET @pertenece = (SELECT pkLugar FROM
	(SELECT id_lugar as pkLugar FROM arma_tu_fiesta.lugar WHERE tipo = 'Estado' AND nombre = 'Yaracuy')
	as tablaLugar);
INSERT INTO arma_tu_fiesta.lugar (nombre, tipo, fk_pertenece) VALUES ('San Felipe (San Felipe)', @tipo, @pertenece);

SET @tipo = 'Parroquia';
SET @pertenece = (SELECT pkLugar FROM
	(SELECT id_lugar as pkLugar FROM arma_tu_fiesta.lugar WHERE tipo = 'Municipio' AND nombre = 'San Felipe (San Felipe)')
	as tablaLugar);
INSERT INTO arma_tu_fiesta.lugar (nombre, tipo, fk_pertenece) VALUES ('San Javier', @tipo, @pertenece);

SET @tipo = 'Parroquia';
SET @pertenece = (SELECT pkLugar FROM
	(SELECT id_lugar as pkLugar FROM arma_tu_fiesta.lugar WHERE tipo = 'Municipio' AND nombre = 'San Felipe (San Felipe)')
	as tablaLugar);
INSERT INTO arma_tu_fiesta.lugar (nombre, tipo, fk_pertenece) VALUES ('Albarico', @tipo, @pertenece);

SET @tipo = 'Parroquia';
SET @pertenece = (SELECT pkLugar FROM
	(SELECT id_lugar as pkLugar FROM arma_tu_fiesta.lugar WHERE tipo = 'Municipio' AND nombre = 'San Felipe (San Felipe)')
	as tablaLugar);
INSERT INTO arma_tu_fiesta.lugar (nombre, tipo, fk_pertenece) VALUES ('San Felipe', @tipo, @pertenece);

SET @tipo = 'Municipio';
SET @pertenece = (SELECT pkLugar FROM
	(SELECT id_lugar as pkLugar FROM arma_tu_fiesta.lugar WHERE tipo = 'Estado' AND nombre = 'Yaracuy')
	as tablaLugar);
INSERT INTO arma_tu_fiesta.lugar (nombre, tipo, fk_pertenece) VALUES ('Sucre (Guama)', @tipo, @pertenece);

SET @tipo = 'Parroquia';
SET @pertenece = (SELECT pkLugar FROM
	(SELECT id_lugar as pkLugar FROM arma_tu_fiesta.lugar WHERE tipo = 'Municipio' AND nombre = 'Sucre (Guama)')
	as tablaLugar);
INSERT INTO arma_tu_fiesta.lugar (nombre, tipo, fk_pertenece) VALUES ('Sucre', @tipo, @pertenece);

SET @tipo = 'Municipio';
SET @pertenece = (SELECT pkLugar FROM
	(SELECT id_lugar as pkLugar FROM arma_tu_fiesta.lugar WHERE tipo = 'Estado' AND nombre = 'Yaracuy')
	as tablaLugar);
INSERT INTO arma_tu_fiesta.lugar (nombre, tipo, fk_pertenece) VALUES ('Urachiche (Urachiche)', @tipo, @pertenece);

SET @tipo = 'Parroquia';
SET @pertenece = (SELECT pkLugar FROM
	(SELECT id_lugar as pkLugar FROM arma_tu_fiesta.lugar WHERE tipo = 'Municipio' AND nombre = 'Urachiche (Urachiche)')
	as tablaLugar);
INSERT INTO arma_tu_fiesta.lugar (nombre, tipo, fk_pertenece) VALUES ('Urachiche', @tipo, @pertenece);

SET @tipo = 'Municipio';
SET @pertenece = (SELECT pkLugar FROM
	(SELECT id_lugar as pkLugar FROM arma_tu_fiesta.lugar WHERE tipo = 'Estado' AND nombre = 'Yaracuy')
	as tablaLugar);
INSERT INTO arma_tu_fiesta.lugar (nombre, tipo, fk_pertenece) VALUES ('Veroes (Farriar)', @tipo, @pertenece);

SET @tipo = 'Parroquia';
SET @pertenece = (SELECT pkLugar FROM
	(SELECT id_lugar as pkLugar FROM arma_tu_fiesta.lugar WHERE tipo = 'Municipio' AND nombre = 'Veroes (Farriar)')
	as tablaLugar);
INSERT INTO arma_tu_fiesta.lugar (nombre, tipo, fk_pertenece) VALUES ('El Guayabo', @tipo, @pertenece);

SET @tipo = 'Parroquia';
SET @pertenece = (SELECT pkLugar FROM
	(SELECT id_lugar as pkLugar FROM arma_tu_fiesta.lugar WHERE tipo = 'Municipio' AND nombre = 'Veroes (Farriar)')
	as tablaLugar);
INSERT INTO arma_tu_fiesta.lugar (nombre, tipo, fk_pertenece) VALUES ('Farriar', @tipo, @pertenece);

SET @tipo = 'Estado';
SET @pertenece = (SELECT pkLugar FROM
	(SELECT id_lugar as pkLugar FROM arma_tu_fiesta.lugar WHERE tipo = 'Pais' AND nombre = 'Venezuela')
	as tablaLugar);
INSERT INTO arma_tu_fiesta.lugar (nombre, tipo, fk_pertenece) VALUES ('Zulia', @tipo, @pertenece);

SET @tipo = 'Municipio';
SET @pertenece = (SELECT pkLugar FROM
	(SELECT id_lugar as pkLugar FROM arma_tu_fiesta.lugar WHERE tipo = 'Estado' AND nombre = 'Zulia')
	as tablaLugar);
INSERT INTO arma_tu_fiesta.lugar (nombre, tipo, fk_pertenece) VALUES ('Bolívar (Tía Juana)', @tipo, @pertenece);

SET @tipo = 'Parroquia';
SET @pertenece = (SELECT pkLugar FROM
	(SELECT id_lugar as pkLugar FROM arma_tu_fiesta.lugar WHERE tipo = 'Municipio' AND nombre = 'Bolívar (Tía Juana)')
	as tablaLugar);
INSERT INTO arma_tu_fiesta.lugar (nombre, tipo, fk_pertenece) VALUES ('Rafael Maria Baralt', @tipo, @pertenece);

SET @tipo = 'Parroquia';
SET @pertenece = (SELECT pkLugar FROM
	(SELECT id_lugar as pkLugar FROM arma_tu_fiesta.lugar WHERE tipo = 'Municipio' AND nombre = 'Bolívar (Tía Juana)')
	as tablaLugar);
INSERT INTO arma_tu_fiesta.lugar (nombre, tipo, fk_pertenece) VALUES ('Manuel Manrique', @tipo, @pertenece);

SET @tipo = 'Parroquia';
SET @pertenece = (SELECT pkLugar FROM
	(SELECT id_lugar as pkLugar FROM arma_tu_fiesta.lugar WHERE tipo = 'Municipio' AND nombre = 'Bolívar (Tía Juana)')
	as tablaLugar);
INSERT INTO arma_tu_fiesta.lugar (nombre, tipo, fk_pertenece) VALUES ('Rafael Urdaneta', @tipo, @pertenece);

SET @tipo = 'Municipio';
SET @pertenece = (SELECT pkLugar FROM
	(SELECT id_lugar as pkLugar FROM arma_tu_fiesta.lugar WHERE tipo = 'Estado' AND nombre = 'Zulia')
	as tablaLugar);
INSERT INTO arma_tu_fiesta.lugar (nombre, tipo, fk_pertenece) VALUES ('Baralt (San Timoteo)', @tipo, @pertenece);

SET @tipo = 'Parroquia';
SET @pertenece = (SELECT pkLugar FROM
	(SELECT id_lugar as pkLugar FROM arma_tu_fiesta.lugar WHERE tipo = 'Municipio' AND nombre = 'Baralt (San Timoteo)')
	as tablaLugar);
INSERT INTO arma_tu_fiesta.lugar (nombre, tipo, fk_pertenece) VALUES ('San Timoteo', @tipo, @pertenece);

SET @tipo = 'Parroquia';
SET @pertenece = (SELECT pkLugar FROM
	(SELECT id_lugar as pkLugar FROM arma_tu_fiesta.lugar WHERE tipo = 'Municipio' AND nombre = 'Baralt (San Timoteo)')
	as tablaLugar);
INSERT INTO arma_tu_fiesta.lugar (nombre, tipo, fk_pertenece) VALUES ('General Urdaneta', @tipo, @pertenece);

SET @tipo = 'Parroquia';
SET @pertenece = (SELECT pkLugar FROM
	(SELECT id_lugar as pkLugar FROM arma_tu_fiesta.lugar WHERE tipo = 'Municipio' AND nombre = 'Baralt (San Timoteo)')
	as tablaLugar);
INSERT INTO arma_tu_fiesta.lugar (nombre, tipo, fk_pertenece) VALUES ('Libertador', @tipo, @pertenece);

SET @tipo = 'Parroquia';
SET @pertenece = (SELECT pkLugar FROM
	(SELECT id_lugar as pkLugar FROM arma_tu_fiesta.lugar WHERE tipo = 'Municipio' AND nombre = 'Baralt (San Timoteo)')
	as tablaLugar);
INSERT INTO arma_tu_fiesta.lugar (nombre, tipo, fk_pertenece) VALUES ('Marcelino Briceño', @tipo, @pertenece);

SET @tipo = 'Parroquia';
SET @pertenece = (SELECT pkLugar FROM
	(SELECT id_lugar as pkLugar FROM arma_tu_fiesta.lugar WHERE tipo = 'Municipio' AND nombre = 'Baralt (San Timoteo)')
	as tablaLugar);
INSERT INTO arma_tu_fiesta.lugar (nombre, tipo, fk_pertenece) VALUES ('Nuevo', @tipo, @pertenece);

SET @tipo = 'Parroquia';
SET @pertenece = (SELECT pkLugar FROM
	(SELECT id_lugar as pkLugar FROM arma_tu_fiesta.lugar WHERE tipo = 'Municipio' AND nombre = 'Baralt (San Timoteo)')
	as tablaLugar);
INSERT INTO arma_tu_fiesta.lugar (nombre, tipo, fk_pertenece) VALUES ('Manuel Guanipa Matos', @tipo, @pertenece);

SET @tipo = 'Municipio';
SET @pertenece = (SELECT pkLugar FROM
	(SELECT id_lugar as pkLugar FROM arma_tu_fiesta.lugar WHERE tipo = 'Estado' AND nombre = 'Zulia')
	as tablaLugar);
INSERT INTO arma_tu_fiesta.lugar (nombre, tipo, fk_pertenece) VALUES ('Cabimas (Cabimas)', @tipo, @pertenece);

SET @tipo = 'Parroquia';
SET @pertenece = (SELECT pkLugar FROM
	(SELECT id_lugar as pkLugar FROM arma_tu_fiesta.lugar WHERE tipo = 'Municipio' AND nombre = 'Cabimas (Cabimas)')
	as tablaLugar);
INSERT INTO arma_tu_fiesta.lugar (nombre, tipo, fk_pertenece) VALUES ('Ambrosio', @tipo, @pertenece);

SET @tipo = 'Parroquia';
SET @pertenece = (SELECT pkLugar FROM
	(SELECT id_lugar as pkLugar FROM arma_tu_fiesta.lugar WHERE tipo = 'Municipio' AND nombre = 'Cabimas (Cabimas)')
	as tablaLugar);
INSERT INTO arma_tu_fiesta.lugar (nombre, tipo, fk_pertenece) VALUES ('Carmen Herrera', @tipo, @pertenece);

SET @tipo = 'Parroquia';
SET @pertenece = (SELECT pkLugar FROM
	(SELECT id_lugar as pkLugar FROM arma_tu_fiesta.lugar WHERE tipo = 'Municipio' AND nombre = 'Cabimas (Cabimas)')
	as tablaLugar);
INSERT INTO arma_tu_fiesta.lugar (nombre, tipo, fk_pertenece) VALUES ('La Rosa', @tipo, @pertenece);

SET @tipo = 'Parroquia';
SET @pertenece = (SELECT pkLugar FROM
	(SELECT id_lugar as pkLugar FROM arma_tu_fiesta.lugar WHERE tipo = 'Municipio' AND nombre = 'Cabimas (Cabimas)')
	as tablaLugar);
INSERT INTO arma_tu_fiesta.lugar (nombre, tipo, fk_pertenece) VALUES ('Germán Ríos Linares', @tipo, @pertenece);

SET @tipo = 'Parroquia';
SET @pertenece = (SELECT pkLugar FROM
	(SELECT id_lugar as pkLugar FROM arma_tu_fiesta.lugar WHERE tipo = 'Municipio' AND nombre = 'Cabimas (Cabimas)')
	as tablaLugar);
INSERT INTO arma_tu_fiesta.lugar (nombre, tipo, fk_pertenece) VALUES ('San Benito', @tipo, @pertenece);

SET @tipo = 'Parroquia';
SET @pertenece = (SELECT pkLugar FROM
	(SELECT id_lugar as pkLugar FROM arma_tu_fiesta.lugar WHERE tipo = 'Municipio' AND nombre = 'Cabimas (Cabimas)')
	as tablaLugar);
INSERT INTO arma_tu_fiesta.lugar (nombre, tipo, fk_pertenece) VALUES ('Rómulo Betancourt', @tipo, @pertenece);

SET @tipo = 'Parroquia';
SET @pertenece = (SELECT pkLugar FROM
	(SELECT id_lugar as pkLugar FROM arma_tu_fiesta.lugar WHERE tipo = 'Municipio' AND nombre = 'Cabimas (Cabimas)')
	as tablaLugar);
INSERT INTO arma_tu_fiesta.lugar (nombre, tipo, fk_pertenece) VALUES ('Jorge Hernández', @tipo, @pertenece);

SET @tipo = 'Parroquia';
SET @pertenece = (SELECT pkLugar FROM
	(SELECT id_lugar as pkLugar FROM arma_tu_fiesta.lugar WHERE tipo = 'Municipio' AND nombre = 'Cabimas (Cabimas)')
	as tablaLugar);
INSERT INTO arma_tu_fiesta.lugar (nombre, tipo, fk_pertenece) VALUES ('Punta Gorda', @tipo, @pertenece);

SET @tipo = 'Parroquia';
SET @pertenece = (SELECT pkLugar FROM
	(SELECT id_lugar as pkLugar FROM arma_tu_fiesta.lugar WHERE tipo = 'Municipio' AND nombre = 'Cabimas (Cabimas)')
	as tablaLugar);
INSERT INTO arma_tu_fiesta.lugar (nombre, tipo, fk_pertenece) VALUES ('Arístides Calvani', @tipo, @pertenece);

SET @tipo = 'Municipio';
SET @pertenece = (SELECT pkLugar FROM
	(SELECT id_lugar as pkLugar FROM arma_tu_fiesta.lugar WHERE tipo = 'Estado' AND nombre = 'Zulia')
	as tablaLugar);
INSERT INTO arma_tu_fiesta.lugar (nombre, tipo, fk_pertenece) VALUES ('Catatumbo (Encontrados)', @tipo, @pertenece);

SET @tipo = 'Parroquia';
SET @pertenece = (SELECT pkLugar FROM
	(SELECT id_lugar as pkLugar FROM arma_tu_fiesta.lugar WHERE tipo = 'Municipio' AND nombre = 'Catatumbo (Encontrados)')
	as tablaLugar);
INSERT INTO arma_tu_fiesta.lugar (nombre, tipo, fk_pertenece) VALUES ('Encontrados', @tipo, @pertenece);

SET @tipo = 'Parroquia';
SET @pertenece = (SELECT pkLugar FROM
	(SELECT id_lugar as pkLugar FROM arma_tu_fiesta.lugar WHERE tipo = 'Municipio' AND nombre = 'Catatumbo (Encontrados)')
	as tablaLugar);
INSERT INTO arma_tu_fiesta.lugar (nombre, tipo, fk_pertenece) VALUES ('Udón Pérez', @tipo, @pertenece);

SET @tipo = 'Municipio';
SET @pertenece = (SELECT pkLugar FROM
	(SELECT id_lugar as pkLugar FROM arma_tu_fiesta.lugar WHERE tipo = 'Estado' AND nombre = 'Zulia')
	as tablaLugar);
INSERT INTO arma_tu_fiesta.lugar (nombre, tipo, fk_pertenece) VALUES ('Colón (San Carlos del Zulia)', @tipo, @pertenece);

SET @tipo = 'Parroquia';
SET @pertenece = (SELECT pkLugar FROM
	(SELECT id_lugar as pkLugar FROM arma_tu_fiesta.lugar WHERE tipo = 'Municipio' AND nombre = 'Colón (San Carlos del Zulia)')
	as tablaLugar);
INSERT INTO arma_tu_fiesta.lugar (nombre, tipo, fk_pertenece) VALUES ('Moralito', @tipo, @pertenece);

SET @tipo = 'Parroquia';
SET @pertenece = (SELECT pkLugar FROM
	(SELECT id_lugar as pkLugar FROM arma_tu_fiesta.lugar WHERE tipo = 'Municipio' AND nombre = 'Colón (San Carlos del Zulia)')
	as tablaLugar);
INSERT INTO arma_tu_fiesta.lugar (nombre, tipo, fk_pertenece) VALUES ('San Carlos del Zulia', @tipo, @pertenece);

SET @tipo = 'Parroquia';
SET @pertenece = (SELECT pkLugar FROM
	(SELECT id_lugar as pkLugar FROM arma_tu_fiesta.lugar WHERE tipo = 'Municipio' AND nombre = 'Colón (San Carlos del Zulia)')
	as tablaLugar);
INSERT INTO arma_tu_fiesta.lugar (nombre, tipo, fk_pertenece) VALUES ('Santa Cruz del Zulia', @tipo, @pertenece);

SET @tipo = 'Parroquia';
SET @pertenece = (SELECT pkLugar FROM
	(SELECT id_lugar as pkLugar FROM arma_tu_fiesta.lugar WHERE tipo = 'Municipio' AND nombre = 'Colón (San Carlos del Zulia)')
	as tablaLugar);
INSERT INTO arma_tu_fiesta.lugar (nombre, tipo, fk_pertenece) VALUES ('Santa Bárbara', @tipo, @pertenece);

SET @tipo = 'Parroquia';
SET @pertenece = (SELECT pkLugar FROM
	(SELECT id_lugar as pkLugar FROM arma_tu_fiesta.lugar WHERE tipo = 'Municipio' AND nombre = 'Colón (San Carlos del Zulia)')
	as tablaLugar);
INSERT INTO arma_tu_fiesta.lugar (nombre, tipo, fk_pertenece) VALUES ('Urribarrí', @tipo, @pertenece);

SET @tipo = 'Municipio';
SET @pertenece = (SELECT pkLugar FROM
	(SELECT id_lugar as pkLugar FROM arma_tu_fiesta.lugar WHERE tipo = 'Estado' AND nombre = 'Zulia')
	as tablaLugar);
INSERT INTO arma_tu_fiesta.lugar (nombre, tipo, fk_pertenece) VALUES ('Guajira (Sinamaica)', @tipo, @pertenece);

SET @tipo = 'Parroquia';
SET @pertenece = (SELECT pkLugar FROM
	(SELECT id_lugar as pkLugar FROM arma_tu_fiesta.lugar WHERE tipo = 'Municipio' AND nombre = 'Guajira (Sinamaica)')
	as tablaLugar);
INSERT INTO arma_tu_fiesta.lugar (nombre, tipo, fk_pertenece) VALUES ('Sinamaica', @tipo, @pertenece);

SET @tipo = 'Parroquia';
SET @pertenece = (SELECT pkLugar FROM
	(SELECT id_lugar as pkLugar FROM arma_tu_fiesta.lugar WHERE tipo = 'Municipio' AND nombre = 'Guajira (Sinamaica)')
	as tablaLugar);
INSERT INTO arma_tu_fiesta.lugar (nombre, tipo, fk_pertenece) VALUES ('Alta Guajira', @tipo, @pertenece);

SET @tipo = 'Parroquia';
SET @pertenece = (SELECT pkLugar FROM
	(SELECT id_lugar as pkLugar FROM arma_tu_fiesta.lugar WHERE tipo = 'Municipio' AND nombre = 'Guajira (Sinamaica)')
	as tablaLugar);
INSERT INTO arma_tu_fiesta.lugar (nombre, tipo, fk_pertenece) VALUES ('Elías Sánchez Rubio', @tipo, @pertenece);

SET @tipo = 'Parroquia';
SET @pertenece = (SELECT pkLugar FROM
	(SELECT id_lugar as pkLugar FROM arma_tu_fiesta.lugar WHERE tipo = 'Municipio' AND nombre = 'Guajira (Sinamaica)')
	as tablaLugar);
INSERT INTO arma_tu_fiesta.lugar (nombre, tipo, fk_pertenece) VALUES ('Guajira', @tipo, @pertenece);

SET @tipo = 'Municipio';
SET @pertenece = (SELECT pkLugar FROM
	(SELECT id_lugar as pkLugar FROM arma_tu_fiesta.lugar WHERE tipo = 'Estado' AND nombre = 'Zulia')
	as tablaLugar);
INSERT INTO arma_tu_fiesta.lugar (nombre, tipo, fk_pertenece) VALUES ('Padilla (El Toro)', @tipo, @pertenece);

SET @tipo = 'Parroquia';
SET @pertenece = (SELECT pkLugar FROM
	(SELECT id_lugar as pkLugar FROM arma_tu_fiesta.lugar WHERE tipo = 'Municipio' AND nombre = 'Padilla (El Toro)')
	as tablaLugar);
INSERT INTO arma_tu_fiesta.lugar (nombre, tipo, fk_pertenece) VALUES ('Isla de Toas', @tipo, @pertenece);

SET @tipo = 'Parroquia';
SET @pertenece = (SELECT pkLugar FROM
	(SELECT id_lugar as pkLugar FROM arma_tu_fiesta.lugar WHERE tipo = 'Municipio' AND nombre = 'Padilla (El Toro)')
	as tablaLugar);
INSERT INTO arma_tu_fiesta.lugar (nombre, tipo, fk_pertenece) VALUES ('Monagas', @tipo, @pertenece);

SET @tipo = 'Parroquia';
SET @pertenece = (SELECT pkLugar FROM
	(SELECT id_lugar as pkLugar FROM arma_tu_fiesta.lugar WHERE tipo = 'Municipio' AND nombre = 'Padilla (El Toro)')
	as tablaLugar);
INSERT INTO arma_tu_fiesta.lugar (nombre, tipo, fk_pertenece) VALUES ('San Fernando', @tipo, @pertenece);

SET @tipo = 'Municipio';
SET @pertenece = (SELECT pkLugar FROM
	(SELECT id_lugar as pkLugar FROM arma_tu_fiesta.lugar WHERE tipo = 'Estado' AND nombre = 'Zulia')
	as tablaLugar);
INSERT INTO arma_tu_fiesta.lugar (nombre, tipo, fk_pertenece) VALUES ('Pulgar (Pueblo Nuevo-El Chivo)', @tipo, @pertenece);

SET @tipo = 'Parroquia';
SET @pertenece = (SELECT pkLugar FROM
	(SELECT id_lugar as pkLugar FROM arma_tu_fiesta.lugar WHERE tipo = 'Municipio' AND nombre = 'Pulgar (Pueblo Nuevo-El Chivo)')
	as tablaLugar);
INSERT INTO arma_tu_fiesta.lugar (nombre, tipo, fk_pertenece) VALUES ('Agustín Codazzi', @tipo, @pertenece);

SET @tipo = 'Parroquia';
SET @pertenece = (SELECT pkLugar FROM
	(SELECT id_lugar as pkLugar FROM arma_tu_fiesta.lugar WHERE tipo = 'Municipio' AND nombre = 'Pulgar (Pueblo Nuevo-El Chivo)')
	as tablaLugar);
INSERT INTO arma_tu_fiesta.lugar (nombre, tipo, fk_pertenece) VALUES ('Carlos Quevedo', @tipo, @pertenece);

SET @tipo = 'Parroquia';
SET @pertenece = (SELECT pkLugar FROM
	(SELECT id_lugar as pkLugar FROM arma_tu_fiesta.lugar WHERE tipo = 'Municipio' AND nombre = 'Pulgar (Pueblo Nuevo-El Chivo)')
	as tablaLugar);
INSERT INTO arma_tu_fiesta.lugar (nombre, tipo, fk_pertenece) VALUES ('Francisco Javier Pulgar', @tipo, @pertenece);

SET @tipo = 'Parroquia';
SET @pertenece = (SELECT pkLugar FROM
	(SELECT id_lugar as pkLugar FROM arma_tu_fiesta.lugar WHERE tipo = 'Municipio' AND nombre = 'Pulgar (Pueblo Nuevo-El Chivo)')
	as tablaLugar);
INSERT INTO arma_tu_fiesta.lugar (nombre, tipo, fk_pertenece) VALUES ('Simón Rodríguez', @tipo, @pertenece);

SET @tipo = 'Municipio';
SET @pertenece = (SELECT pkLugar FROM
	(SELECT id_lugar as pkLugar FROM arma_tu_fiesta.lugar WHERE tipo = 'Estado' AND nombre = 'Zulia')
	as tablaLugar);
INSERT INTO arma_tu_fiesta.lugar (nombre, tipo, fk_pertenece) VALUES ('Lossada (La Concepción)', @tipo, @pertenece);

SET @tipo = 'Parroquia';
SET @pertenece = (SELECT pkLugar FROM
	(SELECT id_lugar as pkLugar FROM arma_tu_fiesta.lugar WHERE tipo = 'Municipio' AND nombre = 'Lossada (La Concepción)')
	as tablaLugar);
INSERT INTO arma_tu_fiesta.lugar (nombre, tipo, fk_pertenece) VALUES ('La Concepción (capital)', @tipo, @pertenece);

SET @tipo = 'Parroquia';
SET @pertenece = (SELECT pkLugar FROM
	(SELECT id_lugar as pkLugar FROM arma_tu_fiesta.lugar WHERE tipo = 'Municipio' AND nombre = 'Lossada (La Concepción)')
	as tablaLugar);
INSERT INTO arma_tu_fiesta.lugar (nombre, tipo, fk_pertenece) VALUES ('San José', @tipo, @pertenece);

SET @tipo = 'Parroquia';
SET @pertenece = (SELECT pkLugar FROM
	(SELECT id_lugar as pkLugar FROM arma_tu_fiesta.lugar WHERE tipo = 'Municipio' AND nombre = 'Lossada (La Concepción)')
	as tablaLugar);
INSERT INTO arma_tu_fiesta.lugar (nombre, tipo, fk_pertenece) VALUES ('Mariano Parra León', @tipo, @pertenece);

SET @tipo = 'Parroquia';
SET @pertenece = (SELECT pkLugar FROM
	(SELECT id_lugar as pkLugar FROM arma_tu_fiesta.lugar WHERE tipo = 'Municipio' AND nombre = 'Lossada (La Concepción)')
	as tablaLugar);
INSERT INTO arma_tu_fiesta.lugar (nombre, tipo, fk_pertenece) VALUES ('José Ramón Yépez', @tipo, @pertenece);

SET @tipo = 'Municipio';
SET @pertenece = (SELECT pkLugar FROM
	(SELECT id_lugar as pkLugar FROM arma_tu_fiesta.lugar WHERE tipo = 'Estado' AND nombre = 'Zulia')
	as tablaLugar);
INSERT INTO arma_tu_fiesta.lugar (nombre, tipo, fk_pertenece) VALUES ('Semprún (Casigua El Cubo)', @tipo, @pertenece);

SET @tipo = 'Parroquia';
SET @pertenece = (SELECT pkLugar FROM
	(SELECT id_lugar as pkLugar FROM arma_tu_fiesta.lugar WHERE tipo = 'Municipio' AND nombre = 'Semprún (Casigua El Cubo)')
	as tablaLugar);
INSERT INTO arma_tu_fiesta.lugar (nombre, tipo, fk_pertenece) VALUES ('Jesús María Semprún', @tipo, @pertenece);

SET @tipo = 'Parroquia';
SET @pertenece = (SELECT pkLugar FROM
	(SELECT id_lugar as pkLugar FROM arma_tu_fiesta.lugar WHERE tipo = 'Municipio' AND nombre = 'Semprún (Casigua El Cubo)')
	as tablaLugar);
INSERT INTO arma_tu_fiesta.lugar (nombre, tipo, fk_pertenece) VALUES ('Barí', @tipo, @pertenece);

SET @tipo = 'Municipio';
SET @pertenece = (SELECT pkLugar FROM
	(SELECT id_lugar as pkLugar FROM arma_tu_fiesta.lugar WHERE tipo = 'Estado' AND nombre = 'Zulia')
	as tablaLugar);
INSERT INTO arma_tu_fiesta.lugar (nombre, tipo, fk_pertenece) VALUES ('La Cañada de Urdaneta (Concepción)', @tipo, @pertenece);

SET @tipo = 'Parroquia';
SET @pertenece = (SELECT pkLugar FROM
	(SELECT id_lugar as pkLugar FROM arma_tu_fiesta.lugar WHERE tipo = 'Municipio' AND nombre = 'La Cañada de Urdaneta (Concepción)')
	as tablaLugar);
INSERT INTO arma_tu_fiesta.lugar (nombre, tipo, fk_pertenece) VALUES ('Concepción', @tipo, @pertenece);

SET @tipo = 'Parroquia';
SET @pertenece = (SELECT pkLugar FROM
	(SELECT id_lugar as pkLugar FROM arma_tu_fiesta.lugar WHERE tipo = 'Municipio' AND nombre = 'La Cañada de Urdaneta (Concepción)')
	as tablaLugar);
INSERT INTO arma_tu_fiesta.lugar (nombre, tipo, fk_pertenece) VALUES ('Andrés Bello', @tipo, @pertenece);

SET @tipo = 'Parroquia';
SET @pertenece = (SELECT pkLugar FROM
	(SELECT id_lugar as pkLugar FROM arma_tu_fiesta.lugar WHERE tipo = 'Municipio' AND nombre = 'La Cañada de Urdaneta (Concepción)')
	as tablaLugar);
INSERT INTO arma_tu_fiesta.lugar (nombre, tipo, fk_pertenece) VALUES ('Chiquinquirá', @tipo, @pertenece);

SET @tipo = 'Parroquia';
SET @pertenece = (SELECT pkLugar FROM
	(SELECT id_lugar as pkLugar FROM arma_tu_fiesta.lugar WHERE tipo = 'Municipio' AND nombre = 'La Cañada de Urdaneta (Concepción)')
	as tablaLugar);
INSERT INTO arma_tu_fiesta.lugar (nombre, tipo, fk_pertenece) VALUES ('El Carmelo', @tipo, @pertenece);

SET @tipo = 'Parroquia';
SET @pertenece = (SELECT pkLugar FROM
	(SELECT id_lugar as pkLugar FROM arma_tu_fiesta.lugar WHERE tipo = 'Municipio' AND nombre = 'La Cañada de Urdaneta (Concepción)')
	as tablaLugar);
INSERT INTO arma_tu_fiesta.lugar (nombre, tipo, fk_pertenece) VALUES ('Potreritos', @tipo, @pertenece);

SET @tipo = 'Municipio';
SET @pertenece = (SELECT pkLugar FROM
	(SELECT id_lugar as pkLugar FROM arma_tu_fiesta.lugar WHERE tipo = 'Estado' AND nombre = 'Zulia')
	as tablaLugar);
INSERT INTO arma_tu_fiesta.lugar (nombre, tipo, fk_pertenece) VALUES ('Lagunillas (Ciudad Ojeda)', @tipo, @pertenece);

SET @tipo = 'Parroquia';
SET @pertenece = (SELECT pkLugar FROM
	(SELECT id_lugar as pkLugar FROM arma_tu_fiesta.lugar WHERE tipo = 'Municipio' AND nombre = 'Lagunillas (Ciudad Ojeda)')
	as tablaLugar);
INSERT INTO arma_tu_fiesta.lugar (nombre, tipo, fk_pertenece) VALUES ('Libertad', @tipo, @pertenece);

SET @tipo = 'Parroquia';
SET @pertenece = (SELECT pkLugar FROM
	(SELECT id_lugar as pkLugar FROM arma_tu_fiesta.lugar WHERE tipo = 'Municipio' AND nombre = 'Lagunillas (Ciudad Ojeda)')
	as tablaLugar);
INSERT INTO arma_tu_fiesta.lugar (nombre, tipo, fk_pertenece) VALUES ('Alonso de Ojeda', @tipo, @pertenece);

SET @tipo = 'Parroquia';
SET @pertenece = (SELECT pkLugar FROM
	(SELECT id_lugar as pkLugar FROM arma_tu_fiesta.lugar WHERE tipo = 'Municipio' AND nombre = 'Lagunillas (Ciudad Ojeda)')
	as tablaLugar);
INSERT INTO arma_tu_fiesta.lugar (nombre, tipo, fk_pertenece) VALUES ('Venezuela', @tipo, @pertenece);

SET @tipo = 'Parroquia';
SET @pertenece = (SELECT pkLugar FROM
	(SELECT id_lugar as pkLugar FROM arma_tu_fiesta.lugar WHERE tipo = 'Municipio' AND nombre = 'Lagunillas (Ciudad Ojeda)')
	as tablaLugar);
INSERT INTO arma_tu_fiesta.lugar (nombre, tipo, fk_pertenece) VALUES ('Eleazar López Contreras', @tipo, @pertenece);

SET @tipo = 'Parroquia';
SET @pertenece = (SELECT pkLugar FROM
	(SELECT id_lugar as pkLugar FROM arma_tu_fiesta.lugar WHERE tipo = 'Municipio' AND nombre = 'Lagunillas (Ciudad Ojeda)')
	as tablaLugar);
INSERT INTO arma_tu_fiesta.lugar (nombre, tipo, fk_pertenece) VALUES ('Campo Lara', @tipo, @pertenece);

SET @tipo = 'Municipio';
SET @pertenece = (SELECT pkLugar FROM
	(SELECT id_lugar as pkLugar FROM arma_tu_fiesta.lugar WHERE tipo = 'Estado' AND nombre = 'Zulia')
	as tablaLugar);
INSERT INTO arma_tu_fiesta.lugar (nombre, tipo, fk_pertenece) VALUES ('Machiques (Machiques)', @tipo, @pertenece);

SET @tipo = 'Parroquia';
SET @pertenece = (SELECT pkLugar FROM
	(SELECT id_lugar as pkLugar FROM arma_tu_fiesta.lugar WHERE tipo = 'Municipio' AND nombre = 'Machiques (Machiques)')
	as tablaLugar);
INSERT INTO arma_tu_fiesta.lugar (nombre, tipo, fk_pertenece) VALUES ('Bartolomé de las Casas', @tipo, @pertenece);

SET @tipo = 'Parroquia';
SET @pertenece = (SELECT pkLugar FROM
	(SELECT id_lugar as pkLugar FROM arma_tu_fiesta.lugar WHERE tipo = 'Municipio' AND nombre = 'Machiques (Machiques)')
	as tablaLugar);
INSERT INTO arma_tu_fiesta.lugar (nombre, tipo, fk_pertenece) VALUES ('Libertad', @tipo, @pertenece);

SET @tipo = 'Parroquia';
SET @pertenece = (SELECT pkLugar FROM
	(SELECT id_lugar as pkLugar FROM arma_tu_fiesta.lugar WHERE tipo = 'Municipio' AND nombre = 'Machiques (Machiques)')
	as tablaLugar);
INSERT INTO arma_tu_fiesta.lugar (nombre, tipo, fk_pertenece) VALUES ('Río Negro', @tipo, @pertenece);

SET @tipo = 'Parroquia';
SET @pertenece = (SELECT pkLugar FROM
	(SELECT id_lugar as pkLugar FROM arma_tu_fiesta.lugar WHERE tipo = 'Municipio' AND nombre = 'Machiques (Machiques)')
	as tablaLugar);
INSERT INTO arma_tu_fiesta.lugar (nombre, tipo, fk_pertenece) VALUES ('San José de Perijá', @tipo, @pertenece);

SET @tipo = 'Municipio';
SET @pertenece = (SELECT pkLugar FROM
	(SELECT id_lugar as pkLugar FROM arma_tu_fiesta.lugar WHERE tipo = 'Estado' AND nombre = 'Zulia')
	as tablaLugar);
INSERT INTO arma_tu_fiesta.lugar (nombre, tipo, fk_pertenece) VALUES ('Mara (San Rafael del Moján)', @tipo, @pertenece);

SET @tipo = 'Parroquia';
SET @pertenece = (SELECT pkLugar FROM
	(SELECT id_lugar as pkLugar FROM arma_tu_fiesta.lugar WHERE tipo = 'Municipio' AND nombre = 'Mara (San Rafael del Moján)')
	as tablaLugar);
INSERT INTO arma_tu_fiesta.lugar (nombre, tipo, fk_pertenece) VALUES ('San Rafael', @tipo, @pertenece);

SET @tipo = 'Parroquia';
SET @pertenece = (SELECT pkLugar FROM
	(SELECT id_lugar as pkLugar FROM arma_tu_fiesta.lugar WHERE tipo = 'Municipio' AND nombre = 'Mara (San Rafael del Moján)')
	as tablaLugar);
INSERT INTO arma_tu_fiesta.lugar (nombre, tipo, fk_pertenece) VALUES ('La Sierrita', @tipo, @pertenece);

SET @tipo = 'Parroquia';
SET @pertenece = (SELECT pkLugar FROM
	(SELECT id_lugar as pkLugar FROM arma_tu_fiesta.lugar WHERE tipo = 'Municipio' AND nombre = 'Mara (San Rafael del Moján)')
	as tablaLugar);
INSERT INTO arma_tu_fiesta.lugar (nombre, tipo, fk_pertenece) VALUES ('Las Parcelas', @tipo, @pertenece);

SET @tipo = 'Parroquia';
SET @pertenece = (SELECT pkLugar FROM
	(SELECT id_lugar as pkLugar FROM arma_tu_fiesta.lugar WHERE tipo = 'Municipio' AND nombre = 'Mara (San Rafael del Moján)')
	as tablaLugar);
INSERT INTO arma_tu_fiesta.lugar (nombre, tipo, fk_pertenece) VALUES ('Luis De Vicente', @tipo, @pertenece);

SET @tipo = 'Parroquia';
SET @pertenece = (SELECT pkLugar FROM
	(SELECT id_lugar as pkLugar FROM arma_tu_fiesta.lugar WHERE tipo = 'Municipio' AND nombre = 'Mara (San Rafael del Moján)')
	as tablaLugar);
INSERT INTO arma_tu_fiesta.lugar (nombre, tipo, fk_pertenece) VALUES ('Monseñor Marcos Sergio Godoy', @tipo, @pertenece);

SET @tipo = 'Parroquia';
SET @pertenece = (SELECT pkLugar FROM
	(SELECT id_lugar as pkLugar FROM arma_tu_fiesta.lugar WHERE tipo = 'Municipio' AND nombre = 'Mara (San Rafael del Moján)')
	as tablaLugar);
INSERT INTO arma_tu_fiesta.lugar (nombre, tipo, fk_pertenece) VALUES ('Ricaurte', @tipo, @pertenece);

SET @tipo = 'Parroquia';
SET @pertenece = (SELECT pkLugar FROM
	(SELECT id_lugar as pkLugar FROM arma_tu_fiesta.lugar WHERE tipo = 'Municipio' AND nombre = 'Mara (San Rafael del Moján)')
	as tablaLugar);
INSERT INTO arma_tu_fiesta.lugar (nombre, tipo, fk_pertenece) VALUES ('Tamare', @tipo, @pertenece);

SET @tipo = 'Municipio';
SET @pertenece = (SELECT pkLugar FROM
	(SELECT id_lugar as pkLugar FROM arma_tu_fiesta.lugar WHERE tipo = 'Estado' AND nombre = 'Zulia')
	as tablaLugar);
INSERT INTO arma_tu_fiesta.lugar (nombre, tipo, fk_pertenece) VALUES ('Maracaibo (Maracaibo)', @tipo, @pertenece);

SET @tipo = 'Parroquia';
SET @pertenece = (SELECT pkLugar FROM
	(SELECT id_lugar as pkLugar FROM arma_tu_fiesta.lugar WHERE tipo = 'Municipio' AND nombre = 'Maracaibo (Maracaibo)')
	as tablaLugar);
INSERT INTO arma_tu_fiesta.lugar (nombre, tipo, fk_pertenece) VALUES ('Antonio Borjas Romero', @tipo, @pertenece);

SET @tipo = 'Parroquia';
SET @pertenece = (SELECT pkLugar FROM
	(SELECT id_lugar as pkLugar FROM arma_tu_fiesta.lugar WHERE tipo = 'Municipio' AND nombre = 'Maracaibo (Maracaibo)')
	as tablaLugar);
INSERT INTO arma_tu_fiesta.lugar (nombre, tipo, fk_pertenece) VALUES ('Bolívar', @tipo, @pertenece);

SET @tipo = 'Parroquia';
SET @pertenece = (SELECT pkLugar FROM
	(SELECT id_lugar as pkLugar FROM arma_tu_fiesta.lugar WHERE tipo = 'Municipio' AND nombre = 'Maracaibo (Maracaibo)')
	as tablaLugar);
INSERT INTO arma_tu_fiesta.lugar (nombre, tipo, fk_pertenece) VALUES ('Cacique Mara', @tipo, @pertenece);

SET @tipo = 'Parroquia';
SET @pertenece = (SELECT pkLugar FROM
	(SELECT id_lugar as pkLugar FROM arma_tu_fiesta.lugar WHERE tipo = 'Municipio' AND nombre = 'Maracaibo (Maracaibo)')
	as tablaLugar);
INSERT INTO arma_tu_fiesta.lugar (nombre, tipo, fk_pertenece) VALUES ('Carracciolo Parra Pérez', @tipo, @pertenece);

SET @tipo = 'Parroquia';
SET @pertenece = (SELECT pkLugar FROM
	(SELECT id_lugar as pkLugar FROM arma_tu_fiesta.lugar WHERE tipo = 'Municipio' AND nombre = 'Maracaibo (Maracaibo)')
	as tablaLugar);
INSERT INTO arma_tu_fiesta.lugar (nombre, tipo, fk_pertenece) VALUES ('Cecilio Acosta', @tipo, @pertenece);

SET @tipo = 'Parroquia';
SET @pertenece = (SELECT pkLugar FROM
	(SELECT id_lugar as pkLugar FROM arma_tu_fiesta.lugar WHERE tipo = 'Municipio' AND nombre = 'Maracaibo (Maracaibo)')
	as tablaLugar);
INSERT INTO arma_tu_fiesta.lugar (nombre, tipo, fk_pertenece) VALUES ('Cristo de Aranza', @tipo, @pertenece);

SET @tipo = 'Parroquia';
SET @pertenece = (SELECT pkLugar FROM
	(SELECT id_lugar as pkLugar FROM arma_tu_fiesta.lugar WHERE tipo = 'Municipio' AND nombre = 'Maracaibo (Maracaibo)')
	as tablaLugar);
INSERT INTO arma_tu_fiesta.lugar (nombre, tipo, fk_pertenece) VALUES ('Coquivacoa', @tipo, @pertenece);

SET @tipo = 'Parroquia';
SET @pertenece = (SELECT pkLugar FROM
	(SELECT id_lugar as pkLugar FROM arma_tu_fiesta.lugar WHERE tipo = 'Municipio' AND nombre = 'Maracaibo (Maracaibo)')
	as tablaLugar);
INSERT INTO arma_tu_fiesta.lugar (nombre, tipo, fk_pertenece) VALUES ('Chiquinquirá', @tipo, @pertenece);

SET @tipo = 'Parroquia';
SET @pertenece = (SELECT pkLugar FROM
	(SELECT id_lugar as pkLugar FROM arma_tu_fiesta.lugar WHERE tipo = 'Municipio' AND nombre = 'Maracaibo (Maracaibo)')
	as tablaLugar);
INSERT INTO arma_tu_fiesta.lugar (nombre, tipo, fk_pertenece) VALUES ('Francisco Eugenio Bustamante', @tipo, @pertenece);

SET @tipo = 'Parroquia';
SET @pertenece = (SELECT pkLugar FROM
	(SELECT id_lugar as pkLugar FROM arma_tu_fiesta.lugar WHERE tipo = 'Municipio' AND nombre = 'Maracaibo (Maracaibo)')
	as tablaLugar);
INSERT INTO arma_tu_fiesta.lugar (nombre, tipo, fk_pertenece) VALUES ('Idelfonzo Vásquez', @tipo, @pertenece);

SET @tipo = 'Parroquia';
SET @pertenece = (SELECT pkLugar FROM
	(SELECT id_lugar as pkLugar FROM arma_tu_fiesta.lugar WHERE tipo = 'Municipio' AND nombre = 'Maracaibo (Maracaibo)')
	as tablaLugar);
INSERT INTO arma_tu_fiesta.lugar (nombre, tipo, fk_pertenece) VALUES ('Juana de Ávila', @tipo, @pertenece);

SET @tipo = 'Parroquia';
SET @pertenece = (SELECT pkLugar FROM
	(SELECT id_lugar as pkLugar FROM arma_tu_fiesta.lugar WHERE tipo = 'Municipio' AND nombre = 'Maracaibo (Maracaibo)')
	as tablaLugar);
INSERT INTO arma_tu_fiesta.lugar (nombre, tipo, fk_pertenece) VALUES ('Luis Hurtado Higuera', @tipo, @pertenece);

SET @tipo = 'Parroquia';
SET @pertenece = (SELECT pkLugar FROM
	(SELECT id_lugar as pkLugar FROM arma_tu_fiesta.lugar WHERE tipo = 'Municipio' AND nombre = 'Maracaibo (Maracaibo)')
	as tablaLugar);
INSERT INTO arma_tu_fiesta.lugar (nombre, tipo, fk_pertenece) VALUES ('Manuel Dagnino', @tipo, @pertenece);

SET @tipo = 'Parroquia';
SET @pertenece = (SELECT pkLugar FROM
	(SELECT id_lugar as pkLugar FROM arma_tu_fiesta.lugar WHERE tipo = 'Municipio' AND nombre = 'Maracaibo (Maracaibo)')
	as tablaLugar);
INSERT INTO arma_tu_fiesta.lugar (nombre, tipo, fk_pertenece) VALUES ('Olegario Villalobos', @tipo, @pertenece);

SET @tipo = 'Parroquia';
SET @pertenece = (SELECT pkLugar FROM
	(SELECT id_lugar as pkLugar FROM arma_tu_fiesta.lugar WHERE tipo = 'Municipio' AND nombre = 'Maracaibo (Maracaibo)')
	as tablaLugar);
INSERT INTO arma_tu_fiesta.lugar (nombre, tipo, fk_pertenece) VALUES ('Raúl Leoni', @tipo, @pertenece);

SET @tipo = 'Parroquia';
SET @pertenece = (SELECT pkLugar FROM
	(SELECT id_lugar as pkLugar FROM arma_tu_fiesta.lugar WHERE tipo = 'Municipio' AND nombre = 'Maracaibo (Maracaibo)')
	as tablaLugar);
INSERT INTO arma_tu_fiesta.lugar (nombre, tipo, fk_pertenece) VALUES ('Santa Lucía', @tipo, @pertenece);

SET @tipo = 'Parroquia';
SET @pertenece = (SELECT pkLugar FROM
	(SELECT id_lugar as pkLugar FROM arma_tu_fiesta.lugar WHERE tipo = 'Municipio' AND nombre = 'Maracaibo (Maracaibo)')
	as tablaLugar);
INSERT INTO arma_tu_fiesta.lugar (nombre, tipo, fk_pertenece) VALUES ('San Isidro', @tipo, @pertenece);

SET @tipo = 'Parroquia';
SET @pertenece = (SELECT pkLugar FROM
	(SELECT id_lugar as pkLugar FROM arma_tu_fiesta.lugar WHERE tipo = 'Municipio' AND nombre = 'Maracaibo (Maracaibo)')
	as tablaLugar);
INSERT INTO arma_tu_fiesta.lugar (nombre, tipo, fk_pertenece) VALUES ('Venancio Pulgar', @tipo, @pertenece);

SET @tipo = 'Municipio';
SET @pertenece = (SELECT pkLugar FROM
	(SELECT id_lugar as pkLugar FROM arma_tu_fiesta.lugar WHERE tipo = 'Estado' AND nombre = 'Zulia')
	as tablaLugar);
INSERT INTO arma_tu_fiesta.lugar (nombre, tipo, fk_pertenece) VALUES ('Miranda (Los Puertos de Altagracia)', @tipo, @pertenece);

SET @tipo = 'Parroquia';
SET @pertenece = (SELECT pkLugar FROM
	(SELECT id_lugar as pkLugar FROM arma_tu_fiesta.lugar WHERE tipo = 'Municipio' AND nombre = 'Miranda (Los Puertos de Altagracia)')
	as tablaLugar);
INSERT INTO arma_tu_fiesta.lugar (nombre, tipo, fk_pertenece) VALUES ('Altagracia', @tipo, @pertenece);

SET @tipo = 'Parroquia';
SET @pertenece = (SELECT pkLugar FROM
	(SELECT id_lugar as pkLugar FROM arma_tu_fiesta.lugar WHERE tipo = 'Municipio' AND nombre = 'Miranda (Los Puertos de Altagracia)')
	as tablaLugar);
INSERT INTO arma_tu_fiesta.lugar (nombre, tipo, fk_pertenece) VALUES ('Faría', @tipo, @pertenece);

SET @tipo = 'Parroquia';
SET @pertenece = (SELECT pkLugar FROM
	(SELECT id_lugar as pkLugar FROM arma_tu_fiesta.lugar WHERE tipo = 'Municipio' AND nombre = 'Miranda (Los Puertos de Altagracia)')
	as tablaLugar);
INSERT INTO arma_tu_fiesta.lugar (nombre, tipo, fk_pertenece) VALUES ('Ana María Campos', @tipo, @pertenece);

SET @tipo = 'Parroquia';
SET @pertenece = (SELECT pkLugar FROM
	(SELECT id_lugar as pkLugar FROM arma_tu_fiesta.lugar WHERE tipo = 'Municipio' AND nombre = 'Miranda (Los Puertos de Altagracia)')
	as tablaLugar);
INSERT INTO arma_tu_fiesta.lugar (nombre, tipo, fk_pertenece) VALUES ('San Antonio', @tipo, @pertenece);

SET @tipo = 'Parroquia';
SET @pertenece = (SELECT pkLugar FROM
	(SELECT id_lugar as pkLugar FROM arma_tu_fiesta.lugar WHERE tipo = 'Municipio' AND nombre = 'Miranda (Los Puertos de Altagracia)')
	as tablaLugar);
INSERT INTO arma_tu_fiesta.lugar (nombre, tipo, fk_pertenece) VALUES ('San José', @tipo, @pertenece);

SET @tipo = 'Municipio';
SET @pertenece = (SELECT pkLugar FROM
	(SELECT id_lugar as pkLugar FROM arma_tu_fiesta.lugar WHERE tipo = 'Estado' AND nombre = 'Zulia')
	as tablaLugar);
INSERT INTO arma_tu_fiesta.lugar (nombre, tipo, fk_pertenece) VALUES ('Rosario (La Villa del Rosario)', @tipo, @pertenece);

SET @tipo = 'Parroquia';
SET @pertenece = (SELECT pkLugar FROM
	(SELECT id_lugar as pkLugar FROM arma_tu_fiesta.lugar WHERE tipo = 'Municipio' AND nombre = 'Rosario (La Villa del Rosario)')
	as tablaLugar);
INSERT INTO arma_tu_fiesta.lugar (nombre, tipo, fk_pertenece) VALUES ('Donaldo García', @tipo, @pertenece);

SET @tipo = 'Parroquia';
SET @pertenece = (SELECT pkLugar FROM
	(SELECT id_lugar as pkLugar FROM arma_tu_fiesta.lugar WHERE tipo = 'Municipio' AND nombre = 'Rosario (La Villa del Rosario)')
	as tablaLugar);
INSERT INTO arma_tu_fiesta.lugar (nombre, tipo, fk_pertenece) VALUES ('El Rosario', @tipo, @pertenece);

SET @tipo = 'Parroquia';
SET @pertenece = (SELECT pkLugar FROM
	(SELECT id_lugar as pkLugar FROM arma_tu_fiesta.lugar WHERE tipo = 'Municipio' AND nombre = 'Rosario (La Villa del Rosario)')
	as tablaLugar);
INSERT INTO arma_tu_fiesta.lugar (nombre, tipo, fk_pertenece) VALUES ('Sixto Zambrano', @tipo, @pertenece);

SET @tipo = 'Municipio';
SET @pertenece = (SELECT pkLugar FROM
	(SELECT id_lugar as pkLugar FROM arma_tu_fiesta.lugar WHERE tipo = 'Estado' AND nombre = 'Zulia')
	as tablaLugar);
INSERT INTO arma_tu_fiesta.lugar (nombre, tipo, fk_pertenece) VALUES ('San Francisco (San Francisco)', @tipo, @pertenece);

SET @tipo = 'Parroquia';
SET @pertenece = (SELECT pkLugar FROM
	(SELECT id_lugar as pkLugar FROM arma_tu_fiesta.lugar WHERE tipo = 'Municipio' AND nombre = 'San Francisco (San Francisco)')
	as tablaLugar);
INSERT INTO arma_tu_fiesta.lugar (nombre, tipo, fk_pertenece) VALUES ('San Francisco', @tipo, @pertenece);

SET @tipo = 'Parroquia';
SET @pertenece = (SELECT pkLugar FROM
	(SELECT id_lugar as pkLugar FROM arma_tu_fiesta.lugar WHERE tipo = 'Municipio' AND nombre = 'San Francisco (San Francisco)')
	as tablaLugar);
INSERT INTO arma_tu_fiesta.lugar (nombre, tipo, fk_pertenece) VALUES ('El Bajo', @tipo, @pertenece);

SET @tipo = 'Parroquia';
SET @pertenece = (SELECT pkLugar FROM
	(SELECT id_lugar as pkLugar FROM arma_tu_fiesta.lugar WHERE tipo = 'Municipio' AND nombre = 'San Francisco (San Francisco)')
	as tablaLugar);
INSERT INTO arma_tu_fiesta.lugar (nombre, tipo, fk_pertenece) VALUES ('Domitila Flores', @tipo, @pertenece);

SET @tipo = 'Parroquia';
SET @pertenece = (SELECT pkLugar FROM
	(SELECT id_lugar as pkLugar FROM arma_tu_fiesta.lugar WHERE tipo = 'Municipio' AND nombre = 'San Francisco (San Francisco)')
	as tablaLugar);
INSERT INTO arma_tu_fiesta.lugar (nombre, tipo, fk_pertenece) VALUES ('Francisco Ochoa', @tipo, @pertenece);

SET @tipo = 'Parroquia';
SET @pertenece = (SELECT pkLugar FROM
	(SELECT id_lugar as pkLugar FROM arma_tu_fiesta.lugar WHERE tipo = 'Municipio' AND nombre = 'San Francisco (San Francisco)')
	as tablaLugar);
INSERT INTO arma_tu_fiesta.lugar (nombre, tipo, fk_pertenece) VALUES ('Los Cortijos', @tipo, @pertenece);

SET @tipo = 'Parroquia';
SET @pertenece = (SELECT pkLugar FROM
	(SELECT id_lugar as pkLugar FROM arma_tu_fiesta.lugar WHERE tipo = 'Municipio' AND nombre = 'San Francisco (San Francisco)')
	as tablaLugar);
INSERT INTO arma_tu_fiesta.lugar (nombre, tipo, fk_pertenece) VALUES ('Marcial Hernández', @tipo, @pertenece);

SET @tipo = 'Parroquia';
SET @pertenece = (SELECT pkLugar FROM
	(SELECT id_lugar as pkLugar FROM arma_tu_fiesta.lugar WHERE tipo = 'Municipio' AND nombre = 'San Francisco (San Francisco)')
	as tablaLugar);
INSERT INTO arma_tu_fiesta.lugar (nombre, tipo, fk_pertenece) VALUES ('José Domingo Rus', @tipo, @pertenece);

SET @tipo = 'Municipio';
SET @pertenece = (SELECT pkLugar FROM
	(SELECT id_lugar as pkLugar FROM arma_tu_fiesta.lugar WHERE tipo = 'Estado' AND nombre = 'Zulia')
	as tablaLugar);
INSERT INTO arma_tu_fiesta.lugar (nombre, tipo, fk_pertenece) VALUES ('Santa Rita (Santa Rita)', @tipo, @pertenece);

SET @tipo = 'Parroquia';
SET @pertenece = (SELECT pkLugar FROM
	(SELECT id_lugar as pkLugar FROM arma_tu_fiesta.lugar WHERE tipo = 'Municipio' AND nombre = 'Santa Rita (Santa Rita)')
	as tablaLugar);
INSERT INTO arma_tu_fiesta.lugar (nombre, tipo, fk_pertenece) VALUES ('Santa Rita', @tipo, @pertenece);

SET @tipo = 'Parroquia';
SET @pertenece = (SELECT pkLugar FROM
	(SELECT id_lugar as pkLugar FROM arma_tu_fiesta.lugar WHERE tipo = 'Municipio' AND nombre = 'Santa Rita (Santa Rita)')
	as tablaLugar);
INSERT INTO arma_tu_fiesta.lugar (nombre, tipo, fk_pertenece) VALUES ('El Mene', @tipo, @pertenece);

SET @tipo = 'Parroquia';
SET @pertenece = (SELECT pkLugar FROM
	(SELECT id_lugar as pkLugar FROM arma_tu_fiesta.lugar WHERE tipo = 'Municipio' AND nombre = 'Santa Rita (Santa Rita)')
	as tablaLugar);
INSERT INTO arma_tu_fiesta.lugar (nombre, tipo, fk_pertenece) VALUES ('Pedro Lucas Urribarrí', @tipo, @pertenece);

SET @tipo = 'Parroquia';
SET @pertenece = (SELECT pkLugar FROM
	(SELECT id_lugar as pkLugar FROM arma_tu_fiesta.lugar WHERE tipo = 'Municipio' AND nombre = 'Santa Rita (Santa Rita)')
	as tablaLugar);
INSERT INTO arma_tu_fiesta.lugar (nombre, tipo, fk_pertenece) VALUES ('José Cenobio Urribarrí', @tipo, @pertenece);

SET @tipo = 'Municipio';
SET @pertenece = (SELECT pkLugar FROM
	(SELECT id_lugar as pkLugar FROM arma_tu_fiesta.lugar WHERE tipo = 'Estado' AND nombre = 'Zulia')
	as tablaLugar);
INSERT INTO arma_tu_fiesta.lugar (nombre, tipo, fk_pertenece) VALUES ('Sucre (Bobures)', @tipo, @pertenece);

SET @tipo = 'Parroquia';
SET @pertenece = (SELECT pkLugar FROM
	(SELECT id_lugar as pkLugar FROM arma_tu_fiesta.lugar WHERE tipo = 'Municipio' AND nombre = 'Sucre (Bobures)')
	as tablaLugar);
INSERT INTO arma_tu_fiesta.lugar (nombre, tipo, fk_pertenece) VALUES ('Bobures', @tipo, @pertenece);

SET @tipo = 'Parroquia';
SET @pertenece = (SELECT pkLugar FROM
	(SELECT id_lugar as pkLugar FROM arma_tu_fiesta.lugar WHERE tipo = 'Municipio' AND nombre = 'Sucre (Bobures)')
	as tablaLugar);
INSERT INTO arma_tu_fiesta.lugar (nombre, tipo, fk_pertenece) VALUES ('Gibraltar', @tipo, @pertenece);

SET @tipo = 'Parroquia';
SET @pertenece = (SELECT pkLugar FROM
	(SELECT id_lugar as pkLugar FROM arma_tu_fiesta.lugar WHERE tipo = 'Municipio' AND nombre = 'Sucre (Bobures)')
	as tablaLugar);
INSERT INTO arma_tu_fiesta.lugar (nombre, tipo, fk_pertenece) VALUES ('Heras', @tipo, @pertenece);

SET @tipo = 'Parroquia';
SET @pertenece = (SELECT pkLugar FROM
	(SELECT id_lugar as pkLugar FROM arma_tu_fiesta.lugar WHERE tipo = 'Municipio' AND nombre = 'Sucre (Bobures)')
	as tablaLugar);
INSERT INTO arma_tu_fiesta.lugar (nombre, tipo, fk_pertenece) VALUES ('Monseñor Arturo Álvarez', @tipo, @pertenece);

SET @tipo = 'Parroquia';
SET @pertenece = (SELECT pkLugar FROM
	(SELECT id_lugar as pkLugar FROM arma_tu_fiesta.lugar WHERE tipo = 'Municipio' AND nombre = 'Sucre (Bobures)')
	as tablaLugar);
INSERT INTO arma_tu_fiesta.lugar (nombre, tipo, fk_pertenece) VALUES ('Rómulo Gallegos', @tipo, @pertenece);

SET @tipo = 'Parroquia';
SET @pertenece = (SELECT pkLugar FROM
	(SELECT id_lugar as pkLugar FROM arma_tu_fiesta.lugar WHERE tipo = 'Municipio' AND nombre = 'Sucre (Bobures)')
	as tablaLugar);
INSERT INTO arma_tu_fiesta.lugar (nombre, tipo, fk_pertenece) VALUES ('El Batey', @tipo, @pertenece);

SET @tipo = 'Municipio';
SET @pertenece = (SELECT pkLugar FROM
	(SELECT id_lugar as pkLugar FROM arma_tu_fiesta.lugar WHERE tipo = 'Estado' AND nombre = 'Zulia')
	as tablaLugar);
INSERT INTO arma_tu_fiesta.lugar (nombre, tipo, fk_pertenece) VALUES ('Valmore Rodríguez (Bachaquero)', @tipo, @pertenece);

SET @tipo = 'Parroquia';
SET @pertenece = (SELECT pkLugar FROM
	(SELECT id_lugar as pkLugar FROM arma_tu_fiesta.lugar WHERE tipo = 'Municipio' AND nombre = 'Valmore Rodríguez (Bachaquero)')
	as tablaLugar);
INSERT INTO arma_tu_fiesta.lugar (nombre, tipo, fk_pertenece) VALUES ('Rafael Urdaneta', @tipo, @pertenece);

SET @tipo = 'Parroquia';
SET @pertenece = (SELECT pkLugar FROM
	(SELECT id_lugar as pkLugar FROM arma_tu_fiesta.lugar WHERE tipo = 'Municipio' AND nombre = 'Valmore Rodríguez (Bachaquero)')
	as tablaLugar);
INSERT INTO arma_tu_fiesta.lugar (nombre, tipo, fk_pertenece) VALUES ('La Victoria', @tipo, @pertenece);

SET @tipo = 'Parroquia';
SET @pertenece = (SELECT pkLugar FROM
	(SELECT id_lugar as pkLugar FROM arma_tu_fiesta.lugar WHERE tipo = 'Municipio' AND nombre = 'Valmore Rodríguez (Bachaquero)')
	as tablaLugar);
INSERT INTO arma_tu_fiesta.lugar (nombre, tipo, fk_pertenece) VALUES ('Raúl Cuenca', @tipo, @pertenece);

-- ++++++++++++++++++++++++++++++++++ PERSONA +++++++++++++++++++++++++++++++++++++++++++++++++++++

-- ++++++++++++++++++++++++++++++++++ USUARIO +++++++++++++++++++++++++++++++++++++++++++++++++++++

-- ++++++++++++++++++++++++++++++++++ ROL +++++++++++++++++++++++++++++++++++++++++++++++++++++

-- ++++++++++++++++++++++++++++++++++ PERMISO +++++++++++++++++++++++++++++++++++++++++++++++++++++

-- ++++++++++++++++++++++++++++++++++ ROL_PERMISO ++++++++++++++++++++++++++++++++++++++++++++++++++

-- ++++++++++++++++++++++++++++++++++ JEFATURA +++++++++++++++++++++++++++++++++++++++++++++++++++++

SET @pertenece = (SELECT pkLugar FROM (SELECT id_lugar as pkLugar FROM arma_tu_fiesta.lugar WHERE tipo = 'Estado' AND nombre = 'Amazonas') tablaLugar);
INSERT INTO arma_tu_fiesta.locacion (nombre, tipo, fk_localizacion) VALUES ('Jefatura del Estado Amazonas', 'Jefatura', @pertenece);
SET @jefatura = (SELECT pkLocacion FROM (SELECT id_locacion as pkLocacion FROM arma_tu_fiesta.locacion WHERE nombre LIKE '%Amazonas' AND tipo = 'Jefatura') as tablaJefatura);
INSERT INTO arma_tu_fiesta.jefatura (fk_jefatura, jefe_civil) VALUES (@jefatura, 'Donald Trump');
INSERT INTO arma_tu_fiesta.telefono (numero, fk_locacion) VALUES ('0414962460', @jefatura);

SET @pertenece = (SELECT pkLugar FROM (SELECT id_lugar as pkLugar FROM arma_tu_fiesta.lugar WHERE tipo = 'Estado' AND nombre = 'Anzoátegui') tablaLugar);
INSERT INTO arma_tu_fiesta.locacion (nombre, tipo, fk_localizacion) VALUES ('Jefatura del Estado Anzoátegui', 'Jefatura', @pertenece);
SET @jefatura = (SELECT pkLocacion FROM (SELECT id_locacion as pkLocacion FROM arma_tu_fiesta.locacion WHERE nombre LIKE '%Anzoátegui' AND tipo = 'Jefatura') as tablaJefatura);
INSERT INTO arma_tu_fiesta.jefatura (fk_jefatura, jefe_civil) VALUES (@jefatura, 'Damian Taboada');
INSERT INTO arma_tu_fiesta.telefono (numero, fk_locacion) VALUES ('0426849451', @jefatura);

SET @pertenece = (SELECT pkLugar FROM (SELECT id_lugar as pkLugar FROM arma_tu_fiesta.lugar WHERE tipo = 'Estado' AND nombre = 'Apure') tablaLugar);
INSERT INTO arma_tu_fiesta.locacion (nombre, tipo, fk_localizacion) VALUES ('Jefatura del Estado Apure', 'Jefatura', @pertenece);
SET @jefatura = (SELECT pkLocacion FROM (SELECT id_locacion as pkLocacion FROM arma_tu_fiesta.locacion WHERE nombre LIKE '%Apure' AND tipo = 'Jefatura') as tablaJefatura);
INSERT INTO arma_tu_fiesta.jefatura (fk_jefatura, jefe_civil) VALUES (@jefatura, 'Alejandro Morales');
INSERT INTO arma_tu_fiesta.telefono (numero, fk_locacion) VALUES ('0416890491', @jefatura);

SET @pertenece = (SELECT pkLugar FROM (SELECT id_lugar as pkLugar FROM arma_tu_fiesta.lugar WHERE tipo = 'Estado' AND nombre = 'Aragua') tablaLugar);
INSERT INTO arma_tu_fiesta.locacion (nombre, tipo, fk_localizacion) VALUES ('Jefatura del Estado Aragua', 'Jefatura', @pertenece);
SET @jefatura = (SELECT pkLocacion FROM (SELECT id_locacion as pkLocacion FROM arma_tu_fiesta.locacion WHERE nombre LIKE '%Aragua' AND tipo = 'Jefatura') as tablaJefatura);
INSERT INTO arma_tu_fiesta.jefatura (fk_jefatura, jefe_civil) VALUES (@jefatura, 'Nuria Vallejo');
INSERT INTO arma_tu_fiesta.telefono (numero, fk_locacion) VALUES ('0426135013', @jefatura);

SET @pertenece = (SELECT pkLugar FROM (SELECT id_lugar as pkLugar FROM arma_tu_fiesta.lugar WHERE tipo = 'Estado' AND nombre = 'Barinas') tablaLugar);
INSERT INTO arma_tu_fiesta.locacion (nombre, tipo, fk_localizacion) VALUES ('Jefatura del Estado Barinas', 'Jefatura', @pertenece);
SET @jefatura = (SELECT pkLocacion FROM (SELECT id_locacion as pkLocacion FROM arma_tu_fiesta.locacion WHERE nombre LIKE '%Barinas' AND tipo = 'Jefatura') as tablaJefatura);
INSERT INTO arma_tu_fiesta.jefatura (fk_jefatura, jefe_civil) VALUES (@jefatura, 'Paula Llorens');
INSERT INTO arma_tu_fiesta.telefono (numero, fk_locacion) VALUES ('0414573995', @jefatura);

SET @pertenece = (SELECT pkLugar FROM (SELECT id_lugar as pkLugar FROM arma_tu_fiesta.lugar WHERE tipo = 'Estado' AND nombre = 'Bolívar') tablaLugar);
INSERT INTO arma_tu_fiesta.locacion (nombre, tipo, fk_localizacion) VALUES ('Jefatura del Estado Bolívar', 'Jefatura', @pertenece);
SET @jefatura = (SELECT pkLocacion FROM (SELECT id_locacion as pkLocacion FROM arma_tu_fiesta.locacion WHERE nombre LIKE '%Bolívar' AND tipo = 'Jefatura') as tablaJefatura);
INSERT INTO arma_tu_fiesta.jefatura (fk_jefatura, jefe_civil) VALUES (@jefatura, 'Malak Berenguer');
INSERT INTO arma_tu_fiesta.telefono (numero, fk_locacion) VALUES ('0412334160', @jefatura);

SET @pertenece = (SELECT pkLugar FROM (SELECT id_lugar as pkLugar FROM arma_tu_fiesta.lugar WHERE tipo = 'Estado' AND nombre = 'Carabobo') tablaLugar);
INSERT INTO arma_tu_fiesta.locacion (nombre, tipo, fk_localizacion) VALUES ('Jefatura del Estado Carabobo', 'Jefatura', @pertenece);
SET @jefatura = (SELECT pkLocacion FROM (SELECT id_locacion as pkLocacion FROM arma_tu_fiesta.locacion WHERE nombre LIKE '%Carabobo' AND tipo = 'Jefatura') as tablaJefatura);
INSERT INTO arma_tu_fiesta.jefatura (fk_jefatura, jefe_civil) VALUES (@jefatura, 'Rafaela del Olmo');
INSERT INTO arma_tu_fiesta.telefono (numero, fk_locacion) VALUES ('0426416799', @jefatura);

SET @pertenece = (SELECT pkLugar FROM (SELECT id_lugar as pkLugar FROM arma_tu_fiesta.lugar WHERE tipo = 'Estado' AND nombre = 'Cojedes') tablaLugar);
INSERT INTO arma_tu_fiesta.locacion (nombre, tipo, fk_localizacion) VALUES ('Jefatura del Estado Cojedes', 'Jefatura', @pertenece);
SET @jefatura = (SELECT pkLocacion FROM (SELECT id_locacion as pkLocacion FROM arma_tu_fiesta.locacion WHERE nombre LIKE '%Cojedes' AND tipo = 'Jefatura') as tablaJefatura);
INSERT INTO arma_tu_fiesta.jefatura (fk_jefatura, jefe_civil) VALUES (@jefatura, 'Pere Quero');
INSERT INTO arma_tu_fiesta.telefono (numero, fk_locacion) VALUES ('0212706285', @jefatura);

SET @pertenece = (SELECT pkLugar FROM (SELECT id_lugar as pkLugar FROM arma_tu_fiesta.lugar WHERE tipo = 'Estado' AND nombre = 'Delta Amacuro') tablaLugar);
INSERT INTO arma_tu_fiesta.locacion (nombre, tipo, fk_localizacion) VALUES ('Jefatura del Estado Delta Amacuro', 'Jefatura', @pertenece);
SET @jefatura = (SELECT pkLocacion FROM (SELECT id_locacion as pkLocacion FROM arma_tu_fiesta.locacion WHERE nombre LIKE '%Delta Amacuro' AND tipo = 'Jefatura') as tablaJefatura);
INSERT INTO arma_tu_fiesta.jefatura (fk_jefatura, jefe_civil) VALUES (@jefatura, 'Raimundo Calero');
INSERT INTO arma_tu_fiesta.telefono (numero, fk_locacion) VALUES ('0414929274', @jefatura);

SET @pertenece = (SELECT pkLugar FROM (SELECT id_lugar as pkLugar FROM arma_tu_fiesta.lugar WHERE tipo = 'Estado' AND nombre = 'Distrito Capital') tablaLugar);
INSERT INTO arma_tu_fiesta.locacion (nombre, tipo, fk_localizacion) VALUES ('Jefatura del Estado Distrito Capital', 'Jefatura', @pertenece);
SET @jefatura = (SELECT pkLocacion FROM (SELECT id_locacion as pkLocacion FROM arma_tu_fiesta.locacion WHERE nombre LIKE '%Distrito Capital' AND tipo = 'Jefatura') as tablaJefatura);
INSERT INTO arma_tu_fiesta.jefatura (fk_jefatura, jefe_civil) VALUES (@jefatura, 'Unai Rivera');
INSERT INTO arma_tu_fiesta.telefono (numero, fk_locacion) VALUES ('0426730305', @jefatura);

SET @pertenece = (SELECT pkLugar FROM (SELECT id_lugar as pkLugar FROM arma_tu_fiesta.lugar WHERE tipo = 'Estado' AND nombre = 'Falcón') tablaLugar);
INSERT INTO arma_tu_fiesta.locacion (nombre, tipo, fk_localizacion) VALUES ('Jefatura del Estado Falcón', 'Jefatura', @pertenece);
SET @jefatura = (SELECT pkLocacion FROM (SELECT id_locacion as pkLocacion FROM arma_tu_fiesta.locacion WHERE nombre LIKE '%Falcón' AND tipo = 'Jefatura') as tablaJefatura);
INSERT INTO arma_tu_fiesta.jefatura (fk_jefatura, jefe_civil) VALUES (@jefatura, 'Nelson Ramiro');
INSERT INTO arma_tu_fiesta.telefono (numero, fk_locacion) VALUES ('0416112853', @jefatura);

SET @pertenece = (SELECT pkLugar FROM (SELECT id_lugar as pkLugar FROM arma_tu_fiesta.lugar WHERE tipo = 'Estado' AND nombre = 'Guárico') tablaLugar);
INSERT INTO arma_tu_fiesta.locacion (nombre, tipo, fk_localizacion) VALUES ('Jefatura del Estado Guárico', 'Jefatura', @pertenece);
SET @jefatura = (SELECT pkLocacion FROM (SELECT id_locacion as pkLocacion FROM arma_tu_fiesta.locacion WHERE nombre LIKE '%Guárico' AND tipo = 'Jefatura') as tablaJefatura);
INSERT INTO arma_tu_fiesta.jefatura (fk_jefatura, jefe_civil) VALUES (@jefatura, 'Carla Jorge');
INSERT INTO arma_tu_fiesta.telefono (numero, fk_locacion) VALUES ('0212614518', @jefatura);

SET @pertenece = (SELECT pkLugar FROM (SELECT id_lugar as pkLugar FROM arma_tu_fiesta.lugar WHERE tipo = 'Estado' AND nombre = 'La Guaira') tablaLugar);
INSERT INTO arma_tu_fiesta.locacion (nombre, tipo, fk_localizacion) VALUES ('Jefatura del Estado La Guaira', 'Jefatura', @pertenece);
SET @jefatura = (SELECT pkLocacion FROM (SELECT id_locacion as pkLocacion FROM arma_tu_fiesta.locacion WHERE nombre LIKE '%La Guaira' AND tipo = 'Jefatura') as tablaJefatura);
INSERT INTO arma_tu_fiesta.jefatura (fk_jefatura, jefe_civil) VALUES (@jefatura, 'Júlia Aguado');
INSERT INTO arma_tu_fiesta.telefono (numero, fk_locacion) VALUES ('0416865401', @jefatura);

SET @pertenece = (SELECT pkLugar FROM (SELECT id_lugar as pkLugar FROM arma_tu_fiesta.lugar WHERE tipo = 'Estado' AND nombre = 'Lara') tablaLugar);
INSERT INTO arma_tu_fiesta.locacion (nombre, tipo, fk_localizacion) VALUES ('Jefatura del Estado Lara', 'Jefatura', @pertenece);
SET @jefatura = (SELECT pkLocacion FROM (SELECT id_locacion as pkLocacion FROM arma_tu_fiesta.locacion WHERE nombre LIKE '%Lara' AND tipo = 'Jefatura') as tablaJefatura);
INSERT INTO arma_tu_fiesta.jefatura (fk_jefatura, jefe_civil) VALUES (@jefatura, 'Aday Vidal');
INSERT INTO arma_tu_fiesta.telefono (numero, fk_locacion) VALUES ('0414104269', @jefatura);

SET @pertenece = (SELECT pkLugar FROM (SELECT id_lugar as pkLugar FROM arma_tu_fiesta.lugar WHERE tipo = 'Estado' AND nombre = 'Mérida') tablaLugar);
INSERT INTO arma_tu_fiesta.locacion (nombre, tipo, fk_localizacion) VALUES ('Jefatura del Estado Mérida', 'Jefatura', @pertenece);
SET @jefatura = (SELECT pkLocacion FROM (SELECT id_locacion as pkLocacion FROM arma_tu_fiesta.locacion WHERE nombre LIKE '%Mérida' AND tipo = 'Jefatura') as tablaJefatura);
INSERT INTO arma_tu_fiesta.jefatura (fk_jefatura, jefe_civil) VALUES (@jefatura, 'Martin Saldaña');
INSERT INTO arma_tu_fiesta.telefono (numero, fk_locacion) VALUES ('0424398403', @jefatura);

SET @pertenece = (SELECT pkLugar FROM (SELECT id_lugar as pkLugar FROM arma_tu_fiesta.lugar WHERE tipo = 'Estado' AND nombre = 'Miranda') tablaLugar);
INSERT INTO arma_tu_fiesta.locacion (nombre, tipo, fk_localizacion) VALUES ('Jefatura del Estado Miranda', 'Jefatura', @pertenece);
SET @jefatura = (SELECT pkLocacion FROM (SELECT id_locacion as pkLocacion FROM arma_tu_fiesta.locacion WHERE nombre LIKE '%Miranda' AND tipo = 'Jefatura') as tablaJefatura);
INSERT INTO arma_tu_fiesta.jefatura (fk_jefatura, jefe_civil) VALUES (@jefatura, 'Anna Ares');
INSERT INTO arma_tu_fiesta.telefono (numero, fk_locacion) VALUES ('0212364942', @jefatura);

SET @pertenece = (SELECT pkLugar FROM (SELECT id_lugar as pkLugar FROM arma_tu_fiesta.lugar WHERE tipo = 'Estado' AND nombre = 'Monagas') tablaLugar);
INSERT INTO arma_tu_fiesta.locacion (nombre, tipo, fk_localizacion) VALUES ('Jefatura del Estado Monagas', 'Jefatura', @pertenece);
SET @jefatura = (SELECT pkLocacion FROM (SELECT id_locacion as pkLocacion FROM arma_tu_fiesta.locacion WHERE nombre LIKE '%Monagas' AND tipo = 'Jefatura') as tablaJefatura);
INSERT INTO arma_tu_fiesta.jefatura (fk_jefatura, jefe_civil) VALUES (@jefatura, 'Concepcion Camacho');
INSERT INTO arma_tu_fiesta.telefono (numero, fk_locacion) VALUES ('0424442018', @jefatura);

SET @pertenece = (SELECT pkLugar FROM (SELECT id_lugar as pkLugar FROM arma_tu_fiesta.lugar WHERE tipo = 'Estado' AND nombre = 'Nueva Esparta') tablaLugar);
INSERT INTO arma_tu_fiesta.locacion (nombre, tipo, fk_localizacion) VALUES ('Jefatura del Estado Nueva Esparta', 'Jefatura', @pertenece);
SET @jefatura = (SELECT pkLocacion FROM (SELECT id_locacion as pkLocacion FROM arma_tu_fiesta.locacion WHERE nombre LIKE '%Nueva Esparta' AND tipo = 'Jefatura') as tablaJefatura);
INSERT INTO arma_tu_fiesta.jefatura (fk_jefatura, jefe_civil) VALUES (@jefatura, 'Anton Machado');
INSERT INTO arma_tu_fiesta.telefono (numero, fk_locacion) VALUES ('0414982823', @jefatura);

SET @pertenece = (SELECT pkLugar FROM (SELECT id_lugar as pkLugar FROM arma_tu_fiesta.lugar WHERE tipo = 'Estado' AND nombre = 'Portuguesa') tablaLugar);
INSERT INTO arma_tu_fiesta.locacion (nombre, tipo, fk_localizacion) VALUES ('Jefatura del Estado Portuguesa', 'Jefatura', @pertenece);
SET @jefatura = (SELECT pkLocacion FROM (SELECT id_locacion as pkLocacion FROM arma_tu_fiesta.locacion WHERE nombre LIKE '%Portuguesa' AND tipo = 'Jefatura') as tablaJefatura);
INSERT INTO arma_tu_fiesta.jefatura (fk_jefatura, jefe_civil) VALUES (@jefatura, 'Natividad Guerra');
INSERT INTO arma_tu_fiesta.telefono (numero, fk_locacion) VALUES ('0424961218', @jefatura);

SET @pertenece = (SELECT pkLugar FROM (SELECT id_lugar as pkLugar FROM arma_tu_fiesta.lugar WHERE tipo = 'Estado' AND nombre = 'Sucre') tablaLugar);
INSERT INTO arma_tu_fiesta.locacion (nombre, tipo, fk_localizacion) VALUES ('Jefatura del Estado Sucre', 'Jefatura', @pertenece);
SET @jefatura = (SELECT pkLocacion FROM (SELECT id_locacion as pkLocacion FROM arma_tu_fiesta.locacion WHERE nombre LIKE '%Sucre' AND tipo = 'Jefatura') as tablaJefatura);
INSERT INTO arma_tu_fiesta.jefatura (fk_jefatura, jefe_civil) VALUES (@jefatura, 'Minerva Calvo');
INSERT INTO arma_tu_fiesta.telefono (numero, fk_locacion) VALUES ('0416331079', @jefatura);

SET @pertenece = (SELECT pkLugar FROM (SELECT id_lugar as pkLugar FROM arma_tu_fiesta.lugar WHERE tipo = 'Estado' AND nombre = 'Táchira') tablaLugar);
INSERT INTO arma_tu_fiesta.locacion (nombre, tipo, fk_localizacion) VALUES ('Jefatura del Estado Táchira', 'Jefatura', @pertenece);
SET @jefatura = (SELECT pkLocacion FROM (SELECT id_locacion as pkLocacion FROM arma_tu_fiesta.locacion WHERE nombre LIKE '%Táchira' AND tipo = 'Jefatura') as tablaJefatura);
INSERT INTO arma_tu_fiesta.jefatura (fk_jefatura, jefe_civil) VALUES (@jefatura, 'Ona Poveda');
INSERT INTO arma_tu_fiesta.telefono (numero, fk_locacion) VALUES ('0212409446', @jefatura);

SET @pertenece = (SELECT pkLugar FROM (SELECT id_lugar as pkLugar FROM arma_tu_fiesta.lugar WHERE tipo = 'Estado' AND nombre = 'Trujillo') tablaLugar);
INSERT INTO arma_tu_fiesta.locacion (nombre, tipo, fk_localizacion) VALUES ('Jefatura del Estado Trujillo', 'Jefatura', @pertenece);
SET @jefatura = (SELECT pkLocacion FROM (SELECT id_locacion as pkLocacion FROM arma_tu_fiesta.locacion WHERE nombre LIKE '%Trujillo' AND tipo = 'Jefatura') as tablaJefatura);
INSERT INTO arma_tu_fiesta.jefatura (fk_jefatura, jefe_civil) VALUES (@jefatura, 'Victor Ferreira');
INSERT INTO arma_tu_fiesta.telefono (numero, fk_locacion) VALUES ('0426842830', @jefatura);

SET @pertenece = (SELECT pkLugar FROM (SELECT id_lugar as pkLugar FROM arma_tu_fiesta.lugar WHERE tipo = 'Estado' AND nombre = 'Yaracuy') tablaLugar);
INSERT INTO arma_tu_fiesta.locacion (nombre, tipo, fk_localizacion) VALUES ('Jefatura del Estado Yaracuy', 'Jefatura', @pertenece);
SET @jefatura = (SELECT pkLocacion FROM (SELECT id_locacion as pkLocacion FROM arma_tu_fiesta.locacion WHERE nombre LIKE '%Yaracuy' AND tipo = 'Jefatura') as tablaJefatura);
INSERT INTO arma_tu_fiesta.jefatura (fk_jefatura, jefe_civil) VALUES (@jefatura, 'Balbina Viñas');
INSERT INTO arma_tu_fiesta.telefono (numero, fk_locacion) VALUES ('0426677534', @jefatura);

SET @pertenece = (SELECT pkLugar FROM (SELECT id_lugar as pkLugar FROM arma_tu_fiesta.lugar WHERE tipo = 'Estado' AND nombre = 'Zulia') tablaLugar);
INSERT INTO arma_tu_fiesta.locacion (nombre, tipo, fk_localizacion) VALUES ('Jefatura del Estado Zulia', 'Jefatura', @pertenece);
SET @jefatura = (SELECT pkLocacion FROM (SELECT id_locacion as pkLocacion FROM arma_tu_fiesta.locacion WHERE nombre LIKE '%Zulia' AND tipo = 'Jefatura') as tablaJefatura);
INSERT INTO arma_tu_fiesta.jefatura (fk_jefatura, jefe_civil) VALUES (@jefatura, 'Nekane Ali');
INSERT INTO arma_tu_fiesta.telefono (numero, fk_locacion) VALUES ('0412442416', @jefatura);

-- ++++++++++++++++++++++++++++++++++ RELIGION +++++++++++++++++++++++++++++++++++++++++++++++++++++

INSERT INTO arma_tu_fiesta.religion (nombre)
    VALUES
    ('Cristianismo'),
    ('Judaismo'),
    ('Islamismo'),
    ('Hinduismo'),
    ('Shintoismo')
;

-- ++++++++++++++++++++++++++++++++++ TEMPLOS +++++++++++++++++++++++++++++++++++++++++++++++++++++

SET @estado = (SELECT pkLugar FROM (SELECT id_lugar as pkLugar FROM arma_tu_fiesta.lugar WHERE tipo = 'Estado' AND nombre = 'Amazonas') as tablaLugar);
SET @religion = (SELECT pkReligion FROM (SELECT id_religion as pkReligion FROM arma_tu_fiesta.religion WHERE nombre = 'Cristianismo') as tablaReligion);
INSERT INTO arma_tu_fiesta.locacion (nombre, tipo, fk_localizacion) VALUES ('Principal Templo Catolico del Estado Amazonas', 'Templo', @pertenece);
SET @templo = (SELECT pkTemplo FROM (SELECT id_locacion as pkTemplo FROM arma_tu_fiesta.locacion WHERE nombre LIKE '%Catolico%Amazonas') as tablaTemplo);
INSERT INTO arma_tu_fiesta.templo (fk_templo, parroco, web, fk_religion) VALUES (@templo, 'Idoia Carrion', 'temploCatolicoAmazonas.com.ve', @religion);
INSERT INTO arma_tu_fiesta.telefono (numero, fk_locacion) VALUES ('0416262204', @templo);
INSERT INTO arma_tu_fiesta.email (correo, fk_locacion) VALUES ('CatolicoAmazonas@gmail.com', @templo);

SET @religion = (SELECT pkReligion FROM (SELECT id_religion as pkReligion FROM arma_tu_fiesta.religion WHERE nombre = 'Judaismo') as tablaReligion);
INSERT INTO arma_tu_fiesta.locacion (nombre, tipo, fk_localizacion) VALUES ('Principal Templo Judio del Estado Amazonas', 'Templo', @pertenece);
SET @templo = (SELECT pkTemplo FROM (SELECT id_locacion as pkTemplo FROM arma_tu_fiesta.locacion WHERE nombre LIKE '%Judio%Amazonas') as tablaTemplo);
INSERT INTO arma_tu_fiesta.templo (fk_templo, parroco, web, fk_religion) VALUES (@templo, 'Roberto Carlos Calleja', 'temploJudioAmazonas.com.ve', @religion);
INSERT INTO arma_tu_fiesta.telefono (numero, fk_locacion) VALUES ('0412726055', @templo);
INSERT INTO arma_tu_fiesta.email (correo, fk_locacion) VALUES ('JudioAmazonas@gmail.com', @templo);

SET @religion = (SELECT pkReligion FROM (SELECT id_religion as pkReligion FROM arma_tu_fiesta.religion WHERE nombre = 'Islamismo') as tablaReligion);
INSERT INTO arma_tu_fiesta.locacion (nombre, tipo, fk_localizacion) VALUES ('Principal Templo Islamico del Estado Amazonas', 'Templo', @pertenece);
SET @templo = (SELECT pkTemplo FROM (SELECT id_locacion as pkTemplo FROM arma_tu_fiesta.locacion WHERE nombre LIKE '%Islamico%Amazonas') as tablaTemplo);
INSERT INTO arma_tu_fiesta.templo (fk_templo, parroco, web, fk_religion) VALUES (@templo, 'Alexander Hervas', 'temploIslamicoAmazonas.com.ve', @religion);
INSERT INTO arma_tu_fiesta.telefono (numero, fk_locacion) VALUES ('0212831278', @templo);
INSERT INTO arma_tu_fiesta.email (correo, fk_locacion) VALUES ('IslamicoAmazonas@gmail.com', @templo);

SET @religion = (SELECT pkReligion FROM (SELECT id_religion as pkReligion FROM arma_tu_fiesta.religion WHERE nombre = 'Hinduismo') as tablaReligion);
INSERT INTO arma_tu_fiesta.locacion (nombre, tipo, fk_localizacion) VALUES ('Principal Templo Hindu del Estado Amazonas', 'Templo', @pertenece);
SET @templo = (SELECT pkTemplo FROM (SELECT id_locacion as pkTemplo FROM arma_tu_fiesta.locacion WHERE nombre LIKE '%Hindu%Amazonas') as tablaTemplo);
INSERT INTO arma_tu_fiesta.templo (fk_templo, parroco, web, fk_religion) VALUES (@templo, 'Juan Diego Herreros', 'temploHinduAmazonas.com.ve', @religion);
INSERT INTO arma_tu_fiesta.telefono (numero, fk_locacion) VALUES ('0414660329', @templo);
INSERT INTO arma_tu_fiesta.email (correo, fk_locacion) VALUES ('HinduAmazonas@gmail.com', @templo);

SET @religion = (SELECT pkReligion FROM (SELECT id_religion as pkReligion FROM arma_tu_fiesta.religion WHERE nombre = 'Shintoismo') as tablaReligion);
INSERT INTO arma_tu_fiesta.locacion (nombre, tipo, fk_localizacion) VALUES ('Principal Templo Shinto del Estado Amazonas', 'Templo', @pertenece);
SET @templo = (SELECT pkTemplo FROM (SELECT id_locacion as pkTemplo FROM arma_tu_fiesta.locacion WHERE nombre LIKE '%Shinto%Amazonas') as tablaTemplo);
INSERT INTO arma_tu_fiesta.templo (fk_templo, parroco, web, fk_religion) VALUES (@templo, 'Ibai Morillas', 'temploShintoAmazonas.com.ve', @religion);
INSERT INTO arma_tu_fiesta.telefono (numero, fk_locacion) VALUES ('0426829717', @templo);
INSERT INTO arma_tu_fiesta.email (correo, fk_locacion) VALUES ('ShintoAmazonas@gmail.com', @templo);

SET @estado = (SELECT pkLugar FROM (SELECT id_lugar as pkLugar FROM arma_tu_fiesta.lugar WHERE tipo = 'Estado' AND nombre = 'Anzoátegui') as tablaLugar);
SET @religion = (SELECT pkReligion FROM (SELECT id_religion as pkReligion FROM arma_tu_fiesta.religion WHERE nombre = 'Cristianismo') as tablaReligion);
INSERT INTO arma_tu_fiesta.locacion (nombre, tipo, fk_localizacion) VALUES ('Principal Templo Catolico del Estado Anzoátegui', 'Templo', @pertenece);
SET @templo = (SELECT pkTemplo FROM (SELECT id_locacion as pkTemplo FROM arma_tu_fiesta.locacion WHERE nombre LIKE '%Catolico%Anzoátegui') as tablaTemplo);
INSERT INTO arma_tu_fiesta.templo (fk_templo, parroco, web, fk_religion) VALUES (@templo, 'Fulgencio Solano', 'temploCatolicoAnzoátegui.com.ve', @religion);
INSERT INTO arma_tu_fiesta.telefono (numero, fk_locacion) VALUES ('0412870622', @templo);
INSERT INTO arma_tu_fiesta.email (correo, fk_locacion) VALUES ('CatolicoAnzoátegui@gmail.com', @templo);

SET @religion = (SELECT pkReligion FROM (SELECT id_religion as pkReligion FROM arma_tu_fiesta.religion WHERE nombre = 'Judaismo') as tablaReligion);
INSERT INTO arma_tu_fiesta.locacion (nombre, tipo, fk_localizacion) VALUES ('Principal Templo Judio del Estado Anzoátegui', 'Templo', @pertenece);
SET @templo = (SELECT pkTemplo FROM (SELECT id_locacion as pkTemplo FROM arma_tu_fiesta.locacion WHERE nombre LIKE '%Judio%Anzoátegui') as tablaTemplo);
INSERT INTO arma_tu_fiesta.templo (fk_templo, parroco, web, fk_religion) VALUES (@templo, 'Simon Grau', 'temploJudioAnzoátegui.com.ve', @religion);
INSERT INTO arma_tu_fiesta.telefono (numero, fk_locacion) VALUES ('0416672157', @templo);
INSERT INTO arma_tu_fiesta.email (correo, fk_locacion) VALUES ('JudioAnzoátegui@gmail.com', @templo);

SET @religion = (SELECT pkReligion FROM (SELECT id_religion as pkReligion FROM arma_tu_fiesta.religion WHERE nombre = 'Islamismo') as tablaReligion);
INSERT INTO arma_tu_fiesta.locacion (nombre, tipo, fk_localizacion) VALUES ('Principal Templo Islamico del Estado Anzoátegui', 'Templo', @pertenece);
SET @templo = (SELECT pkTemplo FROM (SELECT id_locacion as pkTemplo FROM arma_tu_fiesta.locacion WHERE nombre LIKE '%Islamico%Anzoátegui') as tablaTemplo);
INSERT INTO arma_tu_fiesta.templo (fk_templo, parroco, web, fk_religion) VALUES (@templo, 'Guillem Boix', 'temploIslamicoAnzoátegui.com.ve', @religion);
INSERT INTO arma_tu_fiesta.telefono (numero, fk_locacion) VALUES ('0416893640', @templo);
INSERT INTO arma_tu_fiesta.email (correo, fk_locacion) VALUES ('IslamicoAnzoátegui@gmail.com', @templo);

SET @religion = (SELECT pkReligion FROM (SELECT id_religion as pkReligion FROM arma_tu_fiesta.religion WHERE nombre = 'Hinduismo') as tablaReligion);
INSERT INTO arma_tu_fiesta.locacion (nombre, tipo, fk_localizacion) VALUES ('Principal Templo Hindu del Estado Anzoátegui', 'Templo', @pertenece);
SET @templo = (SELECT pkTemplo FROM (SELECT id_locacion as pkTemplo FROM arma_tu_fiesta.locacion WHERE nombre LIKE '%Hindu%Anzoátegui') as tablaTemplo);
INSERT INTO arma_tu_fiesta.templo (fk_templo, parroco, web, fk_religion) VALUES (@templo, 'Felix Valencia', 'temploHinduAnzoátegui.com.ve', @religion);
INSERT INTO arma_tu_fiesta.telefono (numero, fk_locacion) VALUES ('0412651106', @templo);
INSERT INTO arma_tu_fiesta.email (correo, fk_locacion) VALUES ('HinduAnzoátegui@gmail.com', @templo);

SET @religion = (SELECT pkReligion FROM (SELECT id_religion as pkReligion FROM arma_tu_fiesta.religion WHERE nombre = 'Shintoismo') as tablaReligion);
INSERT INTO arma_tu_fiesta.locacion (nombre, tipo, fk_localizacion) VALUES ('Principal Templo Shinto del Estado Anzoátegui', 'Templo', @pertenece);
SET @templo = (SELECT pkTemplo FROM (SELECT id_locacion as pkTemplo FROM arma_tu_fiesta.locacion WHERE nombre LIKE '%Shinto%Anzoátegui') as tablaTemplo);
INSERT INTO arma_tu_fiesta.templo (fk_templo, parroco, web, fk_religion) VALUES (@templo, 'Jesus Antonio Zhu', 'temploShintoAnzoátegui.com.ve', @religion);
INSERT INTO arma_tu_fiesta.telefono (numero, fk_locacion) VALUES ('0416192766', @templo);
INSERT INTO arma_tu_fiesta.email (correo, fk_locacion) VALUES ('ShintoAnzoátegui@gmail.com', @templo);

SET @estado = (SELECT pkLugar FROM (SELECT id_lugar as pkLugar FROM arma_tu_fiesta.lugar WHERE tipo = 'Estado' AND nombre = 'Apure') as tablaLugar);
SET @religion = (SELECT pkReligion FROM (SELECT id_religion as pkReligion FROM arma_tu_fiesta.religion WHERE nombre = 'Cristianismo') as tablaReligion);
INSERT INTO arma_tu_fiesta.locacion (nombre, tipo, fk_localizacion) VALUES ('Principal Templo Catolico del Estado Apure', 'Templo', @pertenece);
SET @templo = (SELECT pkTemplo FROM (SELECT id_locacion as pkTemplo FROM arma_tu_fiesta.locacion WHERE nombre LIKE '%Catolico%Apure') as tablaTemplo);
INSERT INTO arma_tu_fiesta.templo (fk_templo, parroco, web, fk_religion) VALUES (@templo, 'Valentin Giraldo', 'temploCatolicoApure.com.ve', @religion);
INSERT INTO arma_tu_fiesta.telefono (numero, fk_locacion) VALUES ('0424949792', @templo);
INSERT INTO arma_tu_fiesta.email (correo, fk_locacion) VALUES ('CatolicoApure@gmail.com', @templo);

SET @religion = (SELECT pkReligion FROM (SELECT id_religion as pkReligion FROM arma_tu_fiesta.religion WHERE nombre = 'Judaismo') as tablaReligion);
INSERT INTO arma_tu_fiesta.locacion (nombre, tipo, fk_localizacion) VALUES ('Principal Templo Judio del Estado Apure', 'Templo', @pertenece);
SET @templo = (SELECT pkTemplo FROM (SELECT id_locacion as pkTemplo FROM arma_tu_fiesta.locacion WHERE nombre LIKE '%Judio%Apure') as tablaTemplo);
INSERT INTO arma_tu_fiesta.templo (fk_templo, parroco, web, fk_religion) VALUES (@templo, 'Francisco Manuel Rus', 'temploJudioApure.com.ve', @religion);
INSERT INTO arma_tu_fiesta.telefono (numero, fk_locacion) VALUES ('0416432344', @templo);
INSERT INTO arma_tu_fiesta.email (correo, fk_locacion) VALUES ('JudioApure@gmail.com', @templo);

SET @religion = (SELECT pkReligion FROM (SELECT id_religion as pkReligion FROM arma_tu_fiesta.religion WHERE nombre = 'Islamismo') as tablaReligion);
INSERT INTO arma_tu_fiesta.locacion (nombre, tipo, fk_localizacion) VALUES ('Principal Templo Islamico del Estado Apure', 'Templo', @pertenece);
SET @templo = (SELECT pkTemplo FROM (SELECT id_locacion as pkTemplo FROM arma_tu_fiesta.locacion WHERE nombre LIKE '%Islamico%Apure') as tablaTemplo);
INSERT INTO arma_tu_fiesta.templo (fk_templo, parroco, web, fk_religion) VALUES (@templo, 'Gheorghe Ortega', 'temploIslamicoApure.com.ve', @religion);
INSERT INTO arma_tu_fiesta.telefono (numero, fk_locacion) VALUES ('0212497495', @templo);
INSERT INTO arma_tu_fiesta.email (correo, fk_locacion) VALUES ('IslamicoApure@gmail.com', @templo);

SET @religion = (SELECT pkReligion FROM (SELECT id_religion as pkReligion FROM arma_tu_fiesta.religion WHERE nombre = 'Hinduismo') as tablaReligion);
INSERT INTO arma_tu_fiesta.locacion (nombre, tipo, fk_localizacion) VALUES ('Principal Templo Hindu del Estado Apure', 'Templo', @pertenece);
SET @templo = (SELECT pkTemplo FROM (SELECT id_locacion as pkTemplo FROM arma_tu_fiesta.locacion WHERE nombre LIKE '%Hindu%Apure') as tablaTemplo);
INSERT INTO arma_tu_fiesta.templo (fk_templo, parroco, web, fk_religion) VALUES (@templo, 'Martin Revilla', 'temploHinduApure.com.ve', @religion);
INSERT INTO arma_tu_fiesta.telefono (numero, fk_locacion) VALUES ('0414114450', @templo);
INSERT INTO arma_tu_fiesta.email (correo, fk_locacion) VALUES ('HinduApure@gmail.com', @templo);

SET @religion = (SELECT pkReligion FROM (SELECT id_religion as pkReligion FROM arma_tu_fiesta.religion WHERE nombre = 'Shintoismo') as tablaReligion);
INSERT INTO arma_tu_fiesta.locacion (nombre, tipo, fk_localizacion) VALUES ('Principal Templo Shinto del Estado Apure', 'Templo', @pertenece);
SET @templo = (SELECT pkTemplo FROM (SELECT id_locacion as pkTemplo FROM arma_tu_fiesta.locacion WHERE nombre LIKE '%Shinto%Apure') as tablaTemplo);
INSERT INTO arma_tu_fiesta.templo (fk_templo, parroco, web, fk_religion) VALUES (@templo, 'Lluis Li', 'temploShintoApure.com.ve', @religion);
INSERT INTO arma_tu_fiesta.telefono (numero, fk_locacion) VALUES ('0414338686', @templo);
INSERT INTO arma_tu_fiesta.email (correo, fk_locacion) VALUES ('ShintoApure@gmail.com', @templo);

SET @estado = (SELECT pkLugar FROM (SELECT id_lugar as pkLugar FROM arma_tu_fiesta.lugar WHERE tipo = 'Estado' AND nombre = 'Aragua') as tablaLugar);
SET @religion = (SELECT pkReligion FROM (SELECT id_religion as pkReligion FROM arma_tu_fiesta.religion WHERE nombre = 'Cristianismo') as tablaReligion);
INSERT INTO arma_tu_fiesta.locacion (nombre, tipo, fk_localizacion) VALUES ('Principal Templo Catolico del Estado Aragua', 'Templo', @pertenece);
SET @templo = (SELECT pkTemplo FROM (SELECT id_locacion as pkTemplo FROM arma_tu_fiesta.locacion WHERE nombre LIKE '%Catolico%Aragua') as tablaTemplo);
INSERT INTO arma_tu_fiesta.templo (fk_templo, parroco, web, fk_religion) VALUES (@templo, 'Jose Juan Amoros', 'temploCatolicoAragua.com.ve', @religion);
INSERT INTO arma_tu_fiesta.telefono (numero, fk_locacion) VALUES ('0412648512', @templo);
INSERT INTO arma_tu_fiesta.email (correo, fk_locacion) VALUES ('CatolicoAragua@gmail.com', @templo);

SET @religion = (SELECT pkReligion FROM (SELECT id_religion as pkReligion FROM arma_tu_fiesta.religion WHERE nombre = 'Judaismo') as tablaReligion);
INSERT INTO arma_tu_fiesta.locacion (nombre, tipo, fk_localizacion) VALUES ('Principal Templo Judio del Estado Aragua', 'Templo', @pertenece);
SET @templo = (SELECT pkTemplo FROM (SELECT id_locacion as pkTemplo FROM arma_tu_fiesta.locacion WHERE nombre LIKE '%Judio%Aragua') as tablaTemplo);
INSERT INTO arma_tu_fiesta.templo (fk_templo, parroco, web, fk_religion) VALUES (@templo, 'Juan Pablo Calle', 'temploJudioAragua.com.ve', @religion);
INSERT INTO arma_tu_fiesta.telefono (numero, fk_locacion) VALUES ('0212932207', @templo);
INSERT INTO arma_tu_fiesta.email (correo, fk_locacion) VALUES ('JudioAragua@gmail.com', @templo);

SET @religion = (SELECT pkReligion FROM (SELECT id_religion as pkReligion FROM arma_tu_fiesta.religion WHERE nombre = 'Islamismo') as tablaReligion);
INSERT INTO arma_tu_fiesta.locacion (nombre, tipo, fk_localizacion) VALUES ('Principal Templo Islamico del Estado Aragua', 'Templo', @pertenece);
SET @templo = (SELECT pkTemplo FROM (SELECT id_locacion as pkTemplo FROM arma_tu_fiesta.locacion WHERE nombre LIKE '%Islamico%Aragua') as tablaTemplo);
INSERT INTO arma_tu_fiesta.templo (fk_templo, parroco, web, fk_religion) VALUES (@templo, 'Ezequiel Fajardo', 'temploIslamicoAragua.com.ve', @religion);
INSERT INTO arma_tu_fiesta.telefono (numero, fk_locacion) VALUES ('0426872930', @templo);
INSERT INTO arma_tu_fiesta.email (correo, fk_locacion) VALUES ('IslamicoAragua@gmail.com', @templo);

SET @religion = (SELECT pkReligion FROM (SELECT id_religion as pkReligion FROM arma_tu_fiesta.religion WHERE nombre = 'Hinduismo') as tablaReligion);
INSERT INTO arma_tu_fiesta.locacion (nombre, tipo, fk_localizacion) VALUES ('Principal Templo Hindu del Estado Aragua', 'Templo', @pertenece);
SET @templo = (SELECT pkTemplo FROM (SELECT id_locacion as pkTemplo FROM arma_tu_fiesta.locacion WHERE nombre LIKE '%Hindu%Aragua') as tablaTemplo);
INSERT INTO arma_tu_fiesta.templo (fk_templo, parroco, web, fk_religion) VALUES (@templo, 'Adan Guerrero', 'temploHinduAragua.com.ve', @religion);
INSERT INTO arma_tu_fiesta.telefono (numero, fk_locacion) VALUES ('0212478660', @templo);
INSERT INTO arma_tu_fiesta.email (correo, fk_locacion) VALUES ('HinduAragua@gmail.com', @templo);

SET @religion = (SELECT pkReligion FROM (SELECT id_religion as pkReligion FROM arma_tu_fiesta.religion WHERE nombre = 'Shintoismo') as tablaReligion);
INSERT INTO arma_tu_fiesta.locacion (nombre, tipo, fk_localizacion) VALUES ('Principal Templo Shinto del Estado Aragua', 'Templo', @pertenece);
SET @templo = (SELECT pkTemplo FROM (SELECT id_locacion as pkTemplo FROM arma_tu_fiesta.locacion WHERE nombre LIKE '%Shinto%Aragua') as tablaTemplo);
INSERT INTO arma_tu_fiesta.templo (fk_templo, parroco, web, fk_religion) VALUES (@templo, 'Mustapha López', 'temploShintoAragua.com.ve', @religion);
INSERT INTO arma_tu_fiesta.telefono (numero, fk_locacion) VALUES ('0416232656', @templo);
INSERT INTO arma_tu_fiesta.email (correo, fk_locacion) VALUES ('ShintoAragua@gmail.com', @templo);

SET @estado = (SELECT pkLugar FROM (SELECT id_lugar as pkLugar FROM arma_tu_fiesta.lugar WHERE tipo = 'Estado' AND nombre = 'Barinas') as tablaLugar);
SET @religion = (SELECT pkReligion FROM (SELECT id_religion as pkReligion FROM arma_tu_fiesta.religion WHERE nombre = 'Cristianismo') as tablaReligion);
INSERT INTO arma_tu_fiesta.locacion (nombre, tipo, fk_localizacion) VALUES ('Principal Templo Catolico del Estado Barinas', 'Templo', @pertenece);
SET @templo = (SELECT pkTemplo FROM (SELECT id_locacion as pkTemplo FROM arma_tu_fiesta.locacion WHERE nombre LIKE '%Catolico%Barinas') as tablaTemplo);
INSERT INTO arma_tu_fiesta.templo (fk_templo, parroco, web, fk_religion) VALUES (@templo, 'Noe Castellanos', 'temploCatolicoBarinas.com.ve', @religion);
INSERT INTO arma_tu_fiesta.telefono (numero, fk_locacion) VALUES ('0414904853', @templo);
INSERT INTO arma_tu_fiesta.email (correo, fk_locacion) VALUES ('CatolicoBarinas@gmail.com', @templo);

SET @religion = (SELECT pkReligion FROM (SELECT id_religion as pkReligion FROM arma_tu_fiesta.religion WHERE nombre = 'Judaismo') as tablaReligion);
INSERT INTO arma_tu_fiesta.locacion (nombre, tipo, fk_localizacion) VALUES ('Principal Templo Judio del Estado Barinas', 'Templo', @pertenece);
SET @templo = (SELECT pkTemplo FROM (SELECT id_locacion as pkTemplo FROM arma_tu_fiesta.locacion WHERE nombre LIKE '%Judio%Barinas') as tablaTemplo);
INSERT INTO arma_tu_fiesta.templo (fk_templo, parroco, web, fk_religion) VALUES (@templo, 'Gustavo Adolfo Saez', 'temploJudioBarinas.com.ve', @religion);
INSERT INTO arma_tu_fiesta.telefono (numero, fk_locacion) VALUES ('0412478579', @templo);
INSERT INTO arma_tu_fiesta.email (correo, fk_locacion) VALUES ('JudioBarinas@gmail.com', @templo);

SET @religion = (SELECT pkReligion FROM (SELECT id_religion as pkReligion FROM arma_tu_fiesta.religion WHERE nombre = 'Islamismo') as tablaReligion);
INSERT INTO arma_tu_fiesta.locacion (nombre, tipo, fk_localizacion) VALUES ('Principal Templo Islamico del Estado Barinas', 'Templo', @pertenece);
SET @templo = (SELECT pkTemplo FROM (SELECT id_locacion as pkTemplo FROM arma_tu_fiesta.locacion WHERE nombre LIKE '%Islamico%Barinas') as tablaTemplo);
INSERT INTO arma_tu_fiesta.templo (fk_templo, parroco, web, fk_religion) VALUES (@templo, 'Teofilo de Haro', 'temploIslamicoBarinas.com.ve', @religion);
INSERT INTO arma_tu_fiesta.telefono (numero, fk_locacion) VALUES ('0426227561', @templo);
INSERT INTO arma_tu_fiesta.email (correo, fk_locacion) VALUES ('IslamicoBarinas@gmail.com', @templo);

SET @religion = (SELECT pkReligion FROM (SELECT id_religion as pkReligion FROM arma_tu_fiesta.religion WHERE nombre = 'Hinduismo') as tablaReligion);
INSERT INTO arma_tu_fiesta.locacion (nombre, tipo, fk_localizacion) VALUES ('Principal Templo Hindu del Estado Barinas', 'Templo', @pertenece);
SET @templo = (SELECT pkTemplo FROM (SELECT id_locacion as pkTemplo FROM arma_tu_fiesta.locacion WHERE nombre LIKE '%Hindu%Barinas') as tablaTemplo);
INSERT INTO arma_tu_fiesta.templo (fk_templo, parroco, web, fk_religion) VALUES (@templo, 'Julio Cesar Saavedra', 'temploHinduBarinas.com.ve', @religion);
INSERT INTO arma_tu_fiesta.telefono (numero, fk_locacion) VALUES ('0424371278', @templo);
INSERT INTO arma_tu_fiesta.email (correo, fk_locacion) VALUES ('HinduBarinas@gmail.com', @templo);

SET @religion = (SELECT pkReligion FROM (SELECT id_religion as pkReligion FROM arma_tu_fiesta.religion WHERE nombre = 'Shintoismo') as tablaReligion);
INSERT INTO arma_tu_fiesta.locacion (nombre, tipo, fk_localizacion) VALUES ('Principal Templo Shinto del Estado Barinas', 'Templo', @pertenece);
SET @templo = (SELECT pkTemplo FROM (SELECT id_locacion as pkTemplo FROM arma_tu_fiesta.locacion WHERE nombre LIKE '%Shinto%Barinas') as tablaTemplo);
INSERT INTO arma_tu_fiesta.templo (fk_templo, parroco, web, fk_religion) VALUES (@templo, 'Carlos Manuel Zheng', 'temploShintoBarinas.com.ve', @religion);
INSERT INTO arma_tu_fiesta.telefono (numero, fk_locacion) VALUES ('0426101675', @templo);
INSERT INTO arma_tu_fiesta.email (correo, fk_locacion) VALUES ('ShintoBarinas@gmail.com', @templo);

SET @estado = (SELECT pkLugar FROM (SELECT id_lugar as pkLugar FROM arma_tu_fiesta.lugar WHERE tipo = 'Estado' AND nombre = 'Bolívar') as tablaLugar);
SET @religion = (SELECT pkReligion FROM (SELECT id_religion as pkReligion FROM arma_tu_fiesta.religion WHERE nombre = 'Cristianismo') as tablaReligion);
INSERT INTO arma_tu_fiesta.locacion (nombre, tipo, fk_localizacion) VALUES ('Principal Templo Catolico del Estado Bolívar', 'Templo', @pertenece);
SET @templo = (SELECT pkTemplo FROM (SELECT id_locacion as pkTemplo FROM arma_tu_fiesta.locacion WHERE nombre LIKE '%Catolico%Bolívar') as tablaTemplo);
INSERT INTO arma_tu_fiesta.templo (fk_templo, parroco, web, fk_religion) VALUES (@templo, 'Thiago Serrano', 'temploCatolicoBolívar.com.ve', @religion);
INSERT INTO arma_tu_fiesta.telefono (numero, fk_locacion) VALUES ('0426762046', @templo);
INSERT INTO arma_tu_fiesta.email (correo, fk_locacion) VALUES ('CatolicoBolívar@gmail.com', @templo);

SET @religion = (SELECT pkReligion FROM (SELECT id_religion as pkReligion FROM arma_tu_fiesta.religion WHERE nombre = 'Judaismo') as tablaReligion);
INSERT INTO arma_tu_fiesta.locacion (nombre, tipo, fk_localizacion) VALUES ('Principal Templo Judio del Estado Bolívar', 'Templo', @pertenece);
SET @templo = (SELECT pkTemplo FROM (SELECT id_locacion as pkTemplo FROM arma_tu_fiesta.locacion WHERE nombre LIKE '%Judio%Bolívar') as tablaTemplo);
INSERT INTO arma_tu_fiesta.templo (fk_templo, parroco, web, fk_religion) VALUES (@templo, 'Paulino Garzon', 'temploJudioBolívar.com.ve', @religion);
INSERT INTO arma_tu_fiesta.telefono (numero, fk_locacion) VALUES ('0426344314', @templo);
INSERT INTO arma_tu_fiesta.email (correo, fk_locacion) VALUES ('JudioBolívar@gmail.com', @templo);

SET @religion = (SELECT pkReligion FROM (SELECT id_religion as pkReligion FROM arma_tu_fiesta.religion WHERE nombre = 'Islamismo') as tablaReligion);
INSERT INTO arma_tu_fiesta.locacion (nombre, tipo, fk_localizacion) VALUES ('Principal Templo Islamico del Estado Bolívar', 'Templo', @pertenece);
SET @templo = (SELECT pkTemplo FROM (SELECT id_locacion as pkTemplo FROM arma_tu_fiesta.locacion WHERE nombre LIKE '%Islamico%Bolívar') as tablaTemplo);
INSERT INTO arma_tu_fiesta.templo (fk_templo, parroco, web, fk_religion) VALUES (@templo, 'Ferran Rosa', 'temploIslamicoBolívar.com.ve', @religion);
INSERT INTO arma_tu_fiesta.telefono (numero, fk_locacion) VALUES ('0414440847', @templo);
INSERT INTO arma_tu_fiesta.email (correo, fk_locacion) VALUES ('IslamicoBolívar@gmail.com', @templo);

SET @religion = (SELECT pkReligion FROM (SELECT id_religion as pkReligion FROM arma_tu_fiesta.religion WHERE nombre = 'Hinduismo') as tablaReligion);
INSERT INTO arma_tu_fiesta.locacion (nombre, tipo, fk_localizacion) VALUES ('Principal Templo Hindu del Estado Bolívar', 'Templo', @pertenece);
SET @templo = (SELECT pkTemplo FROM (SELECT id_locacion as pkTemplo FROM arma_tu_fiesta.locacion WHERE nombre LIKE '%Hindu%Bolívar') as tablaTemplo);
INSERT INTO arma_tu_fiesta.templo (fk_templo, parroco, web, fk_religion) VALUES (@templo, 'Oriol Estrada', 'temploHinduBolívar.com.ve', @religion);
INSERT INTO arma_tu_fiesta.telefono (numero, fk_locacion) VALUES ('0414602927', @templo);
INSERT INTO arma_tu_fiesta.email (correo, fk_locacion) VALUES ('HinduBolívar@gmail.com', @templo);

SET @religion = (SELECT pkReligion FROM (SELECT id_religion as pkReligion FROM arma_tu_fiesta.religion WHERE nombre = 'Shintoismo') as tablaReligion);
INSERT INTO arma_tu_fiesta.locacion (nombre, tipo, fk_localizacion) VALUES ('Principal Templo Shinto del Estado Bolívar', 'Templo', @pertenece);
SET @templo = (SELECT pkTemplo FROM (SELECT id_locacion as pkTemplo FROM arma_tu_fiesta.locacion WHERE nombre LIKE '%Shinto%Bolívar') as tablaTemplo);
INSERT INTO arma_tu_fiesta.templo (fk_templo, parroco, web, fk_religion) VALUES (@templo, 'Robert Ros', 'temploShintoBolívar.com.ve', @religion);
INSERT INTO arma_tu_fiesta.telefono (numero, fk_locacion) VALUES ('0414415370', @templo);
INSERT INTO arma_tu_fiesta.email (correo, fk_locacion) VALUES ('ShintoBolívar@gmail.com', @templo);

SET @estado = (SELECT pkLugar FROM (SELECT id_lugar as pkLugar FROM arma_tu_fiesta.lugar WHERE tipo = 'Estado' AND nombre = 'Carabobo') as tablaLugar);
SET @religion = (SELECT pkReligion FROM (SELECT id_religion as pkReligion FROM arma_tu_fiesta.religion WHERE nombre = 'Cristianismo') as tablaReligion);
INSERT INTO arma_tu_fiesta.locacion (nombre, tipo, fk_localizacion) VALUES ('Principal Templo Catolico del Estado Carabobo', 'Templo', @pertenece);
SET @templo = (SELECT pkTemplo FROM (SELECT id_locacion as pkTemplo FROM arma_tu_fiesta.locacion WHERE nombre LIKE '%Catolico%Carabobo') as tablaTemplo);
INSERT INTO arma_tu_fiesta.templo (fk_templo, parroco, web, fk_religion) VALUES (@templo, 'Francisco Jose Guirao', 'temploCatolicoCarabobo.com.ve', @religion);
INSERT INTO arma_tu_fiesta.telefono (numero, fk_locacion) VALUES ('0416564716', @templo);
INSERT INTO arma_tu_fiesta.email (correo, fk_locacion) VALUES ('CatolicoCarabobo@gmail.com', @templo);

SET @religion = (SELECT pkReligion FROM (SELECT id_religion as pkReligion FROM arma_tu_fiesta.religion WHERE nombre = 'Judaismo') as tablaReligion);
INSERT INTO arma_tu_fiesta.locacion (nombre, tipo, fk_localizacion) VALUES ('Principal Templo Judio del Estado Carabobo', 'Templo', @pertenece);
SET @templo = (SELECT pkTemplo FROM (SELECT id_locacion as pkTemplo FROM arma_tu_fiesta.locacion WHERE nombre LIKE '%Judio%Carabobo') as tablaTemplo);
INSERT INTO arma_tu_fiesta.templo (fk_templo, parroco, web, fk_religion) VALUES (@templo, 'Antonio Javier Criado', 'temploJudioCarabobo.com.ve', @religion);
INSERT INTO arma_tu_fiesta.telefono (numero, fk_locacion) VALUES ('0426943730', @templo);
INSERT INTO arma_tu_fiesta.email (correo, fk_locacion) VALUES ('JudioCarabobo@gmail.com', @templo);

SET @religion = (SELECT pkReligion FROM (SELECT id_religion as pkReligion FROM arma_tu_fiesta.religion WHERE nombre = 'Islamismo') as tablaReligion);
INSERT INTO arma_tu_fiesta.locacion (nombre, tipo, fk_localizacion) VALUES ('Principal Templo Islamico del Estado Carabobo', 'Templo', @pertenece);
SET @templo = (SELECT pkTemplo FROM (SELECT id_locacion as pkTemplo FROM arma_tu_fiesta.locacion WHERE nombre LIKE '%Islamico%Carabobo') as tablaTemplo);
INSERT INTO arma_tu_fiesta.templo (fk_templo, parroco, web, fk_religion) VALUES (@templo, 'Arturo Domingo', 'temploIslamicoCarabobo.com.ve', @religion);
INSERT INTO arma_tu_fiesta.telefono (numero, fk_locacion) VALUES ('0416522424', @templo);
INSERT INTO arma_tu_fiesta.email (correo, fk_locacion) VALUES ('IslamicoCarabobo@gmail.com', @templo);

SET @religion = (SELECT pkReligion FROM (SELECT id_religion as pkReligion FROM arma_tu_fiesta.religion WHERE nombre = 'Hinduismo') as tablaReligion);
INSERT INTO arma_tu_fiesta.locacion (nombre, tipo, fk_localizacion) VALUES ('Principal Templo Hindu del Estado Carabobo', 'Templo', @pertenece);
SET @templo = (SELECT pkTemplo FROM (SELECT id_locacion as pkTemplo FROM arma_tu_fiesta.locacion WHERE nombre LIKE '%Hindu%Carabobo') as tablaTemplo);
INSERT INTO arma_tu_fiesta.templo (fk_templo, parroco, web, fk_religion) VALUES (@templo, 'Victorino Parra', 'temploHinduCarabobo.com.ve', @religion);
INSERT INTO arma_tu_fiesta.telefono (numero, fk_locacion) VALUES ('0424802468', @templo);
INSERT INTO arma_tu_fiesta.email (correo, fk_locacion) VALUES ('HinduCarabobo@gmail.com', @templo);

SET @religion = (SELECT pkReligion FROM (SELECT id_religion as pkReligion FROM arma_tu_fiesta.religion WHERE nombre = 'Shintoismo') as tablaReligion);
INSERT INTO arma_tu_fiesta.locacion (nombre, tipo, fk_localizacion) VALUES ('Principal Templo Shinto del Estado Carabobo', 'Templo', @pertenece);
SET @templo = (SELECT pkTemplo FROM (SELECT id_locacion as pkTemplo FROM arma_tu_fiesta.locacion WHERE nombre LIKE '%Shinto%Carabobo') as tablaTemplo);
INSERT INTO arma_tu_fiesta.templo (fk_templo, parroco, web, fk_religion) VALUES (@templo, 'Nil Ribera', 'temploShintoCarabobo.com.ve', @religion);
INSERT INTO arma_tu_fiesta.telefono (numero, fk_locacion) VALUES ('0426544393', @templo);
INSERT INTO arma_tu_fiesta.email (correo, fk_locacion) VALUES ('ShintoCarabobo@gmail.com', @templo);

SET @estado = (SELECT pkLugar FROM (SELECT id_lugar as pkLugar FROM arma_tu_fiesta.lugar WHERE tipo = 'Estado' AND nombre = 'Cojedes') as tablaLugar);
SET @religion = (SELECT pkReligion FROM (SELECT id_religion as pkReligion FROM arma_tu_fiesta.religion WHERE nombre = 'Cristianismo') as tablaReligion);
INSERT INTO arma_tu_fiesta.locacion (nombre, tipo, fk_localizacion) VALUES ('Principal Templo Catolico del Estado Cojedes', 'Templo', @pertenece);
SET @templo = (SELECT pkTemplo FROM (SELECT id_locacion as pkTemplo FROM arma_tu_fiesta.locacion WHERE nombre LIKE '%Catolico%Cojedes') as tablaTemplo);
INSERT INTO arma_tu_fiesta.templo (fk_templo, parroco, web, fk_religion) VALUES (@templo, 'Felix Almagro', 'temploCatolicoCojedes.com.ve', @religion);
INSERT INTO arma_tu_fiesta.telefono (numero, fk_locacion) VALUES ('0426548803', @templo);
INSERT INTO arma_tu_fiesta.email (correo, fk_locacion) VALUES ('CatolicoCojedes@gmail.com', @templo);

SET @religion = (SELECT pkReligion FROM (SELECT id_religion as pkReligion FROM arma_tu_fiesta.religion WHERE nombre = 'Judaismo') as tablaReligion);
INSERT INTO arma_tu_fiesta.locacion (nombre, tipo, fk_localizacion) VALUES ('Principal Templo Judio del Estado Cojedes', 'Templo', @pertenece);
SET @templo = (SELECT pkTemplo FROM (SELECT id_locacion as pkTemplo FROM arma_tu_fiesta.locacion WHERE nombre LIKE '%Judio%Cojedes') as tablaTemplo);
INSERT INTO arma_tu_fiesta.templo (fk_templo, parroco, web, fk_religion) VALUES (@templo, 'Elias Padron', 'temploJudioCojedes.com.ve', @religion);
INSERT INTO arma_tu_fiesta.telefono (numero, fk_locacion) VALUES ('0412303164', @templo);
INSERT INTO arma_tu_fiesta.email (correo, fk_locacion) VALUES ('JudioCojedes@gmail.com', @templo);

SET @religion = (SELECT pkReligion FROM (SELECT id_religion as pkReligion FROM arma_tu_fiesta.religion WHERE nombre = 'Islamismo') as tablaReligion);
INSERT INTO arma_tu_fiesta.locacion (nombre, tipo, fk_localizacion) VALUES ('Principal Templo Islamico del Estado Cojedes', 'Templo', @pertenece);
SET @templo = (SELECT pkTemplo FROM (SELECT id_locacion as pkTemplo FROM arma_tu_fiesta.locacion WHERE nombre LIKE '%Islamico%Cojedes') as tablaTemplo);
INSERT INTO arma_tu_fiesta.templo (fk_templo, parroco, web, fk_religion) VALUES (@templo, 'Jesus Javier Castillo', 'temploIslamicoCojedes.com.ve', @religion);
INSERT INTO arma_tu_fiesta.telefono (numero, fk_locacion) VALUES ('0414218230', @templo);
INSERT INTO arma_tu_fiesta.email (correo, fk_locacion) VALUES ('IslamicoCojedes@gmail.com', @templo);

SET @religion = (SELECT pkReligion FROM (SELECT id_religion as pkReligion FROM arma_tu_fiesta.religion WHERE nombre = 'Hinduismo') as tablaReligion);
INSERT INTO arma_tu_fiesta.locacion (nombre, tipo, fk_localizacion) VALUES ('Principal Templo Hindu del Estado Cojedes', 'Templo', @pertenece);
SET @templo = (SELECT pkTemplo FROM (SELECT id_locacion as pkTemplo FROM arma_tu_fiesta.locacion WHERE nombre LIKE '%Hindu%Cojedes') as tablaTemplo);
INSERT INTO arma_tu_fiesta.templo (fk_templo, parroco, web, fk_religion) VALUES (@templo, 'Jesus Maria Peralta', 'temploHinduCojedes.com.ve', @religion);
INSERT INTO arma_tu_fiesta.telefono (numero, fk_locacion) VALUES ('0212676434', @templo);
INSERT INTO arma_tu_fiesta.email (correo, fk_locacion) VALUES ('HinduCojedes@gmail.com', @templo);

SET @religion = (SELECT pkReligion FROM (SELECT id_religion as pkReligion FROM arma_tu_fiesta.religion WHERE nombre = 'Shintoismo') as tablaReligion);
INSERT INTO arma_tu_fiesta.locacion (nombre, tipo, fk_localizacion) VALUES ('Principal Templo Shinto del Estado Cojedes', 'Templo', @pertenece);
SET @templo = (SELECT pkTemplo FROM (SELECT id_locacion as pkTemplo FROM arma_tu_fiesta.locacion WHERE nombre LIKE '%Shinto%Cojedes') as tablaTemplo);
INSERT INTO arma_tu_fiesta.templo (fk_templo, parroco, web, fk_religion) VALUES (@templo, 'Roger da Silva', 'temploShintoCojedes.com.ve', @religion);
INSERT INTO arma_tu_fiesta.telefono (numero, fk_locacion) VALUES ('0212684720', @templo);
INSERT INTO arma_tu_fiesta.email (correo, fk_locacion) VALUES ('ShintoCojedes@gmail.com', @templo);

SET @estado = (SELECT pkLugar FROM (SELECT id_lugar as pkLugar FROM arma_tu_fiesta.lugar WHERE tipo = 'Estado' AND nombre = 'Delta Amacuro') as tablaLugar);
SET @religion = (SELECT pkReligion FROM (SELECT id_religion as pkReligion FROM arma_tu_fiesta.religion WHERE nombre = 'Cristianismo') as tablaReligion);
INSERT INTO arma_tu_fiesta.locacion (nombre, tipo, fk_localizacion) VALUES ('Principal Templo Catolico del Estado Delta Amacuro', 'Templo', @pertenece);
SET @templo = (SELECT pkTemplo FROM (SELECT id_locacion as pkTemplo FROM arma_tu_fiesta.locacion WHERE nombre LIKE '%Catolico%Delta Amacuro') as tablaTemplo);
INSERT INTO arma_tu_fiesta.templo (fk_templo, parroco, web, fk_religion) VALUES (@templo, 'Marcos Antonio de Dios', 'temploCatolicoDeltaAmacuro.com.ve', @religion);
INSERT INTO arma_tu_fiesta.telefono (numero, fk_locacion) VALUES ('0426285182', @templo);
INSERT INTO arma_tu_fiesta.email (correo, fk_locacion) VALUES ('CatolicoDeltaAmacuro@gmail.com', @templo);

SET @religion = (SELECT pkReligion FROM (SELECT id_religion as pkReligion FROM arma_tu_fiesta.religion WHERE nombre = 'Judaismo') as tablaReligion);
INSERT INTO arma_tu_fiesta.locacion (nombre, tipo, fk_localizacion) VALUES ('Principal Templo Judio del Estado Delta Amacuro', 'Templo', @pertenece);
SET @templo = (SELECT pkTemplo FROM (SELECT id_locacion as pkTemplo FROM arma_tu_fiesta.locacion WHERE nombre LIKE '%Judio%Delta Amacuro') as tablaTemplo);
INSERT INTO arma_tu_fiesta.templo (fk_templo, parroco, web, fk_religion) VALUES (@templo, 'Aritz Rosales', 'temploJudioDeltaAmacuro.com.ve', @religion);
INSERT INTO arma_tu_fiesta.telefono (numero, fk_locacion) VALUES ('0416819257', @templo);
INSERT INTO arma_tu_fiesta.email (correo, fk_locacion) VALUES ('JudioDeltaAmacuro@gmail.com', @templo);

SET @religion = (SELECT pkReligion FROM (SELECT id_religion as pkReligion FROM arma_tu_fiesta.religion WHERE nombre = 'Islamismo') as tablaReligion);
INSERT INTO arma_tu_fiesta.locacion (nombre, tipo, fk_localizacion) VALUES ('Principal Templo Islamico del Estado Delta Amacuro', 'Templo', @pertenece);
SET @templo = (SELECT pkTemplo FROM (SELECT id_locacion as pkTemplo FROM arma_tu_fiesta.locacion WHERE nombre LIKE '%Islamico%Delta Amacuro') as tablaTemplo);
INSERT INTO arma_tu_fiesta.templo (fk_templo, parroco, web, fk_religion) VALUES (@templo, 'Gustavo Adolfo Mejias', 'temploIslamicoDeltaAmacuro.com.ve', @religion);
INSERT INTO arma_tu_fiesta.telefono (numero, fk_locacion) VALUES ('0414228253', @templo);
INSERT INTO arma_tu_fiesta.email (correo, fk_locacion) VALUES ('IslamicoDeltaAmacuro@gmail.com', @templo);

SET @religion = (SELECT pkReligion FROM (SELECT id_religion as pkReligion FROM arma_tu_fiesta.religion WHERE nombre = 'Hinduismo') as tablaReligion);
INSERT INTO arma_tu_fiesta.locacion (nombre, tipo, fk_localizacion) VALUES ('Principal Templo Hindu del Estado Delta Amacuro', 'Templo', @pertenece);
SET @templo = (SELECT pkTemplo FROM (SELECT id_locacion as pkTemplo FROM arma_tu_fiesta.locacion WHERE nombre LIKE '%Hindu%Delta Amacuro') as tablaTemplo);
INSERT INTO arma_tu_fiesta.templo (fk_templo, parroco, web, fk_religion) VALUES (@templo, 'Arnau Mejias', 'temploHinduDeltaAmacuro.com.ve', @religion);
INSERT INTO arma_tu_fiesta.telefono (numero, fk_locacion) VALUES ('0424851909', @templo);
INSERT INTO arma_tu_fiesta.email (correo, fk_locacion) VALUES ('HinduDeltaAmacuro@gmail.com', @templo);

SET @religion = (SELECT pkReligion FROM (SELECT id_religion as pkReligion FROM arma_tu_fiesta.religion WHERE nombre = 'Shintoismo') as tablaReligion);
INSERT INTO arma_tu_fiesta.locacion (nombre, tipo, fk_localizacion) VALUES ('Principal Templo Shinto del Estado Delta Amacuro', 'Templo', @pertenece);
SET @templo = (SELECT pkTemplo FROM (SELECT id_locacion as pkTemplo FROM arma_tu_fiesta.locacion WHERE nombre LIKE '%Shinto%Delta Amacuro') as tablaTemplo);
INSERT INTO arma_tu_fiesta.templo (fk_templo, parroco, web, fk_religion) VALUES (@templo, 'Arnau Wu', 'temploShintoDeltaAmacuro.com.ve', @religion);
INSERT INTO arma_tu_fiesta.telefono (numero, fk_locacion) VALUES ('0412383937', @templo);
INSERT INTO arma_tu_fiesta.email (correo, fk_locacion) VALUES ('ShintoDeltaAmacuro@gmail.com', @templo);

SET @estado = (SELECT pkLugar FROM (SELECT id_lugar as pkLugar FROM arma_tu_fiesta.lugar WHERE tipo = 'Estado' AND nombre = 'Distrito Capital') as tablaLugar);
SET @religion = (SELECT pkReligion FROM (SELECT id_religion as pkReligion FROM arma_tu_fiesta.religion WHERE nombre = 'Cristianismo') as tablaReligion);
INSERT INTO arma_tu_fiesta.locacion (nombre, tipo, fk_localizacion) VALUES ('Principal Templo Catolico del Estado Distrito Capital', 'Templo', @pertenece);
SET @templo = (SELECT pkTemplo FROM (SELECT id_locacion as pkTemplo FROM arma_tu_fiesta.locacion WHERE nombre LIKE '%Catolico%Distrito Capital') as tablaTemplo);
INSERT INTO arma_tu_fiesta.templo (fk_templo, parroco, web, fk_religion) VALUES (@templo, 'Alex Hernando', 'temploCatolicoDistritoCapital.com.ve', @religion);
INSERT INTO arma_tu_fiesta.telefono (numero, fk_locacion) VALUES ('0414841517', @templo);
INSERT INTO arma_tu_fiesta.email (correo, fk_locacion) VALUES ('CatolicoDistritoCapital@gmail.com', @templo);

SET @religion = (SELECT pkReligion FROM (SELECT id_religion as pkReligion FROM arma_tu_fiesta.religion WHERE nombre = 'Judaismo') as tablaReligion);
INSERT INTO arma_tu_fiesta.locacion (nombre, tipo, fk_localizacion) VALUES ('Principal Templo Judio del Estado Distrito Capital', 'Templo', @pertenece);
SET @templo = (SELECT pkTemplo FROM (SELECT id_locacion as pkTemplo FROM arma_tu_fiesta.locacion WHERE nombre LIKE '%Judio%Distrito Capital') as tablaTemplo);
INSERT INTO arma_tu_fiesta.templo (fk_templo, parroco, web, fk_religion) VALUES (@templo, 'Juan Carlos Tudela', 'temploJudioDistritoCapital.com.ve', @religion);
INSERT INTO arma_tu_fiesta.telefono (numero, fk_locacion) VALUES ('0426305421', @templo);
INSERT INTO arma_tu_fiesta.email (correo, fk_locacion) VALUES ('JudioDistritoCapital@gmail.com', @templo);

SET @religion = (SELECT pkReligion FROM (SELECT id_religion as pkReligion FROM arma_tu_fiesta.religion WHERE nombre = 'Islamismo') as tablaReligion);
INSERT INTO arma_tu_fiesta.locacion (nombre, tipo, fk_localizacion) VALUES ('Principal Templo Islamico del Estado Distrito Capital', 'Templo', @pertenece);
SET @templo = (SELECT pkTemplo FROM (SELECT id_locacion as pkTemplo FROM arma_tu_fiesta.locacion WHERE nombre LIKE '%Islamico%Distrito Capital') as tablaTemplo);
INSERT INTO arma_tu_fiesta.templo (fk_templo, parroco, web, fk_religion) VALUES (@templo, 'Avelino Aranda', 'temploIslamicoDistritoCapital.com.ve', @religion);
INSERT INTO arma_tu_fiesta.telefono (numero, fk_locacion) VALUES ('0414438642', @templo);
INSERT INTO arma_tu_fiesta.email (correo, fk_locacion) VALUES ('IslamicoDistritoCapital@gmail.com', @templo);

SET @religion = (SELECT pkReligion FROM (SELECT id_religion as pkReligion FROM arma_tu_fiesta.religion WHERE nombre = 'Hinduismo') as tablaReligion);
INSERT INTO arma_tu_fiesta.locacion (nombre, tipo, fk_localizacion) VALUES ('Principal Templo Hindu del Estado Distrito Capital', 'Templo', @pertenece);
SET @templo = (SELECT pkTemplo FROM (SELECT id_locacion as pkTemplo FROM arma_tu_fiesta.locacion WHERE nombre LIKE '%Hindu%Distrito Capital') as tablaTemplo);
INSERT INTO arma_tu_fiesta.templo (fk_templo, parroco, web, fk_religion) VALUES (@templo, 'Iñaki Parejo', 'temploHinduDistritoCapital.com.ve', @religion);
INSERT INTO arma_tu_fiesta.telefono (numero, fk_locacion) VALUES ('0414240452', @templo);
INSERT INTO arma_tu_fiesta.email (correo, fk_locacion) VALUES ('HinduDistritoCapital@gmail.com', @templo);

SET @religion = (SELECT pkReligion FROM (SELECT id_religion as pkReligion FROM arma_tu_fiesta.religion WHERE nombre = 'Shintoismo') as tablaReligion);
INSERT INTO arma_tu_fiesta.locacion (nombre, tipo, fk_localizacion) VALUES ('Principal Templo Shinto del Estado Distrito Capital', 'Templo', @pertenece);
SET @templo = (SELECT pkTemplo FROM (SELECT id_locacion as pkTemplo FROM arma_tu_fiesta.locacion WHERE nombre LIKE '%Shinto%Distrito Capital') as tablaTemplo);
INSERT INTO arma_tu_fiesta.templo (fk_templo, parroco, web, fk_religion) VALUES (@templo, 'Jose Ignacio Santos', 'temploShintoDistritoCapital.com.ve', @religion);
INSERT INTO arma_tu_fiesta.telefono (numero, fk_locacion) VALUES ('0414931586', @templo);
INSERT INTO arma_tu_fiesta.email (correo, fk_locacion) VALUES ('ShintoDistritoCapital@gmail.com', @templo);

SET @estado = (SELECT pkLugar FROM (SELECT id_lugar as pkLugar FROM arma_tu_fiesta.lugar WHERE tipo = 'Estado' AND nombre = 'Falcón') as tablaLugar);
SET @religion = (SELECT pkReligion FROM (SELECT id_religion as pkReligion FROM arma_tu_fiesta.religion WHERE nombre = 'Cristianismo') as tablaReligion);
INSERT INTO arma_tu_fiesta.locacion (nombre, tipo, fk_localizacion) VALUES ('Principal Templo Catolico del Estado Falcón', 'Templo', @pertenece);
SET @templo = (SELECT pkTemplo FROM (SELECT id_locacion as pkTemplo FROM arma_tu_fiesta.locacion WHERE nombre LIKE '%Catolico%Falcón') as tablaTemplo);
INSERT INTO arma_tu_fiesta.templo (fk_templo, parroco, web, fk_religion) VALUES (@templo, 'Yeray Cruz', 'temploCatolicoFalcón.com.ve', @religion);
INSERT INTO arma_tu_fiesta.telefono (numero, fk_locacion) VALUES ('0424922749', @templo);
INSERT INTO arma_tu_fiesta.email (correo, fk_locacion) VALUES ('CatolicoFalcón@gmail.com', @templo);

SET @religion = (SELECT pkReligion FROM (SELECT id_religion as pkReligion FROM arma_tu_fiesta.religion WHERE nombre = 'Judaismo') as tablaReligion);
INSERT INTO arma_tu_fiesta.locacion (nombre, tipo, fk_localizacion) VALUES ('Principal Templo Judio del Estado Falcón', 'Templo', @pertenece);
SET @templo = (SELECT pkTemplo FROM (SELECT id_locacion as pkTemplo FROM arma_tu_fiesta.locacion WHERE nombre LIKE '%Judio%Falcón') as tablaTemplo);
INSERT INTO arma_tu_fiesta.templo (fk_templo, parroco, web, fk_religion) VALUES (@templo, 'Youssef Serna', 'temploJudioFalcón.com.ve', @religion);
INSERT INTO arma_tu_fiesta.telefono (numero, fk_locacion) VALUES ('0416817031', @templo);
INSERT INTO arma_tu_fiesta.email (correo, fk_locacion) VALUES ('JudioFalcón@gmail.com', @templo);

SET @religion = (SELECT pkReligion FROM (SELECT id_religion as pkReligion FROM arma_tu_fiesta.religion WHERE nombre = 'Islamismo') as tablaReligion);
INSERT INTO arma_tu_fiesta.locacion (nombre, tipo, fk_localizacion) VALUES ('Principal Templo Islamico del Estado Falcón', 'Templo', @pertenece);
SET @templo = (SELECT pkTemplo FROM (SELECT id_locacion as pkTemplo FROM arma_tu_fiesta.locacion WHERE nombre LIKE '%Islamico%Falcón') as tablaTemplo);
INSERT INTO arma_tu_fiesta.templo (fk_templo, parroco, web, fk_religion) VALUES (@templo, 'Pablo Orozco', 'temploIslamicoFalcón.com.ve', @religion);
INSERT INTO arma_tu_fiesta.telefono (numero, fk_locacion) VALUES ('0212882225', @templo);
INSERT INTO arma_tu_fiesta.email (correo, fk_locacion) VALUES ('IslamicoFalcón@gmail.com', @templo);

SET @religion = (SELECT pkReligion FROM (SELECT id_religion as pkReligion FROM arma_tu_fiesta.religion WHERE nombre = 'Hinduismo') as tablaReligion);
INSERT INTO arma_tu_fiesta.locacion (nombre, tipo, fk_localizacion) VALUES ('Principal Templo Hindu del Estado Falcón', 'Templo', @pertenece);
SET @templo = (SELECT pkTemplo FROM (SELECT id_locacion as pkTemplo FROM arma_tu_fiesta.locacion WHERE nombre LIKE '%Hindu%Falcón') as tablaTemplo);
INSERT INTO arma_tu_fiesta.templo (fk_templo, parroco, web, fk_religion) VALUES (@templo, 'Mario Jaen', 'temploHinduFalcón.com.ve', @religion);
INSERT INTO arma_tu_fiesta.telefono (numero, fk_locacion) VALUES ('0426813605', @templo);
INSERT INTO arma_tu_fiesta.email (correo, fk_locacion) VALUES ('HinduFalcón@gmail.com', @templo);

SET @religion = (SELECT pkReligion FROM (SELECT id_religion as pkReligion FROM arma_tu_fiesta.religion WHERE nombre = 'Shintoismo') as tablaReligion);
INSERT INTO arma_tu_fiesta.locacion (nombre, tipo, fk_localizacion) VALUES ('Principal Templo Shinto del Estado Falcón', 'Templo', @pertenece);
SET @templo = (SELECT pkTemplo FROM (SELECT id_locacion as pkTemplo FROM arma_tu_fiesta.locacion WHERE nombre LIKE '%Shinto%Falcón') as tablaTemplo);
INSERT INTO arma_tu_fiesta.templo (fk_templo, parroco, web, fk_religion) VALUES (@templo, 'Fabian Fuster', 'temploShintoFalcón.com.ve', @religion);
INSERT INTO arma_tu_fiesta.telefono (numero, fk_locacion) VALUES ('0412696428', @templo);
INSERT INTO arma_tu_fiesta.email (correo, fk_locacion) VALUES ('ShintoFalcón@gmail.com', @templo);

SET @estado = (SELECT pkLugar FROM (SELECT id_lugar as pkLugar FROM arma_tu_fiesta.lugar WHERE tipo = 'Estado' AND nombre = 'Guárico') as tablaLugar);
SET @religion = (SELECT pkReligion FROM (SELECT id_religion as pkReligion FROM arma_tu_fiesta.religion WHERE nombre = 'Cristianismo') as tablaReligion);
INSERT INTO arma_tu_fiesta.locacion (nombre, tipo, fk_localizacion) VALUES ('Principal Templo Catolico del Estado Guárico', 'Templo', @pertenece);
SET @templo = (SELECT pkTemplo FROM (SELECT id_locacion as pkTemplo FROM arma_tu_fiesta.locacion WHERE nombre LIKE '%Catolico%Guárico') as tablaTemplo);
INSERT INTO arma_tu_fiesta.templo (fk_templo, parroco, web, fk_religion) VALUES (@templo, 'Sebastian Cañizares', 'temploCatolicoGuárico.com.ve', @religion);
INSERT INTO arma_tu_fiesta.telefono (numero, fk_locacion) VALUES ('0412423634', @templo);
INSERT INTO arma_tu_fiesta.email (correo, fk_locacion) VALUES ('CatolicoGuárico@gmail.com', @templo);

SET @religion = (SELECT pkReligion FROM (SELECT id_religion as pkReligion FROM arma_tu_fiesta.religion WHERE nombre = 'Judaismo') as tablaReligion);
INSERT INTO arma_tu_fiesta.locacion (nombre, tipo, fk_localizacion) VALUES ('Principal Templo Judio del Estado Guárico', 'Templo', @pertenece);
SET @templo = (SELECT pkTemplo FROM (SELECT id_locacion as pkTemplo FROM arma_tu_fiesta.locacion WHERE nombre LIKE '%Judio%Guárico') as tablaTemplo);
INSERT INTO arma_tu_fiesta.templo (fk_templo, parroco, web, fk_religion) VALUES (@templo, 'Rufino Piqueras', 'temploJudioGuárico.com.ve', @religion);
INSERT INTO arma_tu_fiesta.telefono (numero, fk_locacion) VALUES ('0424958325', @templo);
INSERT INTO arma_tu_fiesta.email (correo, fk_locacion) VALUES ('JudioGuárico@gmail.com', @templo);

SET @religion = (SELECT pkReligion FROM (SELECT id_religion as pkReligion FROM arma_tu_fiesta.religion WHERE nombre = 'Islamismo') as tablaReligion);
INSERT INTO arma_tu_fiesta.locacion (nombre, tipo, fk_localizacion) VALUES ('Principal Templo Islamico del Estado Guárico', 'Templo', @pertenece);
SET @templo = (SELECT pkTemplo FROM (SELECT id_locacion as pkTemplo FROM arma_tu_fiesta.locacion WHERE nombre LIKE '%Islamico%Guárico') as tablaTemplo);
INSERT INTO arma_tu_fiesta.templo (fk_templo, parroco, web, fk_religion) VALUES (@templo, 'Moises Arellano', 'temploIslamicoGuárico.com.ve', @religion);
INSERT INTO arma_tu_fiesta.telefono (numero, fk_locacion) VALUES ('0212924911', @templo);
INSERT INTO arma_tu_fiesta.email (correo, fk_locacion) VALUES ('IslamicoGuárico@gmail.com', @templo);

SET @religion = (SELECT pkReligion FROM (SELECT id_religion as pkReligion FROM arma_tu_fiesta.religion WHERE nombre = 'Hinduismo') as tablaReligion);
INSERT INTO arma_tu_fiesta.locacion (nombre, tipo, fk_localizacion) VALUES ('Principal Templo Hindu del Estado Guárico', 'Templo', @pertenece);
SET @templo = (SELECT pkTemplo FROM (SELECT id_locacion as pkTemplo FROM arma_tu_fiesta.locacion WHERE nombre LIKE '%Hindu%Guárico') as tablaTemplo);
INSERT INTO arma_tu_fiesta.templo (fk_templo, parroco, web, fk_religion) VALUES (@templo, 'Alejandro Casado', 'temploHinduGuárico.com.ve', @religion);
INSERT INTO arma_tu_fiesta.telefono (numero, fk_locacion) VALUES ('0426280174', @templo);
INSERT INTO arma_tu_fiesta.email (correo, fk_locacion) VALUES ('HinduGuárico@gmail.com', @templo);

SET @religion = (SELECT pkReligion FROM (SELECT id_religion as pkReligion FROM arma_tu_fiesta.religion WHERE nombre = 'Shintoismo') as tablaReligion);
INSERT INTO arma_tu_fiesta.locacion (nombre, tipo, fk_localizacion) VALUES ('Principal Templo Shinto del Estado Guárico', 'Templo', @pertenece);
SET @templo = (SELECT pkTemplo FROM (SELECT id_locacion as pkTemplo FROM arma_tu_fiesta.locacion WHERE nombre LIKE '%Shinto%Guárico') as tablaTemplo);
INSERT INTO arma_tu_fiesta.templo (fk_templo, parroco, web, fk_religion) VALUES (@templo, 'Miquel Postigo', 'temploShintoGuárico.com.ve', @religion);
INSERT INTO arma_tu_fiesta.telefono (numero, fk_locacion) VALUES ('0212909038', @templo);
INSERT INTO arma_tu_fiesta.email (correo, fk_locacion) VALUES ('ShintoGuárico@gmail.com', @templo);

SET @estado = (SELECT pkLugar FROM (SELECT id_lugar as pkLugar FROM arma_tu_fiesta.lugar WHERE tipo = 'Estado' AND nombre = 'La Guaira') as tablaLugar);
SET @religion = (SELECT pkReligion FROM (SELECT id_religion as pkReligion FROM arma_tu_fiesta.religion WHERE nombre = 'Cristianismo') as tablaReligion);
INSERT INTO arma_tu_fiesta.locacion (nombre, tipo, fk_localizacion) VALUES ('Principal Templo Catolico del Estado La Guaira', 'Templo', @pertenece);
SET @templo = (SELECT pkTemplo FROM (SELECT id_locacion as pkTemplo FROM arma_tu_fiesta.locacion WHERE nombre LIKE '%Catolico%La Guaira') as tablaTemplo);
INSERT INTO arma_tu_fiesta.templo (fk_templo, parroco, web, fk_religion) VALUES (@templo, 'Luis Maria Maza', 'temploCatolicoLaGuaira.com.ve', @religion);
INSERT INTO arma_tu_fiesta.telefono (numero, fk_locacion) VALUES ('0412143217', @templo);
INSERT INTO arma_tu_fiesta.email (correo, fk_locacion) VALUES ('CatolicoLaGuaira@gmail.com', @templo);

SET @religion = (SELECT pkReligion FROM (SELECT id_religion as pkReligion FROM arma_tu_fiesta.religion WHERE nombre = 'Judaismo') as tablaReligion);
INSERT INTO arma_tu_fiesta.locacion (nombre, tipo, fk_localizacion) VALUES ('Principal Templo Judio del Estado La Guaira', 'Templo', @pertenece);
SET @templo = (SELECT pkTemplo FROM (SELECT id_locacion as pkTemplo FROM arma_tu_fiesta.locacion WHERE nombre LIKE '%Judio%La Guaira') as tablaTemplo);
INSERT INTO arma_tu_fiesta.templo (fk_templo, parroco, web, fk_religion) VALUES (@templo, 'Moises Casado', 'temploJudioLaGuaira.com.ve', @religion);
INSERT INTO arma_tu_fiesta.telefono (numero, fk_locacion) VALUES ('0424379966', @templo);
INSERT INTO arma_tu_fiesta.email (correo, fk_locacion) VALUES ('JudioLaGuaira@gmail.com', @templo);

SET @religion = (SELECT pkReligion FROM (SELECT id_religion as pkReligion FROM arma_tu_fiesta.religion WHERE nombre = 'Islamismo') as tablaReligion);
INSERT INTO arma_tu_fiesta.locacion (nombre, tipo, fk_localizacion) VALUES ('Principal Templo Islamico del Estado La Guaira', 'Templo', @pertenece);
SET @templo = (SELECT pkTemplo FROM (SELECT id_locacion as pkTemplo FROM arma_tu_fiesta.locacion WHERE nombre LIKE '%Islamico%La Guaira') as tablaTemplo);
INSERT INTO arma_tu_fiesta.templo (fk_templo, parroco, web, fk_religion) VALUES (@templo, 'Rufino Sevilla', 'temploIslamicoLaGuaira.com.ve', @religion);
INSERT INTO arma_tu_fiesta.telefono (numero, fk_locacion) VALUES ('0426659222', @templo);
INSERT INTO arma_tu_fiesta.email (correo, fk_locacion) VALUES ('IslamicoLaGuaira@gmail.com', @templo);

SET @religion = (SELECT pkReligion FROM (SELECT id_religion as pkReligion FROM arma_tu_fiesta.religion WHERE nombre = 'Hinduismo') as tablaReligion);
INSERT INTO arma_tu_fiesta.locacion (nombre, tipo, fk_localizacion) VALUES ('Principal Templo Hindu del Estado La Guaira', 'Templo', @pertenece);
SET @templo = (SELECT pkTemplo FROM (SELECT id_locacion as pkTemplo FROM arma_tu_fiesta.locacion WHERE nombre LIKE '%Hindu%La Guaira') as tablaTemplo);
INSERT INTO arma_tu_fiesta.templo (fk_templo, parroco, web, fk_religion) VALUES (@templo, 'Sebastian Serrano', 'temploHinduLaGuaira.com.ve', @religion);
INSERT INTO arma_tu_fiesta.telefono (numero, fk_locacion) VALUES ('0212325264', @templo);
INSERT INTO arma_tu_fiesta.email (correo, fk_locacion) VALUES ('HinduLaGuaira@gmail.com', @templo);

SET @religion = (SELECT pkReligion FROM (SELECT id_religion as pkReligion FROM arma_tu_fiesta.religion WHERE nombre = 'Shintoismo') as tablaReligion);
INSERT INTO arma_tu_fiesta.locacion (nombre, tipo, fk_localizacion) VALUES ('Principal Templo Shinto del Estado La Guaira', 'Templo', @pertenece);
SET @templo = (SELECT pkTemplo FROM (SELECT id_locacion as pkTemplo FROM arma_tu_fiesta.locacion WHERE nombre LIKE '%Shinto%La Guaira') as tablaTemplo);
INSERT INTO arma_tu_fiesta.templo (fk_templo, parroco, web, fk_religion) VALUES (@templo, 'Elias Wu', 'temploShintoLaGuaira.com.ve', @religion);
INSERT INTO arma_tu_fiesta.telefono (numero, fk_locacion) VALUES ('0212816312', @templo);
INSERT INTO arma_tu_fiesta.email (correo, fk_locacion) VALUES ('ShintoLaGuaira@gmail.com', @templo);

SET @estado = (SELECT pkLugar FROM (SELECT id_lugar as pkLugar FROM arma_tu_fiesta.lugar WHERE tipo = 'Estado' AND nombre = 'Lara') as tablaLugar);
SET @religion = (SELECT pkReligion FROM (SELECT id_religion as pkReligion FROM arma_tu_fiesta.religion WHERE nombre = 'Cristianismo') as tablaReligion);
INSERT INTO arma_tu_fiesta.locacion (nombre, tipo, fk_localizacion) VALUES ('Principal Templo Catolico del Estado Lara', 'Templo', @pertenece);
SET @templo = (SELECT pkTemplo FROM (SELECT id_locacion as pkTemplo FROM arma_tu_fiesta.locacion WHERE nombre LIKE '%Catolico%Lara') as tablaTemplo);
INSERT INTO arma_tu_fiesta.templo (fk_templo, parroco, web, fk_religion) VALUES (@templo, 'Raul Calleja', 'temploCatolicoLara.com.ve', @religion);
INSERT INTO arma_tu_fiesta.telefono (numero, fk_locacion) VALUES ('0212499876', @templo);
INSERT INTO arma_tu_fiesta.email (correo, fk_locacion) VALUES ('CatolicoLara@gmail.com', @templo);

SET @religion = (SELECT pkReligion FROM (SELECT id_religion as pkReligion FROM arma_tu_fiesta.religion WHERE nombre = 'Judaismo') as tablaReligion);
INSERT INTO arma_tu_fiesta.locacion (nombre, tipo, fk_localizacion) VALUES ('Principal Templo Judio del Estado Lara', 'Templo', @pertenece);
SET @templo = (SELECT pkTemplo FROM (SELECT id_locacion as pkTemplo FROM arma_tu_fiesta.locacion WHERE nombre LIKE '%Judio%Lara') as tablaTemplo);
INSERT INTO arma_tu_fiesta.templo (fk_templo, parroco, web, fk_religion) VALUES (@templo, 'Jose Tudela', 'temploJudioLara.com.ve', @religion);
INSERT INTO arma_tu_fiesta.telefono (numero, fk_locacion) VALUES ('0424523735', @templo);
INSERT INTO arma_tu_fiesta.email (correo, fk_locacion) VALUES ('JudioLara@gmail.com', @templo);

SET @religion = (SELECT pkReligion FROM (SELECT id_religion as pkReligion FROM arma_tu_fiesta.religion WHERE nombre = 'Islamismo') as tablaReligion);
INSERT INTO arma_tu_fiesta.locacion (nombre, tipo, fk_localizacion) VALUES ('Principal Templo Islamico del Estado Lara', 'Templo', @pertenece);
SET @templo = (SELECT pkTemplo FROM (SELECT id_locacion as pkTemplo FROM arma_tu_fiesta.locacion WHERE nombre LIKE '%Islamico%Lara') as tablaTemplo);
INSERT INTO arma_tu_fiesta.templo (fk_templo, parroco, web, fk_religion) VALUES (@templo, 'Melchor Garriga', 'temploIslamicoLara.com.ve', @religion);
INSERT INTO arma_tu_fiesta.telefono (numero, fk_locacion) VALUES ('0412197851', @templo);
INSERT INTO arma_tu_fiesta.email (correo, fk_locacion) VALUES ('IslamicoLara@gmail.com', @templo);

SET @religion = (SELECT pkReligion FROM (SELECT id_religion as pkReligion FROM arma_tu_fiesta.religion WHERE nombre = 'Hinduismo') as tablaReligion);
INSERT INTO arma_tu_fiesta.locacion (nombre, tipo, fk_localizacion) VALUES ('Principal Templo Hindu del Estado Lara', 'Templo', @pertenece);
SET @templo = (SELECT pkTemplo FROM (SELECT id_locacion as pkTemplo FROM arma_tu_fiesta.locacion WHERE nombre LIKE '%Hindu%Lara') as tablaTemplo);
INSERT INTO arma_tu_fiesta.templo (fk_templo, parroco, web, fk_religion) VALUES (@templo, 'Segundo Juarez', 'temploHinduLara.com.ve', @religion);
INSERT INTO arma_tu_fiesta.telefono (numero, fk_locacion) VALUES ('0426253717', @templo);
INSERT INTO arma_tu_fiesta.email (correo, fk_locacion) VALUES ('HinduLara@gmail.com', @templo);

SET @religion = (SELECT pkReligion FROM (SELECT id_religion as pkReligion FROM arma_tu_fiesta.religion WHERE nombre = 'Shintoismo') as tablaReligion);
INSERT INTO arma_tu_fiesta.locacion (nombre, tipo, fk_localizacion) VALUES ('Principal Templo Shinto del Estado Lara', 'Templo', @pertenece);
SET @templo = (SELECT pkTemplo FROM (SELECT id_locacion as pkTemplo FROM arma_tu_fiesta.locacion WHERE nombre LIKE '%Shinto%Lara') as tablaTemplo);
INSERT INTO arma_tu_fiesta.templo (fk_templo, parroco, web, fk_religion) VALUES (@templo, 'Victor Manuel Arnaiz', 'temploShintoLara.com.ve', @religion);
INSERT INTO arma_tu_fiesta.telefono (numero, fk_locacion) VALUES ('0212314678', @templo);
INSERT INTO arma_tu_fiesta.email (correo, fk_locacion) VALUES ('ShintoLara@gmail.com', @templo);

SET @estado = (SELECT pkLugar FROM (SELECT id_lugar as pkLugar FROM arma_tu_fiesta.lugar WHERE tipo = 'Estado' AND nombre = 'Mérida') as tablaLugar);
SET @religion = (SELECT pkReligion FROM (SELECT id_religion as pkReligion FROM arma_tu_fiesta.religion WHERE nombre = 'Cristianismo') as tablaReligion);
INSERT INTO arma_tu_fiesta.locacion (nombre, tipo, fk_localizacion) VALUES ('Principal Templo Catolico del Estado Mérida', 'Templo', @pertenece);
SET @templo = (SELECT pkTemplo FROM (SELECT id_locacion as pkTemplo FROM arma_tu_fiesta.locacion WHERE nombre LIKE '%Catolico%Mérida') as tablaTemplo);
INSERT INTO arma_tu_fiesta.templo (fk_templo, parroco, web, fk_religion) VALUES (@templo, 'Florentino Alcazar', 'temploCatolicoMérida.com.ve', @religion);
INSERT INTO arma_tu_fiesta.telefono (numero, fk_locacion) VALUES ('0426166274', @templo);
INSERT INTO arma_tu_fiesta.email (correo, fk_locacion) VALUES ('CatolicoMérida@gmail.com', @templo);

SET @religion = (SELECT pkReligion FROM (SELECT id_religion as pkReligion FROM arma_tu_fiesta.religion WHERE nombre = 'Judaismo') as tablaReligion);
INSERT INTO arma_tu_fiesta.locacion (nombre, tipo, fk_localizacion) VALUES ('Principal Templo Judio del Estado Mérida', 'Templo', @pertenece);
SET @templo = (SELECT pkTemplo FROM (SELECT id_locacion as pkTemplo FROM arma_tu_fiesta.locacion WHERE nombre LIKE '%Judio%Mérida') as tablaTemplo);
INSERT INTO arma_tu_fiesta.templo (fk_templo, parroco, web, fk_religion) VALUES (@templo, 'Noe Ordoñez', 'temploJudioMérida.com.ve', @religion);
INSERT INTO arma_tu_fiesta.telefono (numero, fk_locacion) VALUES ('0412195874', @templo);
INSERT INTO arma_tu_fiesta.email (correo, fk_locacion) VALUES ('JudioMérida@gmail.com', @templo);

SET @religion = (SELECT pkReligion FROM (SELECT id_religion as pkReligion FROM arma_tu_fiesta.religion WHERE nombre = 'Islamismo') as tablaReligion);
INSERT INTO arma_tu_fiesta.locacion (nombre, tipo, fk_localizacion) VALUES ('Principal Templo Islamico del Estado Mérida', 'Templo', @pertenece);
SET @templo = (SELECT pkTemplo FROM (SELECT id_locacion as pkTemplo FROM arma_tu_fiesta.locacion WHERE nombre LIKE '%Islamico%Mérida') as tablaTemplo);
INSERT INTO arma_tu_fiesta.templo (fk_templo, parroco, web, fk_religion) VALUES (@templo, 'Alexandru Herreros', 'temploIslamicoMérida.com.ve', @religion);
INSERT INTO arma_tu_fiesta.telefono (numero, fk_locacion) VALUES ('0424646880', @templo);
INSERT INTO arma_tu_fiesta.email (correo, fk_locacion) VALUES ('IslamicoMérida@gmail.com', @templo);

SET @religion = (SELECT pkReligion FROM (SELECT id_religion as pkReligion FROM arma_tu_fiesta.religion WHERE nombre = 'Hinduismo') as tablaReligion);
INSERT INTO arma_tu_fiesta.locacion (nombre, tipo, fk_localizacion) VALUES ('Principal Templo Hindu del Estado Mérida', 'Templo', @pertenece);
SET @templo = (SELECT pkTemplo FROM (SELECT id_locacion as pkTemplo FROM arma_tu_fiesta.locacion WHERE nombre LIKE '%Hindu%Mérida') as tablaTemplo);
INSERT INTO arma_tu_fiesta.templo (fk_templo, parroco, web, fk_religion) VALUES (@templo, 'Ramon Amado', 'temploHinduMérida.com.ve', @religion);
INSERT INTO arma_tu_fiesta.telefono (numero, fk_locacion) VALUES ('0414932763', @templo);
INSERT INTO arma_tu_fiesta.email (correo, fk_locacion) VALUES ('HinduMérida@gmail.com', @templo);

SET @religion = (SELECT pkReligion FROM (SELECT id_religion as pkReligion FROM arma_tu_fiesta.religion WHERE nombre = 'Shintoismo') as tablaReligion);
INSERT INTO arma_tu_fiesta.locacion (nombre, tipo, fk_localizacion) VALUES ('Principal Templo Shinto del Estado Mérida', 'Templo', @pertenece);
SET @templo = (SELECT pkTemplo FROM (SELECT id_locacion as pkTemplo FROM arma_tu_fiesta.locacion WHERE nombre LIKE '%Shinto%Mérida') as tablaTemplo);
INSERT INTO arma_tu_fiesta.templo (fk_templo, parroco, web, fk_religion) VALUES (@templo, 'Pablo Amado', 'temploShintoMérida.com.ve', @religion);
INSERT INTO arma_tu_fiesta.telefono (numero, fk_locacion) VALUES ('0414584010', @templo);
INSERT INTO arma_tu_fiesta.email (correo, fk_locacion) VALUES ('ShintoMérida@gmail.com', @templo);

SET @estado = (SELECT pkLugar FROM (SELECT id_lugar as pkLugar FROM arma_tu_fiesta.lugar WHERE tipo = 'Estado' AND nombre = 'Miranda') as tablaLugar);
SET @religion = (SELECT pkReligion FROM (SELECT id_religion as pkReligion FROM arma_tu_fiesta.religion WHERE nombre = 'Cristianismo') as tablaReligion);
INSERT INTO arma_tu_fiesta.locacion (nombre, tipo, fk_localizacion) VALUES ('Principal Templo Catolico del Estado Miranda', 'Templo', @pertenece);
SET @templo = (SELECT pkTemplo FROM (SELECT id_locacion as pkTemplo FROM arma_tu_fiesta.locacion WHERE nombre LIKE '%Catolico%Miranda') as tablaTemplo);
INSERT INTO arma_tu_fiesta.templo (fk_templo, parroco, web, fk_religion) VALUES (@templo, 'Jose Santos', 'temploCatolicoMiranda.com.ve', @religion);
INSERT INTO arma_tu_fiesta.telefono (numero, fk_locacion) VALUES ('0414962029', @templo);
INSERT INTO arma_tu_fiesta.email (correo, fk_locacion) VALUES ('CatolicoMiranda@gmail.com', @templo);

SET @religion = (SELECT pkReligion FROM (SELECT id_religion as pkReligion FROM arma_tu_fiesta.religion WHERE nombre = 'Judaismo') as tablaReligion);
INSERT INTO arma_tu_fiesta.locacion (nombre, tipo, fk_localizacion) VALUES ('Principal Templo Judio del Estado Miranda', 'Templo', @pertenece);
SET @templo = (SELECT pkTemplo FROM (SELECT id_locacion as pkTemplo FROM arma_tu_fiesta.locacion WHERE nombre LIKE '%Judio%Miranda') as tablaTemplo);
INSERT INTO arma_tu_fiesta.templo (fk_templo, parroco, web, fk_religion) VALUES (@templo, 'Ignacio Gomez', 'temploJudioMiranda.com.ve', @religion);
INSERT INTO arma_tu_fiesta.telefono (numero, fk_locacion) VALUES ('0412869588', @templo);
INSERT INTO arma_tu_fiesta.email (correo, fk_locacion) VALUES ('JudioMiranda@gmail.com', @templo);

SET @religion = (SELECT pkReligion FROM (SELECT id_religion as pkReligion FROM arma_tu_fiesta.religion WHERE nombre = 'Islamismo') as tablaReligion);
INSERT INTO arma_tu_fiesta.locacion (nombre, tipo, fk_localizacion) VALUES ('Principal Templo Islamico del Estado Miranda', 'Templo', @pertenece);
SET @templo = (SELECT pkTemplo FROM (SELECT id_locacion as pkTemplo FROM arma_tu_fiesta.locacion WHERE nombre LIKE '%Islamico%Miranda') as tablaTemplo);
INSERT INTO arma_tu_fiesta.templo (fk_templo, parroco, web, fk_religion) VALUES (@templo, 'Victor Dardo', 'temploIslamicoMiranda.com.ve', @religion);
INSERT INTO arma_tu_fiesta.telefono (numero, fk_locacion) VALUES ('0212192862', @templo);
INSERT INTO arma_tu_fiesta.email (correo, fk_locacion) VALUES ('IslamicoMiranda@gmail.com', @templo);

SET @religion = (SELECT pkReligion FROM (SELECT id_religion as pkReligion FROM arma_tu_fiesta.religion WHERE nombre = 'Hinduismo') as tablaReligion);
INSERT INTO arma_tu_fiesta.locacion (nombre, tipo, fk_localizacion) VALUES ('Principal Templo Hindu del Estado Miranda', 'Templo', @pertenece);
SET @templo = (SELECT pkTemplo FROM (SELECT id_locacion as pkTemplo FROM arma_tu_fiesta.locacion WHERE nombre LIKE '%Hindu%Miranda') as tablaTemplo);
INSERT INTO arma_tu_fiesta.templo (fk_templo, parroco, web, fk_religion) VALUES (@templo, 'Ricardo Aralla', 'temploHinduMiranda.com.ve', @religion);
INSERT INTO arma_tu_fiesta.telefono (numero, fk_locacion) VALUES ('0414926623', @templo);
INSERT INTO arma_tu_fiesta.email (correo, fk_locacion) VALUES ('HinduMiranda@gmail.com', @templo);

SET @religion = (SELECT pkReligion FROM (SELECT id_religion as pkReligion FROM arma_tu_fiesta.religion WHERE nombre = 'Shintoismo') as tablaReligion);
INSERT INTO arma_tu_fiesta.locacion (nombre, tipo, fk_localizacion) VALUES ('Principal Templo Shinto del Estado Miranda', 'Templo', @pertenece);
SET @templo = (SELECT pkTemplo FROM (SELECT id_locacion as pkTemplo FROM arma_tu_fiesta.locacion WHERE nombre LIKE '%Shinto%Miranda') as tablaTemplo);
INSERT INTO arma_tu_fiesta.templo (fk_templo, parroco, web, fk_religion) VALUES (@templo, 'Antonio Morales', 'temploShintoMiranda.com.ve', @religion);
INSERT INTO arma_tu_fiesta.telefono (numero, fk_locacion) VALUES ('0414422634', @templo);
INSERT INTO arma_tu_fiesta.email (correo, fk_locacion) VALUES ('ShintoMiranda@gmail.com', @templo);

SET @estado = (SELECT pkLugar FROM (SELECT id_lugar as pkLugar FROM arma_tu_fiesta.lugar WHERE tipo = 'Estado' AND nombre = 'Monagas') as tablaLugar);
SET @religion = (SELECT pkReligion FROM (SELECT id_religion as pkReligion FROM arma_tu_fiesta.religion WHERE nombre = 'Cristianismo') as tablaReligion);
INSERT INTO arma_tu_fiesta.locacion (nombre, tipo, fk_localizacion) VALUES ('Principal Templo Catolico del Estado Monagas', 'Templo', @pertenece);
SET @templo = (SELECT pkTemplo FROM (SELECT id_locacion as pkTemplo FROM arma_tu_fiesta.locacion WHERE nombre LIKE '%Catolico%Monagas') as tablaTemplo);
INSERT INTO arma_tu_fiesta.templo (fk_templo, parroco, web, fk_religion) VALUES (@templo, 'Sebastian Andrade', 'temploCatolicoMonagas.com.ve', @religion);
INSERT INTO arma_tu_fiesta.telefono (numero, fk_locacion) VALUES ('0212723150', @templo);
INSERT INTO arma_tu_fiesta.email (correo, fk_locacion) VALUES ('CatolicoMonagas@gmail.com', @templo);

SET @religion = (SELECT pkReligion FROM (SELECT id_religion as pkReligion FROM arma_tu_fiesta.religion WHERE nombre = 'Judaismo') as tablaReligion);
INSERT INTO arma_tu_fiesta.locacion (nombre, tipo, fk_localizacion) VALUES ('Principal Templo Judio del Estado Monagas', 'Templo', @pertenece);
SET @templo = (SELECT pkTemplo FROM (SELECT id_locacion as pkTemplo FROM arma_tu_fiesta.locacion WHERE nombre LIKE '%Judio%Monagas') as tablaTemplo);
INSERT INTO arma_tu_fiesta.templo (fk_templo, parroco, web, fk_religion) VALUES (@templo, 'Ricardo Seguro', 'temploJudioMonagas.com.ve', @religion);
INSERT INTO arma_tu_fiesta.telefono (numero, fk_locacion) VALUES ('0412448807', @templo);
INSERT INTO arma_tu_fiesta.email (correo, fk_locacion) VALUES ('JudioMonagas@gmail.com', @templo);

SET @religion = (SELECT pkReligion FROM (SELECT id_religion as pkReligion FROM arma_tu_fiesta.religion WHERE nombre = 'Islamismo') as tablaReligion);
INSERT INTO arma_tu_fiesta.locacion (nombre, tipo, fk_localizacion) VALUES ('Principal Templo Islamico del Estado Monagas', 'Templo', @pertenece);
SET @templo = (SELECT pkTemplo FROM (SELECT id_locacion as pkTemplo FROM arma_tu_fiesta.locacion WHERE nombre LIKE '%Islamico%Monagas') as tablaTemplo);
INSERT INTO arma_tu_fiesta.templo (fk_templo, parroco, web, fk_religion) VALUES (@templo, 'Luis Uribe', 'temploIslamicoMonagas.com.ve', @religion);
INSERT INTO arma_tu_fiesta.telefono (numero, fk_locacion) VALUES ('0412801428', @templo);
INSERT INTO arma_tu_fiesta.email (correo, fk_locacion) VALUES ('IslamicoMonagas@gmail.com', @templo);

SET @religion = (SELECT pkReligion FROM (SELECT id_religion as pkReligion FROM arma_tu_fiesta.religion WHERE nombre = 'Hinduismo') as tablaReligion);
INSERT INTO arma_tu_fiesta.locacion (nombre, tipo, fk_localizacion) VALUES ('Principal Templo Hindu del Estado Monagas', 'Templo', @pertenece);
SET @templo = (SELECT pkTemplo FROM (SELECT id_locacion as pkTemplo FROM arma_tu_fiesta.locacion WHERE nombre LIKE '%Hindu%Monagas') as tablaTemplo);
INSERT INTO arma_tu_fiesta.templo (fk_templo, parroco, web, fk_religion) VALUES (@templo, 'David Mendoza', 'temploHinduMonagas.com.ve', @religion);
INSERT INTO arma_tu_fiesta.telefono (numero, fk_locacion) VALUES ('0426336689', @templo);
INSERT INTO arma_tu_fiesta.email (correo, fk_locacion) VALUES ('HinduMonagas@gmail.com', @templo);

SET @religion = (SELECT pkReligion FROM (SELECT id_religion as pkReligion FROM arma_tu_fiesta.religion WHERE nombre = 'Shintoismo') as tablaReligion);
INSERT INTO arma_tu_fiesta.locacion (nombre, tipo, fk_localizacion) VALUES ('Principal Templo Shinto del Estado Monagas', 'Templo', @pertenece);
SET @templo = (SELECT pkTemplo FROM (SELECT id_locacion as pkTemplo FROM arma_tu_fiesta.locacion WHERE nombre LIKE '%Shinto%Monagas') as tablaTemplo);
INSERT INTO arma_tu_fiesta.templo (fk_templo, parroco, web, fk_religion) VALUES (@templo, 'Armando Valencia', 'temploShintoMonagas.com.ve', @religion);
INSERT INTO arma_tu_fiesta.telefono (numero, fk_locacion) VALUES ('0426177649', @templo);
INSERT INTO arma_tu_fiesta.email (correo, fk_locacion) VALUES ('ShintoMonagas@gmail.com', @templo);

SET @estado = (SELECT pkLugar FROM (SELECT id_lugar as pkLugar FROM arma_tu_fiesta.lugar WHERE tipo = 'Estado' AND nombre = 'Nueva Esparta') as tablaLugar);
SET @religion = (SELECT pkReligion FROM (SELECT id_religion as pkReligion FROM arma_tu_fiesta.religion WHERE nombre = 'Cristianismo') as tablaReligion);
INSERT INTO arma_tu_fiesta.locacion (nombre, tipo, fk_localizacion) VALUES ('Principal Templo Catolico del Estado Nueva Esparta', 'Templo', @pertenece);
SET @templo = (SELECT pkTemplo FROM (SELECT id_locacion as pkTemplo FROM arma_tu_fiesta.locacion WHERE nombre LIKE '%Catolico%Nueva Esparta') as tablaTemplo);
INSERT INTO arma_tu_fiesta.templo (fk_templo, parroco, web, fk_religion) VALUES (@templo, 'Eduard Contreras', 'temploCatolicoNuevaEsparta.com.ve', @religion);
INSERT INTO arma_tu_fiesta.telefono (numero, fk_locacion) VALUES ('0212183521', @templo);
INSERT INTO arma_tu_fiesta.email (correo, fk_locacion) VALUES ('CatolicoNuevaEsparta@gmail.com', @templo);

SET @religion = (SELECT pkReligion FROM (SELECT id_religion as pkReligion FROM arma_tu_fiesta.religion WHERE nombre = 'Judaismo') as tablaReligion);
INSERT INTO arma_tu_fiesta.locacion (nombre, tipo, fk_localizacion) VALUES ('Principal Templo Judio del Estado Nueva Esparta', 'Templo', @pertenece);
SET @templo = (SELECT pkTemplo FROM (SELECT id_locacion as pkTemplo FROM arma_tu_fiesta.locacion WHERE nombre LIKE '%Judio%Nueva Esparta') as tablaTemplo);
INSERT INTO arma_tu_fiesta.templo (fk_templo, parroco, web, fk_religion) VALUES (@templo, 'Juan Carlos Valdez', 'temploJudioNuevaEsparta.com.ve', @religion);
INSERT INTO arma_tu_fiesta.telefono (numero, fk_locacion) VALUES ('0426555473', @templo);
INSERT INTO arma_tu_fiesta.email (correo, fk_locacion) VALUES ('JudioNuevaEsparta@gmail.com', @templo);

SET @religion = (SELECT pkReligion FROM (SELECT id_religion as pkReligion FROM arma_tu_fiesta.religion WHERE nombre = 'Islamismo') as tablaReligion);
INSERT INTO arma_tu_fiesta.locacion (nombre, tipo, fk_localizacion) VALUES ('Principal Templo Islamico del Estado Nueva Esparta', 'Templo', @pertenece);
SET @templo = (SELECT pkTemplo FROM (SELECT id_locacion as pkTemplo FROM arma_tu_fiesta.locacion WHERE nombre LIKE '%Islamico%Nueva Esparta') as tablaTemplo);
INSERT INTO arma_tu_fiesta.templo (fk_templo, parroco, web, fk_religion) VALUES (@templo, 'Ramon Barrios', 'temploIslamicoNuevaEsparta.com.ve', @religion);
INSERT INTO arma_tu_fiesta.telefono (numero, fk_locacion) VALUES ('0426110828', @templo);
INSERT INTO arma_tu_fiesta.email (correo, fk_locacion) VALUES ('IslamicoNuevaEsparta@gmail.com', @templo);

SET @religion = (SELECT pkReligion FROM (SELECT id_religion as pkReligion FROM arma_tu_fiesta.religion WHERE nombre = 'Hinduismo') as tablaReligion);
INSERT INTO arma_tu_fiesta.locacion (nombre, tipo, fk_localizacion) VALUES ('Principal Templo Hindu del Estado Nueva Esparta', 'Templo', @pertenece);
SET @templo = (SELECT pkTemplo FROM (SELECT id_locacion as pkTemplo FROM arma_tu_fiesta.locacion WHERE nombre LIKE '%Hindu%Nueva Esparta') as tablaTemplo);
INSERT INTO arma_tu_fiesta.templo (fk_templo, parroco, web, fk_religion) VALUES (@templo, 'Simon Ital', 'temploHinduNuevaEsparta.com.ve', @religion);
INSERT INTO arma_tu_fiesta.telefono (numero, fk_locacion) VALUES ('0424159505', @templo);
INSERT INTO arma_tu_fiesta.email (correo, fk_locacion) VALUES ('HinduNuevaEsparta@gmail.com', @templo);

SET @religion = (SELECT pkReligion FROM (SELECT id_religion as pkReligion FROM arma_tu_fiesta.religion WHERE nombre = 'Shintoismo') as tablaReligion);
INSERT INTO arma_tu_fiesta.locacion (nombre, tipo, fk_localizacion) VALUES ('Principal Templo Shinto del Estado Nueva Esparta', 'Templo', @pertenece);
SET @templo = (SELECT pkTemplo FROM (SELECT id_locacion as pkTemplo FROM arma_tu_fiesta.locacion WHERE nombre LIKE '%Shinto%Nueva Esparta') as tablaTemplo);
INSERT INTO arma_tu_fiesta.templo (fk_templo, parroco, web, fk_religion) VALUES (@templo, 'Oscar Burguillos', 'temploShintoNuevaEsparta.com.ve', @religion);
INSERT INTO arma_tu_fiesta.telefono (numero, fk_locacion) VALUES ('0212790938', @templo);
INSERT INTO arma_tu_fiesta.email (correo, fk_locacion) VALUES ('ShintoNuevaEsparta@gmail.com', @templo);

SET @estado = (SELECT pkLugar FROM (SELECT id_lugar as pkLugar FROM arma_tu_fiesta.lugar WHERE tipo = 'Estado' AND nombre = 'Portuguesa') as tablaLugar);
SET @religion = (SELECT pkReligion FROM (SELECT id_religion as pkReligion FROM arma_tu_fiesta.religion WHERE nombre = 'Cristianismo') as tablaReligion);
INSERT INTO arma_tu_fiesta.locacion (nombre, tipo, fk_localizacion) VALUES ('Principal Templo Catolico del Estado Portuguesa', 'Templo', @pertenece);
SET @templo = (SELECT pkTemplo FROM (SELECT id_locacion as pkTemplo FROM arma_tu_fiesta.locacion WHERE nombre LIKE '%Catolico%Portuguesa') as tablaTemplo);
INSERT INTO arma_tu_fiesta.templo (fk_templo, parroco, web, fk_religion) VALUES (@templo, 'Felix Pietro', 'temploCatolicoPortuguesa.com.ve', @religion);
INSERT INTO arma_tu_fiesta.telefono (numero, fk_locacion) VALUES ('0426450051', @templo);
INSERT INTO arma_tu_fiesta.email (correo, fk_locacion) VALUES ('CatolicoPortuguesa@gmail.com', @templo);

SET @religion = (SELECT pkReligion FROM (SELECT id_religion as pkReligion FROM arma_tu_fiesta.religion WHERE nombre = 'Judaismo') as tablaReligion);
INSERT INTO arma_tu_fiesta.locacion (nombre, tipo, fk_localizacion) VALUES ('Principal Templo Judio del Estado Portuguesa', 'Templo', @pertenece);
SET @templo = (SELECT pkTemplo FROM (SELECT id_locacion as pkTemplo FROM arma_tu_fiesta.locacion WHERE nombre LIKE '%Judio%Portuguesa') as tablaTemplo);
INSERT INTO arma_tu_fiesta.templo (fk_templo, parroco, web, fk_religion) VALUES (@templo, 'Jesus Marcano', 'temploJudioPortuguesa.com.ve', @religion);
INSERT INTO arma_tu_fiesta.telefono (numero, fk_locacion) VALUES ('0426932930', @templo);
INSERT INTO arma_tu_fiesta.email (correo, fk_locacion) VALUES ('JudioPortuguesa@gmail.com', @templo);

SET @religion = (SELECT pkReligion FROM (SELECT id_religion as pkReligion FROM arma_tu_fiesta.religion WHERE nombre = 'Islamismo') as tablaReligion);
INSERT INTO arma_tu_fiesta.locacion (nombre, tipo, fk_localizacion) VALUES ('Principal Templo Islamico del Estado Portuguesa', 'Templo', @pertenece);
SET @templo = (SELECT pkTemplo FROM (SELECT id_locacion as pkTemplo FROM arma_tu_fiesta.locacion WHERE nombre LIKE '%Islamico%Portuguesa') as tablaTemplo);
INSERT INTO arma_tu_fiesta.templo (fk_templo, parroco, web, fk_religion) VALUES (@templo, 'Julio Verne', 'temploIslamicoPortuguesa.com.ve', @religion);
INSERT INTO arma_tu_fiesta.telefono (numero, fk_locacion) VALUES ('0426113180', @templo);
INSERT INTO arma_tu_fiesta.email (correo, fk_locacion) VALUES ('IslamicoPortuguesa@gmail.com', @templo);

SET @religion = (SELECT pkReligion FROM (SELECT id_religion as pkReligion FROM arma_tu_fiesta.religion WHERE nombre = 'Hinduismo') as tablaReligion);
INSERT INTO arma_tu_fiesta.locacion (nombre, tipo, fk_localizacion) VALUES ('Principal Templo Hindu del Estado Portuguesa', 'Templo', @pertenece);
SET @templo = (SELECT pkTemplo FROM (SELECT id_locacion as pkTemplo FROM arma_tu_fiesta.locacion WHERE nombre LIKE '%Hindu%Portuguesa') as tablaTemplo);
INSERT INTO arma_tu_fiesta.templo (fk_templo, parroco, web, fk_religion) VALUES (@templo, 'Octavio Marval', 'temploHinduPortuguesa.com.ve', @religion);
INSERT INTO arma_tu_fiesta.telefono (numero, fk_locacion) VALUES ('0426382735', @templo);
INSERT INTO arma_tu_fiesta.email (correo, fk_locacion) VALUES ('HinduPortuguesa@gmail.com', @templo);

SET @religion = (SELECT pkReligion FROM (SELECT id_religion as pkReligion FROM arma_tu_fiesta.religion WHERE nombre = 'Shintoismo') as tablaReligion);
INSERT INTO arma_tu_fiesta.locacion (nombre, tipo, fk_localizacion) VALUES ('Principal Templo Shinto del Estado Portuguesa', 'Templo', @pertenece);
SET @templo = (SELECT pkTemplo FROM (SELECT id_locacion as pkTemplo FROM arma_tu_fiesta.locacion WHERE nombre LIKE '%Shinto%Portuguesa') as tablaTemplo);
INSERT INTO arma_tu_fiesta.templo (fk_templo, parroco, web, fk_religion) VALUES (@templo, 'Joseph Baldillo', 'temploShintoPortuguesa.com.ve', @religion);
INSERT INTO arma_tu_fiesta.telefono (numero, fk_locacion) VALUES ('0414587193', @templo);
INSERT INTO arma_tu_fiesta.email (correo, fk_locacion) VALUES ('ShintoPortuguesa@gmail.com', @templo);

SET @estado = (SELECT pkLugar FROM (SELECT id_lugar as pkLugar FROM arma_tu_fiesta.lugar WHERE tipo = 'Estado' AND nombre = 'Sucre') as tablaLugar);
SET @religion = (SELECT pkReligion FROM (SELECT id_religion as pkReligion FROM arma_tu_fiesta.religion WHERE nombre = 'Cristianismo') as tablaReligion);
INSERT INTO arma_tu_fiesta.locacion (nombre, tipo, fk_localizacion) VALUES ('Principal Templo Catolico del Estado Sucre', 'Templo', @pertenece);
SET @templo = (SELECT pkTemplo FROM (SELECT id_locacion as pkTemplo FROM arma_tu_fiesta.locacion WHERE nombre LIKE '%Catolico%Sucre') as tablaTemplo);
INSERT INTO arma_tu_fiesta.templo (fk_templo, parroco, web, fk_religion) VALUES (@templo, 'Pierino Navarro', 'temploCatolicoSucre.com.ve', @religion);
INSERT INTO arma_tu_fiesta.telefono (numero, fk_locacion) VALUES ('0416563075', @templo);
INSERT INTO arma_tu_fiesta.email (correo, fk_locacion) VALUES ('CatolicoSucre@gmail.com', @templo);

SET @religion = (SELECT pkReligion FROM (SELECT id_religion as pkReligion FROM arma_tu_fiesta.religion WHERE nombre = 'Judaismo') as tablaReligion);
INSERT INTO arma_tu_fiesta.locacion (nombre, tipo, fk_localizacion) VALUES ('Principal Templo Judio del Estado Sucre', 'Templo', @pertenece);
SET @templo = (SELECT pkTemplo FROM (SELECT id_locacion as pkTemplo FROM arma_tu_fiesta.locacion WHERE nombre LIKE '%Judio%Sucre') as tablaTemplo);
INSERT INTO arma_tu_fiesta.templo (fk_templo, parroco, web, fk_religion) VALUES (@templo, 'Josue Navaez', 'temploJudioSucre.com.ve', @religion);
INSERT INTO arma_tu_fiesta.telefono (numero, fk_locacion) VALUES ('0414451494', @templo);
INSERT INTO arma_tu_fiesta.email (correo, fk_locacion) VALUES ('JudioSucre@gmail.com', @templo);

SET @religion = (SELECT pkReligion FROM (SELECT id_religion as pkReligion FROM arma_tu_fiesta.religion WHERE nombre = 'Islamismo') as tablaReligion);
INSERT INTO arma_tu_fiesta.locacion (nombre, tipo, fk_localizacion) VALUES ('Principal Templo Islamico del Estado Sucre', 'Templo', @pertenece);
SET @templo = (SELECT pkTemplo FROM (SELECT id_locacion as pkTemplo FROM arma_tu_fiesta.locacion WHERE nombre LIKE '%Islamico%Sucre') as tablaTemplo);
INSERT INTO arma_tu_fiesta.templo (fk_templo, parroco, web, fk_religion) VALUES (@templo, 'Felipe Russi', 'temploIslamicoSucre.com.ve', @religion);
INSERT INTO arma_tu_fiesta.telefono (numero, fk_locacion) VALUES ('0426146324', @templo);
INSERT INTO arma_tu_fiesta.email (correo, fk_locacion) VALUES ('IslamicoSucre@gmail.com', @templo);

SET @religion = (SELECT pkReligion FROM (SELECT id_religion as pkReligion FROM arma_tu_fiesta.religion WHERE nombre = 'Hinduismo') as tablaReligion);
INSERT INTO arma_tu_fiesta.locacion (nombre, tipo, fk_localizacion) VALUES ('Principal Templo Hindu del Estado Sucre', 'Templo', @pertenece);
SET @templo = (SELECT pkTemplo FROM (SELECT id_locacion as pkTemplo FROM arma_tu_fiesta.locacion WHERE nombre LIKE '%Hindu%Sucre') as tablaTemplo);
INSERT INTO arma_tu_fiesta.templo (fk_templo, parroco, web, fk_religion) VALUES (@templo, 'Alexis Ramos', 'temploHinduSucre.com.ve', @religion);
INSERT INTO arma_tu_fiesta.telefono (numero, fk_locacion) VALUES ('0426967384', @templo);
INSERT INTO arma_tu_fiesta.email (correo, fk_locacion) VALUES ('HinduSucre@gmail.com', @templo);

SET @religion = (SELECT pkReligion FROM (SELECT id_religion as pkReligion FROM arma_tu_fiesta.religion WHERE nombre = 'Shintoismo') as tablaReligion);
INSERT INTO arma_tu_fiesta.locacion (nombre, tipo, fk_localizacion) VALUES ('Principal Templo Shinto del Estado Sucre', 'Templo', @pertenece);
SET @templo = (SELECT pkTemplo FROM (SELECT id_locacion as pkTemplo FROM arma_tu_fiesta.locacion WHERE nombre LIKE '%Shinto%Sucre') as tablaTemplo);
INSERT INTO arma_tu_fiesta.templo (fk_templo, parroco, web, fk_religion) VALUES (@templo, 'Daniel Leon', 'temploShintoSucre.com.ve', @religion);
INSERT INTO arma_tu_fiesta.telefono (numero, fk_locacion) VALUES ('0414957692', @templo);
INSERT INTO arma_tu_fiesta.email (correo, fk_locacion) VALUES ('ShintoSucre@gmail.com', @templo);

SET @estado = (SELECT pkLugar FROM (SELECT id_lugar as pkLugar FROM arma_tu_fiesta.lugar WHERE tipo = 'Estado' AND nombre = 'Táchira') as tablaLugar);
SET @religion = (SELECT pkReligion FROM (SELECT id_religion as pkReligion FROM arma_tu_fiesta.religion WHERE nombre = 'Cristianismo') as tablaReligion);
INSERT INTO arma_tu_fiesta.locacion (nombre, tipo, fk_localizacion) VALUES ('Principal Templo Catolico del Estado Táchira', 'Templo', @pertenece);
SET @templo = (SELECT pkTemplo FROM (SELECT id_locacion as pkTemplo FROM arma_tu_fiesta.locacion WHERE nombre LIKE '%Catolico%Táchira') as tablaTemplo);
INSERT INTO arma_tu_fiesta.templo (fk_templo, parroco, web, fk_religion) VALUES (@templo, 'Edgar Casco', 'temploCatolicoTáchira.com.ve', @religion);
INSERT INTO arma_tu_fiesta.telefono (numero, fk_locacion) VALUES ('0424448575', @templo);
INSERT INTO arma_tu_fiesta.email (correo, fk_locacion) VALUES ('CatolicoTáchira@gmail.com', @templo);

SET @religion = (SELECT pkReligion FROM (SELECT id_religion as pkReligion FROM arma_tu_fiesta.religion WHERE nombre = 'Judaismo') as tablaReligion);
INSERT INTO arma_tu_fiesta.locacion (nombre, tipo, fk_localizacion) VALUES ('Principal Templo Judio del Estado Táchira', 'Templo', @pertenece);
SET @templo = (SELECT pkTemplo FROM (SELECT id_locacion as pkTemplo FROM arma_tu_fiesta.locacion WHERE nombre LIKE '%Judio%Táchira') as tablaTemplo);
INSERT INTO arma_tu_fiesta.templo (fk_templo, parroco, web, fk_religion) VALUES (@templo, 'Joy Ruiz', 'temploJudioTáchira.com.ve', @religion);
INSERT INTO arma_tu_fiesta.telefono (numero, fk_locacion) VALUES ('0424987453', @templo);
INSERT INTO arma_tu_fiesta.email (correo, fk_locacion) VALUES ('JudioTáchira@gmail.com', @templo);

SET @religion = (SELECT pkReligion FROM (SELECT id_religion as pkReligion FROM arma_tu_fiesta.religion WHERE nombre = 'Islamismo') as tablaReligion);
INSERT INTO arma_tu_fiesta.locacion (nombre, tipo, fk_localizacion) VALUES ('Principal Templo Islamico del Estado Táchira', 'Templo', @pertenece);
SET @templo = (SELECT pkTemplo FROM (SELECT id_locacion as pkTemplo FROM arma_tu_fiesta.locacion WHERE nombre LIKE '%Islamico%Táchira') as tablaTemplo);
INSERT INTO arma_tu_fiesta.templo (fk_templo, parroco, web, fk_religion) VALUES (@templo, 'Carlos Velez', 'temploIslamicoTáchira.com.ve', @religion);
INSERT INTO arma_tu_fiesta.telefono (numero, fk_locacion) VALUES ('0212875144', @templo);
INSERT INTO arma_tu_fiesta.email (correo, fk_locacion) VALUES ('IslamicoTáchira@gmail.com', @templo);

SET @religion = (SELECT pkReligion FROM (SELECT id_religion as pkReligion FROM arma_tu_fiesta.religion WHERE nombre = 'Hinduismo') as tablaReligion);
INSERT INTO arma_tu_fiesta.locacion (nombre, tipo, fk_localizacion) VALUES ('Principal Templo Hindu del Estado Táchira', 'Templo', @pertenece);
SET @templo = (SELECT pkTemplo FROM (SELECT id_locacion as pkTemplo FROM arma_tu_fiesta.locacion WHERE nombre LIKE '%Hindu%Táchira') as tablaTemplo);
INSERT INTO arma_tu_fiesta.templo (fk_templo, parroco, web, fk_religion) VALUES (@templo, 'David Rodriguez', 'temploHinduTáchira.com.ve', @religion);
INSERT INTO arma_tu_fiesta.telefono (numero, fk_locacion) VALUES ('0424431192', @templo);
INSERT INTO arma_tu_fiesta.email (correo, fk_locacion) VALUES ('HinduTáchira@gmail.com', @templo);

SET @religion = (SELECT pkReligion FROM (SELECT id_religion as pkReligion FROM arma_tu_fiesta.religion WHERE nombre = 'Shintoismo') as tablaReligion);
INSERT INTO arma_tu_fiesta.locacion (nombre, tipo, fk_localizacion) VALUES ('Principal Templo Shinto del Estado Táchira', 'Templo', @pertenece);
SET @templo = (SELECT pkTemplo FROM (SELECT id_locacion as pkTemplo FROM arma_tu_fiesta.locacion WHERE nombre LIKE '%Shinto%Táchira') as tablaTemplo);
INSERT INTO arma_tu_fiesta.templo (fk_templo, parroco, web, fk_religion) VALUES (@templo, 'Ernesto Roman', 'temploShintoTáchira.com.ve', @religion);
INSERT INTO arma_tu_fiesta.telefono (numero, fk_locacion) VALUES ('0414165525', @templo);
INSERT INTO arma_tu_fiesta.email (correo, fk_locacion) VALUES ('ShintoTáchira@gmail.com', @templo);

SET @estado = (SELECT pkLugar FROM (SELECT id_lugar as pkLugar FROM arma_tu_fiesta.lugar WHERE tipo = 'Estado' AND nombre = 'Trujillo') as tablaLugar);
SET @religion = (SELECT pkReligion FROM (SELECT id_religion as pkReligion FROM arma_tu_fiesta.religion WHERE nombre = 'Cristianismo') as tablaReligion);
INSERT INTO arma_tu_fiesta.locacion (nombre, tipo, fk_localizacion) VALUES ('Principal Templo Catolico del Estado Trujillo', 'Templo', @pertenece);
SET @templo = (SELECT pkTemplo FROM (SELECT id_locacion as pkTemplo FROM arma_tu_fiesta.locacion WHERE nombre LIKE '%Catolico%Trujillo') as tablaTemplo);
INSERT INTO arma_tu_fiesta.templo (fk_templo, parroco, web, fk_religion) VALUES (@templo, 'Luis Tapia', 'temploCatolicoTrujillo.com.ve', @religion);
INSERT INTO arma_tu_fiesta.telefono (numero, fk_locacion) VALUES ('0424222055', @templo);
INSERT INTO arma_tu_fiesta.email (correo, fk_locacion) VALUES ('CatolicoTrujillo@gmail.com', @templo);

SET @religion = (SELECT pkReligion FROM (SELECT id_religion as pkReligion FROM arma_tu_fiesta.religion WHERE nombre = 'Judaismo') as tablaReligion);
INSERT INTO arma_tu_fiesta.locacion (nombre, tipo, fk_localizacion) VALUES ('Principal Templo Judio del Estado Trujillo', 'Templo', @pertenece);
SET @templo = (SELECT pkTemplo FROM (SELECT id_locacion as pkTemplo FROM arma_tu_fiesta.locacion WHERE nombre LIKE '%Judio%Trujillo') as tablaTemplo);
INSERT INTO arma_tu_fiesta.templo (fk_templo, parroco, web, fk_religion) VALUES (@templo, 'Leonardo Saldivar', 'temploJudioTrujillo.com.ve', @religion);
INSERT INTO arma_tu_fiesta.telefono (numero, fk_locacion) VALUES ('0412966177', @templo);
INSERT INTO arma_tu_fiesta.email (correo, fk_locacion) VALUES ('JudioTrujillo@gmail.com', @templo);

SET @religion = (SELECT pkReligion FROM (SELECT id_religion as pkReligion FROM arma_tu_fiesta.religion WHERE nombre = 'Islamismo') as tablaReligion);
INSERT INTO arma_tu_fiesta.locacion (nombre, tipo, fk_localizacion) VALUES ('Principal Templo Islamico del Estado Trujillo', 'Templo', @pertenece);
SET @templo = (SELECT pkTemplo FROM (SELECT id_locacion as pkTemplo FROM arma_tu_fiesta.locacion WHERE nombre LIKE '%Islamico%Trujillo') as tablaTemplo);
INSERT INTO arma_tu_fiesta.templo (fk_templo, parroco, web, fk_religion) VALUES (@templo, 'Nestor Zuniga', 'temploIslamicoTrujillo.com.ve', @religion);
INSERT INTO arma_tu_fiesta.telefono (numero, fk_locacion) VALUES ('0212765713', @templo);
INSERT INTO arma_tu_fiesta.email (correo, fk_locacion) VALUES ('IslamicoTrujillo@gmail.com', @templo);

SET @religion = (SELECT pkReligion FROM (SELECT id_religion as pkReligion FROM arma_tu_fiesta.religion WHERE nombre = 'Hinduismo') as tablaReligion);
INSERT INTO arma_tu_fiesta.locacion (nombre, tipo, fk_localizacion) VALUES ('Principal Templo Hindu del Estado Trujillo', 'Templo', @pertenece);
SET @templo = (SELECT pkTemplo FROM (SELECT id_locacion as pkTemplo FROM arma_tu_fiesta.locacion WHERE nombre LIKE '%Hindu%Trujillo') as tablaTemplo);
INSERT INTO arma_tu_fiesta.templo (fk_templo, parroco, web, fk_religion) VALUES (@templo, 'Ruben Aguilar', 'temploHinduTrujillo.com.ve', @religion);
INSERT INTO arma_tu_fiesta.telefono (numero, fk_locacion) VALUES ('0424416535', @templo);
INSERT INTO arma_tu_fiesta.email (correo, fk_locacion) VALUES ('HinduTrujillo@gmail.com', @templo);

SET @religion = (SELECT pkReligion FROM (SELECT id_religion as pkReligion FROM arma_tu_fiesta.religion WHERE nombre = 'Shintoismo') as tablaReligion);
INSERT INTO arma_tu_fiesta.locacion (nombre, tipo, fk_localizacion) VALUES ('Principal Templo Shinto del Estado Trujillo', 'Templo', @pertenece);
SET @templo = (SELECT pkTemplo FROM (SELECT id_locacion as pkTemplo FROM arma_tu_fiesta.locacion WHERE nombre LIKE '%Shinto%Trujillo') as tablaTemplo);
INSERT INTO arma_tu_fiesta.templo (fk_templo, parroco, web, fk_religion) VALUES (@templo, 'Alfredo Vierya', 'temploShintoTrujillo.com.ve', @religion);
INSERT INTO arma_tu_fiesta.telefono (numero, fk_locacion) VALUES ('0414629382', @templo);
INSERT INTO arma_tu_fiesta.email (correo, fk_locacion) VALUES ('ShintoTrujillo@gmail.com', @templo);

SET @estado = (SELECT pkLugar FROM (SELECT id_lugar as pkLugar FROM arma_tu_fiesta.lugar WHERE tipo = 'Estado' AND nombre = 'Yaracuy') as tablaLugar);
SET @religion = (SELECT pkReligion FROM (SELECT id_religion as pkReligion FROM arma_tu_fiesta.religion WHERE nombre = 'Cristianismo') as tablaReligion);
INSERT INTO arma_tu_fiesta.locacion (nombre, tipo, fk_localizacion) VALUES ('Principal Templo Catolico del Estado Yaracuy', 'Templo', @pertenece);
SET @templo = (SELECT pkTemplo FROM (SELECT id_locacion as pkTemplo FROM arma_tu_fiesta.locacion WHERE nombre LIKE '%Catolico%Yaracuy') as tablaTemplo);
INSERT INTO arma_tu_fiesta.templo (fk_templo, parroco, web, fk_religion) VALUES (@templo, 'Brandon Bahuer', 'temploCatolicoYaracuy.com.ve', @religion);
INSERT INTO arma_tu_fiesta.telefono (numero, fk_locacion) VALUES ('0212428783', @templo);
INSERT INTO arma_tu_fiesta.email (correo, fk_locacion) VALUES ('CatolicoYaracuy@gmail.com', @templo);

SET @religion = (SELECT pkReligion FROM (SELECT id_religion as pkReligion FROM arma_tu_fiesta.religion WHERE nombre = 'Judaismo') as tablaReligion);
INSERT INTO arma_tu_fiesta.locacion (nombre, tipo, fk_localizacion) VALUES ('Principal Templo Judio del Estado Yaracuy', 'Templo', @pertenece);
SET @templo = (SELECT pkTemplo FROM (SELECT id_locacion as pkTemplo FROM arma_tu_fiesta.locacion WHERE nombre LIKE '%Judio%Yaracuy') as tablaTemplo);
INSERT INTO arma_tu_fiesta.templo (fk_templo, parroco, web, fk_religion) VALUES (@templo, 'Miguel Quintana', 'temploJudioYaracuy.com.ve', @religion);
INSERT INTO arma_tu_fiesta.telefono (numero, fk_locacion) VALUES ('0414149392', @templo);
INSERT INTO arma_tu_fiesta.email (correo, fk_locacion) VALUES ('JudioYaracuy@gmail.com', @templo);

SET @religion = (SELECT pkReligion FROM (SELECT id_religion as pkReligion FROM arma_tu_fiesta.religion WHERE nombre = 'Islamismo') as tablaReligion);
INSERT INTO arma_tu_fiesta.locacion (nombre, tipo, fk_localizacion) VALUES ('Principal Templo Islamico del Estado Yaracuy', 'Templo', @pertenece);
SET @templo = (SELECT pkTemplo FROM (SELECT id_locacion as pkTemplo FROM arma_tu_fiesta.locacion WHERE nombre LIKE '%Islamico%Yaracuy') as tablaTemplo);
INSERT INTO arma_tu_fiesta.templo (fk_templo, parroco, web, fk_religion) VALUES (@templo, 'Roy Tortua', 'temploIslamicoYaracuy.com.ve', @religion);
INSERT INTO arma_tu_fiesta.telefono (numero, fk_locacion) VALUES ('0416818661', @templo);
INSERT INTO arma_tu_fiesta.email (correo, fk_locacion) VALUES ('IslamicoYaracuy@gmail.com', @templo);

SET @religion = (SELECT pkReligion FROM (SELECT id_religion as pkReligion FROM arma_tu_fiesta.religion WHERE nombre = 'Hinduismo') as tablaReligion);
INSERT INTO arma_tu_fiesta.locacion (nombre, tipo, fk_localizacion) VALUES ('Principal Templo Hindu del Estado Yaracuy', 'Templo', @pertenece);
SET @templo = (SELECT pkTemplo FROM (SELECT id_locacion as pkTemplo FROM arma_tu_fiesta.locacion WHERE nombre LIKE '%Hindu%Yaracuy') as tablaTemplo);
INSERT INTO arma_tu_fiesta.templo (fk_templo, parroco, web, fk_religion) VALUES (@templo, 'Noe Abduzcan', 'temploHinduYaracuy.com.ve', @religion);
INSERT INTO arma_tu_fiesta.telefono (numero, fk_locacion) VALUES ('0412641926', @templo);
INSERT INTO arma_tu_fiesta.email (correo, fk_locacion) VALUES ('HinduYaracuy@gmail.com', @templo);

SET @religion = (SELECT pkReligion FROM (SELECT id_religion as pkReligion FROM arma_tu_fiesta.religion WHERE nombre = 'Shintoismo') as tablaReligion);
INSERT INTO arma_tu_fiesta.locacion (nombre, tipo, fk_localizacion) VALUES ('Principal Templo Shinto del Estado Yaracuy', 'Templo', @pertenece);
SET @templo = (SELECT pkTemplo FROM (SELECT id_locacion as pkTemplo FROM arma_tu_fiesta.locacion WHERE nombre LIKE '%Shinto%Yaracuy') as tablaTemplo);
INSERT INTO arma_tu_fiesta.templo (fk_templo, parroco, web, fk_religion) VALUES (@templo, 'Chimal Gaeta', 'temploShintoYaracuy.com.ve', @religion);
INSERT INTO arma_tu_fiesta.telefono (numero, fk_locacion) VALUES ('0426947441', @templo);
INSERT INTO arma_tu_fiesta.email (correo, fk_locacion) VALUES ('ShintoYaracuy@gmail.com', @templo);

SET @estado = (SELECT pkLugar FROM (SELECT id_lugar as pkLugar FROM arma_tu_fiesta.lugar WHERE tipo = 'Estado' AND nombre = 'Zulia') as tablaLugar);
SET @religion = (SELECT pkReligion FROM (SELECT id_religion as pkReligion FROM arma_tu_fiesta.religion WHERE nombre = 'Cristianismo') as tablaReligion);
INSERT INTO arma_tu_fiesta.locacion (nombre, tipo, fk_localizacion) VALUES ('Principal Templo Catolico del Estado Zulia', 'Templo', @pertenece);
SET @templo = (SELECT pkTemplo FROM (SELECT id_locacion as pkTemplo FROM arma_tu_fiesta.locacion WHERE nombre LIKE '%Catolico%Zulia') as tablaTemplo);
INSERT INTO arma_tu_fiesta.templo (fk_templo, parroco, web, fk_religion) VALUES (@templo, 'Mario Cartagena', 'temploCatolicoZulia.com.ve', @religion);
INSERT INTO arma_tu_fiesta.telefono (numero, fk_locacion) VALUES ('0416753182', @templo);
INSERT INTO arma_tu_fiesta.email (correo, fk_locacion) VALUES ('CatolicoZulia@gmail.com', @templo);

SET @religion = (SELECT pkReligion FROM (SELECT id_religion as pkReligion FROM arma_tu_fiesta.religion WHERE nombre = 'Judaismo') as tablaReligion);
INSERT INTO arma_tu_fiesta.locacion (nombre, tipo, fk_localizacion) VALUES ('Principal Templo Judio del Estado Zulia', 'Templo', @pertenece);
SET @templo = (SELECT pkTemplo FROM (SELECT id_locacion as pkTemplo FROM arma_tu_fiesta.locacion WHERE nombre LIKE '%Judio%Zulia') as tablaTemplo);
INSERT INTO arma_tu_fiesta.templo (fk_templo, parroco, web, fk_religion) VALUES (@templo, 'Jose Montes', 'temploJudioZulia.com.ve', @religion);
INSERT INTO arma_tu_fiesta.telefono (numero, fk_locacion) VALUES ('0414103351', @templo);
INSERT INTO arma_tu_fiesta.email (correo, fk_locacion) VALUES ('JudioZulia@gmail.com', @templo);

SET @religion = (SELECT pkReligion FROM (SELECT id_religion as pkReligion FROM arma_tu_fiesta.religion WHERE nombre = 'Islamismo') as tablaReligion);
INSERT INTO arma_tu_fiesta.locacion (nombre, tipo, fk_localizacion) VALUES ('Principal Templo Islamico del Estado Zulia', 'Templo', @pertenece);
SET @templo = (SELECT pkTemplo FROM (SELECT id_locacion as pkTemplo FROM arma_tu_fiesta.locacion WHERE nombre LIKE '%Islamico%Zulia') as tablaTemplo);
INSERT INTO arma_tu_fiesta.templo (fk_templo, parroco, web, fk_religion) VALUES (@templo, 'Steve Arguello', 'temploIslamicoZulia.com.ve', @religion);
INSERT INTO arma_tu_fiesta.telefono (numero, fk_locacion) VALUES ('0416111597', @templo);
INSERT INTO arma_tu_fiesta.email (correo, fk_locacion) VALUES ('IslamicoZulia@gmail.com', @templo);

SET @religion = (SELECT pkReligion FROM (SELECT id_religion as pkReligion FROM arma_tu_fiesta.religion WHERE nombre = 'Hinduismo') as tablaReligion);
INSERT INTO arma_tu_fiesta.locacion (nombre, tipo, fk_localizacion) VALUES ('Principal Templo Hindu del Estado Zulia', 'Templo', @pertenece);
SET @templo = (SELECT pkTemplo FROM (SELECT id_locacion as pkTemplo FROM arma_tu_fiesta.locacion WHERE nombre LIKE '%Hindu%Zulia') as tablaTemplo);
INSERT INTO arma_tu_fiesta.templo (fk_templo, parroco, web, fk_religion) VALUES (@templo, 'Joel Fener', 'temploHinduZulia.com.ve', @religion);
INSERT INTO arma_tu_fiesta.telefono (numero, fk_locacion) VALUES ('0426968866', @templo);
INSERT INTO arma_tu_fiesta.email (correo, fk_locacion) VALUES ('HinduZulia@gmail.com', @templo);

SET @religion = (SELECT pkReligion FROM (SELECT id_religion as pkReligion FROM arma_tu_fiesta.religion WHERE nombre = 'Shintoismo') as tablaReligion);
INSERT INTO arma_tu_fiesta.locacion (nombre, tipo, fk_localizacion) VALUES ('Principal Templo Shinto del Estado Zulia', 'Templo', @pertenece);
SET @templo = (SELECT pkTemplo FROM (SELECT id_locacion as pkTemplo FROM arma_tu_fiesta.locacion WHERE nombre LIKE '%Shinto%Zulia') as tablaTemplo);
INSERT INTO arma_tu_fiesta.templo (fk_templo, parroco, web, fk_religion) VALUES (@templo, 'David Ruiz', 'temploShintoZulia.com.ve', @religion);
INSERT INTO arma_tu_fiesta.telefono (numero, fk_locacion) VALUES ('0416659591', @templo);
INSERT INTO arma_tu_fiesta.email (correo, fk_locacion) VALUES ('ShintoZulia@gmail.com', @templo);

-- ++++++++++++++++++++++++++++++++++ HORARIOS +++++++++++++++++++++++++++++++++++++++++++++++++++++

INSERT INTO arma_tu_fiesta.horario (dia, turno, hora_inicio, hora_termina)
    VALUES
    ('Lunes','Matutino','07:00:00','12:00:00'),
	('Lunes','Vespertino','13:00:00','18:00:00'),
	('Lunes','Nocturno','18:00:00','22:00:00'),
    ('Martes','Matutino','07:00:00','12:00:00'),
	('Martes','Vespertino','13:00:00','18:00:00'),
	('Martes','Nocturno','18:00:00','22:00:00'),
    ('Miercoles','Matutino','07:00:00','12:00:00'),
	('Miercoles','Vespertino','13:00:00','18:00:00'),
	('Miercoles','Nocturno','18:00:00','22:00:00'),
    ('Jueves','Matutino','07:00:00','12:00:00'),
	('Jueves','Vespertino','13:00:00','18:00:00'),
	('Jueves','Nocturno','18:00:00','22:00:00'),
    ('Viernes','Matutino','07:00:00','12:00:00'),
	('Viernes','Vespertino','13:00:00','18:00:00'),
	('Viernes','Nocturno','18:00:00','22:00:00'),
    ('Sabado','Matutino','07:00:00','12:00:00'),
	('Sabado','Vespertino','13:00:00','18:00:00'),
	('Sabado','Nocturno','18:00:00','22:00:00'),
    ('Domingo','Matutino','07:00:00','12:00:00'),
	('Domingo','Vespertino','13:00:00','18:00:00'),
	('Domingo','Nocturno','18:00:00','22:00:00')
;

-- ++++++++++++++++++++++++++++++++++ TEMPLO_HORARIO +++++++++++++++++++++++++++++++++++++++++++++++++++++

SET @templo = (SELECT pkTemplo FROM (SELECT id_locacion as pkTemplo FROM arma_tu_fiesta.locacion WHERE nombre LIKE '%Catolico%Amazonas') as tablaTemplo);
SET @turno = (SELECT pkTurno FROM (SELECT id_horario as pkTurno FROM arma_tu_fiesta.horario  WHERE dia = 'Lunes' AND turno = 'Matutino') as tablaHorario);
INSERT INTO arma_tu_fiesta.templo_horario (fk_templo,fk_horario) VALUES (@templo, @turno);

SET @turno = (SELECT pkTurno FROM (SELECT id_horario as pkTurno FROM arma_tu_fiesta.horario  WHERE dia = 'Martes' AND turno = 'Matutino') as tablaHorario);
INSERT INTO arma_tu_fiesta.templo_horario (fk_templo,fk_horario) VALUES (@templo, @turno);

SET @turno = (SELECT pkTurno FROM (SELECT id_horario as pkTurno FROM arma_tu_fiesta.horario  WHERE dia = 'Miercoles' AND turno = 'Matutino') as tablaHorario);
INSERT INTO arma_tu_fiesta.templo_horario (fk_templo,fk_horario) VALUES (@templo, @turno);

SET @turno = (SELECT pkTurno FROM (SELECT id_horario as pkTurno FROM arma_tu_fiesta.horario  WHERE dia = 'Jueves' AND turno = 'Matutino') as tablaHorario);
INSERT INTO arma_tu_fiesta.templo_horario (fk_templo,fk_horario) VALUES (@templo, @turno);

SET @turno = (SELECT pkTurno FROM (SELECT id_horario as pkTurno FROM arma_tu_fiesta.horario  WHERE dia = 'Viernes' AND turno = 'Matutino') as tablaHorario);
INSERT INTO arma_tu_fiesta.templo_horario (fk_templo,fk_horario) VALUES (@templo, @turno);

SET @turno = (SELECT pkTurno FROM (SELECT id_horario as pkTurno FROM arma_tu_fiesta.horario  WHERE dia = 'Sabado' AND turno = 'Matutino') as tablaHorario);
INSERT INTO arma_tu_fiesta.templo_horario (fk_templo,fk_horario) VALUES (@templo, @turno);

SET @turno = (SELECT pkTurno FROM (SELECT id_horario as pkTurno FROM arma_tu_fiesta.horario  WHERE dia = 'Domingo' AND turno = 'Matutino') as tablaHorario);
INSERT INTO arma_tu_fiesta.templo_horario (fk_templo,fk_horario) VALUES (@templo, @turno);


SET @templo = (SELECT pkTemplo FROM (SELECT id_locacion as pkTemplo FROM arma_tu_fiesta.locacion WHERE nombre LIKE '%Judio%Amazonas') as tablaTemplo);
SET @turno = (SELECT pkTurno FROM (SELECT id_horario as pkTurno FROM arma_tu_fiesta.horario  WHERE dia = 'Lunes' AND turno = 'Matutino') as tablaHorario);
INSERT INTO arma_tu_fiesta.templo_horario (fk_templo,fk_horario) VALUES (@templo, @turno);

SET @turno = (SELECT pkTurno FROM (SELECT id_horario as pkTurno FROM arma_tu_fiesta.horario  WHERE dia = 'Martes' AND turno = 'Matutino') as tablaHorario);
INSERT INTO arma_tu_fiesta.templo_horario (fk_templo,fk_horario) VALUES (@templo, @turno);

SET @turno = (SELECT pkTurno FROM (SELECT id_horario as pkTurno FROM arma_tu_fiesta.horario  WHERE dia = 'Miercoles' AND turno = 'Matutino') as tablaHorario);
INSERT INTO arma_tu_fiesta.templo_horario (fk_templo,fk_horario) VALUES (@templo, @turno);

SET @turno = (SELECT pkTurno FROM (SELECT id_horario as pkTurno FROM arma_tu_fiesta.horario  WHERE dia = 'Jueves' AND turno = 'Matutino') as tablaHorario);
INSERT INTO arma_tu_fiesta.templo_horario (fk_templo,fk_horario) VALUES (@templo, @turno);

SET @turno = (SELECT pkTurno FROM (SELECT id_horario as pkTurno FROM arma_tu_fiesta.horario  WHERE dia = 'Viernes' AND turno = 'Matutino') as tablaHorario);
INSERT INTO arma_tu_fiesta.templo_horario (fk_templo,fk_horario) VALUES (@templo, @turno);

SET @turno = (SELECT pkTurno FROM (SELECT id_horario as pkTurno FROM arma_tu_fiesta.horario  WHERE dia = 'Sabado' AND turno = 'Matutino') as tablaHorario);
INSERT INTO arma_tu_fiesta.templo_horario (fk_templo,fk_horario) VALUES (@templo, @turno);

SET @turno = (SELECT pkTurno FROM (SELECT id_horario as pkTurno FROM arma_tu_fiesta.horario  WHERE dia = 'Domingo' AND turno = 'Matutino') as tablaHorario);
INSERT INTO arma_tu_fiesta.templo_horario (fk_templo,fk_horario) VALUES (@templo, @turno);


SET @templo = (SELECT pkTemplo FROM (SELECT id_locacion as pkTemplo FROM arma_tu_fiesta.locacion WHERE nombre LIKE '%Islamico%Amazonas') as tablaTemplo);
SET @turno = (SELECT pkTurno FROM (SELECT id_horario as pkTurno FROM arma_tu_fiesta.horario  WHERE dia = 'Lunes' AND turno = 'Matutino') as tablaHorario);
INSERT INTO arma_tu_fiesta.templo_horario (fk_templo,fk_horario) VALUES (@templo, @turno);

SET @turno = (SELECT pkTurno FROM (SELECT id_horario as pkTurno FROM arma_tu_fiesta.horario  WHERE dia = 'Martes' AND turno = 'Matutino') as tablaHorario);
INSERT INTO arma_tu_fiesta.templo_horario (fk_templo,fk_horario) VALUES (@templo, @turno);

SET @turno = (SELECT pkTurno FROM (SELECT id_horario as pkTurno FROM arma_tu_fiesta.horario  WHERE dia = 'Miercoles' AND turno = 'Matutino') as tablaHorario);
INSERT INTO arma_tu_fiesta.templo_horario (fk_templo,fk_horario) VALUES (@templo, @turno);

SET @turno = (SELECT pkTurno FROM (SELECT id_horario as pkTurno FROM arma_tu_fiesta.horario  WHERE dia = 'Jueves' AND turno = 'Matutino') as tablaHorario);
INSERT INTO arma_tu_fiesta.templo_horario (fk_templo,fk_horario) VALUES (@templo, @turno);

SET @turno = (SELECT pkTurno FROM (SELECT id_horario as pkTurno FROM arma_tu_fiesta.horario  WHERE dia = 'Viernes' AND turno = 'Matutino') as tablaHorario);
INSERT INTO arma_tu_fiesta.templo_horario (fk_templo,fk_horario) VALUES (@templo, @turno);

SET @turno = (SELECT pkTurno FROM (SELECT id_horario as pkTurno FROM arma_tu_fiesta.horario  WHERE dia = 'Sabado' AND turno = 'Matutino') as tablaHorario);
INSERT INTO arma_tu_fiesta.templo_horario (fk_templo,fk_horario) VALUES (@templo, @turno);

SET @turno = (SELECT pkTurno FROM (SELECT id_horario as pkTurno FROM arma_tu_fiesta.horario  WHERE dia = 'Domingo' AND turno = 'Matutino') as tablaHorario);
INSERT INTO arma_tu_fiesta.templo_horario (fk_templo,fk_horario) VALUES (@templo, @turno);


SET @templo = (SELECT pkTemplo FROM (SELECT id_locacion as pkTemplo FROM arma_tu_fiesta.locacion WHERE nombre LIKE '%Hindu%Amazonas') as tablaTemplo);
SET @turno = (SELECT pkTurno FROM (SELECT id_horario as pkTurno FROM arma_tu_fiesta.horario  WHERE dia = 'Lunes' AND turno = 'Matutino') as tablaHorario);
INSERT INTO arma_tu_fiesta.templo_horario (fk_templo,fk_horario) VALUES (@templo, @turno);

SET @turno = (SELECT pkTurno FROM (SELECT id_horario as pkTurno FROM arma_tu_fiesta.horario  WHERE dia = 'Martes' AND turno = 'Matutino') as tablaHorario);
INSERT INTO arma_tu_fiesta.templo_horario (fk_templo,fk_horario) VALUES (@templo, @turno);

SET @turno = (SELECT pkTurno FROM (SELECT id_horario as pkTurno FROM arma_tu_fiesta.horario  WHERE dia = 'Miercoles' AND turno = 'Matutino') as tablaHorario);
INSERT INTO arma_tu_fiesta.templo_horario (fk_templo,fk_horario) VALUES (@templo, @turno);

SET @turno = (SELECT pkTurno FROM (SELECT id_horario as pkTurno FROM arma_tu_fiesta.horario  WHERE dia = 'Jueves' AND turno = 'Matutino') as tablaHorario);
INSERT INTO arma_tu_fiesta.templo_horario (fk_templo,fk_horario) VALUES (@templo, @turno);

SET @turno = (SELECT pkTurno FROM (SELECT id_horario as pkTurno FROM arma_tu_fiesta.horario  WHERE dia = 'Viernes' AND turno = 'Matutino') as tablaHorario);
INSERT INTO arma_tu_fiesta.templo_horario (fk_templo,fk_horario) VALUES (@templo, @turno);

SET @turno = (SELECT pkTurno FROM (SELECT id_horario as pkTurno FROM arma_tu_fiesta.horario  WHERE dia = 'Sabado' AND turno = 'Matutino') as tablaHorario);
INSERT INTO arma_tu_fiesta.templo_horario (fk_templo,fk_horario) VALUES (@templo, @turno);

SET @turno = (SELECT pkTurno FROM (SELECT id_horario as pkTurno FROM arma_tu_fiesta.horario  WHERE dia = 'Domingo' AND turno = 'Matutino') as tablaHorario);
INSERT INTO arma_tu_fiesta.templo_horario (fk_templo,fk_horario) VALUES (@templo, @turno);


SET @templo = (SELECT pkTemplo FROM (SELECT id_locacion as pkTemplo FROM arma_tu_fiesta.locacion WHERE nombre LIKE '%Shinto%Amazonas') as tablaTemplo);
SET @turno = (SELECT pkTurno FROM (SELECT id_horario as pkTurno FROM arma_tu_fiesta.horario  WHERE dia = 'Lunes' AND turno = 'Matutino') as tablaHorario);
INSERT INTO arma_tu_fiesta.templo_horario (fk_templo,fk_horario) VALUES (@templo, @turno);

SET @turno = (SELECT pkTurno FROM (SELECT id_horario as pkTurno FROM arma_tu_fiesta.horario  WHERE dia = 'Martes' AND turno = 'Matutino') as tablaHorario);
INSERT INTO arma_tu_fiesta.templo_horario (fk_templo,fk_horario) VALUES (@templo, @turno);

SET @turno = (SELECT pkTurno FROM (SELECT id_horario as pkTurno FROM arma_tu_fiesta.horario  WHERE dia = 'Miercoles' AND turno = 'Matutino') as tablaHorario);
INSERT INTO arma_tu_fiesta.templo_horario (fk_templo,fk_horario) VALUES (@templo, @turno);

SET @turno = (SELECT pkTurno FROM (SELECT id_horario as pkTurno FROM arma_tu_fiesta.horario  WHERE dia = 'Jueves' AND turno = 'Matutino') as tablaHorario);
INSERT INTO arma_tu_fiesta.templo_horario (fk_templo,fk_horario) VALUES (@templo, @turno);

SET @turno = (SELECT pkTurno FROM (SELECT id_horario as pkTurno FROM arma_tu_fiesta.horario  WHERE dia = 'Viernes' AND turno = 'Matutino') as tablaHorario);
INSERT INTO arma_tu_fiesta.templo_horario (fk_templo,fk_horario) VALUES (@templo, @turno);

SET @turno = (SELECT pkTurno FROM (SELECT id_horario as pkTurno FROM arma_tu_fiesta.horario  WHERE dia = 'Sabado' AND turno = 'Matutino') as tablaHorario);
INSERT INTO arma_tu_fiesta.templo_horario (fk_templo,fk_horario) VALUES (@templo, @turno);

SET @turno = (SELECT pkTurno FROM (SELECT id_horario as pkTurno FROM arma_tu_fiesta.horario  WHERE dia = 'Domingo' AND turno = 'Matutino') as tablaHorario);
INSERT INTO arma_tu_fiesta.templo_horario (fk_templo,fk_horario) VALUES (@templo, @turno);


SET @templo = (SELECT pkTemplo FROM (SELECT id_locacion as pkTemplo FROM arma_tu_fiesta.locacion WHERE nombre LIKE '%Catolico%Anzoátegui') as tablaTemplo);
SET @turno = (SELECT pkTurno FROM (SELECT id_horario as pkTurno FROM arma_tu_fiesta.horario  WHERE dia = 'Lunes' AND turno = 'Matutino') as tablaHorario);
INSERT INTO arma_tu_fiesta.templo_horario (fk_templo,fk_horario) VALUES (@templo, @turno);

SET @turno = (SELECT pkTurno FROM (SELECT id_horario as pkTurno FROM arma_tu_fiesta.horario  WHERE dia = 'Martes' AND turno = 'Matutino') as tablaHorario);
INSERT INTO arma_tu_fiesta.templo_horario (fk_templo,fk_horario) VALUES (@templo, @turno);

SET @turno = (SELECT pkTurno FROM (SELECT id_horario as pkTurno FROM arma_tu_fiesta.horario  WHERE dia = 'Miercoles' AND turno = 'Matutino') as tablaHorario);
INSERT INTO arma_tu_fiesta.templo_horario (fk_templo,fk_horario) VALUES (@templo, @turno);

SET @turno = (SELECT pkTurno FROM (SELECT id_horario as pkTurno FROM arma_tu_fiesta.horario  WHERE dia = 'Jueves' AND turno = 'Matutino') as tablaHorario);
INSERT INTO arma_tu_fiesta.templo_horario (fk_templo,fk_horario) VALUES (@templo, @turno);

SET @turno = (SELECT pkTurno FROM (SELECT id_horario as pkTurno FROM arma_tu_fiesta.horario  WHERE dia = 'Viernes' AND turno = 'Matutino') as tablaHorario);
INSERT INTO arma_tu_fiesta.templo_horario (fk_templo,fk_horario) VALUES (@templo, @turno);

SET @turno = (SELECT pkTurno FROM (SELECT id_horario as pkTurno FROM arma_tu_fiesta.horario  WHERE dia = 'Sabado' AND turno = 'Matutino') as tablaHorario);
INSERT INTO arma_tu_fiesta.templo_horario (fk_templo,fk_horario) VALUES (@templo, @turno);

SET @turno = (SELECT pkTurno FROM (SELECT id_horario as pkTurno FROM arma_tu_fiesta.horario  WHERE dia = 'Domingo' AND turno = 'Matutino') as tablaHorario);
INSERT INTO arma_tu_fiesta.templo_horario (fk_templo,fk_horario) VALUES (@templo, @turno);


SET @templo = (SELECT pkTemplo FROM (SELECT id_locacion as pkTemplo FROM arma_tu_fiesta.locacion WHERE nombre LIKE '%Judio%Anzoátegui') as tablaTemplo);
SET @turno = (SELECT pkTurno FROM (SELECT id_horario as pkTurno FROM arma_tu_fiesta.horario  WHERE dia = 'Lunes' AND turno = 'Matutino') as tablaHorario);
INSERT INTO arma_tu_fiesta.templo_horario (fk_templo,fk_horario) VALUES (@templo, @turno);

SET @turno = (SELECT pkTurno FROM (SELECT id_horario as pkTurno FROM arma_tu_fiesta.horario  WHERE dia = 'Martes' AND turno = 'Matutino') as tablaHorario);
INSERT INTO arma_tu_fiesta.templo_horario (fk_templo,fk_horario) VALUES (@templo, @turno);

SET @turno = (SELECT pkTurno FROM (SELECT id_horario as pkTurno FROM arma_tu_fiesta.horario  WHERE dia = 'Miercoles' AND turno = 'Matutino') as tablaHorario);
INSERT INTO arma_tu_fiesta.templo_horario (fk_templo,fk_horario) VALUES (@templo, @turno);

SET @turno = (SELECT pkTurno FROM (SELECT id_horario as pkTurno FROM arma_tu_fiesta.horario  WHERE dia = 'Jueves' AND turno = 'Matutino') as tablaHorario);
INSERT INTO arma_tu_fiesta.templo_horario (fk_templo,fk_horario) VALUES (@templo, @turno);

SET @turno = (SELECT pkTurno FROM (SELECT id_horario as pkTurno FROM arma_tu_fiesta.horario  WHERE dia = 'Viernes' AND turno = 'Matutino') as tablaHorario);
INSERT INTO arma_tu_fiesta.templo_horario (fk_templo,fk_horario) VALUES (@templo, @turno);

SET @turno = (SELECT pkTurno FROM (SELECT id_horario as pkTurno FROM arma_tu_fiesta.horario  WHERE dia = 'Sabado' AND turno = 'Matutino') as tablaHorario);
INSERT INTO arma_tu_fiesta.templo_horario (fk_templo,fk_horario) VALUES (@templo, @turno);

SET @turno = (SELECT pkTurno FROM (SELECT id_horario as pkTurno FROM arma_tu_fiesta.horario  WHERE dia = 'Domingo' AND turno = 'Matutino') as tablaHorario);
INSERT INTO arma_tu_fiesta.templo_horario (fk_templo,fk_horario) VALUES (@templo, @turno);


SET @templo = (SELECT pkTemplo FROM (SELECT id_locacion as pkTemplo FROM arma_tu_fiesta.locacion WHERE nombre LIKE '%Islamico%Anzoátegui') as tablaTemplo);
SET @turno = (SELECT pkTurno FROM (SELECT id_horario as pkTurno FROM arma_tu_fiesta.horario  WHERE dia = 'Lunes' AND turno = 'Matutino') as tablaHorario);
INSERT INTO arma_tu_fiesta.templo_horario (fk_templo,fk_horario) VALUES (@templo, @turno);

SET @turno = (SELECT pkTurno FROM (SELECT id_horario as pkTurno FROM arma_tu_fiesta.horario  WHERE dia = 'Martes' AND turno = 'Matutino') as tablaHorario);
INSERT INTO arma_tu_fiesta.templo_horario (fk_templo,fk_horario) VALUES (@templo, @turno);

SET @turno = (SELECT pkTurno FROM (SELECT id_horario as pkTurno FROM arma_tu_fiesta.horario  WHERE dia = 'Miercoles' AND turno = 'Matutino') as tablaHorario);
INSERT INTO arma_tu_fiesta.templo_horario (fk_templo,fk_horario) VALUES (@templo, @turno);

SET @turno = (SELECT pkTurno FROM (SELECT id_horario as pkTurno FROM arma_tu_fiesta.horario  WHERE dia = 'Jueves' AND turno = 'Matutino') as tablaHorario);
INSERT INTO arma_tu_fiesta.templo_horario (fk_templo,fk_horario) VALUES (@templo, @turno);

SET @turno = (SELECT pkTurno FROM (SELECT id_horario as pkTurno FROM arma_tu_fiesta.horario  WHERE dia = 'Viernes' AND turno = 'Matutino') as tablaHorario);
INSERT INTO arma_tu_fiesta.templo_horario (fk_templo,fk_horario) VALUES (@templo, @turno);

SET @turno = (SELECT pkTurno FROM (SELECT id_horario as pkTurno FROM arma_tu_fiesta.horario  WHERE dia = 'Sabado' AND turno = 'Matutino') as tablaHorario);
INSERT INTO arma_tu_fiesta.templo_horario (fk_templo,fk_horario) VALUES (@templo, @turno);

SET @turno = (SELECT pkTurno FROM (SELECT id_horario as pkTurno FROM arma_tu_fiesta.horario  WHERE dia = 'Domingo' AND turno = 'Matutino') as tablaHorario);
INSERT INTO arma_tu_fiesta.templo_horario (fk_templo,fk_horario) VALUES (@templo, @turno);


SET @templo = (SELECT pkTemplo FROM (SELECT id_locacion as pkTemplo FROM arma_tu_fiesta.locacion WHERE nombre LIKE '%Hindu%Anzoátegui') as tablaTemplo);
SET @turno = (SELECT pkTurno FROM (SELECT id_horario as pkTurno FROM arma_tu_fiesta.horario  WHERE dia = 'Lunes' AND turno = 'Matutino') as tablaHorario);
INSERT INTO arma_tu_fiesta.templo_horario (fk_templo,fk_horario) VALUES (@templo, @turno);

SET @turno = (SELECT pkTurno FROM (SELECT id_horario as pkTurno FROM arma_tu_fiesta.horario  WHERE dia = 'Martes' AND turno = 'Matutino') as tablaHorario);
INSERT INTO arma_tu_fiesta.templo_horario (fk_templo,fk_horario) VALUES (@templo, @turno);

SET @turno = (SELECT pkTurno FROM (SELECT id_horario as pkTurno FROM arma_tu_fiesta.horario  WHERE dia = 'Miercoles' AND turno = 'Matutino') as tablaHorario);
INSERT INTO arma_tu_fiesta.templo_horario (fk_templo,fk_horario) VALUES (@templo, @turno);

SET @turno = (SELECT pkTurno FROM (SELECT id_horario as pkTurno FROM arma_tu_fiesta.horario  WHERE dia = 'Jueves' AND turno = 'Matutino') as tablaHorario);
INSERT INTO arma_tu_fiesta.templo_horario (fk_templo,fk_horario) VALUES (@templo, @turno);

SET @turno = (SELECT pkTurno FROM (SELECT id_horario as pkTurno FROM arma_tu_fiesta.horario  WHERE dia = 'Viernes' AND turno = 'Matutino') as tablaHorario);
INSERT INTO arma_tu_fiesta.templo_horario (fk_templo,fk_horario) VALUES (@templo, @turno);

SET @turno = (SELECT pkTurno FROM (SELECT id_horario as pkTurno FROM arma_tu_fiesta.horario  WHERE dia = 'Sabado' AND turno = 'Matutino') as tablaHorario);
INSERT INTO arma_tu_fiesta.templo_horario (fk_templo,fk_horario) VALUES (@templo, @turno);

SET @turno = (SELECT pkTurno FROM (SELECT id_horario as pkTurno FROM arma_tu_fiesta.horario  WHERE dia = 'Domingo' AND turno = 'Matutino') as tablaHorario);
INSERT INTO arma_tu_fiesta.templo_horario (fk_templo,fk_horario) VALUES (@templo, @turno);


SET @templo = (SELECT pkTemplo FROM (SELECT id_locacion as pkTemplo FROM arma_tu_fiesta.locacion WHERE nombre LIKE '%Shinto%Anzoátegui') as tablaTemplo);
SET @turno = (SELECT pkTurno FROM (SELECT id_horario as pkTurno FROM arma_tu_fiesta.horario  WHERE dia = 'Lunes' AND turno = 'Matutino') as tablaHorario);
INSERT INTO arma_tu_fiesta.templo_horario (fk_templo,fk_horario) VALUES (@templo, @turno);

SET @turno = (SELECT pkTurno FROM (SELECT id_horario as pkTurno FROM arma_tu_fiesta.horario  WHERE dia = 'Martes' AND turno = 'Matutino') as tablaHorario);
INSERT INTO arma_tu_fiesta.templo_horario (fk_templo,fk_horario) VALUES (@templo, @turno);

SET @turno = (SELECT pkTurno FROM (SELECT id_horario as pkTurno FROM arma_tu_fiesta.horario  WHERE dia = 'Miercoles' AND turno = 'Matutino') as tablaHorario);
INSERT INTO arma_tu_fiesta.templo_horario (fk_templo,fk_horario) VALUES (@templo, @turno);

SET @turno = (SELECT pkTurno FROM (SELECT id_horario as pkTurno FROM arma_tu_fiesta.horario  WHERE dia = 'Jueves' AND turno = 'Matutino') as tablaHorario);
INSERT INTO arma_tu_fiesta.templo_horario (fk_templo,fk_horario) VALUES (@templo, @turno);

SET @turno = (SELECT pkTurno FROM (SELECT id_horario as pkTurno FROM arma_tu_fiesta.horario  WHERE dia = 'Viernes' AND turno = 'Matutino') as tablaHorario);
INSERT INTO arma_tu_fiesta.templo_horario (fk_templo,fk_horario) VALUES (@templo, @turno);

SET @turno = (SELECT pkTurno FROM (SELECT id_horario as pkTurno FROM arma_tu_fiesta.horario  WHERE dia = 'Sabado' AND turno = 'Matutino') as tablaHorario);
INSERT INTO arma_tu_fiesta.templo_horario (fk_templo,fk_horario) VALUES (@templo, @turno);

SET @turno = (SELECT pkTurno FROM (SELECT id_horario as pkTurno FROM arma_tu_fiesta.horario  WHERE dia = 'Domingo' AND turno = 'Matutino') as tablaHorario);
INSERT INTO arma_tu_fiesta.templo_horario (fk_templo,fk_horario) VALUES (@templo, @turno);


SET @templo = (SELECT pkTemplo FROM (SELECT id_locacion as pkTemplo FROM arma_tu_fiesta.locacion WHERE nombre LIKE '%Catolico%Apure') as tablaTemplo);
SET @turno = (SELECT pkTurno FROM (SELECT id_horario as pkTurno FROM arma_tu_fiesta.horario  WHERE dia = 'Lunes' AND turno = 'Matutino') as tablaHorario);
INSERT INTO arma_tu_fiesta.templo_horario (fk_templo,fk_horario) VALUES (@templo, @turno);

SET @turno = (SELECT pkTurno FROM (SELECT id_horario as pkTurno FROM arma_tu_fiesta.horario  WHERE dia = 'Martes' AND turno = 'Matutino') as tablaHorario);
INSERT INTO arma_tu_fiesta.templo_horario (fk_templo,fk_horario) VALUES (@templo, @turno);

SET @turno = (SELECT pkTurno FROM (SELECT id_horario as pkTurno FROM arma_tu_fiesta.horario  WHERE dia = 'Miercoles' AND turno = 'Matutino') as tablaHorario);
INSERT INTO arma_tu_fiesta.templo_horario (fk_templo,fk_horario) VALUES (@templo, @turno);

SET @turno = (SELECT pkTurno FROM (SELECT id_horario as pkTurno FROM arma_tu_fiesta.horario  WHERE dia = 'Jueves' AND turno = 'Matutino') as tablaHorario);
INSERT INTO arma_tu_fiesta.templo_horario (fk_templo,fk_horario) VALUES (@templo, @turno);

SET @turno = (SELECT pkTurno FROM (SELECT id_horario as pkTurno FROM arma_tu_fiesta.horario  WHERE dia = 'Viernes' AND turno = 'Matutino') as tablaHorario);
INSERT INTO arma_tu_fiesta.templo_horario (fk_templo,fk_horario) VALUES (@templo, @turno);

SET @turno = (SELECT pkTurno FROM (SELECT id_horario as pkTurno FROM arma_tu_fiesta.horario  WHERE dia = 'Sabado' AND turno = 'Matutino') as tablaHorario);
INSERT INTO arma_tu_fiesta.templo_horario (fk_templo,fk_horario) VALUES (@templo, @turno);

SET @turno = (SELECT pkTurno FROM (SELECT id_horario as pkTurno FROM arma_tu_fiesta.horario  WHERE dia = 'Domingo' AND turno = 'Matutino') as tablaHorario);
INSERT INTO arma_tu_fiesta.templo_horario (fk_templo,fk_horario) VALUES (@templo, @turno);


SET @templo = (SELECT pkTemplo FROM (SELECT id_locacion as pkTemplo FROM arma_tu_fiesta.locacion WHERE nombre LIKE '%Judio%Apure') as tablaTemplo);
SET @turno = (SELECT pkTurno FROM (SELECT id_horario as pkTurno FROM arma_tu_fiesta.horario  WHERE dia = 'Lunes' AND turno = 'Matutino') as tablaHorario);
INSERT INTO arma_tu_fiesta.templo_horario (fk_templo,fk_horario) VALUES (@templo, @turno);

SET @turno = (SELECT pkTurno FROM (SELECT id_horario as pkTurno FROM arma_tu_fiesta.horario  WHERE dia = 'Martes' AND turno = 'Matutino') as tablaHorario);
INSERT INTO arma_tu_fiesta.templo_horario (fk_templo,fk_horario) VALUES (@templo, @turno);

SET @turno = (SELECT pkTurno FROM (SELECT id_horario as pkTurno FROM arma_tu_fiesta.horario  WHERE dia = 'Miercoles' AND turno = 'Matutino') as tablaHorario);
INSERT INTO arma_tu_fiesta.templo_horario (fk_templo,fk_horario) VALUES (@templo, @turno);

SET @turno = (SELECT pkTurno FROM (SELECT id_horario as pkTurno FROM arma_tu_fiesta.horario  WHERE dia = 'Jueves' AND turno = 'Matutino') as tablaHorario);
INSERT INTO arma_tu_fiesta.templo_horario (fk_templo,fk_horario) VALUES (@templo, @turno);

SET @turno = (SELECT pkTurno FROM (SELECT id_horario as pkTurno FROM arma_tu_fiesta.horario  WHERE dia = 'Viernes' AND turno = 'Matutino') as tablaHorario);
INSERT INTO arma_tu_fiesta.templo_horario (fk_templo,fk_horario) VALUES (@templo, @turno);

SET @turno = (SELECT pkTurno FROM (SELECT id_horario as pkTurno FROM arma_tu_fiesta.horario  WHERE dia = 'Sabado' AND turno = 'Matutino') as tablaHorario);
INSERT INTO arma_tu_fiesta.templo_horario (fk_templo,fk_horario) VALUES (@templo, @turno);

SET @turno = (SELECT pkTurno FROM (SELECT id_horario as pkTurno FROM arma_tu_fiesta.horario  WHERE dia = 'Domingo' AND turno = 'Matutino') as tablaHorario);
INSERT INTO arma_tu_fiesta.templo_horario (fk_templo,fk_horario) VALUES (@templo, @turno);


SET @templo = (SELECT pkTemplo FROM (SELECT id_locacion as pkTemplo FROM arma_tu_fiesta.locacion WHERE nombre LIKE '%Islamico%Apure') as tablaTemplo);
SET @turno = (SELECT pkTurno FROM (SELECT id_horario as pkTurno FROM arma_tu_fiesta.horario  WHERE dia = 'Lunes' AND turno = 'Matutino') as tablaHorario);
INSERT INTO arma_tu_fiesta.templo_horario (fk_templo,fk_horario) VALUES (@templo, @turno);

SET @turno = (SELECT pkTurno FROM (SELECT id_horario as pkTurno FROM arma_tu_fiesta.horario  WHERE dia = 'Martes' AND turno = 'Matutino') as tablaHorario);
INSERT INTO arma_tu_fiesta.templo_horario (fk_templo,fk_horario) VALUES (@templo, @turno);

SET @turno = (SELECT pkTurno FROM (SELECT id_horario as pkTurno FROM arma_tu_fiesta.horario  WHERE dia = 'Miercoles' AND turno = 'Matutino') as tablaHorario);
INSERT INTO arma_tu_fiesta.templo_horario (fk_templo,fk_horario) VALUES (@templo, @turno);

SET @turno = (SELECT pkTurno FROM (SELECT id_horario as pkTurno FROM arma_tu_fiesta.horario  WHERE dia = 'Jueves' AND turno = 'Matutino') as tablaHorario);
INSERT INTO arma_tu_fiesta.templo_horario (fk_templo,fk_horario) VALUES (@templo, @turno);

SET @turno = (SELECT pkTurno FROM (SELECT id_horario as pkTurno FROM arma_tu_fiesta.horario  WHERE dia = 'Viernes' AND turno = 'Matutino') as tablaHorario);
INSERT INTO arma_tu_fiesta.templo_horario (fk_templo,fk_horario) VALUES (@templo, @turno);

SET @turno = (SELECT pkTurno FROM (SELECT id_horario as pkTurno FROM arma_tu_fiesta.horario  WHERE dia = 'Sabado' AND turno = 'Matutino') as tablaHorario);
INSERT INTO arma_tu_fiesta.templo_horario (fk_templo,fk_horario) VALUES (@templo, @turno);

SET @turno = (SELECT pkTurno FROM (SELECT id_horario as pkTurno FROM arma_tu_fiesta.horario  WHERE dia = 'Domingo' AND turno = 'Matutino') as tablaHorario);
INSERT INTO arma_tu_fiesta.templo_horario (fk_templo,fk_horario) VALUES (@templo, @turno);


SET @templo = (SELECT pkTemplo FROM (SELECT id_locacion as pkTemplo FROM arma_tu_fiesta.locacion WHERE nombre LIKE '%Hindu%Apure') as tablaTemplo);
SET @turno = (SELECT pkTurno FROM (SELECT id_horario as pkTurno FROM arma_tu_fiesta.horario  WHERE dia = 'Lunes' AND turno = 'Matutino') as tablaHorario);
INSERT INTO arma_tu_fiesta.templo_horario (fk_templo,fk_horario) VALUES (@templo, @turno);

SET @turno = (SELECT pkTurno FROM (SELECT id_horario as pkTurno FROM arma_tu_fiesta.horario  WHERE dia = 'Martes' AND turno = 'Matutino') as tablaHorario);
INSERT INTO arma_tu_fiesta.templo_horario (fk_templo,fk_horario) VALUES (@templo, @turno);

SET @turno = (SELECT pkTurno FROM (SELECT id_horario as pkTurno FROM arma_tu_fiesta.horario  WHERE dia = 'Miercoles' AND turno = 'Matutino') as tablaHorario);
INSERT INTO arma_tu_fiesta.templo_horario (fk_templo,fk_horario) VALUES (@templo, @turno);

SET @turno = (SELECT pkTurno FROM (SELECT id_horario as pkTurno FROM arma_tu_fiesta.horario  WHERE dia = 'Jueves' AND turno = 'Matutino') as tablaHorario);
INSERT INTO arma_tu_fiesta.templo_horario (fk_templo,fk_horario) VALUES (@templo, @turno);

SET @turno = (SELECT pkTurno FROM (SELECT id_horario as pkTurno FROM arma_tu_fiesta.horario  WHERE dia = 'Viernes' AND turno = 'Matutino') as tablaHorario);
INSERT INTO arma_tu_fiesta.templo_horario (fk_templo,fk_horario) VALUES (@templo, @turno);

SET @turno = (SELECT pkTurno FROM (SELECT id_horario as pkTurno FROM arma_tu_fiesta.horario  WHERE dia = 'Sabado' AND turno = 'Matutino') as tablaHorario);
INSERT INTO arma_tu_fiesta.templo_horario (fk_templo,fk_horario) VALUES (@templo, @turno);

SET @turno = (SELECT pkTurno FROM (SELECT id_horario as pkTurno FROM arma_tu_fiesta.horario  WHERE dia = 'Domingo' AND turno = 'Matutino') as tablaHorario);
INSERT INTO arma_tu_fiesta.templo_horario (fk_templo,fk_horario) VALUES (@templo, @turno);


SET @templo = (SELECT pkTemplo FROM (SELECT id_locacion as pkTemplo FROM arma_tu_fiesta.locacion WHERE nombre LIKE '%Shinto%Apure') as tablaTemplo);
SET @turno = (SELECT pkTurno FROM (SELECT id_horario as pkTurno FROM arma_tu_fiesta.horario  WHERE dia = 'Lunes' AND turno = 'Matutino') as tablaHorario);
INSERT INTO arma_tu_fiesta.templo_horario (fk_templo,fk_horario) VALUES (@templo, @turno);

SET @turno = (SELECT pkTurno FROM (SELECT id_horario as pkTurno FROM arma_tu_fiesta.horario  WHERE dia = 'Martes' AND turno = 'Matutino') as tablaHorario);
INSERT INTO arma_tu_fiesta.templo_horario (fk_templo,fk_horario) VALUES (@templo, @turno);

SET @turno = (SELECT pkTurno FROM (SELECT id_horario as pkTurno FROM arma_tu_fiesta.horario  WHERE dia = 'Miercoles' AND turno = 'Matutino') as tablaHorario);
INSERT INTO arma_tu_fiesta.templo_horario (fk_templo,fk_horario) VALUES (@templo, @turno);

SET @turno = (SELECT pkTurno FROM (SELECT id_horario as pkTurno FROM arma_tu_fiesta.horario  WHERE dia = 'Jueves' AND turno = 'Matutino') as tablaHorario);
INSERT INTO arma_tu_fiesta.templo_horario (fk_templo,fk_horario) VALUES (@templo, @turno);

SET @turno = (SELECT pkTurno FROM (SELECT id_horario as pkTurno FROM arma_tu_fiesta.horario  WHERE dia = 'Viernes' AND turno = 'Matutino') as tablaHorario);
INSERT INTO arma_tu_fiesta.templo_horario (fk_templo,fk_horario) VALUES (@templo, @turno);

SET @turno = (SELECT pkTurno FROM (SELECT id_horario as pkTurno FROM arma_tu_fiesta.horario  WHERE dia = 'Sabado' AND turno = 'Matutino') as tablaHorario);
INSERT INTO arma_tu_fiesta.templo_horario (fk_templo,fk_horario) VALUES (@templo, @turno);

SET @turno = (SELECT pkTurno FROM (SELECT id_horario as pkTurno FROM arma_tu_fiesta.horario  WHERE dia = 'Domingo' AND turno = 'Matutino') as tablaHorario);
INSERT INTO arma_tu_fiesta.templo_horario (fk_templo,fk_horario) VALUES (@templo, @turno);


SET @templo = (SELECT pkTemplo FROM (SELECT id_locacion as pkTemplo FROM arma_tu_fiesta.locacion WHERE nombre LIKE '%Catolico%Aragua') as tablaTemplo);
SET @turno = (SELECT pkTurno FROM (SELECT id_horario as pkTurno FROM arma_tu_fiesta.horario  WHERE dia = 'Lunes' AND turno = 'Matutino') as tablaHorario);
INSERT INTO arma_tu_fiesta.templo_horario (fk_templo,fk_horario) VALUES (@templo, @turno);

SET @turno = (SELECT pkTurno FROM (SELECT id_horario as pkTurno FROM arma_tu_fiesta.horario  WHERE dia = 'Martes' AND turno = 'Matutino') as tablaHorario);
INSERT INTO arma_tu_fiesta.templo_horario (fk_templo,fk_horario) VALUES (@templo, @turno);

SET @turno = (SELECT pkTurno FROM (SELECT id_horario as pkTurno FROM arma_tu_fiesta.horario  WHERE dia = 'Miercoles' AND turno = 'Matutino') as tablaHorario);
INSERT INTO arma_tu_fiesta.templo_horario (fk_templo,fk_horario) VALUES (@templo, @turno);

SET @turno = (SELECT pkTurno FROM (SELECT id_horario as pkTurno FROM arma_tu_fiesta.horario  WHERE dia = 'Jueves' AND turno = 'Matutino') as tablaHorario);
INSERT INTO arma_tu_fiesta.templo_horario (fk_templo,fk_horario) VALUES (@templo, @turno);

SET @turno = (SELECT pkTurno FROM (SELECT id_horario as pkTurno FROM arma_tu_fiesta.horario  WHERE dia = 'Viernes' AND turno = 'Matutino') as tablaHorario);
INSERT INTO arma_tu_fiesta.templo_horario (fk_templo,fk_horario) VALUES (@templo, @turno);

SET @turno = (SELECT pkTurno FROM (SELECT id_horario as pkTurno FROM arma_tu_fiesta.horario  WHERE dia = 'Sabado' AND turno = 'Matutino') as tablaHorario);
INSERT INTO arma_tu_fiesta.templo_horario (fk_templo,fk_horario) VALUES (@templo, @turno);

SET @turno = (SELECT pkTurno FROM (SELECT id_horario as pkTurno FROM arma_tu_fiesta.horario  WHERE dia = 'Domingo' AND turno = 'Matutino') as tablaHorario);
INSERT INTO arma_tu_fiesta.templo_horario (fk_templo,fk_horario) VALUES (@templo, @turno);


SET @templo = (SELECT pkTemplo FROM (SELECT id_locacion as pkTemplo FROM arma_tu_fiesta.locacion WHERE nombre LIKE '%Judio%Aragua') as tablaTemplo);
SET @turno = (SELECT pkTurno FROM (SELECT id_horario as pkTurno FROM arma_tu_fiesta.horario  WHERE dia = 'Lunes' AND turno = 'Matutino') as tablaHorario);
INSERT INTO arma_tu_fiesta.templo_horario (fk_templo,fk_horario) VALUES (@templo, @turno);

SET @turno = (SELECT pkTurno FROM (SELECT id_horario as pkTurno FROM arma_tu_fiesta.horario  WHERE dia = 'Martes' AND turno = 'Matutino') as tablaHorario);
INSERT INTO arma_tu_fiesta.templo_horario (fk_templo,fk_horario) VALUES (@templo, @turno);

SET @turno = (SELECT pkTurno FROM (SELECT id_horario as pkTurno FROM arma_tu_fiesta.horario  WHERE dia = 'Miercoles' AND turno = 'Matutino') as tablaHorario);
INSERT INTO arma_tu_fiesta.templo_horario (fk_templo,fk_horario) VALUES (@templo, @turno);

SET @turno = (SELECT pkTurno FROM (SELECT id_horario as pkTurno FROM arma_tu_fiesta.horario  WHERE dia = 'Jueves' AND turno = 'Matutino') as tablaHorario);
INSERT INTO arma_tu_fiesta.templo_horario (fk_templo,fk_horario) VALUES (@templo, @turno);

SET @turno = (SELECT pkTurno FROM (SELECT id_horario as pkTurno FROM arma_tu_fiesta.horario  WHERE dia = 'Viernes' AND turno = 'Matutino') as tablaHorario);
INSERT INTO arma_tu_fiesta.templo_horario (fk_templo,fk_horario) VALUES (@templo, @turno);

SET @turno = (SELECT pkTurno FROM (SELECT id_horario as pkTurno FROM arma_tu_fiesta.horario  WHERE dia = 'Sabado' AND turno = 'Matutino') as tablaHorario);
INSERT INTO arma_tu_fiesta.templo_horario (fk_templo,fk_horario) VALUES (@templo, @turno);

SET @turno = (SELECT pkTurno FROM (SELECT id_horario as pkTurno FROM arma_tu_fiesta.horario  WHERE dia = 'Domingo' AND turno = 'Matutino') as tablaHorario);
INSERT INTO arma_tu_fiesta.templo_horario (fk_templo,fk_horario) VALUES (@templo, @turno);


SET @templo = (SELECT pkTemplo FROM (SELECT id_locacion as pkTemplo FROM arma_tu_fiesta.locacion WHERE nombre LIKE '%Islamico%Aragua') as tablaTemplo);
SET @turno = (SELECT pkTurno FROM (SELECT id_horario as pkTurno FROM arma_tu_fiesta.horario  WHERE dia = 'Lunes' AND turno = 'Matutino') as tablaHorario);
INSERT INTO arma_tu_fiesta.templo_horario (fk_templo,fk_horario) VALUES (@templo, @turno);

SET @turno = (SELECT pkTurno FROM (SELECT id_horario as pkTurno FROM arma_tu_fiesta.horario  WHERE dia = 'Martes' AND turno = 'Matutino') as tablaHorario);
INSERT INTO arma_tu_fiesta.templo_horario (fk_templo,fk_horario) VALUES (@templo, @turno);

SET @turno = (SELECT pkTurno FROM (SELECT id_horario as pkTurno FROM arma_tu_fiesta.horario  WHERE dia = 'Miercoles' AND turno = 'Matutino') as tablaHorario);
INSERT INTO arma_tu_fiesta.templo_horario (fk_templo,fk_horario) VALUES (@templo, @turno);

SET @turno = (SELECT pkTurno FROM (SELECT id_horario as pkTurno FROM arma_tu_fiesta.horario  WHERE dia = 'Jueves' AND turno = 'Matutino') as tablaHorario);
INSERT INTO arma_tu_fiesta.templo_horario (fk_templo,fk_horario) VALUES (@templo, @turno);

SET @turno = (SELECT pkTurno FROM (SELECT id_horario as pkTurno FROM arma_tu_fiesta.horario  WHERE dia = 'Viernes' AND turno = 'Matutino') as tablaHorario);
INSERT INTO arma_tu_fiesta.templo_horario (fk_templo,fk_horario) VALUES (@templo, @turno);

SET @turno = (SELECT pkTurno FROM (SELECT id_horario as pkTurno FROM arma_tu_fiesta.horario  WHERE dia = 'Sabado' AND turno = 'Matutino') as tablaHorario);
INSERT INTO arma_tu_fiesta.templo_horario (fk_templo,fk_horario) VALUES (@templo, @turno);

SET @turno = (SELECT pkTurno FROM (SELECT id_horario as pkTurno FROM arma_tu_fiesta.horario  WHERE dia = 'Domingo' AND turno = 'Matutino') as tablaHorario);
INSERT INTO arma_tu_fiesta.templo_horario (fk_templo,fk_horario) VALUES (@templo, @turno);


SET @templo = (SELECT pkTemplo FROM (SELECT id_locacion as pkTemplo FROM arma_tu_fiesta.locacion WHERE nombre LIKE '%Hindu%Aragua') as tablaTemplo);
SET @turno = (SELECT pkTurno FROM (SELECT id_horario as pkTurno FROM arma_tu_fiesta.horario  WHERE dia = 'Lunes' AND turno = 'Matutino') as tablaHorario);
INSERT INTO arma_tu_fiesta.templo_horario (fk_templo,fk_horario) VALUES (@templo, @turno);

SET @turno = (SELECT pkTurno FROM (SELECT id_horario as pkTurno FROM arma_tu_fiesta.horario  WHERE dia = 'Martes' AND turno = 'Matutino') as tablaHorario);
INSERT INTO arma_tu_fiesta.templo_horario (fk_templo,fk_horario) VALUES (@templo, @turno);

SET @turno = (SELECT pkTurno FROM (SELECT id_horario as pkTurno FROM arma_tu_fiesta.horario  WHERE dia = 'Miercoles' AND turno = 'Matutino') as tablaHorario);
INSERT INTO arma_tu_fiesta.templo_horario (fk_templo,fk_horario) VALUES (@templo, @turno);

SET @turno = (SELECT pkTurno FROM (SELECT id_horario as pkTurno FROM arma_tu_fiesta.horario  WHERE dia = 'Jueves' AND turno = 'Matutino') as tablaHorario);
INSERT INTO arma_tu_fiesta.templo_horario (fk_templo,fk_horario) VALUES (@templo, @turno);

SET @turno = (SELECT pkTurno FROM (SELECT id_horario as pkTurno FROM arma_tu_fiesta.horario  WHERE dia = 'Viernes' AND turno = 'Matutino') as tablaHorario);
INSERT INTO arma_tu_fiesta.templo_horario (fk_templo,fk_horario) VALUES (@templo, @turno);

SET @turno = (SELECT pkTurno FROM (SELECT id_horario as pkTurno FROM arma_tu_fiesta.horario  WHERE dia = 'Sabado' AND turno = 'Matutino') as tablaHorario);
INSERT INTO arma_tu_fiesta.templo_horario (fk_templo,fk_horario) VALUES (@templo, @turno);

SET @turno = (SELECT pkTurno FROM (SELECT id_horario as pkTurno FROM arma_tu_fiesta.horario  WHERE dia = 'Domingo' AND turno = 'Matutino') as tablaHorario);
INSERT INTO arma_tu_fiesta.templo_horario (fk_templo,fk_horario) VALUES (@templo, @turno);


SET @templo = (SELECT pkTemplo FROM (SELECT id_locacion as pkTemplo FROM arma_tu_fiesta.locacion WHERE nombre LIKE '%Shinto%Aragua') as tablaTemplo);
SET @turno = (SELECT pkTurno FROM (SELECT id_horario as pkTurno FROM arma_tu_fiesta.horario  WHERE dia = 'Lunes' AND turno = 'Matutino') as tablaHorario);
INSERT INTO arma_tu_fiesta.templo_horario (fk_templo,fk_horario) VALUES (@templo, @turno);

SET @turno = (SELECT pkTurno FROM (SELECT id_horario as pkTurno FROM arma_tu_fiesta.horario  WHERE dia = 'Martes' AND turno = 'Matutino') as tablaHorario);
INSERT INTO arma_tu_fiesta.templo_horario (fk_templo,fk_horario) VALUES (@templo, @turno);

SET @turno = (SELECT pkTurno FROM (SELECT id_horario as pkTurno FROM arma_tu_fiesta.horario  WHERE dia = 'Miercoles' AND turno = 'Matutino') as tablaHorario);
INSERT INTO arma_tu_fiesta.templo_horario (fk_templo,fk_horario) VALUES (@templo, @turno);

SET @turno = (SELECT pkTurno FROM (SELECT id_horario as pkTurno FROM arma_tu_fiesta.horario  WHERE dia = 'Jueves' AND turno = 'Matutino') as tablaHorario);
INSERT INTO arma_tu_fiesta.templo_horario (fk_templo,fk_horario) VALUES (@templo, @turno);

SET @turno = (SELECT pkTurno FROM (SELECT id_horario as pkTurno FROM arma_tu_fiesta.horario  WHERE dia = 'Viernes' AND turno = 'Matutino') as tablaHorario);
INSERT INTO arma_tu_fiesta.templo_horario (fk_templo,fk_horario) VALUES (@templo, @turno);

SET @turno = (SELECT pkTurno FROM (SELECT id_horario as pkTurno FROM arma_tu_fiesta.horario  WHERE dia = 'Sabado' AND turno = 'Matutino') as tablaHorario);
INSERT INTO arma_tu_fiesta.templo_horario (fk_templo,fk_horario) VALUES (@templo, @turno);

SET @turno = (SELECT pkTurno FROM (SELECT id_horario as pkTurno FROM arma_tu_fiesta.horario  WHERE dia = 'Domingo' AND turno = 'Matutino') as tablaHorario);
INSERT INTO arma_tu_fiesta.templo_horario (fk_templo,fk_horario) VALUES (@templo, @turno);


SET @templo = (SELECT pkTemplo FROM (SELECT id_locacion as pkTemplo FROM arma_tu_fiesta.locacion WHERE nombre LIKE '%Catolico%Barinas') as tablaTemplo);
SET @turno = (SELECT pkTurno FROM (SELECT id_horario as pkTurno FROM arma_tu_fiesta.horario  WHERE dia = 'Lunes' AND turno = 'Matutino') as tablaHorario);
INSERT INTO arma_tu_fiesta.templo_horario (fk_templo,fk_horario) VALUES (@templo, @turno);

SET @turno = (SELECT pkTurno FROM (SELECT id_horario as pkTurno FROM arma_tu_fiesta.horario  WHERE dia = 'Martes' AND turno = 'Matutino') as tablaHorario);
INSERT INTO arma_tu_fiesta.templo_horario (fk_templo,fk_horario) VALUES (@templo, @turno);

SET @turno = (SELECT pkTurno FROM (SELECT id_horario as pkTurno FROM arma_tu_fiesta.horario  WHERE dia = 'Miercoles' AND turno = 'Matutino') as tablaHorario);
INSERT INTO arma_tu_fiesta.templo_horario (fk_templo,fk_horario) VALUES (@templo, @turno);

SET @turno = (SELECT pkTurno FROM (SELECT id_horario as pkTurno FROM arma_tu_fiesta.horario  WHERE dia = 'Jueves' AND turno = 'Matutino') as tablaHorario);
INSERT INTO arma_tu_fiesta.templo_horario (fk_templo,fk_horario) VALUES (@templo, @turno);

SET @turno = (SELECT pkTurno FROM (SELECT id_horario as pkTurno FROM arma_tu_fiesta.horario  WHERE dia = 'Viernes' AND turno = 'Matutino') as tablaHorario);
INSERT INTO arma_tu_fiesta.templo_horario (fk_templo,fk_horario) VALUES (@templo, @turno);

SET @turno = (SELECT pkTurno FROM (SELECT id_horario as pkTurno FROM arma_tu_fiesta.horario  WHERE dia = 'Sabado' AND turno = 'Matutino') as tablaHorario);
INSERT INTO arma_tu_fiesta.templo_horario (fk_templo,fk_horario) VALUES (@templo, @turno);

SET @turno = (SELECT pkTurno FROM (SELECT id_horario as pkTurno FROM arma_tu_fiesta.horario  WHERE dia = 'Domingo' AND turno = 'Matutino') as tablaHorario);
INSERT INTO arma_tu_fiesta.templo_horario (fk_templo,fk_horario) VALUES (@templo, @turno);


SET @templo = (SELECT pkTemplo FROM (SELECT id_locacion as pkTemplo FROM arma_tu_fiesta.locacion WHERE nombre LIKE '%Judio%Barinas') as tablaTemplo);
SET @turno = (SELECT pkTurno FROM (SELECT id_horario as pkTurno FROM arma_tu_fiesta.horario  WHERE dia = 'Lunes' AND turno = 'Matutino') as tablaHorario);
INSERT INTO arma_tu_fiesta.templo_horario (fk_templo,fk_horario) VALUES (@templo, @turno);

SET @turno = (SELECT pkTurno FROM (SELECT id_horario as pkTurno FROM arma_tu_fiesta.horario  WHERE dia = 'Martes' AND turno = 'Matutino') as tablaHorario);
INSERT INTO arma_tu_fiesta.templo_horario (fk_templo,fk_horario) VALUES (@templo, @turno);

SET @turno = (SELECT pkTurno FROM (SELECT id_horario as pkTurno FROM arma_tu_fiesta.horario  WHERE dia = 'Miercoles' AND turno = 'Matutino') as tablaHorario);
INSERT INTO arma_tu_fiesta.templo_horario (fk_templo,fk_horario) VALUES (@templo, @turno);

SET @turno = (SELECT pkTurno FROM (SELECT id_horario as pkTurno FROM arma_tu_fiesta.horario  WHERE dia = 'Jueves' AND turno = 'Matutino') as tablaHorario);
INSERT INTO arma_tu_fiesta.templo_horario (fk_templo,fk_horario) VALUES (@templo, @turno);

SET @turno = (SELECT pkTurno FROM (SELECT id_horario as pkTurno FROM arma_tu_fiesta.horario  WHERE dia = 'Viernes' AND turno = 'Matutino') as tablaHorario);
INSERT INTO arma_tu_fiesta.templo_horario (fk_templo,fk_horario) VALUES (@templo, @turno);

SET @turno = (SELECT pkTurno FROM (SELECT id_horario as pkTurno FROM arma_tu_fiesta.horario  WHERE dia = 'Sabado' AND turno = 'Matutino') as tablaHorario);
INSERT INTO arma_tu_fiesta.templo_horario (fk_templo,fk_horario) VALUES (@templo, @turno);

SET @turno = (SELECT pkTurno FROM (SELECT id_horario as pkTurno FROM arma_tu_fiesta.horario  WHERE dia = 'Domingo' AND turno = 'Matutino') as tablaHorario);
INSERT INTO arma_tu_fiesta.templo_horario (fk_templo,fk_horario) VALUES (@templo, @turno);


SET @templo = (SELECT pkTemplo FROM (SELECT id_locacion as pkTemplo FROM arma_tu_fiesta.locacion WHERE nombre LIKE '%Islamico%Barinas') as tablaTemplo);
SET @turno = (SELECT pkTurno FROM (SELECT id_horario as pkTurno FROM arma_tu_fiesta.horario  WHERE dia = 'Lunes' AND turno = 'Matutino') as tablaHorario);
INSERT INTO arma_tu_fiesta.templo_horario (fk_templo,fk_horario) VALUES (@templo, @turno);

SET @turno = (SELECT pkTurno FROM (SELECT id_horario as pkTurno FROM arma_tu_fiesta.horario  WHERE dia = 'Martes' AND turno = 'Matutino') as tablaHorario);
INSERT INTO arma_tu_fiesta.templo_horario (fk_templo,fk_horario) VALUES (@templo, @turno);

SET @turno = (SELECT pkTurno FROM (SELECT id_horario as pkTurno FROM arma_tu_fiesta.horario  WHERE dia = 'Miercoles' AND turno = 'Matutino') as tablaHorario);
INSERT INTO arma_tu_fiesta.templo_horario (fk_templo,fk_horario) VALUES (@templo, @turno);

SET @turno = (SELECT pkTurno FROM (SELECT id_horario as pkTurno FROM arma_tu_fiesta.horario  WHERE dia = 'Jueves' AND turno = 'Matutino') as tablaHorario);
INSERT INTO arma_tu_fiesta.templo_horario (fk_templo,fk_horario) VALUES (@templo, @turno);

SET @turno = (SELECT pkTurno FROM (SELECT id_horario as pkTurno FROM arma_tu_fiesta.horario  WHERE dia = 'Viernes' AND turno = 'Matutino') as tablaHorario);
INSERT INTO arma_tu_fiesta.templo_horario (fk_templo,fk_horario) VALUES (@templo, @turno);

SET @turno = (SELECT pkTurno FROM (SELECT id_horario as pkTurno FROM arma_tu_fiesta.horario  WHERE dia = 'Sabado' AND turno = 'Matutino') as tablaHorario);
INSERT INTO arma_tu_fiesta.templo_horario (fk_templo,fk_horario) VALUES (@templo, @turno);

SET @turno = (SELECT pkTurno FROM (SELECT id_horario as pkTurno FROM arma_tu_fiesta.horario  WHERE dia = 'Domingo' AND turno = 'Matutino') as tablaHorario);
INSERT INTO arma_tu_fiesta.templo_horario (fk_templo,fk_horario) VALUES (@templo, @turno);


SET @templo = (SELECT pkTemplo FROM (SELECT id_locacion as pkTemplo FROM arma_tu_fiesta.locacion WHERE nombre LIKE '%Hindu%Barinas') as tablaTemplo);
SET @turno = (SELECT pkTurno FROM (SELECT id_horario as pkTurno FROM arma_tu_fiesta.horario  WHERE dia = 'Lunes' AND turno = 'Matutino') as tablaHorario);
INSERT INTO arma_tu_fiesta.templo_horario (fk_templo,fk_horario) VALUES (@templo, @turno);

SET @turno = (SELECT pkTurno FROM (SELECT id_horario as pkTurno FROM arma_tu_fiesta.horario  WHERE dia = 'Martes' AND turno = 'Matutino') as tablaHorario);
INSERT INTO arma_tu_fiesta.templo_horario (fk_templo,fk_horario) VALUES (@templo, @turno);

SET @turno = (SELECT pkTurno FROM (SELECT id_horario as pkTurno FROM arma_tu_fiesta.horario  WHERE dia = 'Miercoles' AND turno = 'Matutino') as tablaHorario);
INSERT INTO arma_tu_fiesta.templo_horario (fk_templo,fk_horario) VALUES (@templo, @turno);

SET @turno = (SELECT pkTurno FROM (SELECT id_horario as pkTurno FROM arma_tu_fiesta.horario  WHERE dia = 'Jueves' AND turno = 'Matutino') as tablaHorario);
INSERT INTO arma_tu_fiesta.templo_horario (fk_templo,fk_horario) VALUES (@templo, @turno);

SET @turno = (SELECT pkTurno FROM (SELECT id_horario as pkTurno FROM arma_tu_fiesta.horario  WHERE dia = 'Viernes' AND turno = 'Matutino') as tablaHorario);
INSERT INTO arma_tu_fiesta.templo_horario (fk_templo,fk_horario) VALUES (@templo, @turno);

SET @turno = (SELECT pkTurno FROM (SELECT id_horario as pkTurno FROM arma_tu_fiesta.horario  WHERE dia = 'Sabado' AND turno = 'Matutino') as tablaHorario);
INSERT INTO arma_tu_fiesta.templo_horario (fk_templo,fk_horario) VALUES (@templo, @turno);

SET @turno = (SELECT pkTurno FROM (SELECT id_horario as pkTurno FROM arma_tu_fiesta.horario  WHERE dia = 'Domingo' AND turno = 'Matutino') as tablaHorario);
INSERT INTO arma_tu_fiesta.templo_horario (fk_templo,fk_horario) VALUES (@templo, @turno);


SET @templo = (SELECT pkTemplo FROM (SELECT id_locacion as pkTemplo FROM arma_tu_fiesta.locacion WHERE nombre LIKE '%Shinto%Barinas') as tablaTemplo);
SET @turno = (SELECT pkTurno FROM (SELECT id_horario as pkTurno FROM arma_tu_fiesta.horario  WHERE dia = 'Lunes' AND turno = 'Matutino') as tablaHorario);
INSERT INTO arma_tu_fiesta.templo_horario (fk_templo,fk_horario) VALUES (@templo, @turno);

SET @turno = (SELECT pkTurno FROM (SELECT id_horario as pkTurno FROM arma_tu_fiesta.horario  WHERE dia = 'Martes' AND turno = 'Matutino') as tablaHorario);
INSERT INTO arma_tu_fiesta.templo_horario (fk_templo,fk_horario) VALUES (@templo, @turno);

SET @turno = (SELECT pkTurno FROM (SELECT id_horario as pkTurno FROM arma_tu_fiesta.horario  WHERE dia = 'Miercoles' AND turno = 'Matutino') as tablaHorario);
INSERT INTO arma_tu_fiesta.templo_horario (fk_templo,fk_horario) VALUES (@templo, @turno);

SET @turno = (SELECT pkTurno FROM (SELECT id_horario as pkTurno FROM arma_tu_fiesta.horario  WHERE dia = 'Jueves' AND turno = 'Matutino') as tablaHorario);
INSERT INTO arma_tu_fiesta.templo_horario (fk_templo,fk_horario) VALUES (@templo, @turno);

SET @turno = (SELECT pkTurno FROM (SELECT id_horario as pkTurno FROM arma_tu_fiesta.horario  WHERE dia = 'Viernes' AND turno = 'Matutino') as tablaHorario);
INSERT INTO arma_tu_fiesta.templo_horario (fk_templo,fk_horario) VALUES (@templo, @turno);

SET @turno = (SELECT pkTurno FROM (SELECT id_horario as pkTurno FROM arma_tu_fiesta.horario  WHERE dia = 'Sabado' AND turno = 'Matutino') as tablaHorario);
INSERT INTO arma_tu_fiesta.templo_horario (fk_templo,fk_horario) VALUES (@templo, @turno);

SET @turno = (SELECT pkTurno FROM (SELECT id_horario as pkTurno FROM arma_tu_fiesta.horario  WHERE dia = 'Domingo' AND turno = 'Matutino') as tablaHorario);
INSERT INTO arma_tu_fiesta.templo_horario (fk_templo,fk_horario) VALUES (@templo, @turno);


SET @templo = (SELECT pkTemplo FROM (SELECT id_locacion as pkTemplo FROM arma_tu_fiesta.locacion WHERE nombre LIKE '%Catolico%Bolívar') as tablaTemplo);
SET @turno = (SELECT pkTurno FROM (SELECT id_horario as pkTurno FROM arma_tu_fiesta.horario  WHERE dia = 'Lunes' AND turno = 'Matutino') as tablaHorario);
INSERT INTO arma_tu_fiesta.templo_horario (fk_templo,fk_horario) VALUES (@templo, @turno);

SET @turno = (SELECT pkTurno FROM (SELECT id_horario as pkTurno FROM arma_tu_fiesta.horario  WHERE dia = 'Martes' AND turno = 'Matutino') as tablaHorario);
INSERT INTO arma_tu_fiesta.templo_horario (fk_templo,fk_horario) VALUES (@templo, @turno);

SET @turno = (SELECT pkTurno FROM (SELECT id_horario as pkTurno FROM arma_tu_fiesta.horario  WHERE dia = 'Miercoles' AND turno = 'Matutino') as tablaHorario);
INSERT INTO arma_tu_fiesta.templo_horario (fk_templo,fk_horario) VALUES (@templo, @turno);

SET @turno = (SELECT pkTurno FROM (SELECT id_horario as pkTurno FROM arma_tu_fiesta.horario  WHERE dia = 'Jueves' AND turno = 'Matutino') as tablaHorario);
INSERT INTO arma_tu_fiesta.templo_horario (fk_templo,fk_horario) VALUES (@templo, @turno);

SET @turno = (SELECT pkTurno FROM (SELECT id_horario as pkTurno FROM arma_tu_fiesta.horario  WHERE dia = 'Viernes' AND turno = 'Matutino') as tablaHorario);
INSERT INTO arma_tu_fiesta.templo_horario (fk_templo,fk_horario) VALUES (@templo, @turno);

SET @turno = (SELECT pkTurno FROM (SELECT id_horario as pkTurno FROM arma_tu_fiesta.horario  WHERE dia = 'Sabado' AND turno = 'Matutino') as tablaHorario);
INSERT INTO arma_tu_fiesta.templo_horario (fk_templo,fk_horario) VALUES (@templo, @turno);

SET @turno = (SELECT pkTurno FROM (SELECT id_horario as pkTurno FROM arma_tu_fiesta.horario  WHERE dia = 'Domingo' AND turno = 'Matutino') as tablaHorario);
INSERT INTO arma_tu_fiesta.templo_horario (fk_templo,fk_horario) VALUES (@templo, @turno);


SET @templo = (SELECT pkTemplo FROM (SELECT id_locacion as pkTemplo FROM arma_tu_fiesta.locacion WHERE nombre LIKE '%Judio%Bolívar') as tablaTemplo);
SET @turno = (SELECT pkTurno FROM (SELECT id_horario as pkTurno FROM arma_tu_fiesta.horario  WHERE dia = 'Lunes' AND turno = 'Matutino') as tablaHorario);
INSERT INTO arma_tu_fiesta.templo_horario (fk_templo,fk_horario) VALUES (@templo, @turno);

SET @turno = (SELECT pkTurno FROM (SELECT id_horario as pkTurno FROM arma_tu_fiesta.horario  WHERE dia = 'Martes' AND turno = 'Matutino') as tablaHorario);
INSERT INTO arma_tu_fiesta.templo_horario (fk_templo,fk_horario) VALUES (@templo, @turno);

SET @turno = (SELECT pkTurno FROM (SELECT id_horario as pkTurno FROM arma_tu_fiesta.horario  WHERE dia = 'Miercoles' AND turno = 'Matutino') as tablaHorario);
INSERT INTO arma_tu_fiesta.templo_horario (fk_templo,fk_horario) VALUES (@templo, @turno);

SET @turno = (SELECT pkTurno FROM (SELECT id_horario as pkTurno FROM arma_tu_fiesta.horario  WHERE dia = 'Jueves' AND turno = 'Matutino') as tablaHorario);
INSERT INTO arma_tu_fiesta.templo_horario (fk_templo,fk_horario) VALUES (@templo, @turno);

SET @turno = (SELECT pkTurno FROM (SELECT id_horario as pkTurno FROM arma_tu_fiesta.horario  WHERE dia = 'Viernes' AND turno = 'Matutino') as tablaHorario);
INSERT INTO arma_tu_fiesta.templo_horario (fk_templo,fk_horario) VALUES (@templo, @turno);

SET @turno = (SELECT pkTurno FROM (SELECT id_horario as pkTurno FROM arma_tu_fiesta.horario  WHERE dia = 'Sabado' AND turno = 'Matutino') as tablaHorario);
INSERT INTO arma_tu_fiesta.templo_horario (fk_templo,fk_horario) VALUES (@templo, @turno);

SET @turno = (SELECT pkTurno FROM (SELECT id_horario as pkTurno FROM arma_tu_fiesta.horario  WHERE dia = 'Domingo' AND turno = 'Matutino') as tablaHorario);
INSERT INTO arma_tu_fiesta.templo_horario (fk_templo,fk_horario) VALUES (@templo, @turno);


SET @templo = (SELECT pkTemplo FROM (SELECT id_locacion as pkTemplo FROM arma_tu_fiesta.locacion WHERE nombre LIKE '%Islamico%Bolívar') as tablaTemplo);
SET @turno = (SELECT pkTurno FROM (SELECT id_horario as pkTurno FROM arma_tu_fiesta.horario  WHERE dia = 'Lunes' AND turno = 'Matutino') as tablaHorario);
INSERT INTO arma_tu_fiesta.templo_horario (fk_templo,fk_horario) VALUES (@templo, @turno);

SET @turno = (SELECT pkTurno FROM (SELECT id_horario as pkTurno FROM arma_tu_fiesta.horario  WHERE dia = 'Martes' AND turno = 'Matutino') as tablaHorario);
INSERT INTO arma_tu_fiesta.templo_horario (fk_templo,fk_horario) VALUES (@templo, @turno);

SET @turno = (SELECT pkTurno FROM (SELECT id_horario as pkTurno FROM arma_tu_fiesta.horario  WHERE dia = 'Miercoles' AND turno = 'Matutino') as tablaHorario);
INSERT INTO arma_tu_fiesta.templo_horario (fk_templo,fk_horario) VALUES (@templo, @turno);

SET @turno = (SELECT pkTurno FROM (SELECT id_horario as pkTurno FROM arma_tu_fiesta.horario  WHERE dia = 'Jueves' AND turno = 'Matutino') as tablaHorario);
INSERT INTO arma_tu_fiesta.templo_horario (fk_templo,fk_horario) VALUES (@templo, @turno);

SET @turno = (SELECT pkTurno FROM (SELECT id_horario as pkTurno FROM arma_tu_fiesta.horario  WHERE dia = 'Viernes' AND turno = 'Matutino') as tablaHorario);
INSERT INTO arma_tu_fiesta.templo_horario (fk_templo,fk_horario) VALUES (@templo, @turno);

SET @turno = (SELECT pkTurno FROM (SELECT id_horario as pkTurno FROM arma_tu_fiesta.horario  WHERE dia = 'Sabado' AND turno = 'Matutino') as tablaHorario);
INSERT INTO arma_tu_fiesta.templo_horario (fk_templo,fk_horario) VALUES (@templo, @turno);

SET @turno = (SELECT pkTurno FROM (SELECT id_horario as pkTurno FROM arma_tu_fiesta.horario  WHERE dia = 'Domingo' AND turno = 'Matutino') as tablaHorario);
INSERT INTO arma_tu_fiesta.templo_horario (fk_templo,fk_horario) VALUES (@templo, @turno);


SET @templo = (SELECT pkTemplo FROM (SELECT id_locacion as pkTemplo FROM arma_tu_fiesta.locacion WHERE nombre LIKE '%Hindu%Bolívar') as tablaTemplo);
SET @turno = (SELECT pkTurno FROM (SELECT id_horario as pkTurno FROM arma_tu_fiesta.horario  WHERE dia = 'Lunes' AND turno = 'Matutino') as tablaHorario);
INSERT INTO arma_tu_fiesta.templo_horario (fk_templo,fk_horario) VALUES (@templo, @turno);

SET @turno = (SELECT pkTurno FROM (SELECT id_horario as pkTurno FROM arma_tu_fiesta.horario  WHERE dia = 'Martes' AND turno = 'Matutino') as tablaHorario);
INSERT INTO arma_tu_fiesta.templo_horario (fk_templo,fk_horario) VALUES (@templo, @turno);

SET @turno = (SELECT pkTurno FROM (SELECT id_horario as pkTurno FROM arma_tu_fiesta.horario  WHERE dia = 'Miercoles' AND turno = 'Matutino') as tablaHorario);
INSERT INTO arma_tu_fiesta.templo_horario (fk_templo,fk_horario) VALUES (@templo, @turno);

SET @turno = (SELECT pkTurno FROM (SELECT id_horario as pkTurno FROM arma_tu_fiesta.horario  WHERE dia = 'Jueves' AND turno = 'Matutino') as tablaHorario);
INSERT INTO arma_tu_fiesta.templo_horario (fk_templo,fk_horario) VALUES (@templo, @turno);

SET @turno = (SELECT pkTurno FROM (SELECT id_horario as pkTurno FROM arma_tu_fiesta.horario  WHERE dia = 'Viernes' AND turno = 'Matutino') as tablaHorario);
INSERT INTO arma_tu_fiesta.templo_horario (fk_templo,fk_horario) VALUES (@templo, @turno);

SET @turno = (SELECT pkTurno FROM (SELECT id_horario as pkTurno FROM arma_tu_fiesta.horario  WHERE dia = 'Sabado' AND turno = 'Matutino') as tablaHorario);
INSERT INTO arma_tu_fiesta.templo_horario (fk_templo,fk_horario) VALUES (@templo, @turno);

SET @turno = (SELECT pkTurno FROM (SELECT id_horario as pkTurno FROM arma_tu_fiesta.horario  WHERE dia = 'Domingo' AND turno = 'Matutino') as tablaHorario);
INSERT INTO arma_tu_fiesta.templo_horario (fk_templo,fk_horario) VALUES (@templo, @turno);


SET @templo = (SELECT pkTemplo FROM (SELECT id_locacion as pkTemplo FROM arma_tu_fiesta.locacion WHERE nombre LIKE '%Shinto%Bolívar') as tablaTemplo);
SET @turno = (SELECT pkTurno FROM (SELECT id_horario as pkTurno FROM arma_tu_fiesta.horario  WHERE dia = 'Lunes' AND turno = 'Matutino') as tablaHorario);
INSERT INTO arma_tu_fiesta.templo_horario (fk_templo,fk_horario) VALUES (@templo, @turno);

SET @turno = (SELECT pkTurno FROM (SELECT id_horario as pkTurno FROM arma_tu_fiesta.horario  WHERE dia = 'Martes' AND turno = 'Matutino') as tablaHorario);
INSERT INTO arma_tu_fiesta.templo_horario (fk_templo,fk_horario) VALUES (@templo, @turno);

SET @turno = (SELECT pkTurno FROM (SELECT id_horario as pkTurno FROM arma_tu_fiesta.horario  WHERE dia = 'Miercoles' AND turno = 'Matutino') as tablaHorario);
INSERT INTO arma_tu_fiesta.templo_horario (fk_templo,fk_horario) VALUES (@templo, @turno);

SET @turno = (SELECT pkTurno FROM (SELECT id_horario as pkTurno FROM arma_tu_fiesta.horario  WHERE dia = 'Jueves' AND turno = 'Matutino') as tablaHorario);
INSERT INTO arma_tu_fiesta.templo_horario (fk_templo,fk_horario) VALUES (@templo, @turno);

SET @turno = (SELECT pkTurno FROM (SELECT id_horario as pkTurno FROM arma_tu_fiesta.horario  WHERE dia = 'Viernes' AND turno = 'Matutino') as tablaHorario);
INSERT INTO arma_tu_fiesta.templo_horario (fk_templo,fk_horario) VALUES (@templo, @turno);

SET @turno = (SELECT pkTurno FROM (SELECT id_horario as pkTurno FROM arma_tu_fiesta.horario  WHERE dia = 'Sabado' AND turno = 'Matutino') as tablaHorario);
INSERT INTO arma_tu_fiesta.templo_horario (fk_templo,fk_horario) VALUES (@templo, @turno);

SET @turno = (SELECT pkTurno FROM (SELECT id_horario as pkTurno FROM arma_tu_fiesta.horario  WHERE dia = 'Domingo' AND turno = 'Matutino') as tablaHorario);
INSERT INTO arma_tu_fiesta.templo_horario (fk_templo,fk_horario) VALUES (@templo, @turno);


SET @templo = (SELECT pkTemplo FROM (SELECT id_locacion as pkTemplo FROM arma_tu_fiesta.locacion WHERE nombre LIKE '%Catolico%Carabobo') as tablaTemplo);
SET @turno = (SELECT pkTurno FROM (SELECT id_horario as pkTurno FROM arma_tu_fiesta.horario  WHERE dia = 'Lunes' AND turno = 'Matutino') as tablaHorario);
INSERT INTO arma_tu_fiesta.templo_horario (fk_templo,fk_horario) VALUES (@templo, @turno);

SET @turno = (SELECT pkTurno FROM (SELECT id_horario as pkTurno FROM arma_tu_fiesta.horario  WHERE dia = 'Martes' AND turno = 'Matutino') as tablaHorario);
INSERT INTO arma_tu_fiesta.templo_horario (fk_templo,fk_horario) VALUES (@templo, @turno);

SET @turno = (SELECT pkTurno FROM (SELECT id_horario as pkTurno FROM arma_tu_fiesta.horario  WHERE dia = 'Miercoles' AND turno = 'Matutino') as tablaHorario);
INSERT INTO arma_tu_fiesta.templo_horario (fk_templo,fk_horario) VALUES (@templo, @turno);

SET @turno = (SELECT pkTurno FROM (SELECT id_horario as pkTurno FROM arma_tu_fiesta.horario  WHERE dia = 'Jueves' AND turno = 'Matutino') as tablaHorario);
INSERT INTO arma_tu_fiesta.templo_horario (fk_templo,fk_horario) VALUES (@templo, @turno);

SET @turno = (SELECT pkTurno FROM (SELECT id_horario as pkTurno FROM arma_tu_fiesta.horario  WHERE dia = 'Viernes' AND turno = 'Matutino') as tablaHorario);
INSERT INTO arma_tu_fiesta.templo_horario (fk_templo,fk_horario) VALUES (@templo, @turno);

SET @turno = (SELECT pkTurno FROM (SELECT id_horario as pkTurno FROM arma_tu_fiesta.horario  WHERE dia = 'Sabado' AND turno = 'Matutino') as tablaHorario);
INSERT INTO arma_tu_fiesta.templo_horario (fk_templo,fk_horario) VALUES (@templo, @turno);

SET @turno = (SELECT pkTurno FROM (SELECT id_horario as pkTurno FROM arma_tu_fiesta.horario  WHERE dia = 'Domingo' AND turno = 'Matutino') as tablaHorario);
INSERT INTO arma_tu_fiesta.templo_horario (fk_templo,fk_horario) VALUES (@templo, @turno);


SET @templo = (SELECT pkTemplo FROM (SELECT id_locacion as pkTemplo FROM arma_tu_fiesta.locacion WHERE nombre LIKE '%Judio%Carabobo') as tablaTemplo);
SET @turno = (SELECT pkTurno FROM (SELECT id_horario as pkTurno FROM arma_tu_fiesta.horario  WHERE dia = 'Lunes' AND turno = 'Matutino') as tablaHorario);
INSERT INTO arma_tu_fiesta.templo_horario (fk_templo,fk_horario) VALUES (@templo, @turno);

SET @turno = (SELECT pkTurno FROM (SELECT id_horario as pkTurno FROM arma_tu_fiesta.horario  WHERE dia = 'Martes' AND turno = 'Matutino') as tablaHorario);
INSERT INTO arma_tu_fiesta.templo_horario (fk_templo,fk_horario) VALUES (@templo, @turno);

SET @turno = (SELECT pkTurno FROM (SELECT id_horario as pkTurno FROM arma_tu_fiesta.horario  WHERE dia = 'Miercoles' AND turno = 'Matutino') as tablaHorario);
INSERT INTO arma_tu_fiesta.templo_horario (fk_templo,fk_horario) VALUES (@templo, @turno);

SET @turno = (SELECT pkTurno FROM (SELECT id_horario as pkTurno FROM arma_tu_fiesta.horario  WHERE dia = 'Jueves' AND turno = 'Matutino') as tablaHorario);
INSERT INTO arma_tu_fiesta.templo_horario (fk_templo,fk_horario) VALUES (@templo, @turno);

SET @turno = (SELECT pkTurno FROM (SELECT id_horario as pkTurno FROM arma_tu_fiesta.horario  WHERE dia = 'Viernes' AND turno = 'Matutino') as tablaHorario);
INSERT INTO arma_tu_fiesta.templo_horario (fk_templo,fk_horario) VALUES (@templo, @turno);

SET @turno = (SELECT pkTurno FROM (SELECT id_horario as pkTurno FROM arma_tu_fiesta.horario  WHERE dia = 'Sabado' AND turno = 'Matutino') as tablaHorario);
INSERT INTO arma_tu_fiesta.templo_horario (fk_templo,fk_horario) VALUES (@templo, @turno);

SET @turno = (SELECT pkTurno FROM (SELECT id_horario as pkTurno FROM arma_tu_fiesta.horario  WHERE dia = 'Domingo' AND turno = 'Matutino') as tablaHorario);
INSERT INTO arma_tu_fiesta.templo_horario (fk_templo,fk_horario) VALUES (@templo, @turno);


SET @templo = (SELECT pkTemplo FROM (SELECT id_locacion as pkTemplo FROM arma_tu_fiesta.locacion WHERE nombre LIKE '%Islamico%Carabobo') as tablaTemplo);
SET @turno = (SELECT pkTurno FROM (SELECT id_horario as pkTurno FROM arma_tu_fiesta.horario  WHERE dia = 'Lunes' AND turno = 'Matutino') as tablaHorario);
INSERT INTO arma_tu_fiesta.templo_horario (fk_templo,fk_horario) VALUES (@templo, @turno);

SET @turno = (SELECT pkTurno FROM (SELECT id_horario as pkTurno FROM arma_tu_fiesta.horario  WHERE dia = 'Martes' AND turno = 'Matutino') as tablaHorario);
INSERT INTO arma_tu_fiesta.templo_horario (fk_templo,fk_horario) VALUES (@templo, @turno);

SET @turno = (SELECT pkTurno FROM (SELECT id_horario as pkTurno FROM arma_tu_fiesta.horario  WHERE dia = 'Miercoles' AND turno = 'Matutino') as tablaHorario);
INSERT INTO arma_tu_fiesta.templo_horario (fk_templo,fk_horario) VALUES (@templo, @turno);

SET @turno = (SELECT pkTurno FROM (SELECT id_horario as pkTurno FROM arma_tu_fiesta.horario  WHERE dia = 'Jueves' AND turno = 'Matutino') as tablaHorario);
INSERT INTO arma_tu_fiesta.templo_horario (fk_templo,fk_horario) VALUES (@templo, @turno);

SET @turno = (SELECT pkTurno FROM (SELECT id_horario as pkTurno FROM arma_tu_fiesta.horario  WHERE dia = 'Viernes' AND turno = 'Matutino') as tablaHorario);
INSERT INTO arma_tu_fiesta.templo_horario (fk_templo,fk_horario) VALUES (@templo, @turno);

SET @turno = (SELECT pkTurno FROM (SELECT id_horario as pkTurno FROM arma_tu_fiesta.horario  WHERE dia = 'Sabado' AND turno = 'Matutino') as tablaHorario);
INSERT INTO arma_tu_fiesta.templo_horario (fk_templo,fk_horario) VALUES (@templo, @turno);

SET @turno = (SELECT pkTurno FROM (SELECT id_horario as pkTurno FROM arma_tu_fiesta.horario  WHERE dia = 'Domingo' AND turno = 'Matutino') as tablaHorario);
INSERT INTO arma_tu_fiesta.templo_horario (fk_templo,fk_horario) VALUES (@templo, @turno);


SET @templo = (SELECT pkTemplo FROM (SELECT id_locacion as pkTemplo FROM arma_tu_fiesta.locacion WHERE nombre LIKE '%Hindu%Carabobo') as tablaTemplo);
SET @turno = (SELECT pkTurno FROM (SELECT id_horario as pkTurno FROM arma_tu_fiesta.horario  WHERE dia = 'Lunes' AND turno = 'Matutino') as tablaHorario);
INSERT INTO arma_tu_fiesta.templo_horario (fk_templo,fk_horario) VALUES (@templo, @turno);

SET @turno = (SELECT pkTurno FROM (SELECT id_horario as pkTurno FROM arma_tu_fiesta.horario  WHERE dia = 'Martes' AND turno = 'Matutino') as tablaHorario);
INSERT INTO arma_tu_fiesta.templo_horario (fk_templo,fk_horario) VALUES (@templo, @turno);

SET @turno = (SELECT pkTurno FROM (SELECT id_horario as pkTurno FROM arma_tu_fiesta.horario  WHERE dia = 'Miercoles' AND turno = 'Matutino') as tablaHorario);
INSERT INTO arma_tu_fiesta.templo_horario (fk_templo,fk_horario) VALUES (@templo, @turno);

SET @turno = (SELECT pkTurno FROM (SELECT id_horario as pkTurno FROM arma_tu_fiesta.horario  WHERE dia = 'Jueves' AND turno = 'Matutino') as tablaHorario);
INSERT INTO arma_tu_fiesta.templo_horario (fk_templo,fk_horario) VALUES (@templo, @turno);

SET @turno = (SELECT pkTurno FROM (SELECT id_horario as pkTurno FROM arma_tu_fiesta.horario  WHERE dia = 'Viernes' AND turno = 'Matutino') as tablaHorario);
INSERT INTO arma_tu_fiesta.templo_horario (fk_templo,fk_horario) VALUES (@templo, @turno);

SET @turno = (SELECT pkTurno FROM (SELECT id_horario as pkTurno FROM arma_tu_fiesta.horario  WHERE dia = 'Sabado' AND turno = 'Matutino') as tablaHorario);
INSERT INTO arma_tu_fiesta.templo_horario (fk_templo,fk_horario) VALUES (@templo, @turno);

SET @turno = (SELECT pkTurno FROM (SELECT id_horario as pkTurno FROM arma_tu_fiesta.horario  WHERE dia = 'Domingo' AND turno = 'Matutino') as tablaHorario);
INSERT INTO arma_tu_fiesta.templo_horario (fk_templo,fk_horario) VALUES (@templo, @turno);


SET @templo = (SELECT pkTemplo FROM (SELECT id_locacion as pkTemplo FROM arma_tu_fiesta.locacion WHERE nombre LIKE '%Shinto%Carabobo') as tablaTemplo);
SET @turno = (SELECT pkTurno FROM (SELECT id_horario as pkTurno FROM arma_tu_fiesta.horario  WHERE dia = 'Lunes' AND turno = 'Matutino') as tablaHorario);
INSERT INTO arma_tu_fiesta.templo_horario (fk_templo,fk_horario) VALUES (@templo, @turno);

SET @turno = (SELECT pkTurno FROM (SELECT id_horario as pkTurno FROM arma_tu_fiesta.horario  WHERE dia = 'Martes' AND turno = 'Matutino') as tablaHorario);
INSERT INTO arma_tu_fiesta.templo_horario (fk_templo,fk_horario) VALUES (@templo, @turno);

SET @turno = (SELECT pkTurno FROM (SELECT id_horario as pkTurno FROM arma_tu_fiesta.horario  WHERE dia = 'Miercoles' AND turno = 'Matutino') as tablaHorario);
INSERT INTO arma_tu_fiesta.templo_horario (fk_templo,fk_horario) VALUES (@templo, @turno);

SET @turno = (SELECT pkTurno FROM (SELECT id_horario as pkTurno FROM arma_tu_fiesta.horario  WHERE dia = 'Jueves' AND turno = 'Matutino') as tablaHorario);
INSERT INTO arma_tu_fiesta.templo_horario (fk_templo,fk_horario) VALUES (@templo, @turno);

SET @turno = (SELECT pkTurno FROM (SELECT id_horario as pkTurno FROM arma_tu_fiesta.horario  WHERE dia = 'Viernes' AND turno = 'Matutino') as tablaHorario);
INSERT INTO arma_tu_fiesta.templo_horario (fk_templo,fk_horario) VALUES (@templo, @turno);

SET @turno = (SELECT pkTurno FROM (SELECT id_horario as pkTurno FROM arma_tu_fiesta.horario  WHERE dia = 'Sabado' AND turno = 'Matutino') as tablaHorario);
INSERT INTO arma_tu_fiesta.templo_horario (fk_templo,fk_horario) VALUES (@templo, @turno);

SET @turno = (SELECT pkTurno FROM (SELECT id_horario as pkTurno FROM arma_tu_fiesta.horario  WHERE dia = 'Domingo' AND turno = 'Matutino') as tablaHorario);
INSERT INTO arma_tu_fiesta.templo_horario (fk_templo,fk_horario) VALUES (@templo, @turno);


SET @templo = (SELECT pkTemplo FROM (SELECT id_locacion as pkTemplo FROM arma_tu_fiesta.locacion WHERE nombre LIKE '%Catolico%Cojedes') as tablaTemplo);
SET @turno = (SELECT pkTurno FROM (SELECT id_horario as pkTurno FROM arma_tu_fiesta.horario  WHERE dia = 'Lunes' AND turno = 'Matutino') as tablaHorario);
INSERT INTO arma_tu_fiesta.templo_horario (fk_templo,fk_horario) VALUES (@templo, @turno);

SET @turno = (SELECT pkTurno FROM (SELECT id_horario as pkTurno FROM arma_tu_fiesta.horario  WHERE dia = 'Martes' AND turno = 'Matutino') as tablaHorario);
INSERT INTO arma_tu_fiesta.templo_horario (fk_templo,fk_horario) VALUES (@templo, @turno);

SET @turno = (SELECT pkTurno FROM (SELECT id_horario as pkTurno FROM arma_tu_fiesta.horario  WHERE dia = 'Miercoles' AND turno = 'Matutino') as tablaHorario);
INSERT INTO arma_tu_fiesta.templo_horario (fk_templo,fk_horario) VALUES (@templo, @turno);

SET @turno = (SELECT pkTurno FROM (SELECT id_horario as pkTurno FROM arma_tu_fiesta.horario  WHERE dia = 'Jueves' AND turno = 'Matutino') as tablaHorario);
INSERT INTO arma_tu_fiesta.templo_horario (fk_templo,fk_horario) VALUES (@templo, @turno);

SET @turno = (SELECT pkTurno FROM (SELECT id_horario as pkTurno FROM arma_tu_fiesta.horario  WHERE dia = 'Viernes' AND turno = 'Matutino') as tablaHorario);
INSERT INTO arma_tu_fiesta.templo_horario (fk_templo,fk_horario) VALUES (@templo, @turno);

SET @turno = (SELECT pkTurno FROM (SELECT id_horario as pkTurno FROM arma_tu_fiesta.horario  WHERE dia = 'Sabado' AND turno = 'Matutino') as tablaHorario);
INSERT INTO arma_tu_fiesta.templo_horario (fk_templo,fk_horario) VALUES (@templo, @turno);

SET @turno = (SELECT pkTurno FROM (SELECT id_horario as pkTurno FROM arma_tu_fiesta.horario  WHERE dia = 'Domingo' AND turno = 'Matutino') as tablaHorario);
INSERT INTO arma_tu_fiesta.templo_horario (fk_templo,fk_horario) VALUES (@templo, @turno);


SET @templo = (SELECT pkTemplo FROM (SELECT id_locacion as pkTemplo FROM arma_tu_fiesta.locacion WHERE nombre LIKE '%Judio%Cojedes') as tablaTemplo);
SET @turno = (SELECT pkTurno FROM (SELECT id_horario as pkTurno FROM arma_tu_fiesta.horario  WHERE dia = 'Lunes' AND turno = 'Matutino') as tablaHorario);
INSERT INTO arma_tu_fiesta.templo_horario (fk_templo,fk_horario) VALUES (@templo, @turno);

SET @turno = (SELECT pkTurno FROM (SELECT id_horario as pkTurno FROM arma_tu_fiesta.horario  WHERE dia = 'Martes' AND turno = 'Matutino') as tablaHorario);
INSERT INTO arma_tu_fiesta.templo_horario (fk_templo,fk_horario) VALUES (@templo, @turno);

SET @turno = (SELECT pkTurno FROM (SELECT id_horario as pkTurno FROM arma_tu_fiesta.horario  WHERE dia = 'Miercoles' AND turno = 'Matutino') as tablaHorario);
INSERT INTO arma_tu_fiesta.templo_horario (fk_templo,fk_horario) VALUES (@templo, @turno);

SET @turno = (SELECT pkTurno FROM (SELECT id_horario as pkTurno FROM arma_tu_fiesta.horario  WHERE dia = 'Jueves' AND turno = 'Matutino') as tablaHorario);
INSERT INTO arma_tu_fiesta.templo_horario (fk_templo,fk_horario) VALUES (@templo, @turno);

SET @turno = (SELECT pkTurno FROM (SELECT id_horario as pkTurno FROM arma_tu_fiesta.horario  WHERE dia = 'Viernes' AND turno = 'Matutino') as tablaHorario);
INSERT INTO arma_tu_fiesta.templo_horario (fk_templo,fk_horario) VALUES (@templo, @turno);

SET @turno = (SELECT pkTurno FROM (SELECT id_horario as pkTurno FROM arma_tu_fiesta.horario  WHERE dia = 'Sabado' AND turno = 'Matutino') as tablaHorario);
INSERT INTO arma_tu_fiesta.templo_horario (fk_templo,fk_horario) VALUES (@templo, @turno);

SET @turno = (SELECT pkTurno FROM (SELECT id_horario as pkTurno FROM arma_tu_fiesta.horario  WHERE dia = 'Domingo' AND turno = 'Matutino') as tablaHorario);
INSERT INTO arma_tu_fiesta.templo_horario (fk_templo,fk_horario) VALUES (@templo, @turno);


SET @templo = (SELECT pkTemplo FROM (SELECT id_locacion as pkTemplo FROM arma_tu_fiesta.locacion WHERE nombre LIKE '%Islamico%Cojedes') as tablaTemplo);
SET @turno = (SELECT pkTurno FROM (SELECT id_horario as pkTurno FROM arma_tu_fiesta.horario  WHERE dia = 'Lunes' AND turno = 'Matutino') as tablaHorario);
INSERT INTO arma_tu_fiesta.templo_horario (fk_templo,fk_horario) VALUES (@templo, @turno);

SET @turno = (SELECT pkTurno FROM (SELECT id_horario as pkTurno FROM arma_tu_fiesta.horario  WHERE dia = 'Martes' AND turno = 'Matutino') as tablaHorario);
INSERT INTO arma_tu_fiesta.templo_horario (fk_templo,fk_horario) VALUES (@templo, @turno);

SET @turno = (SELECT pkTurno FROM (SELECT id_horario as pkTurno FROM arma_tu_fiesta.horario  WHERE dia = 'Miercoles' AND turno = 'Matutino') as tablaHorario);
INSERT INTO arma_tu_fiesta.templo_horario (fk_templo,fk_horario) VALUES (@templo, @turno);

SET @turno = (SELECT pkTurno FROM (SELECT id_horario as pkTurno FROM arma_tu_fiesta.horario  WHERE dia = 'Jueves' AND turno = 'Matutino') as tablaHorario);
INSERT INTO arma_tu_fiesta.templo_horario (fk_templo,fk_horario) VALUES (@templo, @turno);

SET @turno = (SELECT pkTurno FROM (SELECT id_horario as pkTurno FROM arma_tu_fiesta.horario  WHERE dia = 'Viernes' AND turno = 'Matutino') as tablaHorario);
INSERT INTO arma_tu_fiesta.templo_horario (fk_templo,fk_horario) VALUES (@templo, @turno);

SET @turno = (SELECT pkTurno FROM (SELECT id_horario as pkTurno FROM arma_tu_fiesta.horario  WHERE dia = 'Sabado' AND turno = 'Matutino') as tablaHorario);
INSERT INTO arma_tu_fiesta.templo_horario (fk_templo,fk_horario) VALUES (@templo, @turno);

SET @turno = (SELECT pkTurno FROM (SELECT id_horario as pkTurno FROM arma_tu_fiesta.horario  WHERE dia = 'Domingo' AND turno = 'Matutino') as tablaHorario);
INSERT INTO arma_tu_fiesta.templo_horario (fk_templo,fk_horario) VALUES (@templo, @turno);


SET @templo = (SELECT pkTemplo FROM (SELECT id_locacion as pkTemplo FROM arma_tu_fiesta.locacion WHERE nombre LIKE '%Hindu%Cojedes') as tablaTemplo);
SET @turno = (SELECT pkTurno FROM (SELECT id_horario as pkTurno FROM arma_tu_fiesta.horario  WHERE dia = 'Lunes' AND turno = 'Matutino') as tablaHorario);
INSERT INTO arma_tu_fiesta.templo_horario (fk_templo,fk_horario) VALUES (@templo, @turno);

SET @turno = (SELECT pkTurno FROM (SELECT id_horario as pkTurno FROM arma_tu_fiesta.horario  WHERE dia = 'Martes' AND turno = 'Matutino') as tablaHorario);
INSERT INTO arma_tu_fiesta.templo_horario (fk_templo,fk_horario) VALUES (@templo, @turno);

SET @turno = (SELECT pkTurno FROM (SELECT id_horario as pkTurno FROM arma_tu_fiesta.horario  WHERE dia = 'Miercoles' AND turno = 'Matutino') as tablaHorario);
INSERT INTO arma_tu_fiesta.templo_horario (fk_templo,fk_horario) VALUES (@templo, @turno);

SET @turno = (SELECT pkTurno FROM (SELECT id_horario as pkTurno FROM arma_tu_fiesta.horario  WHERE dia = 'Jueves' AND turno = 'Matutino') as tablaHorario);
INSERT INTO arma_tu_fiesta.templo_horario (fk_templo,fk_horario) VALUES (@templo, @turno);

SET @turno = (SELECT pkTurno FROM (SELECT id_horario as pkTurno FROM arma_tu_fiesta.horario  WHERE dia = 'Viernes' AND turno = 'Matutino') as tablaHorario);
INSERT INTO arma_tu_fiesta.templo_horario (fk_templo,fk_horario) VALUES (@templo, @turno);

SET @turno = (SELECT pkTurno FROM (SELECT id_horario as pkTurno FROM arma_tu_fiesta.horario  WHERE dia = 'Sabado' AND turno = 'Matutino') as tablaHorario);
INSERT INTO arma_tu_fiesta.templo_horario (fk_templo,fk_horario) VALUES (@templo, @turno);

SET @turno = (SELECT pkTurno FROM (SELECT id_horario as pkTurno FROM arma_tu_fiesta.horario  WHERE dia = 'Domingo' AND turno = 'Matutino') as tablaHorario);
INSERT INTO arma_tu_fiesta.templo_horario (fk_templo,fk_horario) VALUES (@templo, @turno);


SET @templo = (SELECT pkTemplo FROM (SELECT id_locacion as pkTemplo FROM arma_tu_fiesta.locacion WHERE nombre LIKE '%Shinto%Cojedes') as tablaTemplo);
SET @turno = (SELECT pkTurno FROM (SELECT id_horario as pkTurno FROM arma_tu_fiesta.horario  WHERE dia = 'Lunes' AND turno = 'Matutino') as tablaHorario);
INSERT INTO arma_tu_fiesta.templo_horario (fk_templo,fk_horario) VALUES (@templo, @turno);

SET @turno = (SELECT pkTurno FROM (SELECT id_horario as pkTurno FROM arma_tu_fiesta.horario  WHERE dia = 'Martes' AND turno = 'Matutino') as tablaHorario);
INSERT INTO arma_tu_fiesta.templo_horario (fk_templo,fk_horario) VALUES (@templo, @turno);

SET @turno = (SELECT pkTurno FROM (SELECT id_horario as pkTurno FROM arma_tu_fiesta.horario  WHERE dia = 'Miercoles' AND turno = 'Matutino') as tablaHorario);
INSERT INTO arma_tu_fiesta.templo_horario (fk_templo,fk_horario) VALUES (@templo, @turno);

SET @turno = (SELECT pkTurno FROM (SELECT id_horario as pkTurno FROM arma_tu_fiesta.horario  WHERE dia = 'Jueves' AND turno = 'Matutino') as tablaHorario);
INSERT INTO arma_tu_fiesta.templo_horario (fk_templo,fk_horario) VALUES (@templo, @turno);

SET @turno = (SELECT pkTurno FROM (SELECT id_horario as pkTurno FROM arma_tu_fiesta.horario  WHERE dia = 'Viernes' AND turno = 'Matutino') as tablaHorario);
INSERT INTO arma_tu_fiesta.templo_horario (fk_templo,fk_horario) VALUES (@templo, @turno);

SET @turno = (SELECT pkTurno FROM (SELECT id_horario as pkTurno FROM arma_tu_fiesta.horario  WHERE dia = 'Sabado' AND turno = 'Matutino') as tablaHorario);
INSERT INTO arma_tu_fiesta.templo_horario (fk_templo,fk_horario) VALUES (@templo, @turno);

SET @turno = (SELECT pkTurno FROM (SELECT id_horario as pkTurno FROM arma_tu_fiesta.horario  WHERE dia = 'Domingo' AND turno = 'Matutino') as tablaHorario);
INSERT INTO arma_tu_fiesta.templo_horario (fk_templo,fk_horario) VALUES (@templo, @turno);


SET @templo = (SELECT pkTemplo FROM (SELECT id_locacion as pkTemplo FROM arma_tu_fiesta.locacion WHERE nombre LIKE '%Catolico%Delta Amacuro') as tablaTemplo);
SET @turno = (SELECT pkTurno FROM (SELECT id_horario as pkTurno FROM arma_tu_fiesta.horario  WHERE dia = 'Lunes' AND turno = 'Matutino') as tablaHorario);
INSERT INTO arma_tu_fiesta.templo_horario (fk_templo,fk_horario) VALUES (@templo, @turno);

SET @turno = (SELECT pkTurno FROM (SELECT id_horario as pkTurno FROM arma_tu_fiesta.horario  WHERE dia = 'Martes' AND turno = 'Matutino') as tablaHorario);
INSERT INTO arma_tu_fiesta.templo_horario (fk_templo,fk_horario) VALUES (@templo, @turno);

SET @turno = (SELECT pkTurno FROM (SELECT id_horario as pkTurno FROM arma_tu_fiesta.horario  WHERE dia = 'Miercoles' AND turno = 'Matutino') as tablaHorario);
INSERT INTO arma_tu_fiesta.templo_horario (fk_templo,fk_horario) VALUES (@templo, @turno);

SET @turno = (SELECT pkTurno FROM (SELECT id_horario as pkTurno FROM arma_tu_fiesta.horario  WHERE dia = 'Jueves' AND turno = 'Matutino') as tablaHorario);
INSERT INTO arma_tu_fiesta.templo_horario (fk_templo,fk_horario) VALUES (@templo, @turno);

SET @turno = (SELECT pkTurno FROM (SELECT id_horario as pkTurno FROM arma_tu_fiesta.horario  WHERE dia = 'Viernes' AND turno = 'Matutino') as tablaHorario);
INSERT INTO arma_tu_fiesta.templo_horario (fk_templo,fk_horario) VALUES (@templo, @turno);

SET @turno = (SELECT pkTurno FROM (SELECT id_horario as pkTurno FROM arma_tu_fiesta.horario  WHERE dia = 'Sabado' AND turno = 'Matutino') as tablaHorario);
INSERT INTO arma_tu_fiesta.templo_horario (fk_templo,fk_horario) VALUES (@templo, @turno);

SET @turno = (SELECT pkTurno FROM (SELECT id_horario as pkTurno FROM arma_tu_fiesta.horario  WHERE dia = 'Domingo' AND turno = 'Matutino') as tablaHorario);
INSERT INTO arma_tu_fiesta.templo_horario (fk_templo,fk_horario) VALUES (@templo, @turno);


SET @templo = (SELECT pkTemplo FROM (SELECT id_locacion as pkTemplo FROM arma_tu_fiesta.locacion WHERE nombre LIKE '%Judio%Delta Amacuro') as tablaTemplo);
SET @turno = (SELECT pkTurno FROM (SELECT id_horario as pkTurno FROM arma_tu_fiesta.horario  WHERE dia = 'Lunes' AND turno = 'Matutino') as tablaHorario);
INSERT INTO arma_tu_fiesta.templo_horario (fk_templo,fk_horario) VALUES (@templo, @turno);

SET @turno = (SELECT pkTurno FROM (SELECT id_horario as pkTurno FROM arma_tu_fiesta.horario  WHERE dia = 'Martes' AND turno = 'Matutino') as tablaHorario);
INSERT INTO arma_tu_fiesta.templo_horario (fk_templo,fk_horario) VALUES (@templo, @turno);

SET @turno = (SELECT pkTurno FROM (SELECT id_horario as pkTurno FROM arma_tu_fiesta.horario  WHERE dia = 'Miercoles' AND turno = 'Matutino') as tablaHorario);
INSERT INTO arma_tu_fiesta.templo_horario (fk_templo,fk_horario) VALUES (@templo, @turno);

SET @turno = (SELECT pkTurno FROM (SELECT id_horario as pkTurno FROM arma_tu_fiesta.horario  WHERE dia = 'Jueves' AND turno = 'Matutino') as tablaHorario);
INSERT INTO arma_tu_fiesta.templo_horario (fk_templo,fk_horario) VALUES (@templo, @turno);

SET @turno = (SELECT pkTurno FROM (SELECT id_horario as pkTurno FROM arma_tu_fiesta.horario  WHERE dia = 'Viernes' AND turno = 'Matutino') as tablaHorario);
INSERT INTO arma_tu_fiesta.templo_horario (fk_templo,fk_horario) VALUES (@templo, @turno);

SET @turno = (SELECT pkTurno FROM (SELECT id_horario as pkTurno FROM arma_tu_fiesta.horario  WHERE dia = 'Sabado' AND turno = 'Matutino') as tablaHorario);
INSERT INTO arma_tu_fiesta.templo_horario (fk_templo,fk_horario) VALUES (@templo, @turno);

SET @turno = (SELECT pkTurno FROM (SELECT id_horario as pkTurno FROM arma_tu_fiesta.horario  WHERE dia = 'Domingo' AND turno = 'Matutino') as tablaHorario);
INSERT INTO arma_tu_fiesta.templo_horario (fk_templo,fk_horario) VALUES (@templo, @turno);


SET @templo = (SELECT pkTemplo FROM (SELECT id_locacion as pkTemplo FROM arma_tu_fiesta.locacion WHERE nombre LIKE '%Islamico%Delta Amacuro') as tablaTemplo);
SET @turno = (SELECT pkTurno FROM (SELECT id_horario as pkTurno FROM arma_tu_fiesta.horario  WHERE dia = 'Lunes' AND turno = 'Matutino') as tablaHorario);
INSERT INTO arma_tu_fiesta.templo_horario (fk_templo,fk_horario) VALUES (@templo, @turno);

SET @turno = (SELECT pkTurno FROM (SELECT id_horario as pkTurno FROM arma_tu_fiesta.horario  WHERE dia = 'Martes' AND turno = 'Matutino') as tablaHorario);
INSERT INTO arma_tu_fiesta.templo_horario (fk_templo,fk_horario) VALUES (@templo, @turno);

SET @turno = (SELECT pkTurno FROM (SELECT id_horario as pkTurno FROM arma_tu_fiesta.horario  WHERE dia = 'Miercoles' AND turno = 'Matutino') as tablaHorario);
INSERT INTO arma_tu_fiesta.templo_horario (fk_templo,fk_horario) VALUES (@templo, @turno);

SET @turno = (SELECT pkTurno FROM (SELECT id_horario as pkTurno FROM arma_tu_fiesta.horario  WHERE dia = 'Jueves' AND turno = 'Matutino') as tablaHorario);
INSERT INTO arma_tu_fiesta.templo_horario (fk_templo,fk_horario) VALUES (@templo, @turno);

SET @turno = (SELECT pkTurno FROM (SELECT id_horario as pkTurno FROM arma_tu_fiesta.horario  WHERE dia = 'Viernes' AND turno = 'Matutino') as tablaHorario);
INSERT INTO arma_tu_fiesta.templo_horario (fk_templo,fk_horario) VALUES (@templo, @turno);

SET @turno = (SELECT pkTurno FROM (SELECT id_horario as pkTurno FROM arma_tu_fiesta.horario  WHERE dia = 'Sabado' AND turno = 'Matutino') as tablaHorario);
INSERT INTO arma_tu_fiesta.templo_horario (fk_templo,fk_horario) VALUES (@templo, @turno);

SET @turno = (SELECT pkTurno FROM (SELECT id_horario as pkTurno FROM arma_tu_fiesta.horario  WHERE dia = 'Domingo' AND turno = 'Matutino') as tablaHorario);
INSERT INTO arma_tu_fiesta.templo_horario (fk_templo,fk_horario) VALUES (@templo, @turno);


SET @templo = (SELECT pkTemplo FROM (SELECT id_locacion as pkTemplo FROM arma_tu_fiesta.locacion WHERE nombre LIKE '%Hindu%Delta Amacuro') as tablaTemplo);
SET @turno = (SELECT pkTurno FROM (SELECT id_horario as pkTurno FROM arma_tu_fiesta.horario  WHERE dia = 'Lunes' AND turno = 'Matutino') as tablaHorario);
INSERT INTO arma_tu_fiesta.templo_horario (fk_templo,fk_horario) VALUES (@templo, @turno);

SET @turno = (SELECT pkTurno FROM (SELECT id_horario as pkTurno FROM arma_tu_fiesta.horario  WHERE dia = 'Martes' AND turno = 'Matutino') as tablaHorario);
INSERT INTO arma_tu_fiesta.templo_horario (fk_templo,fk_horario) VALUES (@templo, @turno);

SET @turno = (SELECT pkTurno FROM (SELECT id_horario as pkTurno FROM arma_tu_fiesta.horario  WHERE dia = 'Miercoles' AND turno = 'Matutino') as tablaHorario);
INSERT INTO arma_tu_fiesta.templo_horario (fk_templo,fk_horario) VALUES (@templo, @turno);

SET @turno = (SELECT pkTurno FROM (SELECT id_horario as pkTurno FROM arma_tu_fiesta.horario  WHERE dia = 'Jueves' AND turno = 'Matutino') as tablaHorario);
INSERT INTO arma_tu_fiesta.templo_horario (fk_templo,fk_horario) VALUES (@templo, @turno);

SET @turno = (SELECT pkTurno FROM (SELECT id_horario as pkTurno FROM arma_tu_fiesta.horario  WHERE dia = 'Viernes' AND turno = 'Matutino') as tablaHorario);
INSERT INTO arma_tu_fiesta.templo_horario (fk_templo,fk_horario) VALUES (@templo, @turno);

SET @turno = (SELECT pkTurno FROM (SELECT id_horario as pkTurno FROM arma_tu_fiesta.horario  WHERE dia = 'Sabado' AND turno = 'Matutino') as tablaHorario);
INSERT INTO arma_tu_fiesta.templo_horario (fk_templo,fk_horario) VALUES (@templo, @turno);

SET @turno = (SELECT pkTurno FROM (SELECT id_horario as pkTurno FROM arma_tu_fiesta.horario  WHERE dia = 'Domingo' AND turno = 'Matutino') as tablaHorario);
INSERT INTO arma_tu_fiesta.templo_horario (fk_templo,fk_horario) VALUES (@templo, @turno);


SET @templo = (SELECT pkTemplo FROM (SELECT id_locacion as pkTemplo FROM arma_tu_fiesta.locacion WHERE nombre LIKE '%Shinto%Delta Amacuro') as tablaTemplo);
SET @turno = (SELECT pkTurno FROM (SELECT id_horario as pkTurno FROM arma_tu_fiesta.horario  WHERE dia = 'Lunes' AND turno = 'Matutino') as tablaHorario);
INSERT INTO arma_tu_fiesta.templo_horario (fk_templo,fk_horario) VALUES (@templo, @turno);

SET @turno = (SELECT pkTurno FROM (SELECT id_horario as pkTurno FROM arma_tu_fiesta.horario  WHERE dia = 'Martes' AND turno = 'Matutino') as tablaHorario);
INSERT INTO arma_tu_fiesta.templo_horario (fk_templo,fk_horario) VALUES (@templo, @turno);

SET @turno = (SELECT pkTurno FROM (SELECT id_horario as pkTurno FROM arma_tu_fiesta.horario  WHERE dia = 'Miercoles' AND turno = 'Matutino') as tablaHorario);
INSERT INTO arma_tu_fiesta.templo_horario (fk_templo,fk_horario) VALUES (@templo, @turno);

SET @turno = (SELECT pkTurno FROM (SELECT id_horario as pkTurno FROM arma_tu_fiesta.horario  WHERE dia = 'Jueves' AND turno = 'Matutino') as tablaHorario);
INSERT INTO arma_tu_fiesta.templo_horario (fk_templo,fk_horario) VALUES (@templo, @turno);

SET @turno = (SELECT pkTurno FROM (SELECT id_horario as pkTurno FROM arma_tu_fiesta.horario  WHERE dia = 'Viernes' AND turno = 'Matutino') as tablaHorario);
INSERT INTO arma_tu_fiesta.templo_horario (fk_templo,fk_horario) VALUES (@templo, @turno);

SET @turno = (SELECT pkTurno FROM (SELECT id_horario as pkTurno FROM arma_tu_fiesta.horario  WHERE dia = 'Sabado' AND turno = 'Matutino') as tablaHorario);
INSERT INTO arma_tu_fiesta.templo_horario (fk_templo,fk_horario) VALUES (@templo, @turno);

SET @turno = (SELECT pkTurno FROM (SELECT id_horario as pkTurno FROM arma_tu_fiesta.horario  WHERE dia = 'Domingo' AND turno = 'Matutino') as tablaHorario);
INSERT INTO arma_tu_fiesta.templo_horario (fk_templo,fk_horario) VALUES (@templo, @turno);


SET @templo = (SELECT pkTemplo FROM (SELECT id_locacion as pkTemplo FROM arma_tu_fiesta.locacion WHERE nombre LIKE '%Catolico%Distrito Capital') as tablaTemplo);
SET @turno = (SELECT pkTurno FROM (SELECT id_horario as pkTurno FROM arma_tu_fiesta.horario  WHERE dia = 'Lunes' AND turno = 'Matutino') as tablaHorario);
INSERT INTO arma_tu_fiesta.templo_horario (fk_templo,fk_horario) VALUES (@templo, @turno);

SET @turno = (SELECT pkTurno FROM (SELECT id_horario as pkTurno FROM arma_tu_fiesta.horario  WHERE dia = 'Martes' AND turno = 'Matutino') as tablaHorario);
INSERT INTO arma_tu_fiesta.templo_horario (fk_templo,fk_horario) VALUES (@templo, @turno);

SET @turno = (SELECT pkTurno FROM (SELECT id_horario as pkTurno FROM arma_tu_fiesta.horario  WHERE dia = 'Miercoles' AND turno = 'Matutino') as tablaHorario);
INSERT INTO arma_tu_fiesta.templo_horario (fk_templo,fk_horario) VALUES (@templo, @turno);

SET @turno = (SELECT pkTurno FROM (SELECT id_horario as pkTurno FROM arma_tu_fiesta.horario  WHERE dia = 'Jueves' AND turno = 'Matutino') as tablaHorario);
INSERT INTO arma_tu_fiesta.templo_horario (fk_templo,fk_horario) VALUES (@templo, @turno);

SET @turno = (SELECT pkTurno FROM (SELECT id_horario as pkTurno FROM arma_tu_fiesta.horario  WHERE dia = 'Viernes' AND turno = 'Matutino') as tablaHorario);
INSERT INTO arma_tu_fiesta.templo_horario (fk_templo,fk_horario) VALUES (@templo, @turno);

SET @turno = (SELECT pkTurno FROM (SELECT id_horario as pkTurno FROM arma_tu_fiesta.horario  WHERE dia = 'Sabado' AND turno = 'Matutino') as tablaHorario);
INSERT INTO arma_tu_fiesta.templo_horario (fk_templo,fk_horario) VALUES (@templo, @turno);

SET @turno = (SELECT pkTurno FROM (SELECT id_horario as pkTurno FROM arma_tu_fiesta.horario  WHERE dia = 'Domingo' AND turno = 'Matutino') as tablaHorario);
INSERT INTO arma_tu_fiesta.templo_horario (fk_templo,fk_horario) VALUES (@templo, @turno);


SET @templo = (SELECT pkTemplo FROM (SELECT id_locacion as pkTemplo FROM arma_tu_fiesta.locacion WHERE nombre LIKE '%Judio%Distrito Capital') as tablaTemplo);
SET @turno = (SELECT pkTurno FROM (SELECT id_horario as pkTurno FROM arma_tu_fiesta.horario  WHERE dia = 'Lunes' AND turno = 'Matutino') as tablaHorario);
INSERT INTO arma_tu_fiesta.templo_horario (fk_templo,fk_horario) VALUES (@templo, @turno);

SET @turno = (SELECT pkTurno FROM (SELECT id_horario as pkTurno FROM arma_tu_fiesta.horario  WHERE dia = 'Martes' AND turno = 'Matutino') as tablaHorario);
INSERT INTO arma_tu_fiesta.templo_horario (fk_templo,fk_horario) VALUES (@templo, @turno);

SET @turno = (SELECT pkTurno FROM (SELECT id_horario as pkTurno FROM arma_tu_fiesta.horario  WHERE dia = 'Miercoles' AND turno = 'Matutino') as tablaHorario);
INSERT INTO arma_tu_fiesta.templo_horario (fk_templo,fk_horario) VALUES (@templo, @turno);

SET @turno = (SELECT pkTurno FROM (SELECT id_horario as pkTurno FROM arma_tu_fiesta.horario  WHERE dia = 'Jueves' AND turno = 'Matutino') as tablaHorario);
INSERT INTO arma_tu_fiesta.templo_horario (fk_templo,fk_horario) VALUES (@templo, @turno);

SET @turno = (SELECT pkTurno FROM (SELECT id_horario as pkTurno FROM arma_tu_fiesta.horario  WHERE dia = 'Viernes' AND turno = 'Matutino') as tablaHorario);
INSERT INTO arma_tu_fiesta.templo_horario (fk_templo,fk_horario) VALUES (@templo, @turno);

SET @turno = (SELECT pkTurno FROM (SELECT id_horario as pkTurno FROM arma_tu_fiesta.horario  WHERE dia = 'Sabado' AND turno = 'Matutino') as tablaHorario);
INSERT INTO arma_tu_fiesta.templo_horario (fk_templo,fk_horario) VALUES (@templo, @turno);

SET @turno = (SELECT pkTurno FROM (SELECT id_horario as pkTurno FROM arma_tu_fiesta.horario  WHERE dia = 'Domingo' AND turno = 'Matutino') as tablaHorario);
INSERT INTO arma_tu_fiesta.templo_horario (fk_templo,fk_horario) VALUES (@templo, @turno);


SET @templo = (SELECT pkTemplo FROM (SELECT id_locacion as pkTemplo FROM arma_tu_fiesta.locacion WHERE nombre LIKE '%Islamico%Distrito Capital') as tablaTemplo);
SET @turno = (SELECT pkTurno FROM (SELECT id_horario as pkTurno FROM arma_tu_fiesta.horario  WHERE dia = 'Lunes' AND turno = 'Matutino') as tablaHorario);
INSERT INTO arma_tu_fiesta.templo_horario (fk_templo,fk_horario) VALUES (@templo, @turno);

SET @turno = (SELECT pkTurno FROM (SELECT id_horario as pkTurno FROM arma_tu_fiesta.horario  WHERE dia = 'Martes' AND turno = 'Matutino') as tablaHorario);
INSERT INTO arma_tu_fiesta.templo_horario (fk_templo,fk_horario) VALUES (@templo, @turno);

SET @turno = (SELECT pkTurno FROM (SELECT id_horario as pkTurno FROM arma_tu_fiesta.horario  WHERE dia = 'Miercoles' AND turno = 'Matutino') as tablaHorario);
INSERT INTO arma_tu_fiesta.templo_horario (fk_templo,fk_horario) VALUES (@templo, @turno);

SET @turno = (SELECT pkTurno FROM (SELECT id_horario as pkTurno FROM arma_tu_fiesta.horario  WHERE dia = 'Jueves' AND turno = 'Matutino') as tablaHorario);
INSERT INTO arma_tu_fiesta.templo_horario (fk_templo,fk_horario) VALUES (@templo, @turno);

SET @turno = (SELECT pkTurno FROM (SELECT id_horario as pkTurno FROM arma_tu_fiesta.horario  WHERE dia = 'Viernes' AND turno = 'Matutino') as tablaHorario);
INSERT INTO arma_tu_fiesta.templo_horario (fk_templo,fk_horario) VALUES (@templo, @turno);

SET @turno = (SELECT pkTurno FROM (SELECT id_horario as pkTurno FROM arma_tu_fiesta.horario  WHERE dia = 'Sabado' AND turno = 'Matutino') as tablaHorario);
INSERT INTO arma_tu_fiesta.templo_horario (fk_templo,fk_horario) VALUES (@templo, @turno);

SET @turno = (SELECT pkTurno FROM (SELECT id_horario as pkTurno FROM arma_tu_fiesta.horario  WHERE dia = 'Domingo' AND turno = 'Matutino') as tablaHorario);
INSERT INTO arma_tu_fiesta.templo_horario (fk_templo,fk_horario) VALUES (@templo, @turno);


SET @templo = (SELECT pkTemplo FROM (SELECT id_locacion as pkTemplo FROM arma_tu_fiesta.locacion WHERE nombre LIKE '%Hindu%Distrito Capital') as tablaTemplo);
SET @turno = (SELECT pkTurno FROM (SELECT id_horario as pkTurno FROM arma_tu_fiesta.horario  WHERE dia = 'Lunes' AND turno = 'Matutino') as tablaHorario);
INSERT INTO arma_tu_fiesta.templo_horario (fk_templo,fk_horario) VALUES (@templo, @turno);

SET @turno = (SELECT pkTurno FROM (SELECT id_horario as pkTurno FROM arma_tu_fiesta.horario  WHERE dia = 'Martes' AND turno = 'Matutino') as tablaHorario);
INSERT INTO arma_tu_fiesta.templo_horario (fk_templo,fk_horario) VALUES (@templo, @turno);

SET @turno = (SELECT pkTurno FROM (SELECT id_horario as pkTurno FROM arma_tu_fiesta.horario  WHERE dia = 'Miercoles' AND turno = 'Matutino') as tablaHorario);
INSERT INTO arma_tu_fiesta.templo_horario (fk_templo,fk_horario) VALUES (@templo, @turno);

SET @turno = (SELECT pkTurno FROM (SELECT id_horario as pkTurno FROM arma_tu_fiesta.horario  WHERE dia = 'Jueves' AND turno = 'Matutino') as tablaHorario);
INSERT INTO arma_tu_fiesta.templo_horario (fk_templo,fk_horario) VALUES (@templo, @turno);

SET @turno = (SELECT pkTurno FROM (SELECT id_horario as pkTurno FROM arma_tu_fiesta.horario  WHERE dia = 'Viernes' AND turno = 'Matutino') as tablaHorario);
INSERT INTO arma_tu_fiesta.templo_horario (fk_templo,fk_horario) VALUES (@templo, @turno);

SET @turno = (SELECT pkTurno FROM (SELECT id_horario as pkTurno FROM arma_tu_fiesta.horario  WHERE dia = 'Sabado' AND turno = 'Matutino') as tablaHorario);
INSERT INTO arma_tu_fiesta.templo_horario (fk_templo,fk_horario) VALUES (@templo, @turno);

SET @turno = (SELECT pkTurno FROM (SELECT id_horario as pkTurno FROM arma_tu_fiesta.horario  WHERE dia = 'Domingo' AND turno = 'Matutino') as tablaHorario);
INSERT INTO arma_tu_fiesta.templo_horario (fk_templo,fk_horario) VALUES (@templo, @turno);


SET @templo = (SELECT pkTemplo FROM (SELECT id_locacion as pkTemplo FROM arma_tu_fiesta.locacion WHERE nombre LIKE '%Shinto%Distrito Capital') as tablaTemplo);
SET @turno = (SELECT pkTurno FROM (SELECT id_horario as pkTurno FROM arma_tu_fiesta.horario  WHERE dia = 'Lunes' AND turno = 'Matutino') as tablaHorario);
INSERT INTO arma_tu_fiesta.templo_horario (fk_templo,fk_horario) VALUES (@templo, @turno);

SET @turno = (SELECT pkTurno FROM (SELECT id_horario as pkTurno FROM arma_tu_fiesta.horario  WHERE dia = 'Martes' AND turno = 'Matutino') as tablaHorario);
INSERT INTO arma_tu_fiesta.templo_horario (fk_templo,fk_horario) VALUES (@templo, @turno);

SET @turno = (SELECT pkTurno FROM (SELECT id_horario as pkTurno FROM arma_tu_fiesta.horario  WHERE dia = 'Miercoles' AND turno = 'Matutino') as tablaHorario);
INSERT INTO arma_tu_fiesta.templo_horario (fk_templo,fk_horario) VALUES (@templo, @turno);

SET @turno = (SELECT pkTurno FROM (SELECT id_horario as pkTurno FROM arma_tu_fiesta.horario  WHERE dia = 'Jueves' AND turno = 'Matutino') as tablaHorario);
INSERT INTO arma_tu_fiesta.templo_horario (fk_templo,fk_horario) VALUES (@templo, @turno);

SET @turno = (SELECT pkTurno FROM (SELECT id_horario as pkTurno FROM arma_tu_fiesta.horario  WHERE dia = 'Viernes' AND turno = 'Matutino') as tablaHorario);
INSERT INTO arma_tu_fiesta.templo_horario (fk_templo,fk_horario) VALUES (@templo, @turno);

SET @turno = (SELECT pkTurno FROM (SELECT id_horario as pkTurno FROM arma_tu_fiesta.horario  WHERE dia = 'Sabado' AND turno = 'Matutino') as tablaHorario);
INSERT INTO arma_tu_fiesta.templo_horario (fk_templo,fk_horario) VALUES (@templo, @turno);

SET @turno = (SELECT pkTurno FROM (SELECT id_horario as pkTurno FROM arma_tu_fiesta.horario  WHERE dia = 'Domingo' AND turno = 'Matutino') as tablaHorario);
INSERT INTO arma_tu_fiesta.templo_horario (fk_templo,fk_horario) VALUES (@templo, @turno);


SET @templo = (SELECT pkTemplo FROM (SELECT id_locacion as pkTemplo FROM arma_tu_fiesta.locacion WHERE nombre LIKE '%Catolico%Falcón') as tablaTemplo);
SET @turno = (SELECT pkTurno FROM (SELECT id_horario as pkTurno FROM arma_tu_fiesta.horario  WHERE dia = 'Lunes' AND turno = 'Matutino') as tablaHorario);
INSERT INTO arma_tu_fiesta.templo_horario (fk_templo,fk_horario) VALUES (@templo, @turno);

SET @turno = (SELECT pkTurno FROM (SELECT id_horario as pkTurno FROM arma_tu_fiesta.horario  WHERE dia = 'Martes' AND turno = 'Matutino') as tablaHorario);
INSERT INTO arma_tu_fiesta.templo_horario (fk_templo,fk_horario) VALUES (@templo, @turno);

SET @turno = (SELECT pkTurno FROM (SELECT id_horario as pkTurno FROM arma_tu_fiesta.horario  WHERE dia = 'Miercoles' AND turno = 'Matutino') as tablaHorario);
INSERT INTO arma_tu_fiesta.templo_horario (fk_templo,fk_horario) VALUES (@templo, @turno);

SET @turno = (SELECT pkTurno FROM (SELECT id_horario as pkTurno FROM arma_tu_fiesta.horario  WHERE dia = 'Jueves' AND turno = 'Matutino') as tablaHorario);
INSERT INTO arma_tu_fiesta.templo_horario (fk_templo,fk_horario) VALUES (@templo, @turno);

SET @turno = (SELECT pkTurno FROM (SELECT id_horario as pkTurno FROM arma_tu_fiesta.horario  WHERE dia = 'Viernes' AND turno = 'Matutino') as tablaHorario);
INSERT INTO arma_tu_fiesta.templo_horario (fk_templo,fk_horario) VALUES (@templo, @turno);

SET @turno = (SELECT pkTurno FROM (SELECT id_horario as pkTurno FROM arma_tu_fiesta.horario  WHERE dia = 'Sabado' AND turno = 'Matutino') as tablaHorario);
INSERT INTO arma_tu_fiesta.templo_horario (fk_templo,fk_horario) VALUES (@templo, @turno);

SET @turno = (SELECT pkTurno FROM (SELECT id_horario as pkTurno FROM arma_tu_fiesta.horario  WHERE dia = 'Domingo' AND turno = 'Matutino') as tablaHorario);
INSERT INTO arma_tu_fiesta.templo_horario (fk_templo,fk_horario) VALUES (@templo, @turno);


SET @templo = (SELECT pkTemplo FROM (SELECT id_locacion as pkTemplo FROM arma_tu_fiesta.locacion WHERE nombre LIKE '%Judio%Falcón') as tablaTemplo);
SET @turno = (SELECT pkTurno FROM (SELECT id_horario as pkTurno FROM arma_tu_fiesta.horario  WHERE dia = 'Lunes' AND turno = 'Matutino') as tablaHorario);
INSERT INTO arma_tu_fiesta.templo_horario (fk_templo,fk_horario) VALUES (@templo, @turno);

SET @turno = (SELECT pkTurno FROM (SELECT id_horario as pkTurno FROM arma_tu_fiesta.horario  WHERE dia = 'Martes' AND turno = 'Matutino') as tablaHorario);
INSERT INTO arma_tu_fiesta.templo_horario (fk_templo,fk_horario) VALUES (@templo, @turno);

SET @turno = (SELECT pkTurno FROM (SELECT id_horario as pkTurno FROM arma_tu_fiesta.horario  WHERE dia = 'Miercoles' AND turno = 'Matutino') as tablaHorario);
INSERT INTO arma_tu_fiesta.templo_horario (fk_templo,fk_horario) VALUES (@templo, @turno);

SET @turno = (SELECT pkTurno FROM (SELECT id_horario as pkTurno FROM arma_tu_fiesta.horario  WHERE dia = 'Jueves' AND turno = 'Matutino') as tablaHorario);
INSERT INTO arma_tu_fiesta.templo_horario (fk_templo,fk_horario) VALUES (@templo, @turno);

SET @turno = (SELECT pkTurno FROM (SELECT id_horario as pkTurno FROM arma_tu_fiesta.horario  WHERE dia = 'Viernes' AND turno = 'Matutino') as tablaHorario);
INSERT INTO arma_tu_fiesta.templo_horario (fk_templo,fk_horario) VALUES (@templo, @turno);

SET @turno = (SELECT pkTurno FROM (SELECT id_horario as pkTurno FROM arma_tu_fiesta.horario  WHERE dia = 'Sabado' AND turno = 'Matutino') as tablaHorario);
INSERT INTO arma_tu_fiesta.templo_horario (fk_templo,fk_horario) VALUES (@templo, @turno);

SET @turno = (SELECT pkTurno FROM (SELECT id_horario as pkTurno FROM arma_tu_fiesta.horario  WHERE dia = 'Domingo' AND turno = 'Matutino') as tablaHorario);
INSERT INTO arma_tu_fiesta.templo_horario (fk_templo,fk_horario) VALUES (@templo, @turno);


SET @templo = (SELECT pkTemplo FROM (SELECT id_locacion as pkTemplo FROM arma_tu_fiesta.locacion WHERE nombre LIKE '%Islamico%Falcón') as tablaTemplo);
SET @turno = (SELECT pkTurno FROM (SELECT id_horario as pkTurno FROM arma_tu_fiesta.horario  WHERE dia = 'Lunes' AND turno = 'Matutino') as tablaHorario);
INSERT INTO arma_tu_fiesta.templo_horario (fk_templo,fk_horario) VALUES (@templo, @turno);

SET @turno = (SELECT pkTurno FROM (SELECT id_horario as pkTurno FROM arma_tu_fiesta.horario  WHERE dia = 'Martes' AND turno = 'Matutino') as tablaHorario);
INSERT INTO arma_tu_fiesta.templo_horario (fk_templo,fk_horario) VALUES (@templo, @turno);

SET @turno = (SELECT pkTurno FROM (SELECT id_horario as pkTurno FROM arma_tu_fiesta.horario  WHERE dia = 'Miercoles' AND turno = 'Matutino') as tablaHorario);
INSERT INTO arma_tu_fiesta.templo_horario (fk_templo,fk_horario) VALUES (@templo, @turno);

SET @turno = (SELECT pkTurno FROM (SELECT id_horario as pkTurno FROM arma_tu_fiesta.horario  WHERE dia = 'Jueves' AND turno = 'Matutino') as tablaHorario);
INSERT INTO arma_tu_fiesta.templo_horario (fk_templo,fk_horario) VALUES (@templo, @turno);

SET @turno = (SELECT pkTurno FROM (SELECT id_horario as pkTurno FROM arma_tu_fiesta.horario  WHERE dia = 'Viernes' AND turno = 'Matutino') as tablaHorario);
INSERT INTO arma_tu_fiesta.templo_horario (fk_templo,fk_horario) VALUES (@templo, @turno);

SET @turno = (SELECT pkTurno FROM (SELECT id_horario as pkTurno FROM arma_tu_fiesta.horario  WHERE dia = 'Sabado' AND turno = 'Matutino') as tablaHorario);
INSERT INTO arma_tu_fiesta.templo_horario (fk_templo,fk_horario) VALUES (@templo, @turno);

SET @turno = (SELECT pkTurno FROM (SELECT id_horario as pkTurno FROM arma_tu_fiesta.horario  WHERE dia = 'Domingo' AND turno = 'Matutino') as tablaHorario);
INSERT INTO arma_tu_fiesta.templo_horario (fk_templo,fk_horario) VALUES (@templo, @turno);


SET @templo = (SELECT pkTemplo FROM (SELECT id_locacion as pkTemplo FROM arma_tu_fiesta.locacion WHERE nombre LIKE '%Hindu%Falcón') as tablaTemplo);
SET @turno = (SELECT pkTurno FROM (SELECT id_horario as pkTurno FROM arma_tu_fiesta.horario  WHERE dia = 'Lunes' AND turno = 'Matutino') as tablaHorario);
INSERT INTO arma_tu_fiesta.templo_horario (fk_templo,fk_horario) VALUES (@templo, @turno);

SET @turno = (SELECT pkTurno FROM (SELECT id_horario as pkTurno FROM arma_tu_fiesta.horario  WHERE dia = 'Martes' AND turno = 'Matutino') as tablaHorario);
INSERT INTO arma_tu_fiesta.templo_horario (fk_templo,fk_horario) VALUES (@templo, @turno);

SET @turno = (SELECT pkTurno FROM (SELECT id_horario as pkTurno FROM arma_tu_fiesta.horario  WHERE dia = 'Miercoles' AND turno = 'Matutino') as tablaHorario);
INSERT INTO arma_tu_fiesta.templo_horario (fk_templo,fk_horario) VALUES (@templo, @turno);

SET @turno = (SELECT pkTurno FROM (SELECT id_horario as pkTurno FROM arma_tu_fiesta.horario  WHERE dia = 'Jueves' AND turno = 'Matutino') as tablaHorario);
INSERT INTO arma_tu_fiesta.templo_horario (fk_templo,fk_horario) VALUES (@templo, @turno);

SET @turno = (SELECT pkTurno FROM (SELECT id_horario as pkTurno FROM arma_tu_fiesta.horario  WHERE dia = 'Viernes' AND turno = 'Matutino') as tablaHorario);
INSERT INTO arma_tu_fiesta.templo_horario (fk_templo,fk_horario) VALUES (@templo, @turno);

SET @turno = (SELECT pkTurno FROM (SELECT id_horario as pkTurno FROM arma_tu_fiesta.horario  WHERE dia = 'Sabado' AND turno = 'Matutino') as tablaHorario);
INSERT INTO arma_tu_fiesta.templo_horario (fk_templo,fk_horario) VALUES (@templo, @turno);

SET @turno = (SELECT pkTurno FROM (SELECT id_horario as pkTurno FROM arma_tu_fiesta.horario  WHERE dia = 'Domingo' AND turno = 'Matutino') as tablaHorario);
INSERT INTO arma_tu_fiesta.templo_horario (fk_templo,fk_horario) VALUES (@templo, @turno);


SET @templo = (SELECT pkTemplo FROM (SELECT id_locacion as pkTemplo FROM arma_tu_fiesta.locacion WHERE nombre LIKE '%Shinto%Falcón') as tablaTemplo);
SET @turno = (SELECT pkTurno FROM (SELECT id_horario as pkTurno FROM arma_tu_fiesta.horario  WHERE dia = 'Lunes' AND turno = 'Matutino') as tablaHorario);
INSERT INTO arma_tu_fiesta.templo_horario (fk_templo,fk_horario) VALUES (@templo, @turno);

SET @turno = (SELECT pkTurno FROM (SELECT id_horario as pkTurno FROM arma_tu_fiesta.horario  WHERE dia = 'Martes' AND turno = 'Matutino') as tablaHorario);
INSERT INTO arma_tu_fiesta.templo_horario (fk_templo,fk_horario) VALUES (@templo, @turno);

SET @turno = (SELECT pkTurno FROM (SELECT id_horario as pkTurno FROM arma_tu_fiesta.horario  WHERE dia = 'Miercoles' AND turno = 'Matutino') as tablaHorario);
INSERT INTO arma_tu_fiesta.templo_horario (fk_templo,fk_horario) VALUES (@templo, @turno);

SET @turno = (SELECT pkTurno FROM (SELECT id_horario as pkTurno FROM arma_tu_fiesta.horario  WHERE dia = 'Jueves' AND turno = 'Matutino') as tablaHorario);
INSERT INTO arma_tu_fiesta.templo_horario (fk_templo,fk_horario) VALUES (@templo, @turno);

SET @turno = (SELECT pkTurno FROM (SELECT id_horario as pkTurno FROM arma_tu_fiesta.horario  WHERE dia = 'Viernes' AND turno = 'Matutino') as tablaHorario);
INSERT INTO arma_tu_fiesta.templo_horario (fk_templo,fk_horario) VALUES (@templo, @turno);

SET @turno = (SELECT pkTurno FROM (SELECT id_horario as pkTurno FROM arma_tu_fiesta.horario  WHERE dia = 'Sabado' AND turno = 'Matutino') as tablaHorario);
INSERT INTO arma_tu_fiesta.templo_horario (fk_templo,fk_horario) VALUES (@templo, @turno);

SET @turno = (SELECT pkTurno FROM (SELECT id_horario as pkTurno FROM arma_tu_fiesta.horario  WHERE dia = 'Domingo' AND turno = 'Matutino') as tablaHorario);
INSERT INTO arma_tu_fiesta.templo_horario (fk_templo,fk_horario) VALUES (@templo, @turno);


SET @templo = (SELECT pkTemplo FROM (SELECT id_locacion as pkTemplo FROM arma_tu_fiesta.locacion WHERE nombre LIKE '%Catolico%Guárico') as tablaTemplo);
SET @turno = (SELECT pkTurno FROM (SELECT id_horario as pkTurno FROM arma_tu_fiesta.horario  WHERE dia = 'Lunes' AND turno = 'Matutino') as tablaHorario);
INSERT INTO arma_tu_fiesta.templo_horario (fk_templo,fk_horario) VALUES (@templo, @turno);

SET @turno = (SELECT pkTurno FROM (SELECT id_horario as pkTurno FROM arma_tu_fiesta.horario  WHERE dia = 'Martes' AND turno = 'Matutino') as tablaHorario);
INSERT INTO arma_tu_fiesta.templo_horario (fk_templo,fk_horario) VALUES (@templo, @turno);

SET @turno = (SELECT pkTurno FROM (SELECT id_horario as pkTurno FROM arma_tu_fiesta.horario  WHERE dia = 'Miercoles' AND turno = 'Matutino') as tablaHorario);
INSERT INTO arma_tu_fiesta.templo_horario (fk_templo,fk_horario) VALUES (@templo, @turno);

SET @turno = (SELECT pkTurno FROM (SELECT id_horario as pkTurno FROM arma_tu_fiesta.horario  WHERE dia = 'Jueves' AND turno = 'Matutino') as tablaHorario);
INSERT INTO arma_tu_fiesta.templo_horario (fk_templo,fk_horario) VALUES (@templo, @turno);

SET @turno = (SELECT pkTurno FROM (SELECT id_horario as pkTurno FROM arma_tu_fiesta.horario  WHERE dia = 'Viernes' AND turno = 'Matutino') as tablaHorario);
INSERT INTO arma_tu_fiesta.templo_horario (fk_templo,fk_horario) VALUES (@templo, @turno);

SET @turno = (SELECT pkTurno FROM (SELECT id_horario as pkTurno FROM arma_tu_fiesta.horario  WHERE dia = 'Sabado' AND turno = 'Matutino') as tablaHorario);
INSERT INTO arma_tu_fiesta.templo_horario (fk_templo,fk_horario) VALUES (@templo, @turno);

SET @turno = (SELECT pkTurno FROM (SELECT id_horario as pkTurno FROM arma_tu_fiesta.horario  WHERE dia = 'Domingo' AND turno = 'Matutino') as tablaHorario);
INSERT INTO arma_tu_fiesta.templo_horario (fk_templo,fk_horario) VALUES (@templo, @turno);


SET @templo = (SELECT pkTemplo FROM (SELECT id_locacion as pkTemplo FROM arma_tu_fiesta.locacion WHERE nombre LIKE '%Judio%Guárico') as tablaTemplo);
SET @turno = (SELECT pkTurno FROM (SELECT id_horario as pkTurno FROM arma_tu_fiesta.horario  WHERE dia = 'Lunes' AND turno = 'Matutino') as tablaHorario);
INSERT INTO arma_tu_fiesta.templo_horario (fk_templo,fk_horario) VALUES (@templo, @turno);

SET @turno = (SELECT pkTurno FROM (SELECT id_horario as pkTurno FROM arma_tu_fiesta.horario  WHERE dia = 'Martes' AND turno = 'Matutino') as tablaHorario);
INSERT INTO arma_tu_fiesta.templo_horario (fk_templo,fk_horario) VALUES (@templo, @turno);

SET @turno = (SELECT pkTurno FROM (SELECT id_horario as pkTurno FROM arma_tu_fiesta.horario  WHERE dia = 'Miercoles' AND turno = 'Matutino') as tablaHorario);
INSERT INTO arma_tu_fiesta.templo_horario (fk_templo,fk_horario) VALUES (@templo, @turno);

SET @turno = (SELECT pkTurno FROM (SELECT id_horario as pkTurno FROM arma_tu_fiesta.horario  WHERE dia = 'Jueves' AND turno = 'Matutino') as tablaHorario);
INSERT INTO arma_tu_fiesta.templo_horario (fk_templo,fk_horario) VALUES (@templo, @turno);

SET @turno = (SELECT pkTurno FROM (SELECT id_horario as pkTurno FROM arma_tu_fiesta.horario  WHERE dia = 'Viernes' AND turno = 'Matutino') as tablaHorario);
INSERT INTO arma_tu_fiesta.templo_horario (fk_templo,fk_horario) VALUES (@templo, @turno);

SET @turno = (SELECT pkTurno FROM (SELECT id_horario as pkTurno FROM arma_tu_fiesta.horario  WHERE dia = 'Sabado' AND turno = 'Matutino') as tablaHorario);
INSERT INTO arma_tu_fiesta.templo_horario (fk_templo,fk_horario) VALUES (@templo, @turno);

SET @turno = (SELECT pkTurno FROM (SELECT id_horario as pkTurno FROM arma_tu_fiesta.horario  WHERE dia = 'Domingo' AND turno = 'Matutino') as tablaHorario);
INSERT INTO arma_tu_fiesta.templo_horario (fk_templo,fk_horario) VALUES (@templo, @turno);


SET @templo = (SELECT pkTemplo FROM (SELECT id_locacion as pkTemplo FROM arma_tu_fiesta.locacion WHERE nombre LIKE '%Islamico%Guárico') as tablaTemplo);
SET @turno = (SELECT pkTurno FROM (SELECT id_horario as pkTurno FROM arma_tu_fiesta.horario  WHERE dia = 'Lunes' AND turno = 'Matutino') as tablaHorario);
INSERT INTO arma_tu_fiesta.templo_horario (fk_templo,fk_horario) VALUES (@templo, @turno);

SET @turno = (SELECT pkTurno FROM (SELECT id_horario as pkTurno FROM arma_tu_fiesta.horario  WHERE dia = 'Martes' AND turno = 'Matutino') as tablaHorario);
INSERT INTO arma_tu_fiesta.templo_horario (fk_templo,fk_horario) VALUES (@templo, @turno);

SET @turno = (SELECT pkTurno FROM (SELECT id_horario as pkTurno FROM arma_tu_fiesta.horario  WHERE dia = 'Miercoles' AND turno = 'Matutino') as tablaHorario);
INSERT INTO arma_tu_fiesta.templo_horario (fk_templo,fk_horario) VALUES (@templo, @turno);

SET @turno = (SELECT pkTurno FROM (SELECT id_horario as pkTurno FROM arma_tu_fiesta.horario  WHERE dia = 'Jueves' AND turno = 'Matutino') as tablaHorario);
INSERT INTO arma_tu_fiesta.templo_horario (fk_templo,fk_horario) VALUES (@templo, @turno);

SET @turno = (SELECT pkTurno FROM (SELECT id_horario as pkTurno FROM arma_tu_fiesta.horario  WHERE dia = 'Viernes' AND turno = 'Matutino') as tablaHorario);
INSERT INTO arma_tu_fiesta.templo_horario (fk_templo,fk_horario) VALUES (@templo, @turno);

SET @turno = (SELECT pkTurno FROM (SELECT id_horario as pkTurno FROM arma_tu_fiesta.horario  WHERE dia = 'Sabado' AND turno = 'Matutino') as tablaHorario);
INSERT INTO arma_tu_fiesta.templo_horario (fk_templo,fk_horario) VALUES (@templo, @turno);

SET @turno = (SELECT pkTurno FROM (SELECT id_horario as pkTurno FROM arma_tu_fiesta.horario  WHERE dia = 'Domingo' AND turno = 'Matutino') as tablaHorario);
INSERT INTO arma_tu_fiesta.templo_horario (fk_templo,fk_horario) VALUES (@templo, @turno);


SET @templo = (SELECT pkTemplo FROM (SELECT id_locacion as pkTemplo FROM arma_tu_fiesta.locacion WHERE nombre LIKE '%Hindu%Guárico') as tablaTemplo);
SET @turno = (SELECT pkTurno FROM (SELECT id_horario as pkTurno FROM arma_tu_fiesta.horario  WHERE dia = 'Lunes' AND turno = 'Matutino') as tablaHorario);
INSERT INTO arma_tu_fiesta.templo_horario (fk_templo,fk_horario) VALUES (@templo, @turno);

SET @turno = (SELECT pkTurno FROM (SELECT id_horario as pkTurno FROM arma_tu_fiesta.horario  WHERE dia = 'Martes' AND turno = 'Matutino') as tablaHorario);
INSERT INTO arma_tu_fiesta.templo_horario (fk_templo,fk_horario) VALUES (@templo, @turno);

SET @turno = (SELECT pkTurno FROM (SELECT id_horario as pkTurno FROM arma_tu_fiesta.horario  WHERE dia = 'Miercoles' AND turno = 'Matutino') as tablaHorario);
INSERT INTO arma_tu_fiesta.templo_horario (fk_templo,fk_horario) VALUES (@templo, @turno);

SET @turno = (SELECT pkTurno FROM (SELECT id_horario as pkTurno FROM arma_tu_fiesta.horario  WHERE dia = 'Jueves' AND turno = 'Matutino') as tablaHorario);
INSERT INTO arma_tu_fiesta.templo_horario (fk_templo,fk_horario) VALUES (@templo, @turno);

SET @turno = (SELECT pkTurno FROM (SELECT id_horario as pkTurno FROM arma_tu_fiesta.horario  WHERE dia = 'Viernes' AND turno = 'Matutino') as tablaHorario);
INSERT INTO arma_tu_fiesta.templo_horario (fk_templo,fk_horario) VALUES (@templo, @turno);

SET @turno = (SELECT pkTurno FROM (SELECT id_horario as pkTurno FROM arma_tu_fiesta.horario  WHERE dia = 'Sabado' AND turno = 'Matutino') as tablaHorario);
INSERT INTO arma_tu_fiesta.templo_horario (fk_templo,fk_horario) VALUES (@templo, @turno);

SET @turno = (SELECT pkTurno FROM (SELECT id_horario as pkTurno FROM arma_tu_fiesta.horario  WHERE dia = 'Domingo' AND turno = 'Matutino') as tablaHorario);
INSERT INTO arma_tu_fiesta.templo_horario (fk_templo,fk_horario) VALUES (@templo, @turno);


SET @templo = (SELECT pkTemplo FROM (SELECT id_locacion as pkTemplo FROM arma_tu_fiesta.locacion WHERE nombre LIKE '%Shinto%Guárico') as tablaTemplo);
SET @turno = (SELECT pkTurno FROM (SELECT id_horario as pkTurno FROM arma_tu_fiesta.horario  WHERE dia = 'Lunes' AND turno = 'Matutino') as tablaHorario);
INSERT INTO arma_tu_fiesta.templo_horario (fk_templo,fk_horario) VALUES (@templo, @turno);

SET @turno = (SELECT pkTurno FROM (SELECT id_horario as pkTurno FROM arma_tu_fiesta.horario  WHERE dia = 'Martes' AND turno = 'Matutino') as tablaHorario);
INSERT INTO arma_tu_fiesta.templo_horario (fk_templo,fk_horario) VALUES (@templo, @turno);

SET @turno = (SELECT pkTurno FROM (SELECT id_horario as pkTurno FROM arma_tu_fiesta.horario  WHERE dia = 'Miercoles' AND turno = 'Matutino') as tablaHorario);
INSERT INTO arma_tu_fiesta.templo_horario (fk_templo,fk_horario) VALUES (@templo, @turno);

SET @turno = (SELECT pkTurno FROM (SELECT id_horario as pkTurno FROM arma_tu_fiesta.horario  WHERE dia = 'Jueves' AND turno = 'Matutino') as tablaHorario);
INSERT INTO arma_tu_fiesta.templo_horario (fk_templo,fk_horario) VALUES (@templo, @turno);

SET @turno = (SELECT pkTurno FROM (SELECT id_horario as pkTurno FROM arma_tu_fiesta.horario  WHERE dia = 'Viernes' AND turno = 'Matutino') as tablaHorario);
INSERT INTO arma_tu_fiesta.templo_horario (fk_templo,fk_horario) VALUES (@templo, @turno);

SET @turno = (SELECT pkTurno FROM (SELECT id_horario as pkTurno FROM arma_tu_fiesta.horario  WHERE dia = 'Sabado' AND turno = 'Matutino') as tablaHorario);
INSERT INTO arma_tu_fiesta.templo_horario (fk_templo,fk_horario) VALUES (@templo, @turno);

SET @turno = (SELECT pkTurno FROM (SELECT id_horario as pkTurno FROM arma_tu_fiesta.horario  WHERE dia = 'Domingo' AND turno = 'Matutino') as tablaHorario);
INSERT INTO arma_tu_fiesta.templo_horario (fk_templo,fk_horario) VALUES (@templo, @turno);


SET @templo = (SELECT pkTemplo FROM (SELECT id_locacion as pkTemplo FROM arma_tu_fiesta.locacion WHERE nombre LIKE '%Catolico%La Guaira') as tablaTemplo);
SET @turno = (SELECT pkTurno FROM (SELECT id_horario as pkTurno FROM arma_tu_fiesta.horario  WHERE dia = 'Lunes' AND turno = 'Matutino') as tablaHorario);
INSERT INTO arma_tu_fiesta.templo_horario (fk_templo,fk_horario) VALUES (@templo, @turno);

SET @turno = (SELECT pkTurno FROM (SELECT id_horario as pkTurno FROM arma_tu_fiesta.horario  WHERE dia = 'Martes' AND turno = 'Matutino') as tablaHorario);
INSERT INTO arma_tu_fiesta.templo_horario (fk_templo,fk_horario) VALUES (@templo, @turno);

SET @turno = (SELECT pkTurno FROM (SELECT id_horario as pkTurno FROM arma_tu_fiesta.horario  WHERE dia = 'Miercoles' AND turno = 'Matutino') as tablaHorario);
INSERT INTO arma_tu_fiesta.templo_horario (fk_templo,fk_horario) VALUES (@templo, @turno);

SET @turno = (SELECT pkTurno FROM (SELECT id_horario as pkTurno FROM arma_tu_fiesta.horario  WHERE dia = 'Jueves' AND turno = 'Matutino') as tablaHorario);
INSERT INTO arma_tu_fiesta.templo_horario (fk_templo,fk_horario) VALUES (@templo, @turno);

SET @turno = (SELECT pkTurno FROM (SELECT id_horario as pkTurno FROM arma_tu_fiesta.horario  WHERE dia = 'Viernes' AND turno = 'Matutino') as tablaHorario);
INSERT INTO arma_tu_fiesta.templo_horario (fk_templo,fk_horario) VALUES (@templo, @turno);

SET @turno = (SELECT pkTurno FROM (SELECT id_horario as pkTurno FROM arma_tu_fiesta.horario  WHERE dia = 'Sabado' AND turno = 'Matutino') as tablaHorario);
INSERT INTO arma_tu_fiesta.templo_horario (fk_templo,fk_horario) VALUES (@templo, @turno);

SET @turno = (SELECT pkTurno FROM (SELECT id_horario as pkTurno FROM arma_tu_fiesta.horario  WHERE dia = 'Domingo' AND turno = 'Matutino') as tablaHorario);
INSERT INTO arma_tu_fiesta.templo_horario (fk_templo,fk_horario) VALUES (@templo, @turno);


SET @templo = (SELECT pkTemplo FROM (SELECT id_locacion as pkTemplo FROM arma_tu_fiesta.locacion WHERE nombre LIKE '%Judio%La Guaira') as tablaTemplo);
SET @turno = (SELECT pkTurno FROM (SELECT id_horario as pkTurno FROM arma_tu_fiesta.horario  WHERE dia = 'Lunes' AND turno = 'Matutino') as tablaHorario);
INSERT INTO arma_tu_fiesta.templo_horario (fk_templo,fk_horario) VALUES (@templo, @turno);

SET @turno = (SELECT pkTurno FROM (SELECT id_horario as pkTurno FROM arma_tu_fiesta.horario  WHERE dia = 'Martes' AND turno = 'Matutino') as tablaHorario);
INSERT INTO arma_tu_fiesta.templo_horario (fk_templo,fk_horario) VALUES (@templo, @turno);

SET @turno = (SELECT pkTurno FROM (SELECT id_horario as pkTurno FROM arma_tu_fiesta.horario  WHERE dia = 'Miercoles' AND turno = 'Matutino') as tablaHorario);
INSERT INTO arma_tu_fiesta.templo_horario (fk_templo,fk_horario) VALUES (@templo, @turno);

SET @turno = (SELECT pkTurno FROM (SELECT id_horario as pkTurno FROM arma_tu_fiesta.horario  WHERE dia = 'Jueves' AND turno = 'Matutino') as tablaHorario);
INSERT INTO arma_tu_fiesta.templo_horario (fk_templo,fk_horario) VALUES (@templo, @turno);

SET @turno = (SELECT pkTurno FROM (SELECT id_horario as pkTurno FROM arma_tu_fiesta.horario  WHERE dia = 'Viernes' AND turno = 'Matutino') as tablaHorario);
INSERT INTO arma_tu_fiesta.templo_horario (fk_templo,fk_horario) VALUES (@templo, @turno);

SET @turno = (SELECT pkTurno FROM (SELECT id_horario as pkTurno FROM arma_tu_fiesta.horario  WHERE dia = 'Sabado' AND turno = 'Matutino') as tablaHorario);
INSERT INTO arma_tu_fiesta.templo_horario (fk_templo,fk_horario) VALUES (@templo, @turno);

SET @turno = (SELECT pkTurno FROM (SELECT id_horario as pkTurno FROM arma_tu_fiesta.horario  WHERE dia = 'Domingo' AND turno = 'Matutino') as tablaHorario);
INSERT INTO arma_tu_fiesta.templo_horario (fk_templo,fk_horario) VALUES (@templo, @turno);


SET @templo = (SELECT pkTemplo FROM (SELECT id_locacion as pkTemplo FROM arma_tu_fiesta.locacion WHERE nombre LIKE '%Islamico%La Guaira') as tablaTemplo);
SET @turno = (SELECT pkTurno FROM (SELECT id_horario as pkTurno FROM arma_tu_fiesta.horario  WHERE dia = 'Lunes' AND turno = 'Matutino') as tablaHorario);
INSERT INTO arma_tu_fiesta.templo_horario (fk_templo,fk_horario) VALUES (@templo, @turno);

SET @turno = (SELECT pkTurno FROM (SELECT id_horario as pkTurno FROM arma_tu_fiesta.horario  WHERE dia = 'Martes' AND turno = 'Matutino') as tablaHorario);
INSERT INTO arma_tu_fiesta.templo_horario (fk_templo,fk_horario) VALUES (@templo, @turno);

SET @turno = (SELECT pkTurno FROM (SELECT id_horario as pkTurno FROM arma_tu_fiesta.horario  WHERE dia = 'Miercoles' AND turno = 'Matutino') as tablaHorario);
INSERT INTO arma_tu_fiesta.templo_horario (fk_templo,fk_horario) VALUES (@templo, @turno);

SET @turno = (SELECT pkTurno FROM (SELECT id_horario as pkTurno FROM arma_tu_fiesta.horario  WHERE dia = 'Jueves' AND turno = 'Matutino') as tablaHorario);
INSERT INTO arma_tu_fiesta.templo_horario (fk_templo,fk_horario) VALUES (@templo, @turno);

SET @turno = (SELECT pkTurno FROM (SELECT id_horario as pkTurno FROM arma_tu_fiesta.horario  WHERE dia = 'Viernes' AND turno = 'Matutino') as tablaHorario);
INSERT INTO arma_tu_fiesta.templo_horario (fk_templo,fk_horario) VALUES (@templo, @turno);

SET @turno = (SELECT pkTurno FROM (SELECT id_horario as pkTurno FROM arma_tu_fiesta.horario  WHERE dia = 'Sabado' AND turno = 'Matutino') as tablaHorario);
INSERT INTO arma_tu_fiesta.templo_horario (fk_templo,fk_horario) VALUES (@templo, @turno);

SET @turno = (SELECT pkTurno FROM (SELECT id_horario as pkTurno FROM arma_tu_fiesta.horario  WHERE dia = 'Domingo' AND turno = 'Matutino') as tablaHorario);
INSERT INTO arma_tu_fiesta.templo_horario (fk_templo,fk_horario) VALUES (@templo, @turno);


SET @templo = (SELECT pkTemplo FROM (SELECT id_locacion as pkTemplo FROM arma_tu_fiesta.locacion WHERE nombre LIKE '%Hindu%La Guaira') as tablaTemplo);
SET @turno = (SELECT pkTurno FROM (SELECT id_horario as pkTurno FROM arma_tu_fiesta.horario  WHERE dia = 'Lunes' AND turno = 'Matutino') as tablaHorario);
INSERT INTO arma_tu_fiesta.templo_horario (fk_templo,fk_horario) VALUES (@templo, @turno);

SET @turno = (SELECT pkTurno FROM (SELECT id_horario as pkTurno FROM arma_tu_fiesta.horario  WHERE dia = 'Martes' AND turno = 'Matutino') as tablaHorario);
INSERT INTO arma_tu_fiesta.templo_horario (fk_templo,fk_horario) VALUES (@templo, @turno);

SET @turno = (SELECT pkTurno FROM (SELECT id_horario as pkTurno FROM arma_tu_fiesta.horario  WHERE dia = 'Miercoles' AND turno = 'Matutino') as tablaHorario);
INSERT INTO arma_tu_fiesta.templo_horario (fk_templo,fk_horario) VALUES (@templo, @turno);

SET @turno = (SELECT pkTurno FROM (SELECT id_horario as pkTurno FROM arma_tu_fiesta.horario  WHERE dia = 'Jueves' AND turno = 'Matutino') as tablaHorario);
INSERT INTO arma_tu_fiesta.templo_horario (fk_templo,fk_horario) VALUES (@templo, @turno);

SET @turno = (SELECT pkTurno FROM (SELECT id_horario as pkTurno FROM arma_tu_fiesta.horario  WHERE dia = 'Viernes' AND turno = 'Matutino') as tablaHorario);
INSERT INTO arma_tu_fiesta.templo_horario (fk_templo,fk_horario) VALUES (@templo, @turno);

SET @turno = (SELECT pkTurno FROM (SELECT id_horario as pkTurno FROM arma_tu_fiesta.horario  WHERE dia = 'Sabado' AND turno = 'Matutino') as tablaHorario);
INSERT INTO arma_tu_fiesta.templo_horario (fk_templo,fk_horario) VALUES (@templo, @turno);

SET @turno = (SELECT pkTurno FROM (SELECT id_horario as pkTurno FROM arma_tu_fiesta.horario  WHERE dia = 'Domingo' AND turno = 'Matutino') as tablaHorario);
INSERT INTO arma_tu_fiesta.templo_horario (fk_templo,fk_horario) VALUES (@templo, @turno);


SET @templo = (SELECT pkTemplo FROM (SELECT id_locacion as pkTemplo FROM arma_tu_fiesta.locacion WHERE nombre LIKE '%Shinto%La Guaira') as tablaTemplo);
SET @turno = (SELECT pkTurno FROM (SELECT id_horario as pkTurno FROM arma_tu_fiesta.horario  WHERE dia = 'Lunes' AND turno = 'Matutino') as tablaHorario);
INSERT INTO arma_tu_fiesta.templo_horario (fk_templo,fk_horario) VALUES (@templo, @turno);

SET @turno = (SELECT pkTurno FROM (SELECT id_horario as pkTurno FROM arma_tu_fiesta.horario  WHERE dia = 'Martes' AND turno = 'Matutino') as tablaHorario);
INSERT INTO arma_tu_fiesta.templo_horario (fk_templo,fk_horario) VALUES (@templo, @turno);

SET @turno = (SELECT pkTurno FROM (SELECT id_horario as pkTurno FROM arma_tu_fiesta.horario  WHERE dia = 'Miercoles' AND turno = 'Matutino') as tablaHorario);
INSERT INTO arma_tu_fiesta.templo_horario (fk_templo,fk_horario) VALUES (@templo, @turno);

SET @turno = (SELECT pkTurno FROM (SELECT id_horario as pkTurno FROM arma_tu_fiesta.horario  WHERE dia = 'Jueves' AND turno = 'Matutino') as tablaHorario);
INSERT INTO arma_tu_fiesta.templo_horario (fk_templo,fk_horario) VALUES (@templo, @turno);

SET @turno = (SELECT pkTurno FROM (SELECT id_horario as pkTurno FROM arma_tu_fiesta.horario  WHERE dia = 'Viernes' AND turno = 'Matutino') as tablaHorario);
INSERT INTO arma_tu_fiesta.templo_horario (fk_templo,fk_horario) VALUES (@templo, @turno);

SET @turno = (SELECT pkTurno FROM (SELECT id_horario as pkTurno FROM arma_tu_fiesta.horario  WHERE dia = 'Sabado' AND turno = 'Matutino') as tablaHorario);
INSERT INTO arma_tu_fiesta.templo_horario (fk_templo,fk_horario) VALUES (@templo, @turno);

SET @turno = (SELECT pkTurno FROM (SELECT id_horario as pkTurno FROM arma_tu_fiesta.horario  WHERE dia = 'Domingo' AND turno = 'Matutino') as tablaHorario);
INSERT INTO arma_tu_fiesta.templo_horario (fk_templo,fk_horario) VALUES (@templo, @turno);


SET @templo = (SELECT pkTemplo FROM (SELECT id_locacion as pkTemplo FROM arma_tu_fiesta.locacion WHERE nombre LIKE '%Catolico%Lara') as tablaTemplo);
SET @turno = (SELECT pkTurno FROM (SELECT id_horario as pkTurno FROM arma_tu_fiesta.horario  WHERE dia = 'Lunes' AND turno = 'Matutino') as tablaHorario);
INSERT INTO arma_tu_fiesta.templo_horario (fk_templo,fk_horario) VALUES (@templo, @turno);

SET @turno = (SELECT pkTurno FROM (SELECT id_horario as pkTurno FROM arma_tu_fiesta.horario  WHERE dia = 'Martes' AND turno = 'Matutino') as tablaHorario);
INSERT INTO arma_tu_fiesta.templo_horario (fk_templo,fk_horario) VALUES (@templo, @turno);

SET @turno = (SELECT pkTurno FROM (SELECT id_horario as pkTurno FROM arma_tu_fiesta.horario  WHERE dia = 'Miercoles' AND turno = 'Matutino') as tablaHorario);
INSERT INTO arma_tu_fiesta.templo_horario (fk_templo,fk_horario) VALUES (@templo, @turno);

SET @turno = (SELECT pkTurno FROM (SELECT id_horario as pkTurno FROM arma_tu_fiesta.horario  WHERE dia = 'Jueves' AND turno = 'Matutino') as tablaHorario);
INSERT INTO arma_tu_fiesta.templo_horario (fk_templo,fk_horario) VALUES (@templo, @turno);

SET @turno = (SELECT pkTurno FROM (SELECT id_horario as pkTurno FROM arma_tu_fiesta.horario  WHERE dia = 'Viernes' AND turno = 'Matutino') as tablaHorario);
INSERT INTO arma_tu_fiesta.templo_horario (fk_templo,fk_horario) VALUES (@templo, @turno);

SET @turno = (SELECT pkTurno FROM (SELECT id_horario as pkTurno FROM arma_tu_fiesta.horario  WHERE dia = 'Sabado' AND turno = 'Matutino') as tablaHorario);
INSERT INTO arma_tu_fiesta.templo_horario (fk_templo,fk_horario) VALUES (@templo, @turno);

SET @turno = (SELECT pkTurno FROM (SELECT id_horario as pkTurno FROM arma_tu_fiesta.horario  WHERE dia = 'Domingo' AND turno = 'Matutino') as tablaHorario);
INSERT INTO arma_tu_fiesta.templo_horario (fk_templo,fk_horario) VALUES (@templo, @turno);


SET @templo = (SELECT pkTemplo FROM (SELECT id_locacion as pkTemplo FROM arma_tu_fiesta.locacion WHERE nombre LIKE '%Judio%Lara') as tablaTemplo);
SET @turno = (SELECT pkTurno FROM (SELECT id_horario as pkTurno FROM arma_tu_fiesta.horario  WHERE dia = 'Lunes' AND turno = 'Matutino') as tablaHorario);
INSERT INTO arma_tu_fiesta.templo_horario (fk_templo,fk_horario) VALUES (@templo, @turno);

SET @turno = (SELECT pkTurno FROM (SELECT id_horario as pkTurno FROM arma_tu_fiesta.horario  WHERE dia = 'Martes' AND turno = 'Matutino') as tablaHorario);
INSERT INTO arma_tu_fiesta.templo_horario (fk_templo,fk_horario) VALUES (@templo, @turno);

SET @turno = (SELECT pkTurno FROM (SELECT id_horario as pkTurno FROM arma_tu_fiesta.horario  WHERE dia = 'Miercoles' AND turno = 'Matutino') as tablaHorario);
INSERT INTO arma_tu_fiesta.templo_horario (fk_templo,fk_horario) VALUES (@templo, @turno);

SET @turno = (SELECT pkTurno FROM (SELECT id_horario as pkTurno FROM arma_tu_fiesta.horario  WHERE dia = 'Jueves' AND turno = 'Matutino') as tablaHorario);
INSERT INTO arma_tu_fiesta.templo_horario (fk_templo,fk_horario) VALUES (@templo, @turno);

SET @turno = (SELECT pkTurno FROM (SELECT id_horario as pkTurno FROM arma_tu_fiesta.horario  WHERE dia = 'Viernes' AND turno = 'Matutino') as tablaHorario);
INSERT INTO arma_tu_fiesta.templo_horario (fk_templo,fk_horario) VALUES (@templo, @turno);

SET @turno = (SELECT pkTurno FROM (SELECT id_horario as pkTurno FROM arma_tu_fiesta.horario  WHERE dia = 'Sabado' AND turno = 'Matutino') as tablaHorario);
INSERT INTO arma_tu_fiesta.templo_horario (fk_templo,fk_horario) VALUES (@templo, @turno);

SET @turno = (SELECT pkTurno FROM (SELECT id_horario as pkTurno FROM arma_tu_fiesta.horario  WHERE dia = 'Domingo' AND turno = 'Matutino') as tablaHorario);
INSERT INTO arma_tu_fiesta.templo_horario (fk_templo,fk_horario) VALUES (@templo, @turno);


SET @templo = (SELECT pkTemplo FROM (SELECT id_locacion as pkTemplo FROM arma_tu_fiesta.locacion WHERE nombre LIKE '%Islamico%Lara') as tablaTemplo);
SET @turno = (SELECT pkTurno FROM (SELECT id_horario as pkTurno FROM arma_tu_fiesta.horario  WHERE dia = 'Lunes' AND turno = 'Matutino') as tablaHorario);
INSERT INTO arma_tu_fiesta.templo_horario (fk_templo,fk_horario) VALUES (@templo, @turno);

SET @turno = (SELECT pkTurno FROM (SELECT id_horario as pkTurno FROM arma_tu_fiesta.horario  WHERE dia = 'Martes' AND turno = 'Matutino') as tablaHorario);
INSERT INTO arma_tu_fiesta.templo_horario (fk_templo,fk_horario) VALUES (@templo, @turno);

SET @turno = (SELECT pkTurno FROM (SELECT id_horario as pkTurno FROM arma_tu_fiesta.horario  WHERE dia = 'Miercoles' AND turno = 'Matutino') as tablaHorario);
INSERT INTO arma_tu_fiesta.templo_horario (fk_templo,fk_horario) VALUES (@templo, @turno);

SET @turno = (SELECT pkTurno FROM (SELECT id_horario as pkTurno FROM arma_tu_fiesta.horario  WHERE dia = 'Jueves' AND turno = 'Matutino') as tablaHorario);
INSERT INTO arma_tu_fiesta.templo_horario (fk_templo,fk_horario) VALUES (@templo, @turno);

SET @turno = (SELECT pkTurno FROM (SELECT id_horario as pkTurno FROM arma_tu_fiesta.horario  WHERE dia = 'Viernes' AND turno = 'Matutino') as tablaHorario);
INSERT INTO arma_tu_fiesta.templo_horario (fk_templo,fk_horario) VALUES (@templo, @turno);

SET @turno = (SELECT pkTurno FROM (SELECT id_horario as pkTurno FROM arma_tu_fiesta.horario  WHERE dia = 'Sabado' AND turno = 'Matutino') as tablaHorario);
INSERT INTO arma_tu_fiesta.templo_horario (fk_templo,fk_horario) VALUES (@templo, @turno);

SET @turno = (SELECT pkTurno FROM (SELECT id_horario as pkTurno FROM arma_tu_fiesta.horario  WHERE dia = 'Domingo' AND turno = 'Matutino') as tablaHorario);
INSERT INTO arma_tu_fiesta.templo_horario (fk_templo,fk_horario) VALUES (@templo, @turno);


SET @templo = (SELECT pkTemplo FROM (SELECT id_locacion as pkTemplo FROM arma_tu_fiesta.locacion WHERE nombre LIKE '%Hindu%Lara') as tablaTemplo);
SET @turno = (SELECT pkTurno FROM (SELECT id_horario as pkTurno FROM arma_tu_fiesta.horario  WHERE dia = 'Lunes' AND turno = 'Matutino') as tablaHorario);
INSERT INTO arma_tu_fiesta.templo_horario (fk_templo,fk_horario) VALUES (@templo, @turno);

SET @turno = (SELECT pkTurno FROM (SELECT id_horario as pkTurno FROM arma_tu_fiesta.horario  WHERE dia = 'Martes' AND turno = 'Matutino') as tablaHorario);
INSERT INTO arma_tu_fiesta.templo_horario (fk_templo,fk_horario) VALUES (@templo, @turno);

SET @turno = (SELECT pkTurno FROM (SELECT id_horario as pkTurno FROM arma_tu_fiesta.horario  WHERE dia = 'Miercoles' AND turno = 'Matutino') as tablaHorario);
INSERT INTO arma_tu_fiesta.templo_horario (fk_templo,fk_horario) VALUES (@templo, @turno);

SET @turno = (SELECT pkTurno FROM (SELECT id_horario as pkTurno FROM arma_tu_fiesta.horario  WHERE dia = 'Jueves' AND turno = 'Matutino') as tablaHorario);
INSERT INTO arma_tu_fiesta.templo_horario (fk_templo,fk_horario) VALUES (@templo, @turno);

SET @turno = (SELECT pkTurno FROM (SELECT id_horario as pkTurno FROM arma_tu_fiesta.horario  WHERE dia = 'Viernes' AND turno = 'Matutino') as tablaHorario);
INSERT INTO arma_tu_fiesta.templo_horario (fk_templo,fk_horario) VALUES (@templo, @turno);

SET @turno = (SELECT pkTurno FROM (SELECT id_horario as pkTurno FROM arma_tu_fiesta.horario  WHERE dia = 'Sabado' AND turno = 'Matutino') as tablaHorario);
INSERT INTO arma_tu_fiesta.templo_horario (fk_templo,fk_horario) VALUES (@templo, @turno);

SET @turno = (SELECT pkTurno FROM (SELECT id_horario as pkTurno FROM arma_tu_fiesta.horario  WHERE dia = 'Domingo' AND turno = 'Matutino') as tablaHorario);
INSERT INTO arma_tu_fiesta.templo_horario (fk_templo,fk_horario) VALUES (@templo, @turno);


SET @templo = (SELECT pkTemplo FROM (SELECT id_locacion as pkTemplo FROM arma_tu_fiesta.locacion WHERE nombre LIKE '%Shinto%Lara') as tablaTemplo);
SET @turno = (SELECT pkTurno FROM (SELECT id_horario as pkTurno FROM arma_tu_fiesta.horario  WHERE dia = 'Lunes' AND turno = 'Matutino') as tablaHorario);
INSERT INTO arma_tu_fiesta.templo_horario (fk_templo,fk_horario) VALUES (@templo, @turno);

SET @turno = (SELECT pkTurno FROM (SELECT id_horario as pkTurno FROM arma_tu_fiesta.horario  WHERE dia = 'Martes' AND turno = 'Matutino') as tablaHorario);
INSERT INTO arma_tu_fiesta.templo_horario (fk_templo,fk_horario) VALUES (@templo, @turno);

SET @turno = (SELECT pkTurno FROM (SELECT id_horario as pkTurno FROM arma_tu_fiesta.horario  WHERE dia = 'Miercoles' AND turno = 'Matutino') as tablaHorario);
INSERT INTO arma_tu_fiesta.templo_horario (fk_templo,fk_horario) VALUES (@templo, @turno);

SET @turno = (SELECT pkTurno FROM (SELECT id_horario as pkTurno FROM arma_tu_fiesta.horario  WHERE dia = 'Jueves' AND turno = 'Matutino') as tablaHorario);
INSERT INTO arma_tu_fiesta.templo_horario (fk_templo,fk_horario) VALUES (@templo, @turno);

SET @turno = (SELECT pkTurno FROM (SELECT id_horario as pkTurno FROM arma_tu_fiesta.horario  WHERE dia = 'Viernes' AND turno = 'Matutino') as tablaHorario);
INSERT INTO arma_tu_fiesta.templo_horario (fk_templo,fk_horario) VALUES (@templo, @turno);

SET @turno = (SELECT pkTurno FROM (SELECT id_horario as pkTurno FROM arma_tu_fiesta.horario  WHERE dia = 'Sabado' AND turno = 'Matutino') as tablaHorario);
INSERT INTO arma_tu_fiesta.templo_horario (fk_templo,fk_horario) VALUES (@templo, @turno);

SET @turno = (SELECT pkTurno FROM (SELECT id_horario as pkTurno FROM arma_tu_fiesta.horario  WHERE dia = 'Domingo' AND turno = 'Matutino') as tablaHorario);
INSERT INTO arma_tu_fiesta.templo_horario (fk_templo,fk_horario) VALUES (@templo, @turno);


SET @templo = (SELECT pkTemplo FROM (SELECT id_locacion as pkTemplo FROM arma_tu_fiesta.locacion WHERE nombre LIKE '%Catolico%Mérida') as tablaTemplo);
SET @turno = (SELECT pkTurno FROM (SELECT id_horario as pkTurno FROM arma_tu_fiesta.horario  WHERE dia = 'Lunes' AND turno = 'Matutino') as tablaHorario);
INSERT INTO arma_tu_fiesta.templo_horario (fk_templo,fk_horario) VALUES (@templo, @turno);

SET @turno = (SELECT pkTurno FROM (SELECT id_horario as pkTurno FROM arma_tu_fiesta.horario  WHERE dia = 'Martes' AND turno = 'Matutino') as tablaHorario);
INSERT INTO arma_tu_fiesta.templo_horario (fk_templo,fk_horario) VALUES (@templo, @turno);

SET @turno = (SELECT pkTurno FROM (SELECT id_horario as pkTurno FROM arma_tu_fiesta.horario  WHERE dia = 'Miercoles' AND turno = 'Matutino') as tablaHorario);
INSERT INTO arma_tu_fiesta.templo_horario (fk_templo,fk_horario) VALUES (@templo, @turno);

SET @turno = (SELECT pkTurno FROM (SELECT id_horario as pkTurno FROM arma_tu_fiesta.horario  WHERE dia = 'Jueves' AND turno = 'Matutino') as tablaHorario);
INSERT INTO arma_tu_fiesta.templo_horario (fk_templo,fk_horario) VALUES (@templo, @turno);

SET @turno = (SELECT pkTurno FROM (SELECT id_horario as pkTurno FROM arma_tu_fiesta.horario  WHERE dia = 'Viernes' AND turno = 'Matutino') as tablaHorario);
INSERT INTO arma_tu_fiesta.templo_horario (fk_templo,fk_horario) VALUES (@templo, @turno);

SET @turno = (SELECT pkTurno FROM (SELECT id_horario as pkTurno FROM arma_tu_fiesta.horario  WHERE dia = 'Sabado' AND turno = 'Matutino') as tablaHorario);
INSERT INTO arma_tu_fiesta.templo_horario (fk_templo,fk_horario) VALUES (@templo, @turno);

SET @turno = (SELECT pkTurno FROM (SELECT id_horario as pkTurno FROM arma_tu_fiesta.horario  WHERE dia = 'Domingo' AND turno = 'Matutino') as tablaHorario);
INSERT INTO arma_tu_fiesta.templo_horario (fk_templo,fk_horario) VALUES (@templo, @turno);


SET @templo = (SELECT pkTemplo FROM (SELECT id_locacion as pkTemplo FROM arma_tu_fiesta.locacion WHERE nombre LIKE '%Judio%Mérida') as tablaTemplo);
SET @turno = (SELECT pkTurno FROM (SELECT id_horario as pkTurno FROM arma_tu_fiesta.horario  WHERE dia = 'Lunes' AND turno = 'Matutino') as tablaHorario);
INSERT INTO arma_tu_fiesta.templo_horario (fk_templo,fk_horario) VALUES (@templo, @turno);

SET @turno = (SELECT pkTurno FROM (SELECT id_horario as pkTurno FROM arma_tu_fiesta.horario  WHERE dia = 'Martes' AND turno = 'Matutino') as tablaHorario);
INSERT INTO arma_tu_fiesta.templo_horario (fk_templo,fk_horario) VALUES (@templo, @turno);

SET @turno = (SELECT pkTurno FROM (SELECT id_horario as pkTurno FROM arma_tu_fiesta.horario  WHERE dia = 'Miercoles' AND turno = 'Matutino') as tablaHorario);
INSERT INTO arma_tu_fiesta.templo_horario (fk_templo,fk_horario) VALUES (@templo, @turno);

SET @turno = (SELECT pkTurno FROM (SELECT id_horario as pkTurno FROM arma_tu_fiesta.horario  WHERE dia = 'Jueves' AND turno = 'Matutino') as tablaHorario);
INSERT INTO arma_tu_fiesta.templo_horario (fk_templo,fk_horario) VALUES (@templo, @turno);

SET @turno = (SELECT pkTurno FROM (SELECT id_horario as pkTurno FROM arma_tu_fiesta.horario  WHERE dia = 'Viernes' AND turno = 'Matutino') as tablaHorario);
INSERT INTO arma_tu_fiesta.templo_horario (fk_templo,fk_horario) VALUES (@templo, @turno);

SET @turno = (SELECT pkTurno FROM (SELECT id_horario as pkTurno FROM arma_tu_fiesta.horario  WHERE dia = 'Sabado' AND turno = 'Matutino') as tablaHorario);
INSERT INTO arma_tu_fiesta.templo_horario (fk_templo,fk_horario) VALUES (@templo, @turno);

SET @turno = (SELECT pkTurno FROM (SELECT id_horario as pkTurno FROM arma_tu_fiesta.horario  WHERE dia = 'Domingo' AND turno = 'Matutino') as tablaHorario);
INSERT INTO arma_tu_fiesta.templo_horario (fk_templo,fk_horario) VALUES (@templo, @turno);


SET @templo = (SELECT pkTemplo FROM (SELECT id_locacion as pkTemplo FROM arma_tu_fiesta.locacion WHERE nombre LIKE '%Islamico%Mérida') as tablaTemplo);
SET @turno = (SELECT pkTurno FROM (SELECT id_horario as pkTurno FROM arma_tu_fiesta.horario  WHERE dia = 'Lunes' AND turno = 'Matutino') as tablaHorario);
INSERT INTO arma_tu_fiesta.templo_horario (fk_templo,fk_horario) VALUES (@templo, @turno);

SET @turno = (SELECT pkTurno FROM (SELECT id_horario as pkTurno FROM arma_tu_fiesta.horario  WHERE dia = 'Martes' AND turno = 'Matutino') as tablaHorario);
INSERT INTO arma_tu_fiesta.templo_horario (fk_templo,fk_horario) VALUES (@templo, @turno);

SET @turno = (SELECT pkTurno FROM (SELECT id_horario as pkTurno FROM arma_tu_fiesta.horario  WHERE dia = 'Miercoles' AND turno = 'Matutino') as tablaHorario);
INSERT INTO arma_tu_fiesta.templo_horario (fk_templo,fk_horario) VALUES (@templo, @turno);

SET @turno = (SELECT pkTurno FROM (SELECT id_horario as pkTurno FROM arma_tu_fiesta.horario  WHERE dia = 'Jueves' AND turno = 'Matutino') as tablaHorario);
INSERT INTO arma_tu_fiesta.templo_horario (fk_templo,fk_horario) VALUES (@templo, @turno);

SET @turno = (SELECT pkTurno FROM (SELECT id_horario as pkTurno FROM arma_tu_fiesta.horario  WHERE dia = 'Viernes' AND turno = 'Matutino') as tablaHorario);
INSERT INTO arma_tu_fiesta.templo_horario (fk_templo,fk_horario) VALUES (@templo, @turno);

SET @turno = (SELECT pkTurno FROM (SELECT id_horario as pkTurno FROM arma_tu_fiesta.horario  WHERE dia = 'Sabado' AND turno = 'Matutino') as tablaHorario);
INSERT INTO arma_tu_fiesta.templo_horario (fk_templo,fk_horario) VALUES (@templo, @turno);

SET @turno = (SELECT pkTurno FROM (SELECT id_horario as pkTurno FROM arma_tu_fiesta.horario  WHERE dia = 'Domingo' AND turno = 'Matutino') as tablaHorario);
INSERT INTO arma_tu_fiesta.templo_horario (fk_templo,fk_horario) VALUES (@templo, @turno);


SET @templo = (SELECT pkTemplo FROM (SELECT id_locacion as pkTemplo FROM arma_tu_fiesta.locacion WHERE nombre LIKE '%Hindu%Mérida') as tablaTemplo);
SET @turno = (SELECT pkTurno FROM (SELECT id_horario as pkTurno FROM arma_tu_fiesta.horario  WHERE dia = 'Lunes' AND turno = 'Matutino') as tablaHorario);
INSERT INTO arma_tu_fiesta.templo_horario (fk_templo,fk_horario) VALUES (@templo, @turno);

SET @turno = (SELECT pkTurno FROM (SELECT id_horario as pkTurno FROM arma_tu_fiesta.horario  WHERE dia = 'Martes' AND turno = 'Matutino') as tablaHorario);
INSERT INTO arma_tu_fiesta.templo_horario (fk_templo,fk_horario) VALUES (@templo, @turno);

SET @turno = (SELECT pkTurno FROM (SELECT id_horario as pkTurno FROM arma_tu_fiesta.horario  WHERE dia = 'Miercoles' AND turno = 'Matutino') as tablaHorario);
INSERT INTO arma_tu_fiesta.templo_horario (fk_templo,fk_horario) VALUES (@templo, @turno);

SET @turno = (SELECT pkTurno FROM (SELECT id_horario as pkTurno FROM arma_tu_fiesta.horario  WHERE dia = 'Jueves' AND turno = 'Matutino') as tablaHorario);
INSERT INTO arma_tu_fiesta.templo_horario (fk_templo,fk_horario) VALUES (@templo, @turno);

SET @turno = (SELECT pkTurno FROM (SELECT id_horario as pkTurno FROM arma_tu_fiesta.horario  WHERE dia = 'Viernes' AND turno = 'Matutino') as tablaHorario);
INSERT INTO arma_tu_fiesta.templo_horario (fk_templo,fk_horario) VALUES (@templo, @turno);

SET @turno = (SELECT pkTurno FROM (SELECT id_horario as pkTurno FROM arma_tu_fiesta.horario  WHERE dia = 'Sabado' AND turno = 'Matutino') as tablaHorario);
INSERT INTO arma_tu_fiesta.templo_horario (fk_templo,fk_horario) VALUES (@templo, @turno);

SET @turno = (SELECT pkTurno FROM (SELECT id_horario as pkTurno FROM arma_tu_fiesta.horario  WHERE dia = 'Domingo' AND turno = 'Matutino') as tablaHorario);
INSERT INTO arma_tu_fiesta.templo_horario (fk_templo,fk_horario) VALUES (@templo, @turno);


SET @templo = (SELECT pkTemplo FROM (SELECT id_locacion as pkTemplo FROM arma_tu_fiesta.locacion WHERE nombre LIKE '%Shinto%Mérida') as tablaTemplo);
SET @turno = (SELECT pkTurno FROM (SELECT id_horario as pkTurno FROM arma_tu_fiesta.horario  WHERE dia = 'Lunes' AND turno = 'Matutino') as tablaHorario);
INSERT INTO arma_tu_fiesta.templo_horario (fk_templo,fk_horario) VALUES (@templo, @turno);

SET @turno = (SELECT pkTurno FROM (SELECT id_horario as pkTurno FROM arma_tu_fiesta.horario  WHERE dia = 'Martes' AND turno = 'Matutino') as tablaHorario);
INSERT INTO arma_tu_fiesta.templo_horario (fk_templo,fk_horario) VALUES (@templo, @turno);

SET @turno = (SELECT pkTurno FROM (SELECT id_horario as pkTurno FROM arma_tu_fiesta.horario  WHERE dia = 'Miercoles' AND turno = 'Matutino') as tablaHorario);
INSERT INTO arma_tu_fiesta.templo_horario (fk_templo,fk_horario) VALUES (@templo, @turno);

SET @turno = (SELECT pkTurno FROM (SELECT id_horario as pkTurno FROM arma_tu_fiesta.horario  WHERE dia = 'Jueves' AND turno = 'Matutino') as tablaHorario);
INSERT INTO arma_tu_fiesta.templo_horario (fk_templo,fk_horario) VALUES (@templo, @turno);

SET @turno = (SELECT pkTurno FROM (SELECT id_horario as pkTurno FROM arma_tu_fiesta.horario  WHERE dia = 'Viernes' AND turno = 'Matutino') as tablaHorario);
INSERT INTO arma_tu_fiesta.templo_horario (fk_templo,fk_horario) VALUES (@templo, @turno);

SET @turno = (SELECT pkTurno FROM (SELECT id_horario as pkTurno FROM arma_tu_fiesta.horario  WHERE dia = 'Sabado' AND turno = 'Matutino') as tablaHorario);
INSERT INTO arma_tu_fiesta.templo_horario (fk_templo,fk_horario) VALUES (@templo, @turno);

SET @turno = (SELECT pkTurno FROM (SELECT id_horario as pkTurno FROM arma_tu_fiesta.horario  WHERE dia = 'Domingo' AND turno = 'Matutino') as tablaHorario);
INSERT INTO arma_tu_fiesta.templo_horario (fk_templo,fk_horario) VALUES (@templo, @turno);


SET @templo = (SELECT pkTemplo FROM (SELECT id_locacion as pkTemplo FROM arma_tu_fiesta.locacion WHERE nombre LIKE '%Catolico%Miranda') as tablaTemplo);
SET @turno = (SELECT pkTurno FROM (SELECT id_horario as pkTurno FROM arma_tu_fiesta.horario  WHERE dia = 'Lunes' AND turno = 'Matutino') as tablaHorario);
INSERT INTO arma_tu_fiesta.templo_horario (fk_templo,fk_horario) VALUES (@templo, @turno);

SET @turno = (SELECT pkTurno FROM (SELECT id_horario as pkTurno FROM arma_tu_fiesta.horario  WHERE dia = 'Martes' AND turno = 'Matutino') as tablaHorario);
INSERT INTO arma_tu_fiesta.templo_horario (fk_templo,fk_horario) VALUES (@templo, @turno);

SET @turno = (SELECT pkTurno FROM (SELECT id_horario as pkTurno FROM arma_tu_fiesta.horario  WHERE dia = 'Miercoles' AND turno = 'Matutino') as tablaHorario);
INSERT INTO arma_tu_fiesta.templo_horario (fk_templo,fk_horario) VALUES (@templo, @turno);

SET @turno = (SELECT pkTurno FROM (SELECT id_horario as pkTurno FROM arma_tu_fiesta.horario  WHERE dia = 'Jueves' AND turno = 'Matutino') as tablaHorario);
INSERT INTO arma_tu_fiesta.templo_horario (fk_templo,fk_horario) VALUES (@templo, @turno);

SET @turno = (SELECT pkTurno FROM (SELECT id_horario as pkTurno FROM arma_tu_fiesta.horario  WHERE dia = 'Viernes' AND turno = 'Matutino') as tablaHorario);
INSERT INTO arma_tu_fiesta.templo_horario (fk_templo,fk_horario) VALUES (@templo, @turno);

SET @turno = (SELECT pkTurno FROM (SELECT id_horario as pkTurno FROM arma_tu_fiesta.horario  WHERE dia = 'Sabado' AND turno = 'Matutino') as tablaHorario);
INSERT INTO arma_tu_fiesta.templo_horario (fk_templo,fk_horario) VALUES (@templo, @turno);

SET @turno = (SELECT pkTurno FROM (SELECT id_horario as pkTurno FROM arma_tu_fiesta.horario  WHERE dia = 'Domingo' AND turno = 'Matutino') as tablaHorario);
INSERT INTO arma_tu_fiesta.templo_horario (fk_templo,fk_horario) VALUES (@templo, @turno);


SET @templo = (SELECT pkTemplo FROM (SELECT id_locacion as pkTemplo FROM arma_tu_fiesta.locacion WHERE nombre LIKE '%Judio%Miranda') as tablaTemplo);
SET @turno = (SELECT pkTurno FROM (SELECT id_horario as pkTurno FROM arma_tu_fiesta.horario  WHERE dia = 'Lunes' AND turno = 'Matutino') as tablaHorario);
INSERT INTO arma_tu_fiesta.templo_horario (fk_templo,fk_horario) VALUES (@templo, @turno);

SET @turno = (SELECT pkTurno FROM (SELECT id_horario as pkTurno FROM arma_tu_fiesta.horario  WHERE dia = 'Martes' AND turno = 'Matutino') as tablaHorario);
INSERT INTO arma_tu_fiesta.templo_horario (fk_templo,fk_horario) VALUES (@templo, @turno);

SET @turno = (SELECT pkTurno FROM (SELECT id_horario as pkTurno FROM arma_tu_fiesta.horario  WHERE dia = 'Miercoles' AND turno = 'Matutino') as tablaHorario);
INSERT INTO arma_tu_fiesta.templo_horario (fk_templo,fk_horario) VALUES (@templo, @turno);

SET @turno = (SELECT pkTurno FROM (SELECT id_horario as pkTurno FROM arma_tu_fiesta.horario  WHERE dia = 'Jueves' AND turno = 'Matutino') as tablaHorario);
INSERT INTO arma_tu_fiesta.templo_horario (fk_templo,fk_horario) VALUES (@templo, @turno);

SET @turno = (SELECT pkTurno FROM (SELECT id_horario as pkTurno FROM arma_tu_fiesta.horario  WHERE dia = 'Viernes' AND turno = 'Matutino') as tablaHorario);
INSERT INTO arma_tu_fiesta.templo_horario (fk_templo,fk_horario) VALUES (@templo, @turno);

SET @turno = (SELECT pkTurno FROM (SELECT id_horario as pkTurno FROM arma_tu_fiesta.horario  WHERE dia = 'Sabado' AND turno = 'Matutino') as tablaHorario);
INSERT INTO arma_tu_fiesta.templo_horario (fk_templo,fk_horario) VALUES (@templo, @turno);

SET @turno = (SELECT pkTurno FROM (SELECT id_horario as pkTurno FROM arma_tu_fiesta.horario  WHERE dia = 'Domingo' AND turno = 'Matutino') as tablaHorario);
INSERT INTO arma_tu_fiesta.templo_horario (fk_templo,fk_horario) VALUES (@templo, @turno);


SET @templo = (SELECT pkTemplo FROM (SELECT id_locacion as pkTemplo FROM arma_tu_fiesta.locacion WHERE nombre LIKE '%Islamico%Miranda') as tablaTemplo);
SET @turno = (SELECT pkTurno FROM (SELECT id_horario as pkTurno FROM arma_tu_fiesta.horario  WHERE dia = 'Lunes' AND turno = 'Matutino') as tablaHorario);
INSERT INTO arma_tu_fiesta.templo_horario (fk_templo,fk_horario) VALUES (@templo, @turno);

SET @turno = (SELECT pkTurno FROM (SELECT id_horario as pkTurno FROM arma_tu_fiesta.horario  WHERE dia = 'Martes' AND turno = 'Matutino') as tablaHorario);
INSERT INTO arma_tu_fiesta.templo_horario (fk_templo,fk_horario) VALUES (@templo, @turno);

SET @turno = (SELECT pkTurno FROM (SELECT id_horario as pkTurno FROM arma_tu_fiesta.horario  WHERE dia = 'Miercoles' AND turno = 'Matutino') as tablaHorario);
INSERT INTO arma_tu_fiesta.templo_horario (fk_templo,fk_horario) VALUES (@templo, @turno);

SET @turno = (SELECT pkTurno FROM (SELECT id_horario as pkTurno FROM arma_tu_fiesta.horario  WHERE dia = 'Jueves' AND turno = 'Matutino') as tablaHorario);
INSERT INTO arma_tu_fiesta.templo_horario (fk_templo,fk_horario) VALUES (@templo, @turno);

SET @turno = (SELECT pkTurno FROM (SELECT id_horario as pkTurno FROM arma_tu_fiesta.horario  WHERE dia = 'Viernes' AND turno = 'Matutino') as tablaHorario);
INSERT INTO arma_tu_fiesta.templo_horario (fk_templo,fk_horario) VALUES (@templo, @turno);

SET @turno = (SELECT pkTurno FROM (SELECT id_horario as pkTurno FROM arma_tu_fiesta.horario  WHERE dia = 'Sabado' AND turno = 'Matutino') as tablaHorario);
INSERT INTO arma_tu_fiesta.templo_horario (fk_templo,fk_horario) VALUES (@templo, @turno);

SET @turno = (SELECT pkTurno FROM (SELECT id_horario as pkTurno FROM arma_tu_fiesta.horario  WHERE dia = 'Domingo' AND turno = 'Matutino') as tablaHorario);
INSERT INTO arma_tu_fiesta.templo_horario (fk_templo,fk_horario) VALUES (@templo, @turno);


SET @templo = (SELECT pkTemplo FROM (SELECT id_locacion as pkTemplo FROM arma_tu_fiesta.locacion WHERE nombre LIKE '%Hindu%Miranda') as tablaTemplo);
SET @turno = (SELECT pkTurno FROM (SELECT id_horario as pkTurno FROM arma_tu_fiesta.horario  WHERE dia = 'Lunes' AND turno = 'Matutino') as tablaHorario);
INSERT INTO arma_tu_fiesta.templo_horario (fk_templo,fk_horario) VALUES (@templo, @turno);

SET @turno = (SELECT pkTurno FROM (SELECT id_horario as pkTurno FROM arma_tu_fiesta.horario  WHERE dia = 'Martes' AND turno = 'Matutino') as tablaHorario);
INSERT INTO arma_tu_fiesta.templo_horario (fk_templo,fk_horario) VALUES (@templo, @turno);

SET @turno = (SELECT pkTurno FROM (SELECT id_horario as pkTurno FROM arma_tu_fiesta.horario  WHERE dia = 'Miercoles' AND turno = 'Matutino') as tablaHorario);
INSERT INTO arma_tu_fiesta.templo_horario (fk_templo,fk_horario) VALUES (@templo, @turno);

SET @turno = (SELECT pkTurno FROM (SELECT id_horario as pkTurno FROM arma_tu_fiesta.horario  WHERE dia = 'Jueves' AND turno = 'Matutino') as tablaHorario);
INSERT INTO arma_tu_fiesta.templo_horario (fk_templo,fk_horario) VALUES (@templo, @turno);

SET @turno = (SELECT pkTurno FROM (SELECT id_horario as pkTurno FROM arma_tu_fiesta.horario  WHERE dia = 'Viernes' AND turno = 'Matutino') as tablaHorario);
INSERT INTO arma_tu_fiesta.templo_horario (fk_templo,fk_horario) VALUES (@templo, @turno);

SET @turno = (SELECT pkTurno FROM (SELECT id_horario as pkTurno FROM arma_tu_fiesta.horario  WHERE dia = 'Sabado' AND turno = 'Matutino') as tablaHorario);
INSERT INTO arma_tu_fiesta.templo_horario (fk_templo,fk_horario) VALUES (@templo, @turno);

SET @turno = (SELECT pkTurno FROM (SELECT id_horario as pkTurno FROM arma_tu_fiesta.horario  WHERE dia = 'Domingo' AND turno = 'Matutino') as tablaHorario);
INSERT INTO arma_tu_fiesta.templo_horario (fk_templo,fk_horario) VALUES (@templo, @turno);


SET @templo = (SELECT pkTemplo FROM (SELECT id_locacion as pkTemplo FROM arma_tu_fiesta.locacion WHERE nombre LIKE '%Shinto%Miranda') as tablaTemplo);
SET @turno = (SELECT pkTurno FROM (SELECT id_horario as pkTurno FROM arma_tu_fiesta.horario  WHERE dia = 'Lunes' AND turno = 'Matutino') as tablaHorario);
INSERT INTO arma_tu_fiesta.templo_horario (fk_templo,fk_horario) VALUES (@templo, @turno);

SET @turno = (SELECT pkTurno FROM (SELECT id_horario as pkTurno FROM arma_tu_fiesta.horario  WHERE dia = 'Martes' AND turno = 'Matutino') as tablaHorario);
INSERT INTO arma_tu_fiesta.templo_horario (fk_templo,fk_horario) VALUES (@templo, @turno);

SET @turno = (SELECT pkTurno FROM (SELECT id_horario as pkTurno FROM arma_tu_fiesta.horario  WHERE dia = 'Miercoles' AND turno = 'Matutino') as tablaHorario);
INSERT INTO arma_tu_fiesta.templo_horario (fk_templo,fk_horario) VALUES (@templo, @turno);

SET @turno = (SELECT pkTurno FROM (SELECT id_horario as pkTurno FROM arma_tu_fiesta.horario  WHERE dia = 'Jueves' AND turno = 'Matutino') as tablaHorario);
INSERT INTO arma_tu_fiesta.templo_horario (fk_templo,fk_horario) VALUES (@templo, @turno);

SET @turno = (SELECT pkTurno FROM (SELECT id_horario as pkTurno FROM arma_tu_fiesta.horario  WHERE dia = 'Viernes' AND turno = 'Matutino') as tablaHorario);
INSERT INTO arma_tu_fiesta.templo_horario (fk_templo,fk_horario) VALUES (@templo, @turno);

SET @turno = (SELECT pkTurno FROM (SELECT id_horario as pkTurno FROM arma_tu_fiesta.horario  WHERE dia = 'Sabado' AND turno = 'Matutino') as tablaHorario);
INSERT INTO arma_tu_fiesta.templo_horario (fk_templo,fk_horario) VALUES (@templo, @turno);

SET @turno = (SELECT pkTurno FROM (SELECT id_horario as pkTurno FROM arma_tu_fiesta.horario  WHERE dia = 'Domingo' AND turno = 'Matutino') as tablaHorario);
INSERT INTO arma_tu_fiesta.templo_horario (fk_templo,fk_horario) VALUES (@templo, @turno);


SET @templo = (SELECT pkTemplo FROM (SELECT id_locacion as pkTemplo FROM arma_tu_fiesta.locacion WHERE nombre LIKE '%Catolico%Monagas') as tablaTemplo);
SET @turno = (SELECT pkTurno FROM (SELECT id_horario as pkTurno FROM arma_tu_fiesta.horario  WHERE dia = 'Lunes' AND turno = 'Matutino') as tablaHorario);
INSERT INTO arma_tu_fiesta.templo_horario (fk_templo,fk_horario) VALUES (@templo, @turno);

SET @turno = (SELECT pkTurno FROM (SELECT id_horario as pkTurno FROM arma_tu_fiesta.horario  WHERE dia = 'Martes' AND turno = 'Matutino') as tablaHorario);
INSERT INTO arma_tu_fiesta.templo_horario (fk_templo,fk_horario) VALUES (@templo, @turno);

SET @turno = (SELECT pkTurno FROM (SELECT id_horario as pkTurno FROM arma_tu_fiesta.horario  WHERE dia = 'Miercoles' AND turno = 'Matutino') as tablaHorario);
INSERT INTO arma_tu_fiesta.templo_horario (fk_templo,fk_horario) VALUES (@templo, @turno);

SET @turno = (SELECT pkTurno FROM (SELECT id_horario as pkTurno FROM arma_tu_fiesta.horario  WHERE dia = 'Jueves' AND turno = 'Matutino') as tablaHorario);
INSERT INTO arma_tu_fiesta.templo_horario (fk_templo,fk_horario) VALUES (@templo, @turno);

SET @turno = (SELECT pkTurno FROM (SELECT id_horario as pkTurno FROM arma_tu_fiesta.horario  WHERE dia = 'Viernes' AND turno = 'Matutino') as tablaHorario);
INSERT INTO arma_tu_fiesta.templo_horario (fk_templo,fk_horario) VALUES (@templo, @turno);

SET @turno = (SELECT pkTurno FROM (SELECT id_horario as pkTurno FROM arma_tu_fiesta.horario  WHERE dia = 'Sabado' AND turno = 'Matutino') as tablaHorario);
INSERT INTO arma_tu_fiesta.templo_horario (fk_templo,fk_horario) VALUES (@templo, @turno);

SET @turno = (SELECT pkTurno FROM (SELECT id_horario as pkTurno FROM arma_tu_fiesta.horario  WHERE dia = 'Domingo' AND turno = 'Matutino') as tablaHorario);
INSERT INTO arma_tu_fiesta.templo_horario (fk_templo,fk_horario) VALUES (@templo, @turno);


SET @templo = (SELECT pkTemplo FROM (SELECT id_locacion as pkTemplo FROM arma_tu_fiesta.locacion WHERE nombre LIKE '%Judio%Monagas') as tablaTemplo);
SET @turno = (SELECT pkTurno FROM (SELECT id_horario as pkTurno FROM arma_tu_fiesta.horario  WHERE dia = 'Lunes' AND turno = 'Matutino') as tablaHorario);
INSERT INTO arma_tu_fiesta.templo_horario (fk_templo,fk_horario) VALUES (@templo, @turno);

SET @turno = (SELECT pkTurno FROM (SELECT id_horario as pkTurno FROM arma_tu_fiesta.horario  WHERE dia = 'Martes' AND turno = 'Matutino') as tablaHorario);
INSERT INTO arma_tu_fiesta.templo_horario (fk_templo,fk_horario) VALUES (@templo, @turno);

SET @turno = (SELECT pkTurno FROM (SELECT id_horario as pkTurno FROM arma_tu_fiesta.horario  WHERE dia = 'Miercoles' AND turno = 'Matutino') as tablaHorario);
INSERT INTO arma_tu_fiesta.templo_horario (fk_templo,fk_horario) VALUES (@templo, @turno);

SET @turno = (SELECT pkTurno FROM (SELECT id_horario as pkTurno FROM arma_tu_fiesta.horario  WHERE dia = 'Jueves' AND turno = 'Matutino') as tablaHorario);
INSERT INTO arma_tu_fiesta.templo_horario (fk_templo,fk_horario) VALUES (@templo, @turno);

SET @turno = (SELECT pkTurno FROM (SELECT id_horario as pkTurno FROM arma_tu_fiesta.horario  WHERE dia = 'Viernes' AND turno = 'Matutino') as tablaHorario);
INSERT INTO arma_tu_fiesta.templo_horario (fk_templo,fk_horario) VALUES (@templo, @turno);

SET @turno = (SELECT pkTurno FROM (SELECT id_horario as pkTurno FROM arma_tu_fiesta.horario  WHERE dia = 'Sabado' AND turno = 'Matutino') as tablaHorario);
INSERT INTO arma_tu_fiesta.templo_horario (fk_templo,fk_horario) VALUES (@templo, @turno);

SET @turno = (SELECT pkTurno FROM (SELECT id_horario as pkTurno FROM arma_tu_fiesta.horario  WHERE dia = 'Domingo' AND turno = 'Matutino') as tablaHorario);
INSERT INTO arma_tu_fiesta.templo_horario (fk_templo,fk_horario) VALUES (@templo, @turno);


SET @templo = (SELECT pkTemplo FROM (SELECT id_locacion as pkTemplo FROM arma_tu_fiesta.locacion WHERE nombre LIKE '%Islamico%Monagas') as tablaTemplo);
SET @turno = (SELECT pkTurno FROM (SELECT id_horario as pkTurno FROM arma_tu_fiesta.horario  WHERE dia = 'Lunes' AND turno = 'Matutino') as tablaHorario);
INSERT INTO arma_tu_fiesta.templo_horario (fk_templo,fk_horario) VALUES (@templo, @turno);

SET @turno = (SELECT pkTurno FROM (SELECT id_horario as pkTurno FROM arma_tu_fiesta.horario  WHERE dia = 'Martes' AND turno = 'Matutino') as tablaHorario);
INSERT INTO arma_tu_fiesta.templo_horario (fk_templo,fk_horario) VALUES (@templo, @turno);

SET @turno = (SELECT pkTurno FROM (SELECT id_horario as pkTurno FROM arma_tu_fiesta.horario  WHERE dia = 'Miercoles' AND turno = 'Matutino') as tablaHorario);
INSERT INTO arma_tu_fiesta.templo_horario (fk_templo,fk_horario) VALUES (@templo, @turno);

SET @turno = (SELECT pkTurno FROM (SELECT id_horario as pkTurno FROM arma_tu_fiesta.horario  WHERE dia = 'Jueves' AND turno = 'Matutino') as tablaHorario);
INSERT INTO arma_tu_fiesta.templo_horario (fk_templo,fk_horario) VALUES (@templo, @turno);

SET @turno = (SELECT pkTurno FROM (SELECT id_horario as pkTurno FROM arma_tu_fiesta.horario  WHERE dia = 'Viernes' AND turno = 'Matutino') as tablaHorario);
INSERT INTO arma_tu_fiesta.templo_horario (fk_templo,fk_horario) VALUES (@templo, @turno);

SET @turno = (SELECT pkTurno FROM (SELECT id_horario as pkTurno FROM arma_tu_fiesta.horario  WHERE dia = 'Sabado' AND turno = 'Matutino') as tablaHorario);
INSERT INTO arma_tu_fiesta.templo_horario (fk_templo,fk_horario) VALUES (@templo, @turno);

SET @turno = (SELECT pkTurno FROM (SELECT id_horario as pkTurno FROM arma_tu_fiesta.horario  WHERE dia = 'Domingo' AND turno = 'Matutino') as tablaHorario);
INSERT INTO arma_tu_fiesta.templo_horario (fk_templo,fk_horario) VALUES (@templo, @turno);


SET @templo = (SELECT pkTemplo FROM (SELECT id_locacion as pkTemplo FROM arma_tu_fiesta.locacion WHERE nombre LIKE '%Hindu%Monagas') as tablaTemplo);
SET @turno = (SELECT pkTurno FROM (SELECT id_horario as pkTurno FROM arma_tu_fiesta.horario  WHERE dia = 'Lunes' AND turno = 'Matutino') as tablaHorario);
INSERT INTO arma_tu_fiesta.templo_horario (fk_templo,fk_horario) VALUES (@templo, @turno);

SET @turno = (SELECT pkTurno FROM (SELECT id_horario as pkTurno FROM arma_tu_fiesta.horario  WHERE dia = 'Martes' AND turno = 'Matutino') as tablaHorario);
INSERT INTO arma_tu_fiesta.templo_horario (fk_templo,fk_horario) VALUES (@templo, @turno);

SET @turno = (SELECT pkTurno FROM (SELECT id_horario as pkTurno FROM arma_tu_fiesta.horario  WHERE dia = 'Miercoles' AND turno = 'Matutino') as tablaHorario);
INSERT INTO arma_tu_fiesta.templo_horario (fk_templo,fk_horario) VALUES (@templo, @turno);

SET @turno = (SELECT pkTurno FROM (SELECT id_horario as pkTurno FROM arma_tu_fiesta.horario  WHERE dia = 'Jueves' AND turno = 'Matutino') as tablaHorario);
INSERT INTO arma_tu_fiesta.templo_horario (fk_templo,fk_horario) VALUES (@templo, @turno);

SET @turno = (SELECT pkTurno FROM (SELECT id_horario as pkTurno FROM arma_tu_fiesta.horario  WHERE dia = 'Viernes' AND turno = 'Matutino') as tablaHorario);
INSERT INTO arma_tu_fiesta.templo_horario (fk_templo,fk_horario) VALUES (@templo, @turno);

SET @turno = (SELECT pkTurno FROM (SELECT id_horario as pkTurno FROM arma_tu_fiesta.horario  WHERE dia = 'Sabado' AND turno = 'Matutino') as tablaHorario);
INSERT INTO arma_tu_fiesta.templo_horario (fk_templo,fk_horario) VALUES (@templo, @turno);

SET @turno = (SELECT pkTurno FROM (SELECT id_horario as pkTurno FROM arma_tu_fiesta.horario  WHERE dia = 'Domingo' AND turno = 'Matutino') as tablaHorario);
INSERT INTO arma_tu_fiesta.templo_horario (fk_templo,fk_horario) VALUES (@templo, @turno);


SET @templo = (SELECT pkTemplo FROM (SELECT id_locacion as pkTemplo FROM arma_tu_fiesta.locacion WHERE nombre LIKE '%Shinto%Monagas') as tablaTemplo);
SET @turno = (SELECT pkTurno FROM (SELECT id_horario as pkTurno FROM arma_tu_fiesta.horario  WHERE dia = 'Lunes' AND turno = 'Matutino') as tablaHorario);
INSERT INTO arma_tu_fiesta.templo_horario (fk_templo,fk_horario) VALUES (@templo, @turno);

SET @turno = (SELECT pkTurno FROM (SELECT id_horario as pkTurno FROM arma_tu_fiesta.horario  WHERE dia = 'Martes' AND turno = 'Matutino') as tablaHorario);
INSERT INTO arma_tu_fiesta.templo_horario (fk_templo,fk_horario) VALUES (@templo, @turno);

SET @turno = (SELECT pkTurno FROM (SELECT id_horario as pkTurno FROM arma_tu_fiesta.horario  WHERE dia = 'Miercoles' AND turno = 'Matutino') as tablaHorario);
INSERT INTO arma_tu_fiesta.templo_horario (fk_templo,fk_horario) VALUES (@templo, @turno);

SET @turno = (SELECT pkTurno FROM (SELECT id_horario as pkTurno FROM arma_tu_fiesta.horario  WHERE dia = 'Jueves' AND turno = 'Matutino') as tablaHorario);
INSERT INTO arma_tu_fiesta.templo_horario (fk_templo,fk_horario) VALUES (@templo, @turno);

SET @turno = (SELECT pkTurno FROM (SELECT id_horario as pkTurno FROM arma_tu_fiesta.horario  WHERE dia = 'Viernes' AND turno = 'Matutino') as tablaHorario);
INSERT INTO arma_tu_fiesta.templo_horario (fk_templo,fk_horario) VALUES (@templo, @turno);

SET @turno = (SELECT pkTurno FROM (SELECT id_horario as pkTurno FROM arma_tu_fiesta.horario  WHERE dia = 'Sabado' AND turno = 'Matutino') as tablaHorario);
INSERT INTO arma_tu_fiesta.templo_horario (fk_templo,fk_horario) VALUES (@templo, @turno);

SET @turno = (SELECT pkTurno FROM (SELECT id_horario as pkTurno FROM arma_tu_fiesta.horario  WHERE dia = 'Domingo' AND turno = 'Matutino') as tablaHorario);
INSERT INTO arma_tu_fiesta.templo_horario (fk_templo,fk_horario) VALUES (@templo, @turno);


SET @templo = (SELECT pkTemplo FROM (SELECT id_locacion as pkTemplo FROM arma_tu_fiesta.locacion WHERE nombre LIKE '%Catolico%Nueva Esparta') as tablaTemplo);
SET @turno = (SELECT pkTurno FROM (SELECT id_horario as pkTurno FROM arma_tu_fiesta.horario  WHERE dia = 'Lunes' AND turno = 'Matutino') as tablaHorario);
INSERT INTO arma_tu_fiesta.templo_horario (fk_templo,fk_horario) VALUES (@templo, @turno);

SET @turno = (SELECT pkTurno FROM (SELECT id_horario as pkTurno FROM arma_tu_fiesta.horario  WHERE dia = 'Martes' AND turno = 'Matutino') as tablaHorario);
INSERT INTO arma_tu_fiesta.templo_horario (fk_templo,fk_horario) VALUES (@templo, @turno);

SET @turno = (SELECT pkTurno FROM (SELECT id_horario as pkTurno FROM arma_tu_fiesta.horario  WHERE dia = 'Miercoles' AND turno = 'Matutino') as tablaHorario);
INSERT INTO arma_tu_fiesta.templo_horario (fk_templo,fk_horario) VALUES (@templo, @turno);

SET @turno = (SELECT pkTurno FROM (SELECT id_horario as pkTurno FROM arma_tu_fiesta.horario  WHERE dia = 'Jueves' AND turno = 'Matutino') as tablaHorario);
INSERT INTO arma_tu_fiesta.templo_horario (fk_templo,fk_horario) VALUES (@templo, @turno);

SET @turno = (SELECT pkTurno FROM (SELECT id_horario as pkTurno FROM arma_tu_fiesta.horario  WHERE dia = 'Viernes' AND turno = 'Matutino') as tablaHorario);
INSERT INTO arma_tu_fiesta.templo_horario (fk_templo,fk_horario) VALUES (@templo, @turno);

SET @turno = (SELECT pkTurno FROM (SELECT id_horario as pkTurno FROM arma_tu_fiesta.horario  WHERE dia = 'Sabado' AND turno = 'Matutino') as tablaHorario);
INSERT INTO arma_tu_fiesta.templo_horario (fk_templo,fk_horario) VALUES (@templo, @turno);

SET @turno = (SELECT pkTurno FROM (SELECT id_horario as pkTurno FROM arma_tu_fiesta.horario  WHERE dia = 'Domingo' AND turno = 'Matutino') as tablaHorario);
INSERT INTO arma_tu_fiesta.templo_horario (fk_templo,fk_horario) VALUES (@templo, @turno);


SET @templo = (SELECT pkTemplo FROM (SELECT id_locacion as pkTemplo FROM arma_tu_fiesta.locacion WHERE nombre LIKE '%Judio%Nueva Esparta') as tablaTemplo);
SET @turno = (SELECT pkTurno FROM (SELECT id_horario as pkTurno FROM arma_tu_fiesta.horario  WHERE dia = 'Lunes' AND turno = 'Matutino') as tablaHorario);
INSERT INTO arma_tu_fiesta.templo_horario (fk_templo,fk_horario) VALUES (@templo, @turno);

SET @turno = (SELECT pkTurno FROM (SELECT id_horario as pkTurno FROM arma_tu_fiesta.horario  WHERE dia = 'Martes' AND turno = 'Matutino') as tablaHorario);
INSERT INTO arma_tu_fiesta.templo_horario (fk_templo,fk_horario) VALUES (@templo, @turno);

SET @turno = (SELECT pkTurno FROM (SELECT id_horario as pkTurno FROM arma_tu_fiesta.horario  WHERE dia = 'Miercoles' AND turno = 'Matutino') as tablaHorario);
INSERT INTO arma_tu_fiesta.templo_horario (fk_templo,fk_horario) VALUES (@templo, @turno);

SET @turno = (SELECT pkTurno FROM (SELECT id_horario as pkTurno FROM arma_tu_fiesta.horario  WHERE dia = 'Jueves' AND turno = 'Matutino') as tablaHorario);
INSERT INTO arma_tu_fiesta.templo_horario (fk_templo,fk_horario) VALUES (@templo, @turno);

SET @turno = (SELECT pkTurno FROM (SELECT id_horario as pkTurno FROM arma_tu_fiesta.horario  WHERE dia = 'Viernes' AND turno = 'Matutino') as tablaHorario);
INSERT INTO arma_tu_fiesta.templo_horario (fk_templo,fk_horario) VALUES (@templo, @turno);

SET @turno = (SELECT pkTurno FROM (SELECT id_horario as pkTurno FROM arma_tu_fiesta.horario  WHERE dia = 'Sabado' AND turno = 'Matutino') as tablaHorario);
INSERT INTO arma_tu_fiesta.templo_horario (fk_templo,fk_horario) VALUES (@templo, @turno);

SET @turno = (SELECT pkTurno FROM (SELECT id_horario as pkTurno FROM arma_tu_fiesta.horario  WHERE dia = 'Domingo' AND turno = 'Matutino') as tablaHorario);
INSERT INTO arma_tu_fiesta.templo_horario (fk_templo,fk_horario) VALUES (@templo, @turno);


SET @templo = (SELECT pkTemplo FROM (SELECT id_locacion as pkTemplo FROM arma_tu_fiesta.locacion WHERE nombre LIKE '%Islamico%Nueva Esparta') as tablaTemplo);
SET @turno = (SELECT pkTurno FROM (SELECT id_horario as pkTurno FROM arma_tu_fiesta.horario  WHERE dia = 'Lunes' AND turno = 'Matutino') as tablaHorario);
INSERT INTO arma_tu_fiesta.templo_horario (fk_templo,fk_horario) VALUES (@templo, @turno);

SET @turno = (SELECT pkTurno FROM (SELECT id_horario as pkTurno FROM arma_tu_fiesta.horario  WHERE dia = 'Martes' AND turno = 'Matutino') as tablaHorario);
INSERT INTO arma_tu_fiesta.templo_horario (fk_templo,fk_horario) VALUES (@templo, @turno);

SET @turno = (SELECT pkTurno FROM (SELECT id_horario as pkTurno FROM arma_tu_fiesta.horario  WHERE dia = 'Miercoles' AND turno = 'Matutino') as tablaHorario);
INSERT INTO arma_tu_fiesta.templo_horario (fk_templo,fk_horario) VALUES (@templo, @turno);

SET @turno = (SELECT pkTurno FROM (SELECT id_horario as pkTurno FROM arma_tu_fiesta.horario  WHERE dia = 'Jueves' AND turno = 'Matutino') as tablaHorario);
INSERT INTO arma_tu_fiesta.templo_horario (fk_templo,fk_horario) VALUES (@templo, @turno);

SET @turno = (SELECT pkTurno FROM (SELECT id_horario as pkTurno FROM arma_tu_fiesta.horario  WHERE dia = 'Viernes' AND turno = 'Matutino') as tablaHorario);
INSERT INTO arma_tu_fiesta.templo_horario (fk_templo,fk_horario) VALUES (@templo, @turno);

SET @turno = (SELECT pkTurno FROM (SELECT id_horario as pkTurno FROM arma_tu_fiesta.horario  WHERE dia = 'Sabado' AND turno = 'Matutino') as tablaHorario);
INSERT INTO arma_tu_fiesta.templo_horario (fk_templo,fk_horario) VALUES (@templo, @turno);

SET @turno = (SELECT pkTurno FROM (SELECT id_horario as pkTurno FROM arma_tu_fiesta.horario  WHERE dia = 'Domingo' AND turno = 'Matutino') as tablaHorario);
INSERT INTO arma_tu_fiesta.templo_horario (fk_templo,fk_horario) VALUES (@templo, @turno);


SET @templo = (SELECT pkTemplo FROM (SELECT id_locacion as pkTemplo FROM arma_tu_fiesta.locacion WHERE nombre LIKE '%Hindu%Nueva Esparta') as tablaTemplo);
SET @turno = (SELECT pkTurno FROM (SELECT id_horario as pkTurno FROM arma_tu_fiesta.horario  WHERE dia = 'Lunes' AND turno = 'Matutino') as tablaHorario);
INSERT INTO arma_tu_fiesta.templo_horario (fk_templo,fk_horario) VALUES (@templo, @turno);

SET @turno = (SELECT pkTurno FROM (SELECT id_horario as pkTurno FROM arma_tu_fiesta.horario  WHERE dia = 'Martes' AND turno = 'Matutino') as tablaHorario);
INSERT INTO arma_tu_fiesta.templo_horario (fk_templo,fk_horario) VALUES (@templo, @turno);

SET @turno = (SELECT pkTurno FROM (SELECT id_horario as pkTurno FROM arma_tu_fiesta.horario  WHERE dia = 'Miercoles' AND turno = 'Matutino') as tablaHorario);
INSERT INTO arma_tu_fiesta.templo_horario (fk_templo,fk_horario) VALUES (@templo, @turno);

SET @turno = (SELECT pkTurno FROM (SELECT id_horario as pkTurno FROM arma_tu_fiesta.horario  WHERE dia = 'Jueves' AND turno = 'Matutino') as tablaHorario);
INSERT INTO arma_tu_fiesta.templo_horario (fk_templo,fk_horario) VALUES (@templo, @turno);

SET @turno = (SELECT pkTurno FROM (SELECT id_horario as pkTurno FROM arma_tu_fiesta.horario  WHERE dia = 'Viernes' AND turno = 'Matutino') as tablaHorario);
INSERT INTO arma_tu_fiesta.templo_horario (fk_templo,fk_horario) VALUES (@templo, @turno);

SET @turno = (SELECT pkTurno FROM (SELECT id_horario as pkTurno FROM arma_tu_fiesta.horario  WHERE dia = 'Sabado' AND turno = 'Matutino') as tablaHorario);
INSERT INTO arma_tu_fiesta.templo_horario (fk_templo,fk_horario) VALUES (@templo, @turno);

SET @turno = (SELECT pkTurno FROM (SELECT id_horario as pkTurno FROM arma_tu_fiesta.horario  WHERE dia = 'Domingo' AND turno = 'Matutino') as tablaHorario);
INSERT INTO arma_tu_fiesta.templo_horario (fk_templo,fk_horario) VALUES (@templo, @turno);


SET @templo = (SELECT pkTemplo FROM (SELECT id_locacion as pkTemplo FROM arma_tu_fiesta.locacion WHERE nombre LIKE '%Shinto%Nueva Esparta') as tablaTemplo);
SET @turno = (SELECT pkTurno FROM (SELECT id_horario as pkTurno FROM arma_tu_fiesta.horario  WHERE dia = 'Lunes' AND turno = 'Matutino') as tablaHorario);
INSERT INTO arma_tu_fiesta.templo_horario (fk_templo,fk_horario) VALUES (@templo, @turno);

SET @turno = (SELECT pkTurno FROM (SELECT id_horario as pkTurno FROM arma_tu_fiesta.horario  WHERE dia = 'Martes' AND turno = 'Matutino') as tablaHorario);
INSERT INTO arma_tu_fiesta.templo_horario (fk_templo,fk_horario) VALUES (@templo, @turno);

SET @turno = (SELECT pkTurno FROM (SELECT id_horario as pkTurno FROM arma_tu_fiesta.horario  WHERE dia = 'Miercoles' AND turno = 'Matutino') as tablaHorario);
INSERT INTO arma_tu_fiesta.templo_horario (fk_templo,fk_horario) VALUES (@templo, @turno);

SET @turno = (SELECT pkTurno FROM (SELECT id_horario as pkTurno FROM arma_tu_fiesta.horario  WHERE dia = 'Jueves' AND turno = 'Matutino') as tablaHorario);
INSERT INTO arma_tu_fiesta.templo_horario (fk_templo,fk_horario) VALUES (@templo, @turno);

SET @turno = (SELECT pkTurno FROM (SELECT id_horario as pkTurno FROM arma_tu_fiesta.horario  WHERE dia = 'Viernes' AND turno = 'Matutino') as tablaHorario);
INSERT INTO arma_tu_fiesta.templo_horario (fk_templo,fk_horario) VALUES (@templo, @turno);

SET @turno = (SELECT pkTurno FROM (SELECT id_horario as pkTurno FROM arma_tu_fiesta.horario  WHERE dia = 'Sabado' AND turno = 'Matutino') as tablaHorario);
INSERT INTO arma_tu_fiesta.templo_horario (fk_templo,fk_horario) VALUES (@templo, @turno);

SET @turno = (SELECT pkTurno FROM (SELECT id_horario as pkTurno FROM arma_tu_fiesta.horario  WHERE dia = 'Domingo' AND turno = 'Matutino') as tablaHorario);
INSERT INTO arma_tu_fiesta.templo_horario (fk_templo,fk_horario) VALUES (@templo, @turno);


SET @templo = (SELECT pkTemplo FROM (SELECT id_locacion as pkTemplo FROM arma_tu_fiesta.locacion WHERE nombre LIKE '%Catolico%Portuguesa') as tablaTemplo);
SET @turno = (SELECT pkTurno FROM (SELECT id_horario as pkTurno FROM arma_tu_fiesta.horario  WHERE dia = 'Lunes' AND turno = 'Matutino') as tablaHorario);
INSERT INTO arma_tu_fiesta.templo_horario (fk_templo,fk_horario) VALUES (@templo, @turno);

SET @turno = (SELECT pkTurno FROM (SELECT id_horario as pkTurno FROM arma_tu_fiesta.horario  WHERE dia = 'Martes' AND turno = 'Matutino') as tablaHorario);
INSERT INTO arma_tu_fiesta.templo_horario (fk_templo,fk_horario) VALUES (@templo, @turno);

SET @turno = (SELECT pkTurno FROM (SELECT id_horario as pkTurno FROM arma_tu_fiesta.horario  WHERE dia = 'Miercoles' AND turno = 'Matutino') as tablaHorario);
INSERT INTO arma_tu_fiesta.templo_horario (fk_templo,fk_horario) VALUES (@templo, @turno);

SET @turno = (SELECT pkTurno FROM (SELECT id_horario as pkTurno FROM arma_tu_fiesta.horario  WHERE dia = 'Jueves' AND turno = 'Matutino') as tablaHorario);
INSERT INTO arma_tu_fiesta.templo_horario (fk_templo,fk_horario) VALUES (@templo, @turno);

SET @turno = (SELECT pkTurno FROM (SELECT id_horario as pkTurno FROM arma_tu_fiesta.horario  WHERE dia = 'Viernes' AND turno = 'Matutino') as tablaHorario);
INSERT INTO arma_tu_fiesta.templo_horario (fk_templo,fk_horario) VALUES (@templo, @turno);

SET @turno = (SELECT pkTurno FROM (SELECT id_horario as pkTurno FROM arma_tu_fiesta.horario  WHERE dia = 'Sabado' AND turno = 'Matutino') as tablaHorario);
INSERT INTO arma_tu_fiesta.templo_horario (fk_templo,fk_horario) VALUES (@templo, @turno);

SET @turno = (SELECT pkTurno FROM (SELECT id_horario as pkTurno FROM arma_tu_fiesta.horario  WHERE dia = 'Domingo' AND turno = 'Matutino') as tablaHorario);
INSERT INTO arma_tu_fiesta.templo_horario (fk_templo,fk_horario) VALUES (@templo, @turno);


SET @templo = (SELECT pkTemplo FROM (SELECT id_locacion as pkTemplo FROM arma_tu_fiesta.locacion WHERE nombre LIKE '%Judio%Portuguesa') as tablaTemplo);
SET @turno = (SELECT pkTurno FROM (SELECT id_horario as pkTurno FROM arma_tu_fiesta.horario  WHERE dia = 'Lunes' AND turno = 'Matutino') as tablaHorario);
INSERT INTO arma_tu_fiesta.templo_horario (fk_templo,fk_horario) VALUES (@templo, @turno);

SET @turno = (SELECT pkTurno FROM (SELECT id_horario as pkTurno FROM arma_tu_fiesta.horario  WHERE dia = 'Martes' AND turno = 'Matutino') as tablaHorario);
INSERT INTO arma_tu_fiesta.templo_horario (fk_templo,fk_horario) VALUES (@templo, @turno);

SET @turno = (SELECT pkTurno FROM (SELECT id_horario as pkTurno FROM arma_tu_fiesta.horario  WHERE dia = 'Miercoles' AND turno = 'Matutino') as tablaHorario);
INSERT INTO arma_tu_fiesta.templo_horario (fk_templo,fk_horario) VALUES (@templo, @turno);

SET @turno = (SELECT pkTurno FROM (SELECT id_horario as pkTurno FROM arma_tu_fiesta.horario  WHERE dia = 'Jueves' AND turno = 'Matutino') as tablaHorario);
INSERT INTO arma_tu_fiesta.templo_horario (fk_templo,fk_horario) VALUES (@templo, @turno);

SET @turno = (SELECT pkTurno FROM (SELECT id_horario as pkTurno FROM arma_tu_fiesta.horario  WHERE dia = 'Viernes' AND turno = 'Matutino') as tablaHorario);
INSERT INTO arma_tu_fiesta.templo_horario (fk_templo,fk_horario) VALUES (@templo, @turno);

SET @turno = (SELECT pkTurno FROM (SELECT id_horario as pkTurno FROM arma_tu_fiesta.horario  WHERE dia = 'Sabado' AND turno = 'Matutino') as tablaHorario);
INSERT INTO arma_tu_fiesta.templo_horario (fk_templo,fk_horario) VALUES (@templo, @turno);

SET @turno = (SELECT pkTurno FROM (SELECT id_horario as pkTurno FROM arma_tu_fiesta.horario  WHERE dia = 'Domingo' AND turno = 'Matutino') as tablaHorario);
INSERT INTO arma_tu_fiesta.templo_horario (fk_templo,fk_horario) VALUES (@templo, @turno);


SET @templo = (SELECT pkTemplo FROM (SELECT id_locacion as pkTemplo FROM arma_tu_fiesta.locacion WHERE nombre LIKE '%Islamico%Portuguesa') as tablaTemplo);
SET @turno = (SELECT pkTurno FROM (SELECT id_horario as pkTurno FROM arma_tu_fiesta.horario  WHERE dia = 'Lunes' AND turno = 'Matutino') as tablaHorario);
INSERT INTO arma_tu_fiesta.templo_horario (fk_templo,fk_horario) VALUES (@templo, @turno);

SET @turno = (SELECT pkTurno FROM (SELECT id_horario as pkTurno FROM arma_tu_fiesta.horario  WHERE dia = 'Martes' AND turno = 'Matutino') as tablaHorario);
INSERT INTO arma_tu_fiesta.templo_horario (fk_templo,fk_horario) VALUES (@templo, @turno);

SET @turno = (SELECT pkTurno FROM (SELECT id_horario as pkTurno FROM arma_tu_fiesta.horario  WHERE dia = 'Miercoles' AND turno = 'Matutino') as tablaHorario);
INSERT INTO arma_tu_fiesta.templo_horario (fk_templo,fk_horario) VALUES (@templo, @turno);

SET @turno = (SELECT pkTurno FROM (SELECT id_horario as pkTurno FROM arma_tu_fiesta.horario  WHERE dia = 'Jueves' AND turno = 'Matutino') as tablaHorario);
INSERT INTO arma_tu_fiesta.templo_horario (fk_templo,fk_horario) VALUES (@templo, @turno);

SET @turno = (SELECT pkTurno FROM (SELECT id_horario as pkTurno FROM arma_tu_fiesta.horario  WHERE dia = 'Viernes' AND turno = 'Matutino') as tablaHorario);
INSERT INTO arma_tu_fiesta.templo_horario (fk_templo,fk_horario) VALUES (@templo, @turno);

SET @turno = (SELECT pkTurno FROM (SELECT id_horario as pkTurno FROM arma_tu_fiesta.horario  WHERE dia = 'Sabado' AND turno = 'Matutino') as tablaHorario);
INSERT INTO arma_tu_fiesta.templo_horario (fk_templo,fk_horario) VALUES (@templo, @turno);

SET @turno = (SELECT pkTurno FROM (SELECT id_horario as pkTurno FROM arma_tu_fiesta.horario  WHERE dia = 'Domingo' AND turno = 'Matutino') as tablaHorario);
INSERT INTO arma_tu_fiesta.templo_horario (fk_templo,fk_horario) VALUES (@templo, @turno);


SET @templo = (SELECT pkTemplo FROM (SELECT id_locacion as pkTemplo FROM arma_tu_fiesta.locacion WHERE nombre LIKE '%Hindu%Portuguesa') as tablaTemplo);
SET @turno = (SELECT pkTurno FROM (SELECT id_horario as pkTurno FROM arma_tu_fiesta.horario  WHERE dia = 'Lunes' AND turno = 'Matutino') as tablaHorario);
INSERT INTO arma_tu_fiesta.templo_horario (fk_templo,fk_horario) VALUES (@templo, @turno);

SET @turno = (SELECT pkTurno FROM (SELECT id_horario as pkTurno FROM arma_tu_fiesta.horario  WHERE dia = 'Martes' AND turno = 'Matutino') as tablaHorario);
INSERT INTO arma_tu_fiesta.templo_horario (fk_templo,fk_horario) VALUES (@templo, @turno);

SET @turno = (SELECT pkTurno FROM (SELECT id_horario as pkTurno FROM arma_tu_fiesta.horario  WHERE dia = 'Miercoles' AND turno = 'Matutino') as tablaHorario);
INSERT INTO arma_tu_fiesta.templo_horario (fk_templo,fk_horario) VALUES (@templo, @turno);

SET @turno = (SELECT pkTurno FROM (SELECT id_horario as pkTurno FROM arma_tu_fiesta.horario  WHERE dia = 'Jueves' AND turno = 'Matutino') as tablaHorario);
INSERT INTO arma_tu_fiesta.templo_horario (fk_templo,fk_horario) VALUES (@templo, @turno);

SET @turno = (SELECT pkTurno FROM (SELECT id_horario as pkTurno FROM arma_tu_fiesta.horario  WHERE dia = 'Viernes' AND turno = 'Matutino') as tablaHorario);
INSERT INTO arma_tu_fiesta.templo_horario (fk_templo,fk_horario) VALUES (@templo, @turno);

SET @turno = (SELECT pkTurno FROM (SELECT id_horario as pkTurno FROM arma_tu_fiesta.horario  WHERE dia = 'Sabado' AND turno = 'Matutino') as tablaHorario);
INSERT INTO arma_tu_fiesta.templo_horario (fk_templo,fk_horario) VALUES (@templo, @turno);

SET @turno = (SELECT pkTurno FROM (SELECT id_horario as pkTurno FROM arma_tu_fiesta.horario  WHERE dia = 'Domingo' AND turno = 'Matutino') as tablaHorario);
INSERT INTO arma_tu_fiesta.templo_horario (fk_templo,fk_horario) VALUES (@templo, @turno);


SET @templo = (SELECT pkTemplo FROM (SELECT id_locacion as pkTemplo FROM arma_tu_fiesta.locacion WHERE nombre LIKE '%Shinto%Portuguesa') as tablaTemplo);
SET @turno = (SELECT pkTurno FROM (SELECT id_horario as pkTurno FROM arma_tu_fiesta.horario  WHERE dia = 'Lunes' AND turno = 'Matutino') as tablaHorario);
INSERT INTO arma_tu_fiesta.templo_horario (fk_templo,fk_horario) VALUES (@templo, @turno);

SET @turno = (SELECT pkTurno FROM (SELECT id_horario as pkTurno FROM arma_tu_fiesta.horario  WHERE dia = 'Martes' AND turno = 'Matutino') as tablaHorario);
INSERT INTO arma_tu_fiesta.templo_horario (fk_templo,fk_horario) VALUES (@templo, @turno);

SET @turno = (SELECT pkTurno FROM (SELECT id_horario as pkTurno FROM arma_tu_fiesta.horario  WHERE dia = 'Miercoles' AND turno = 'Matutino') as tablaHorario);
INSERT INTO arma_tu_fiesta.templo_horario (fk_templo,fk_horario) VALUES (@templo, @turno);

SET @turno = (SELECT pkTurno FROM (SELECT id_horario as pkTurno FROM arma_tu_fiesta.horario  WHERE dia = 'Jueves' AND turno = 'Matutino') as tablaHorario);
INSERT INTO arma_tu_fiesta.templo_horario (fk_templo,fk_horario) VALUES (@templo, @turno);

SET @turno = (SELECT pkTurno FROM (SELECT id_horario as pkTurno FROM arma_tu_fiesta.horario  WHERE dia = 'Viernes' AND turno = 'Matutino') as tablaHorario);
INSERT INTO arma_tu_fiesta.templo_horario (fk_templo,fk_horario) VALUES (@templo, @turno);

SET @turno = (SELECT pkTurno FROM (SELECT id_horario as pkTurno FROM arma_tu_fiesta.horario  WHERE dia = 'Sabado' AND turno = 'Matutino') as tablaHorario);
INSERT INTO arma_tu_fiesta.templo_horario (fk_templo,fk_horario) VALUES (@templo, @turno);

SET @turno = (SELECT pkTurno FROM (SELECT id_horario as pkTurno FROM arma_tu_fiesta.horario  WHERE dia = 'Domingo' AND turno = 'Matutino') as tablaHorario);
INSERT INTO arma_tu_fiesta.templo_horario (fk_templo,fk_horario) VALUES (@templo, @turno);


SET @templo = (SELECT pkTemplo FROM (SELECT id_locacion as pkTemplo FROM arma_tu_fiesta.locacion WHERE nombre LIKE '%Catolico%Sucre') as tablaTemplo);
SET @turno = (SELECT pkTurno FROM (SELECT id_horario as pkTurno FROM arma_tu_fiesta.horario  WHERE dia = 'Lunes' AND turno = 'Matutino') as tablaHorario);
INSERT INTO arma_tu_fiesta.templo_horario (fk_templo,fk_horario) VALUES (@templo, @turno);

SET @turno = (SELECT pkTurno FROM (SELECT id_horario as pkTurno FROM arma_tu_fiesta.horario  WHERE dia = 'Martes' AND turno = 'Matutino') as tablaHorario);
INSERT INTO arma_tu_fiesta.templo_horario (fk_templo,fk_horario) VALUES (@templo, @turno);

SET @turno = (SELECT pkTurno FROM (SELECT id_horario as pkTurno FROM arma_tu_fiesta.horario  WHERE dia = 'Miercoles' AND turno = 'Matutino') as tablaHorario);
INSERT INTO arma_tu_fiesta.templo_horario (fk_templo,fk_horario) VALUES (@templo, @turno);

SET @turno = (SELECT pkTurno FROM (SELECT id_horario as pkTurno FROM arma_tu_fiesta.horario  WHERE dia = 'Jueves' AND turno = 'Matutino') as tablaHorario);
INSERT INTO arma_tu_fiesta.templo_horario (fk_templo,fk_horario) VALUES (@templo, @turno);

SET @turno = (SELECT pkTurno FROM (SELECT id_horario as pkTurno FROM arma_tu_fiesta.horario  WHERE dia = 'Viernes' AND turno = 'Matutino') as tablaHorario);
INSERT INTO arma_tu_fiesta.templo_horario (fk_templo,fk_horario) VALUES (@templo, @turno);

SET @turno = (SELECT pkTurno FROM (SELECT id_horario as pkTurno FROM arma_tu_fiesta.horario  WHERE dia = 'Sabado' AND turno = 'Matutino') as tablaHorario);
INSERT INTO arma_tu_fiesta.templo_horario (fk_templo,fk_horario) VALUES (@templo, @turno);

SET @turno = (SELECT pkTurno FROM (SELECT id_horario as pkTurno FROM arma_tu_fiesta.horario  WHERE dia = 'Domingo' AND turno = 'Matutino') as tablaHorario);
INSERT INTO arma_tu_fiesta.templo_horario (fk_templo,fk_horario) VALUES (@templo, @turno);


SET @templo = (SELECT pkTemplo FROM (SELECT id_locacion as pkTemplo FROM arma_tu_fiesta.locacion WHERE nombre LIKE '%Judio%Sucre') as tablaTemplo);
SET @turno = (SELECT pkTurno FROM (SELECT id_horario as pkTurno FROM arma_tu_fiesta.horario  WHERE dia = 'Lunes' AND turno = 'Matutino') as tablaHorario);
INSERT INTO arma_tu_fiesta.templo_horario (fk_templo,fk_horario) VALUES (@templo, @turno);

SET @turno = (SELECT pkTurno FROM (SELECT id_horario as pkTurno FROM arma_tu_fiesta.horario  WHERE dia = 'Martes' AND turno = 'Matutino') as tablaHorario);
INSERT INTO arma_tu_fiesta.templo_horario (fk_templo,fk_horario) VALUES (@templo, @turno);

SET @turno = (SELECT pkTurno FROM (SELECT id_horario as pkTurno FROM arma_tu_fiesta.horario  WHERE dia = 'Miercoles' AND turno = 'Matutino') as tablaHorario);
INSERT INTO arma_tu_fiesta.templo_horario (fk_templo,fk_horario) VALUES (@templo, @turno);

SET @turno = (SELECT pkTurno FROM (SELECT id_horario as pkTurno FROM arma_tu_fiesta.horario  WHERE dia = 'Jueves' AND turno = 'Matutino') as tablaHorario);
INSERT INTO arma_tu_fiesta.templo_horario (fk_templo,fk_horario) VALUES (@templo, @turno);

SET @turno = (SELECT pkTurno FROM (SELECT id_horario as pkTurno FROM arma_tu_fiesta.horario  WHERE dia = 'Viernes' AND turno = 'Matutino') as tablaHorario);
INSERT INTO arma_tu_fiesta.templo_horario (fk_templo,fk_horario) VALUES (@templo, @turno);

SET @turno = (SELECT pkTurno FROM (SELECT id_horario as pkTurno FROM arma_tu_fiesta.horario  WHERE dia = 'Sabado' AND turno = 'Matutino') as tablaHorario);
INSERT INTO arma_tu_fiesta.templo_horario (fk_templo,fk_horario) VALUES (@templo, @turno);

SET @turno = (SELECT pkTurno FROM (SELECT id_horario as pkTurno FROM arma_tu_fiesta.horario  WHERE dia = 'Domingo' AND turno = 'Matutino') as tablaHorario);
INSERT INTO arma_tu_fiesta.templo_horario (fk_templo,fk_horario) VALUES (@templo, @turno);


SET @templo = (SELECT pkTemplo FROM (SELECT id_locacion as pkTemplo FROM arma_tu_fiesta.locacion WHERE nombre LIKE '%Islamico%Sucre') as tablaTemplo);
SET @turno = (SELECT pkTurno FROM (SELECT id_horario as pkTurno FROM arma_tu_fiesta.horario  WHERE dia = 'Lunes' AND turno = 'Matutino') as tablaHorario);
INSERT INTO arma_tu_fiesta.templo_horario (fk_templo,fk_horario) VALUES (@templo, @turno);

SET @turno = (SELECT pkTurno FROM (SELECT id_horario as pkTurno FROM arma_tu_fiesta.horario  WHERE dia = 'Martes' AND turno = 'Matutino') as tablaHorario);
INSERT INTO arma_tu_fiesta.templo_horario (fk_templo,fk_horario) VALUES (@templo, @turno);

SET @turno = (SELECT pkTurno FROM (SELECT id_horario as pkTurno FROM arma_tu_fiesta.horario  WHERE dia = 'Miercoles' AND turno = 'Matutino') as tablaHorario);
INSERT INTO arma_tu_fiesta.templo_horario (fk_templo,fk_horario) VALUES (@templo, @turno);

SET @turno = (SELECT pkTurno FROM (SELECT id_horario as pkTurno FROM arma_tu_fiesta.horario  WHERE dia = 'Jueves' AND turno = 'Matutino') as tablaHorario);
INSERT INTO arma_tu_fiesta.templo_horario (fk_templo,fk_horario) VALUES (@templo, @turno);

SET @turno = (SELECT pkTurno FROM (SELECT id_horario as pkTurno FROM arma_tu_fiesta.horario  WHERE dia = 'Viernes' AND turno = 'Matutino') as tablaHorario);
INSERT INTO arma_tu_fiesta.templo_horario (fk_templo,fk_horario) VALUES (@templo, @turno);

SET @turno = (SELECT pkTurno FROM (SELECT id_horario as pkTurno FROM arma_tu_fiesta.horario  WHERE dia = 'Sabado' AND turno = 'Matutino') as tablaHorario);
INSERT INTO arma_tu_fiesta.templo_horario (fk_templo,fk_horario) VALUES (@templo, @turno);

SET @turno = (SELECT pkTurno FROM (SELECT id_horario as pkTurno FROM arma_tu_fiesta.horario  WHERE dia = 'Domingo' AND turno = 'Matutino') as tablaHorario);
INSERT INTO arma_tu_fiesta.templo_horario (fk_templo,fk_horario) VALUES (@templo, @turno);


SET @templo = (SELECT pkTemplo FROM (SELECT id_locacion as pkTemplo FROM arma_tu_fiesta.locacion WHERE nombre LIKE '%Hindu%Sucre') as tablaTemplo);
SET @turno = (SELECT pkTurno FROM (SELECT id_horario as pkTurno FROM arma_tu_fiesta.horario  WHERE dia = 'Lunes' AND turno = 'Matutino') as tablaHorario);
INSERT INTO arma_tu_fiesta.templo_horario (fk_templo,fk_horario) VALUES (@templo, @turno);

SET @turno = (SELECT pkTurno FROM (SELECT id_horario as pkTurno FROM arma_tu_fiesta.horario  WHERE dia = 'Martes' AND turno = 'Matutino') as tablaHorario);
INSERT INTO arma_tu_fiesta.templo_horario (fk_templo,fk_horario) VALUES (@templo, @turno);

SET @turno = (SELECT pkTurno FROM (SELECT id_horario as pkTurno FROM arma_tu_fiesta.horario  WHERE dia = 'Miercoles' AND turno = 'Matutino') as tablaHorario);
INSERT INTO arma_tu_fiesta.templo_horario (fk_templo,fk_horario) VALUES (@templo, @turno);

SET @turno = (SELECT pkTurno FROM (SELECT id_horario as pkTurno FROM arma_tu_fiesta.horario  WHERE dia = 'Jueves' AND turno = 'Matutino') as tablaHorario);
INSERT INTO arma_tu_fiesta.templo_horario (fk_templo,fk_horario) VALUES (@templo, @turno);

SET @turno = (SELECT pkTurno FROM (SELECT id_horario as pkTurno FROM arma_tu_fiesta.horario  WHERE dia = 'Viernes' AND turno = 'Matutino') as tablaHorario);
INSERT INTO arma_tu_fiesta.templo_horario (fk_templo,fk_horario) VALUES (@templo, @turno);

SET @turno = (SELECT pkTurno FROM (SELECT id_horario as pkTurno FROM arma_tu_fiesta.horario  WHERE dia = 'Sabado' AND turno = 'Matutino') as tablaHorario);
INSERT INTO arma_tu_fiesta.templo_horario (fk_templo,fk_horario) VALUES (@templo, @turno);

SET @turno = (SELECT pkTurno FROM (SELECT id_horario as pkTurno FROM arma_tu_fiesta.horario  WHERE dia = 'Domingo' AND turno = 'Matutino') as tablaHorario);
INSERT INTO arma_tu_fiesta.templo_horario (fk_templo,fk_horario) VALUES (@templo, @turno);


SET @templo = (SELECT pkTemplo FROM (SELECT id_locacion as pkTemplo FROM arma_tu_fiesta.locacion WHERE nombre LIKE '%Shinto%Sucre') as tablaTemplo);
SET @turno = (SELECT pkTurno FROM (SELECT id_horario as pkTurno FROM arma_tu_fiesta.horario  WHERE dia = 'Lunes' AND turno = 'Matutino') as tablaHorario);
INSERT INTO arma_tu_fiesta.templo_horario (fk_templo,fk_horario) VALUES (@templo, @turno);

SET @turno = (SELECT pkTurno FROM (SELECT id_horario as pkTurno FROM arma_tu_fiesta.horario  WHERE dia = 'Martes' AND turno = 'Matutino') as tablaHorario);
INSERT INTO arma_tu_fiesta.templo_horario (fk_templo,fk_horario) VALUES (@templo, @turno);

SET @turno = (SELECT pkTurno FROM (SELECT id_horario as pkTurno FROM arma_tu_fiesta.horario  WHERE dia = 'Miercoles' AND turno = 'Matutino') as tablaHorario);
INSERT INTO arma_tu_fiesta.templo_horario (fk_templo,fk_horario) VALUES (@templo, @turno);

SET @turno = (SELECT pkTurno FROM (SELECT id_horario as pkTurno FROM arma_tu_fiesta.horario  WHERE dia = 'Jueves' AND turno = 'Matutino') as tablaHorario);
INSERT INTO arma_tu_fiesta.templo_horario (fk_templo,fk_horario) VALUES (@templo, @turno);

SET @turno = (SELECT pkTurno FROM (SELECT id_horario as pkTurno FROM arma_tu_fiesta.horario  WHERE dia = 'Viernes' AND turno = 'Matutino') as tablaHorario);
INSERT INTO arma_tu_fiesta.templo_horario (fk_templo,fk_horario) VALUES (@templo, @turno);

SET @turno = (SELECT pkTurno FROM (SELECT id_horario as pkTurno FROM arma_tu_fiesta.horario  WHERE dia = 'Sabado' AND turno = 'Matutino') as tablaHorario);
INSERT INTO arma_tu_fiesta.templo_horario (fk_templo,fk_horario) VALUES (@templo, @turno);

SET @turno = (SELECT pkTurno FROM (SELECT id_horario as pkTurno FROM arma_tu_fiesta.horario  WHERE dia = 'Domingo' AND turno = 'Matutino') as tablaHorario);
INSERT INTO arma_tu_fiesta.templo_horario (fk_templo,fk_horario) VALUES (@templo, @turno);


SET @templo = (SELECT pkTemplo FROM (SELECT id_locacion as pkTemplo FROM arma_tu_fiesta.locacion WHERE nombre LIKE '%Catolico%Táchira') as tablaTemplo);
SET @turno = (SELECT pkTurno FROM (SELECT id_horario as pkTurno FROM arma_tu_fiesta.horario  WHERE dia = 'Lunes' AND turno = 'Matutino') as tablaHorario);
INSERT INTO arma_tu_fiesta.templo_horario (fk_templo,fk_horario) VALUES (@templo, @turno);

SET @turno = (SELECT pkTurno FROM (SELECT id_horario as pkTurno FROM arma_tu_fiesta.horario  WHERE dia = 'Martes' AND turno = 'Matutino') as tablaHorario);
INSERT INTO arma_tu_fiesta.templo_horario (fk_templo,fk_horario) VALUES (@templo, @turno);

SET @turno = (SELECT pkTurno FROM (SELECT id_horario as pkTurno FROM arma_tu_fiesta.horario  WHERE dia = 'Miercoles' AND turno = 'Matutino') as tablaHorario);
INSERT INTO arma_tu_fiesta.templo_horario (fk_templo,fk_horario) VALUES (@templo, @turno);

SET @turno = (SELECT pkTurno FROM (SELECT id_horario as pkTurno FROM arma_tu_fiesta.horario  WHERE dia = 'Jueves' AND turno = 'Matutino') as tablaHorario);
INSERT INTO arma_tu_fiesta.templo_horario (fk_templo,fk_horario) VALUES (@templo, @turno);

SET @turno = (SELECT pkTurno FROM (SELECT id_horario as pkTurno FROM arma_tu_fiesta.horario  WHERE dia = 'Viernes' AND turno = 'Matutino') as tablaHorario);
INSERT INTO arma_tu_fiesta.templo_horario (fk_templo,fk_horario) VALUES (@templo, @turno);

SET @turno = (SELECT pkTurno FROM (SELECT id_horario as pkTurno FROM arma_tu_fiesta.horario  WHERE dia = 'Sabado' AND turno = 'Matutino') as tablaHorario);
INSERT INTO arma_tu_fiesta.templo_horario (fk_templo,fk_horario) VALUES (@templo, @turno);

SET @turno = (SELECT pkTurno FROM (SELECT id_horario as pkTurno FROM arma_tu_fiesta.horario  WHERE dia = 'Domingo' AND turno = 'Matutino') as tablaHorario);
INSERT INTO arma_tu_fiesta.templo_horario (fk_templo,fk_horario) VALUES (@templo, @turno);


SET @templo = (SELECT pkTemplo FROM (SELECT id_locacion as pkTemplo FROM arma_tu_fiesta.locacion WHERE nombre LIKE '%Judio%Táchira') as tablaTemplo);
SET @turno = (SELECT pkTurno FROM (SELECT id_horario as pkTurno FROM arma_tu_fiesta.horario  WHERE dia = 'Lunes' AND turno = 'Matutino') as tablaHorario);
INSERT INTO arma_tu_fiesta.templo_horario (fk_templo,fk_horario) VALUES (@templo, @turno);

SET @turno = (SELECT pkTurno FROM (SELECT id_horario as pkTurno FROM arma_tu_fiesta.horario  WHERE dia = 'Martes' AND turno = 'Matutino') as tablaHorario);
INSERT INTO arma_tu_fiesta.templo_horario (fk_templo,fk_horario) VALUES (@templo, @turno);

SET @turno = (SELECT pkTurno FROM (SELECT id_horario as pkTurno FROM arma_tu_fiesta.horario  WHERE dia = 'Miercoles' AND turno = 'Matutino') as tablaHorario);
INSERT INTO arma_tu_fiesta.templo_horario (fk_templo,fk_horario) VALUES (@templo, @turno);

SET @turno = (SELECT pkTurno FROM (SELECT id_horario as pkTurno FROM arma_tu_fiesta.horario  WHERE dia = 'Jueves' AND turno = 'Matutino') as tablaHorario);
INSERT INTO arma_tu_fiesta.templo_horario (fk_templo,fk_horario) VALUES (@templo, @turno);

SET @turno = (SELECT pkTurno FROM (SELECT id_horario as pkTurno FROM arma_tu_fiesta.horario  WHERE dia = 'Viernes' AND turno = 'Matutino') as tablaHorario);
INSERT INTO arma_tu_fiesta.templo_horario (fk_templo,fk_horario) VALUES (@templo, @turno);

SET @turno = (SELECT pkTurno FROM (SELECT id_horario as pkTurno FROM arma_tu_fiesta.horario  WHERE dia = 'Sabado' AND turno = 'Matutino') as tablaHorario);
INSERT INTO arma_tu_fiesta.templo_horario (fk_templo,fk_horario) VALUES (@templo, @turno);

SET @turno = (SELECT pkTurno FROM (SELECT id_horario as pkTurno FROM arma_tu_fiesta.horario  WHERE dia = 'Domingo' AND turno = 'Matutino') as tablaHorario);
INSERT INTO arma_tu_fiesta.templo_horario (fk_templo,fk_horario) VALUES (@templo, @turno);


SET @templo = (SELECT pkTemplo FROM (SELECT id_locacion as pkTemplo FROM arma_tu_fiesta.locacion WHERE nombre LIKE '%Islamico%Táchira') as tablaTemplo);
SET @turno = (SELECT pkTurno FROM (SELECT id_horario as pkTurno FROM arma_tu_fiesta.horario  WHERE dia = 'Lunes' AND turno = 'Matutino') as tablaHorario);
INSERT INTO arma_tu_fiesta.templo_horario (fk_templo,fk_horario) VALUES (@templo, @turno);

SET @turno = (SELECT pkTurno FROM (SELECT id_horario as pkTurno FROM arma_tu_fiesta.horario  WHERE dia = 'Martes' AND turno = 'Matutino') as tablaHorario);
INSERT INTO arma_tu_fiesta.templo_horario (fk_templo,fk_horario) VALUES (@templo, @turno);

SET @turno = (SELECT pkTurno FROM (SELECT id_horario as pkTurno FROM arma_tu_fiesta.horario  WHERE dia = 'Miercoles' AND turno = 'Matutino') as tablaHorario);
INSERT INTO arma_tu_fiesta.templo_horario (fk_templo,fk_horario) VALUES (@templo, @turno);

SET @turno = (SELECT pkTurno FROM (SELECT id_horario as pkTurno FROM arma_tu_fiesta.horario  WHERE dia = 'Jueves' AND turno = 'Matutino') as tablaHorario);
INSERT INTO arma_tu_fiesta.templo_horario (fk_templo,fk_horario) VALUES (@templo, @turno);

SET @turno = (SELECT pkTurno FROM (SELECT id_horario as pkTurno FROM arma_tu_fiesta.horario  WHERE dia = 'Viernes' AND turno = 'Matutino') as tablaHorario);
INSERT INTO arma_tu_fiesta.templo_horario (fk_templo,fk_horario) VALUES (@templo, @turno);

SET @turno = (SELECT pkTurno FROM (SELECT id_horario as pkTurno FROM arma_tu_fiesta.horario  WHERE dia = 'Sabado' AND turno = 'Matutino') as tablaHorario);
INSERT INTO arma_tu_fiesta.templo_horario (fk_templo,fk_horario) VALUES (@templo, @turno);

SET @turno = (SELECT pkTurno FROM (SELECT id_horario as pkTurno FROM arma_tu_fiesta.horario  WHERE dia = 'Domingo' AND turno = 'Matutino') as tablaHorario);
INSERT INTO arma_tu_fiesta.templo_horario (fk_templo,fk_horario) VALUES (@templo, @turno);


SET @templo = (SELECT pkTemplo FROM (SELECT id_locacion as pkTemplo FROM arma_tu_fiesta.locacion WHERE nombre LIKE '%Hindu%Táchira') as tablaTemplo);
SET @turno = (SELECT pkTurno FROM (SELECT id_horario as pkTurno FROM arma_tu_fiesta.horario  WHERE dia = 'Lunes' AND turno = 'Matutino') as tablaHorario);
INSERT INTO arma_tu_fiesta.templo_horario (fk_templo,fk_horario) VALUES (@templo, @turno);

SET @turno = (SELECT pkTurno FROM (SELECT id_horario as pkTurno FROM arma_tu_fiesta.horario  WHERE dia = 'Martes' AND turno = 'Matutino') as tablaHorario);
INSERT INTO arma_tu_fiesta.templo_horario (fk_templo,fk_horario) VALUES (@templo, @turno);

SET @turno = (SELECT pkTurno FROM (SELECT id_horario as pkTurno FROM arma_tu_fiesta.horario  WHERE dia = 'Miercoles' AND turno = 'Matutino') as tablaHorario);
INSERT INTO arma_tu_fiesta.templo_horario (fk_templo,fk_horario) VALUES (@templo, @turno);

SET @turno = (SELECT pkTurno FROM (SELECT id_horario as pkTurno FROM arma_tu_fiesta.horario  WHERE dia = 'Jueves' AND turno = 'Matutino') as tablaHorario);
INSERT INTO arma_tu_fiesta.templo_horario (fk_templo,fk_horario) VALUES (@templo, @turno);

SET @turno = (SELECT pkTurno FROM (SELECT id_horario as pkTurno FROM arma_tu_fiesta.horario  WHERE dia = 'Viernes' AND turno = 'Matutino') as tablaHorario);
INSERT INTO arma_tu_fiesta.templo_horario (fk_templo,fk_horario) VALUES (@templo, @turno);

SET @turno = (SELECT pkTurno FROM (SELECT id_horario as pkTurno FROM arma_tu_fiesta.horario  WHERE dia = 'Sabado' AND turno = 'Matutino') as tablaHorario);
INSERT INTO arma_tu_fiesta.templo_horario (fk_templo,fk_horario) VALUES (@templo, @turno);

SET @turno = (SELECT pkTurno FROM (SELECT id_horario as pkTurno FROM arma_tu_fiesta.horario  WHERE dia = 'Domingo' AND turno = 'Matutino') as tablaHorario);
INSERT INTO arma_tu_fiesta.templo_horario (fk_templo,fk_horario) VALUES (@templo, @turno);


SET @templo = (SELECT pkTemplo FROM (SELECT id_locacion as pkTemplo FROM arma_tu_fiesta.locacion WHERE nombre LIKE '%Shinto%Táchira') as tablaTemplo);
SET @turno = (SELECT pkTurno FROM (SELECT id_horario as pkTurno FROM arma_tu_fiesta.horario  WHERE dia = 'Lunes' AND turno = 'Matutino') as tablaHorario);
INSERT INTO arma_tu_fiesta.templo_horario (fk_templo,fk_horario) VALUES (@templo, @turno);

SET @turno = (SELECT pkTurno FROM (SELECT id_horario as pkTurno FROM arma_tu_fiesta.horario  WHERE dia = 'Martes' AND turno = 'Matutino') as tablaHorario);
INSERT INTO arma_tu_fiesta.templo_horario (fk_templo,fk_horario) VALUES (@templo, @turno);

SET @turno = (SELECT pkTurno FROM (SELECT id_horario as pkTurno FROM arma_tu_fiesta.horario  WHERE dia = 'Miercoles' AND turno = 'Matutino') as tablaHorario);
INSERT INTO arma_tu_fiesta.templo_horario (fk_templo,fk_horario) VALUES (@templo, @turno);

SET @turno = (SELECT pkTurno FROM (SELECT id_horario as pkTurno FROM arma_tu_fiesta.horario  WHERE dia = 'Jueves' AND turno = 'Matutino') as tablaHorario);
INSERT INTO arma_tu_fiesta.templo_horario (fk_templo,fk_horario) VALUES (@templo, @turno);

SET @turno = (SELECT pkTurno FROM (SELECT id_horario as pkTurno FROM arma_tu_fiesta.horario  WHERE dia = 'Viernes' AND turno = 'Matutino') as tablaHorario);
INSERT INTO arma_tu_fiesta.templo_horario (fk_templo,fk_horario) VALUES (@templo, @turno);

SET @turno = (SELECT pkTurno FROM (SELECT id_horario as pkTurno FROM arma_tu_fiesta.horario  WHERE dia = 'Sabado' AND turno = 'Matutino') as tablaHorario);
INSERT INTO arma_tu_fiesta.templo_horario (fk_templo,fk_horario) VALUES (@templo, @turno);

SET @turno = (SELECT pkTurno FROM (SELECT id_horario as pkTurno FROM arma_tu_fiesta.horario  WHERE dia = 'Domingo' AND turno = 'Matutino') as tablaHorario);
INSERT INTO arma_tu_fiesta.templo_horario (fk_templo,fk_horario) VALUES (@templo, @turno);


SET @templo = (SELECT pkTemplo FROM (SELECT id_locacion as pkTemplo FROM arma_tu_fiesta.locacion WHERE nombre LIKE '%Catolico%Trujillo') as tablaTemplo);
SET @turno = (SELECT pkTurno FROM (SELECT id_horario as pkTurno FROM arma_tu_fiesta.horario  WHERE dia = 'Lunes' AND turno = 'Matutino') as tablaHorario);
INSERT INTO arma_tu_fiesta.templo_horario (fk_templo,fk_horario) VALUES (@templo, @turno);

SET @turno = (SELECT pkTurno FROM (SELECT id_horario as pkTurno FROM arma_tu_fiesta.horario  WHERE dia = 'Martes' AND turno = 'Matutino') as tablaHorario);
INSERT INTO arma_tu_fiesta.templo_horario (fk_templo,fk_horario) VALUES (@templo, @turno);

SET @turno = (SELECT pkTurno FROM (SELECT id_horario as pkTurno FROM arma_tu_fiesta.horario  WHERE dia = 'Miercoles' AND turno = 'Matutino') as tablaHorario);
INSERT INTO arma_tu_fiesta.templo_horario (fk_templo,fk_horario) VALUES (@templo, @turno);

SET @turno = (SELECT pkTurno FROM (SELECT id_horario as pkTurno FROM arma_tu_fiesta.horario  WHERE dia = 'Jueves' AND turno = 'Matutino') as tablaHorario);
INSERT INTO arma_tu_fiesta.templo_horario (fk_templo,fk_horario) VALUES (@templo, @turno);

SET @turno = (SELECT pkTurno FROM (SELECT id_horario as pkTurno FROM arma_tu_fiesta.horario  WHERE dia = 'Viernes' AND turno = 'Matutino') as tablaHorario);
INSERT INTO arma_tu_fiesta.templo_horario (fk_templo,fk_horario) VALUES (@templo, @turno);

SET @turno = (SELECT pkTurno FROM (SELECT id_horario as pkTurno FROM arma_tu_fiesta.horario  WHERE dia = 'Sabado' AND turno = 'Matutino') as tablaHorario);
INSERT INTO arma_tu_fiesta.templo_horario (fk_templo,fk_horario) VALUES (@templo, @turno);

SET @turno = (SELECT pkTurno FROM (SELECT id_horario as pkTurno FROM arma_tu_fiesta.horario  WHERE dia = 'Domingo' AND turno = 'Matutino') as tablaHorario);
INSERT INTO arma_tu_fiesta.templo_horario (fk_templo,fk_horario) VALUES (@templo, @turno);


SET @templo = (SELECT pkTemplo FROM (SELECT id_locacion as pkTemplo FROM arma_tu_fiesta.locacion WHERE nombre LIKE '%Judio%Trujillo') as tablaTemplo);
SET @turno = (SELECT pkTurno FROM (SELECT id_horario as pkTurno FROM arma_tu_fiesta.horario  WHERE dia = 'Lunes' AND turno = 'Matutino') as tablaHorario);
INSERT INTO arma_tu_fiesta.templo_horario (fk_templo,fk_horario) VALUES (@templo, @turno);

SET @turno = (SELECT pkTurno FROM (SELECT id_horario as pkTurno FROM arma_tu_fiesta.horario  WHERE dia = 'Martes' AND turno = 'Matutino') as tablaHorario);
INSERT INTO arma_tu_fiesta.templo_horario (fk_templo,fk_horario) VALUES (@templo, @turno);

SET @turno = (SELECT pkTurno FROM (SELECT id_horario as pkTurno FROM arma_tu_fiesta.horario  WHERE dia = 'Miercoles' AND turno = 'Matutino') as tablaHorario);
INSERT INTO arma_tu_fiesta.templo_horario (fk_templo,fk_horario) VALUES (@templo, @turno);

SET @turno = (SELECT pkTurno FROM (SELECT id_horario as pkTurno FROM arma_tu_fiesta.horario  WHERE dia = 'Jueves' AND turno = 'Matutino') as tablaHorario);
INSERT INTO arma_tu_fiesta.templo_horario (fk_templo,fk_horario) VALUES (@templo, @turno);

SET @turno = (SELECT pkTurno FROM (SELECT id_horario as pkTurno FROM arma_tu_fiesta.horario  WHERE dia = 'Viernes' AND turno = 'Matutino') as tablaHorario);
INSERT INTO arma_tu_fiesta.templo_horario (fk_templo,fk_horario) VALUES (@templo, @turno);

SET @turno = (SELECT pkTurno FROM (SELECT id_horario as pkTurno FROM arma_tu_fiesta.horario  WHERE dia = 'Sabado' AND turno = 'Matutino') as tablaHorario);
INSERT INTO arma_tu_fiesta.templo_horario (fk_templo,fk_horario) VALUES (@templo, @turno);

SET @turno = (SELECT pkTurno FROM (SELECT id_horario as pkTurno FROM arma_tu_fiesta.horario  WHERE dia = 'Domingo' AND turno = 'Matutino') as tablaHorario);
INSERT INTO arma_tu_fiesta.templo_horario (fk_templo,fk_horario) VALUES (@templo, @turno);


SET @templo = (SELECT pkTemplo FROM (SELECT id_locacion as pkTemplo FROM arma_tu_fiesta.locacion WHERE nombre LIKE '%Islamico%Trujillo') as tablaTemplo);
SET @turno = (SELECT pkTurno FROM (SELECT id_horario as pkTurno FROM arma_tu_fiesta.horario  WHERE dia = 'Lunes' AND turno = 'Matutino') as tablaHorario);
INSERT INTO arma_tu_fiesta.templo_horario (fk_templo,fk_horario) VALUES (@templo, @turno);

SET @turno = (SELECT pkTurno FROM (SELECT id_horario as pkTurno FROM arma_tu_fiesta.horario  WHERE dia = 'Martes' AND turno = 'Matutino') as tablaHorario);
INSERT INTO arma_tu_fiesta.templo_horario (fk_templo,fk_horario) VALUES (@templo, @turno);

SET @turno = (SELECT pkTurno FROM (SELECT id_horario as pkTurno FROM arma_tu_fiesta.horario  WHERE dia = 'Miercoles' AND turno = 'Matutino') as tablaHorario);
INSERT INTO arma_tu_fiesta.templo_horario (fk_templo,fk_horario) VALUES (@templo, @turno);

SET @turno = (SELECT pkTurno FROM (SELECT id_horario as pkTurno FROM arma_tu_fiesta.horario  WHERE dia = 'Jueves' AND turno = 'Matutino') as tablaHorario);
INSERT INTO arma_tu_fiesta.templo_horario (fk_templo,fk_horario) VALUES (@templo, @turno);

SET @turno = (SELECT pkTurno FROM (SELECT id_horario as pkTurno FROM arma_tu_fiesta.horario  WHERE dia = 'Viernes' AND turno = 'Matutino') as tablaHorario);
INSERT INTO arma_tu_fiesta.templo_horario (fk_templo,fk_horario) VALUES (@templo, @turno);

SET @turno = (SELECT pkTurno FROM (SELECT id_horario as pkTurno FROM arma_tu_fiesta.horario  WHERE dia = 'Sabado' AND turno = 'Matutino') as tablaHorario);
INSERT INTO arma_tu_fiesta.templo_horario (fk_templo,fk_horario) VALUES (@templo, @turno);

SET @turno = (SELECT pkTurno FROM (SELECT id_horario as pkTurno FROM arma_tu_fiesta.horario  WHERE dia = 'Domingo' AND turno = 'Matutino') as tablaHorario);
INSERT INTO arma_tu_fiesta.templo_horario (fk_templo,fk_horario) VALUES (@templo, @turno);


SET @templo = (SELECT pkTemplo FROM (SELECT id_locacion as pkTemplo FROM arma_tu_fiesta.locacion WHERE nombre LIKE '%Hindu%Trujillo') as tablaTemplo);
SET @turno = (SELECT pkTurno FROM (SELECT id_horario as pkTurno FROM arma_tu_fiesta.horario  WHERE dia = 'Lunes' AND turno = 'Matutino') as tablaHorario);
INSERT INTO arma_tu_fiesta.templo_horario (fk_templo,fk_horario) VALUES (@templo, @turno);

SET @turno = (SELECT pkTurno FROM (SELECT id_horario as pkTurno FROM arma_tu_fiesta.horario  WHERE dia = 'Martes' AND turno = 'Matutino') as tablaHorario);
INSERT INTO arma_tu_fiesta.templo_horario (fk_templo,fk_horario) VALUES (@templo, @turno);

SET @turno = (SELECT pkTurno FROM (SELECT id_horario as pkTurno FROM arma_tu_fiesta.horario  WHERE dia = 'Miercoles' AND turno = 'Matutino') as tablaHorario);
INSERT INTO arma_tu_fiesta.templo_horario (fk_templo,fk_horario) VALUES (@templo, @turno);

SET @turno = (SELECT pkTurno FROM (SELECT id_horario as pkTurno FROM arma_tu_fiesta.horario  WHERE dia = 'Jueves' AND turno = 'Matutino') as tablaHorario);
INSERT INTO arma_tu_fiesta.templo_horario (fk_templo,fk_horario) VALUES (@templo, @turno);

SET @turno = (SELECT pkTurno FROM (SELECT id_horario as pkTurno FROM arma_tu_fiesta.horario  WHERE dia = 'Viernes' AND turno = 'Matutino') as tablaHorario);
INSERT INTO arma_tu_fiesta.templo_horario (fk_templo,fk_horario) VALUES (@templo, @turno);

SET @turno = (SELECT pkTurno FROM (SELECT id_horario as pkTurno FROM arma_tu_fiesta.horario  WHERE dia = 'Sabado' AND turno = 'Matutino') as tablaHorario);
INSERT INTO arma_tu_fiesta.templo_horario (fk_templo,fk_horario) VALUES (@templo, @turno);

SET @turno = (SELECT pkTurno FROM (SELECT id_horario as pkTurno FROM arma_tu_fiesta.horario  WHERE dia = 'Domingo' AND turno = 'Matutino') as tablaHorario);
INSERT INTO arma_tu_fiesta.templo_horario (fk_templo,fk_horario) VALUES (@templo, @turno);


SET @templo = (SELECT pkTemplo FROM (SELECT id_locacion as pkTemplo FROM arma_tu_fiesta.locacion WHERE nombre LIKE '%Shinto%Trujillo') as tablaTemplo);
SET @turno = (SELECT pkTurno FROM (SELECT id_horario as pkTurno FROM arma_tu_fiesta.horario  WHERE dia = 'Lunes' AND turno = 'Matutino') as tablaHorario);
INSERT INTO arma_tu_fiesta.templo_horario (fk_templo,fk_horario) VALUES (@templo, @turno);

SET @turno = (SELECT pkTurno FROM (SELECT id_horario as pkTurno FROM arma_tu_fiesta.horario  WHERE dia = 'Martes' AND turno = 'Matutino') as tablaHorario);
INSERT INTO arma_tu_fiesta.templo_horario (fk_templo,fk_horario) VALUES (@templo, @turno);

SET @turno = (SELECT pkTurno FROM (SELECT id_horario as pkTurno FROM arma_tu_fiesta.horario  WHERE dia = 'Miercoles' AND turno = 'Matutino') as tablaHorario);
INSERT INTO arma_tu_fiesta.templo_horario (fk_templo,fk_horario) VALUES (@templo, @turno);

SET @turno = (SELECT pkTurno FROM (SELECT id_horario as pkTurno FROM arma_tu_fiesta.horario  WHERE dia = 'Jueves' AND turno = 'Matutino') as tablaHorario);
INSERT INTO arma_tu_fiesta.templo_horario (fk_templo,fk_horario) VALUES (@templo, @turno);

SET @turno = (SELECT pkTurno FROM (SELECT id_horario as pkTurno FROM arma_tu_fiesta.horario  WHERE dia = 'Viernes' AND turno = 'Matutino') as tablaHorario);
INSERT INTO arma_tu_fiesta.templo_horario (fk_templo,fk_horario) VALUES (@templo, @turno);

SET @turno = (SELECT pkTurno FROM (SELECT id_horario as pkTurno FROM arma_tu_fiesta.horario  WHERE dia = 'Sabado' AND turno = 'Matutino') as tablaHorario);
INSERT INTO arma_tu_fiesta.templo_horario (fk_templo,fk_horario) VALUES (@templo, @turno);

SET @turno = (SELECT pkTurno FROM (SELECT id_horario as pkTurno FROM arma_tu_fiesta.horario  WHERE dia = 'Domingo' AND turno = 'Matutino') as tablaHorario);
INSERT INTO arma_tu_fiesta.templo_horario (fk_templo,fk_horario) VALUES (@templo, @turno);


SET @templo = (SELECT pkTemplo FROM (SELECT id_locacion as pkTemplo FROM arma_tu_fiesta.locacion WHERE nombre LIKE '%Catolico%Yaracuy') as tablaTemplo);
SET @turno = (SELECT pkTurno FROM (SELECT id_horario as pkTurno FROM arma_tu_fiesta.horario  WHERE dia = 'Lunes' AND turno = 'Matutino') as tablaHorario);
INSERT INTO arma_tu_fiesta.templo_horario (fk_templo,fk_horario) VALUES (@templo, @turno);

SET @turno = (SELECT pkTurno FROM (SELECT id_horario as pkTurno FROM arma_tu_fiesta.horario  WHERE dia = 'Martes' AND turno = 'Matutino') as tablaHorario);
INSERT INTO arma_tu_fiesta.templo_horario (fk_templo,fk_horario) VALUES (@templo, @turno);

SET @turno = (SELECT pkTurno FROM (SELECT id_horario as pkTurno FROM arma_tu_fiesta.horario  WHERE dia = 'Miercoles' AND turno = 'Matutino') as tablaHorario);
INSERT INTO arma_tu_fiesta.templo_horario (fk_templo,fk_horario) VALUES (@templo, @turno);

SET @turno = (SELECT pkTurno FROM (SELECT id_horario as pkTurno FROM arma_tu_fiesta.horario  WHERE dia = 'Jueves' AND turno = 'Matutino') as tablaHorario);
INSERT INTO arma_tu_fiesta.templo_horario (fk_templo,fk_horario) VALUES (@templo, @turno);

SET @turno = (SELECT pkTurno FROM (SELECT id_horario as pkTurno FROM arma_tu_fiesta.horario  WHERE dia = 'Viernes' AND turno = 'Matutino') as tablaHorario);
INSERT INTO arma_tu_fiesta.templo_horario (fk_templo,fk_horario) VALUES (@templo, @turno);

SET @turno = (SELECT pkTurno FROM (SELECT id_horario as pkTurno FROM arma_tu_fiesta.horario  WHERE dia = 'Sabado' AND turno = 'Matutino') as tablaHorario);
INSERT INTO arma_tu_fiesta.templo_horario (fk_templo,fk_horario) VALUES (@templo, @turno);

SET @turno = (SELECT pkTurno FROM (SELECT id_horario as pkTurno FROM arma_tu_fiesta.horario  WHERE dia = 'Domingo' AND turno = 'Matutino') as tablaHorario);
INSERT INTO arma_tu_fiesta.templo_horario (fk_templo,fk_horario) VALUES (@templo, @turno);


SET @templo = (SELECT pkTemplo FROM (SELECT id_locacion as pkTemplo FROM arma_tu_fiesta.locacion WHERE nombre LIKE '%Judio%Yaracuy') as tablaTemplo);
SET @turno = (SELECT pkTurno FROM (SELECT id_horario as pkTurno FROM arma_tu_fiesta.horario  WHERE dia = 'Lunes' AND turno = 'Matutino') as tablaHorario);
INSERT INTO arma_tu_fiesta.templo_horario (fk_templo,fk_horario) VALUES (@templo, @turno);

SET @turno = (SELECT pkTurno FROM (SELECT id_horario as pkTurno FROM arma_tu_fiesta.horario  WHERE dia = 'Martes' AND turno = 'Matutino') as tablaHorario);
INSERT INTO arma_tu_fiesta.templo_horario (fk_templo,fk_horario) VALUES (@templo, @turno);

SET @turno = (SELECT pkTurno FROM (SELECT id_horario as pkTurno FROM arma_tu_fiesta.horario  WHERE dia = 'Miercoles' AND turno = 'Matutino') as tablaHorario);
INSERT INTO arma_tu_fiesta.templo_horario (fk_templo,fk_horario) VALUES (@templo, @turno);

SET @turno = (SELECT pkTurno FROM (SELECT id_horario as pkTurno FROM arma_tu_fiesta.horario  WHERE dia = 'Jueves' AND turno = 'Matutino') as tablaHorario);
INSERT INTO arma_tu_fiesta.templo_horario (fk_templo,fk_horario) VALUES (@templo, @turno);

SET @turno = (SELECT pkTurno FROM (SELECT id_horario as pkTurno FROM arma_tu_fiesta.horario  WHERE dia = 'Viernes' AND turno = 'Matutino') as tablaHorario);
INSERT INTO arma_tu_fiesta.templo_horario (fk_templo,fk_horario) VALUES (@templo, @turno);

SET @turno = (SELECT pkTurno FROM (SELECT id_horario as pkTurno FROM arma_tu_fiesta.horario  WHERE dia = 'Sabado' AND turno = 'Matutino') as tablaHorario);
INSERT INTO arma_tu_fiesta.templo_horario (fk_templo,fk_horario) VALUES (@templo, @turno);

SET @turno = (SELECT pkTurno FROM (SELECT id_horario as pkTurno FROM arma_tu_fiesta.horario  WHERE dia = 'Domingo' AND turno = 'Matutino') as tablaHorario);
INSERT INTO arma_tu_fiesta.templo_horario (fk_templo,fk_horario) VALUES (@templo, @turno);


SET @templo = (SELECT pkTemplo FROM (SELECT id_locacion as pkTemplo FROM arma_tu_fiesta.locacion WHERE nombre LIKE '%Islamico%Yaracuy') as tablaTemplo);
SET @turno = (SELECT pkTurno FROM (SELECT id_horario as pkTurno FROM arma_tu_fiesta.horario  WHERE dia = 'Lunes' AND turno = 'Matutino') as tablaHorario);
INSERT INTO arma_tu_fiesta.templo_horario (fk_templo,fk_horario) VALUES (@templo, @turno);

SET @turno = (SELECT pkTurno FROM (SELECT id_horario as pkTurno FROM arma_tu_fiesta.horario  WHERE dia = 'Martes' AND turno = 'Matutino') as tablaHorario);
INSERT INTO arma_tu_fiesta.templo_horario (fk_templo,fk_horario) VALUES (@templo, @turno);

SET @turno = (SELECT pkTurno FROM (SELECT id_horario as pkTurno FROM arma_tu_fiesta.horario  WHERE dia = 'Miercoles' AND turno = 'Matutino') as tablaHorario);
INSERT INTO arma_tu_fiesta.templo_horario (fk_templo,fk_horario) VALUES (@templo, @turno);

SET @turno = (SELECT pkTurno FROM (SELECT id_horario as pkTurno FROM arma_tu_fiesta.horario  WHERE dia = 'Jueves' AND turno = 'Matutino') as tablaHorario);
INSERT INTO arma_tu_fiesta.templo_horario (fk_templo,fk_horario) VALUES (@templo, @turno);

SET @turno = (SELECT pkTurno FROM (SELECT id_horario as pkTurno FROM arma_tu_fiesta.horario  WHERE dia = 'Viernes' AND turno = 'Matutino') as tablaHorario);
INSERT INTO arma_tu_fiesta.templo_horario (fk_templo,fk_horario) VALUES (@templo, @turno);

SET @turno = (SELECT pkTurno FROM (SELECT id_horario as pkTurno FROM arma_tu_fiesta.horario  WHERE dia = 'Sabado' AND turno = 'Matutino') as tablaHorario);
INSERT INTO arma_tu_fiesta.templo_horario (fk_templo,fk_horario) VALUES (@templo, @turno);

SET @turno = (SELECT pkTurno FROM (SELECT id_horario as pkTurno FROM arma_tu_fiesta.horario  WHERE dia = 'Domingo' AND turno = 'Matutino') as tablaHorario);
INSERT INTO arma_tu_fiesta.templo_horario (fk_templo,fk_horario) VALUES (@templo, @turno);


SET @templo = (SELECT pkTemplo FROM (SELECT id_locacion as pkTemplo FROM arma_tu_fiesta.locacion WHERE nombre LIKE '%Hindu%Yaracuy') as tablaTemplo);
SET @turno = (SELECT pkTurno FROM (SELECT id_horario as pkTurno FROM arma_tu_fiesta.horario  WHERE dia = 'Lunes' AND turno = 'Matutino') as tablaHorario);
INSERT INTO arma_tu_fiesta.templo_horario (fk_templo,fk_horario) VALUES (@templo, @turno);

SET @turno = (SELECT pkTurno FROM (SELECT id_horario as pkTurno FROM arma_tu_fiesta.horario  WHERE dia = 'Martes' AND turno = 'Matutino') as tablaHorario);
INSERT INTO arma_tu_fiesta.templo_horario (fk_templo,fk_horario) VALUES (@templo, @turno);

SET @turno = (SELECT pkTurno FROM (SELECT id_horario as pkTurno FROM arma_tu_fiesta.horario  WHERE dia = 'Miercoles' AND turno = 'Matutino') as tablaHorario);
INSERT INTO arma_tu_fiesta.templo_horario (fk_templo,fk_horario) VALUES (@templo, @turno);

SET @turno = (SELECT pkTurno FROM (SELECT id_horario as pkTurno FROM arma_tu_fiesta.horario  WHERE dia = 'Jueves' AND turno = 'Matutino') as tablaHorario);
INSERT INTO arma_tu_fiesta.templo_horario (fk_templo,fk_horario) VALUES (@templo, @turno);

SET @turno = (SELECT pkTurno FROM (SELECT id_horario as pkTurno FROM arma_tu_fiesta.horario  WHERE dia = 'Viernes' AND turno = 'Matutino') as tablaHorario);
INSERT INTO arma_tu_fiesta.templo_horario (fk_templo,fk_horario) VALUES (@templo, @turno);

SET @turno = (SELECT pkTurno FROM (SELECT id_horario as pkTurno FROM arma_tu_fiesta.horario  WHERE dia = 'Sabado' AND turno = 'Matutino') as tablaHorario);
INSERT INTO arma_tu_fiesta.templo_horario (fk_templo,fk_horario) VALUES (@templo, @turno);

SET @turno = (SELECT pkTurno FROM (SELECT id_horario as pkTurno FROM arma_tu_fiesta.horario  WHERE dia = 'Domingo' AND turno = 'Matutino') as tablaHorario);
INSERT INTO arma_tu_fiesta.templo_horario (fk_templo,fk_horario) VALUES (@templo, @turno);


SET @templo = (SELECT pkTemplo FROM (SELECT id_locacion as pkTemplo FROM arma_tu_fiesta.locacion WHERE nombre LIKE '%Shinto%Yaracuy') as tablaTemplo);
SET @turno = (SELECT pkTurno FROM (SELECT id_horario as pkTurno FROM arma_tu_fiesta.horario  WHERE dia = 'Lunes' AND turno = 'Matutino') as tablaHorario);
INSERT INTO arma_tu_fiesta.templo_horario (fk_templo,fk_horario) VALUES (@templo, @turno);

SET @turno = (SELECT pkTurno FROM (SELECT id_horario as pkTurno FROM arma_tu_fiesta.horario  WHERE dia = 'Martes' AND turno = 'Matutino') as tablaHorario);
INSERT INTO arma_tu_fiesta.templo_horario (fk_templo,fk_horario) VALUES (@templo, @turno);

SET @turno = (SELECT pkTurno FROM (SELECT id_horario as pkTurno FROM arma_tu_fiesta.horario  WHERE dia = 'Miercoles' AND turno = 'Matutino') as tablaHorario);
INSERT INTO arma_tu_fiesta.templo_horario (fk_templo,fk_horario) VALUES (@templo, @turno);

SET @turno = (SELECT pkTurno FROM (SELECT id_horario as pkTurno FROM arma_tu_fiesta.horario  WHERE dia = 'Jueves' AND turno = 'Matutino') as tablaHorario);
INSERT INTO arma_tu_fiesta.templo_horario (fk_templo,fk_horario) VALUES (@templo, @turno);

SET @turno = (SELECT pkTurno FROM (SELECT id_horario as pkTurno FROM arma_tu_fiesta.horario  WHERE dia = 'Viernes' AND turno = 'Matutino') as tablaHorario);
INSERT INTO arma_tu_fiesta.templo_horario (fk_templo,fk_horario) VALUES (@templo, @turno);

SET @turno = (SELECT pkTurno FROM (SELECT id_horario as pkTurno FROM arma_tu_fiesta.horario  WHERE dia = 'Sabado' AND turno = 'Matutino') as tablaHorario);
INSERT INTO arma_tu_fiesta.templo_horario (fk_templo,fk_horario) VALUES (@templo, @turno);

SET @turno = (SELECT pkTurno FROM (SELECT id_horario as pkTurno FROM arma_tu_fiesta.horario  WHERE dia = 'Domingo' AND turno = 'Matutino') as tablaHorario);
INSERT INTO arma_tu_fiesta.templo_horario (fk_templo,fk_horario) VALUES (@templo, @turno);


SET @templo = (SELECT pkTemplo FROM (SELECT id_locacion as pkTemplo FROM arma_tu_fiesta.locacion WHERE nombre LIKE '%Catolico%Zulia') as tablaTemplo);
SET @turno = (SELECT pkTurno FROM (SELECT id_horario as pkTurno FROM arma_tu_fiesta.horario  WHERE dia = 'Lunes' AND turno = 'Matutino') as tablaHorario);
INSERT INTO arma_tu_fiesta.templo_horario (fk_templo,fk_horario) VALUES (@templo, @turno);

SET @turno = (SELECT pkTurno FROM (SELECT id_horario as pkTurno FROM arma_tu_fiesta.horario  WHERE dia = 'Martes' AND turno = 'Matutino') as tablaHorario);
INSERT INTO arma_tu_fiesta.templo_horario (fk_templo,fk_horario) VALUES (@templo, @turno);

SET @turno = (SELECT pkTurno FROM (SELECT id_horario as pkTurno FROM arma_tu_fiesta.horario  WHERE dia = 'Miercoles' AND turno = 'Matutino') as tablaHorario);
INSERT INTO arma_tu_fiesta.templo_horario (fk_templo,fk_horario) VALUES (@templo, @turno);

SET @turno = (SELECT pkTurno FROM (SELECT id_horario as pkTurno FROM arma_tu_fiesta.horario  WHERE dia = 'Jueves' AND turno = 'Matutino') as tablaHorario);
INSERT INTO arma_tu_fiesta.templo_horario (fk_templo,fk_horario) VALUES (@templo, @turno);

SET @turno = (SELECT pkTurno FROM (SELECT id_horario as pkTurno FROM arma_tu_fiesta.horario  WHERE dia = 'Viernes' AND turno = 'Matutino') as tablaHorario);
INSERT INTO arma_tu_fiesta.templo_horario (fk_templo,fk_horario) VALUES (@templo, @turno);

SET @turno = (SELECT pkTurno FROM (SELECT id_horario as pkTurno FROM arma_tu_fiesta.horario  WHERE dia = 'Sabado' AND turno = 'Matutino') as tablaHorario);
INSERT INTO arma_tu_fiesta.templo_horario (fk_templo,fk_horario) VALUES (@templo, @turno);

SET @turno = (SELECT pkTurno FROM (SELECT id_horario as pkTurno FROM arma_tu_fiesta.horario  WHERE dia = 'Domingo' AND turno = 'Matutino') as tablaHorario);
INSERT INTO arma_tu_fiesta.templo_horario (fk_templo,fk_horario) VALUES (@templo, @turno);


SET @templo = (SELECT pkTemplo FROM (SELECT id_locacion as pkTemplo FROM arma_tu_fiesta.locacion WHERE nombre LIKE '%Judio%Zulia') as tablaTemplo);
SET @turno = (SELECT pkTurno FROM (SELECT id_horario as pkTurno FROM arma_tu_fiesta.horario  WHERE dia = 'Lunes' AND turno = 'Matutino') as tablaHorario);
INSERT INTO arma_tu_fiesta.templo_horario (fk_templo,fk_horario) VALUES (@templo, @turno);

SET @turno = (SELECT pkTurno FROM (SELECT id_horario as pkTurno FROM arma_tu_fiesta.horario  WHERE dia = 'Martes' AND turno = 'Matutino') as tablaHorario);
INSERT INTO arma_tu_fiesta.templo_horario (fk_templo,fk_horario) VALUES (@templo, @turno);

SET @turno = (SELECT pkTurno FROM (SELECT id_horario as pkTurno FROM arma_tu_fiesta.horario  WHERE dia = 'Miercoles' AND turno = 'Matutino') as tablaHorario);
INSERT INTO arma_tu_fiesta.templo_horario (fk_templo,fk_horario) VALUES (@templo, @turno);

SET @turno = (SELECT pkTurno FROM (SELECT id_horario as pkTurno FROM arma_tu_fiesta.horario  WHERE dia = 'Jueves' AND turno = 'Matutino') as tablaHorario);
INSERT INTO arma_tu_fiesta.templo_horario (fk_templo,fk_horario) VALUES (@templo, @turno);

SET @turno = (SELECT pkTurno FROM (SELECT id_horario as pkTurno FROM arma_tu_fiesta.horario  WHERE dia = 'Viernes' AND turno = 'Matutino') as tablaHorario);
INSERT INTO arma_tu_fiesta.templo_horario (fk_templo,fk_horario) VALUES (@templo, @turno);

SET @turno = (SELECT pkTurno FROM (SELECT id_horario as pkTurno FROM arma_tu_fiesta.horario  WHERE dia = 'Sabado' AND turno = 'Matutino') as tablaHorario);
INSERT INTO arma_tu_fiesta.templo_horario (fk_templo,fk_horario) VALUES (@templo, @turno);

SET @turno = (SELECT pkTurno FROM (SELECT id_horario as pkTurno FROM arma_tu_fiesta.horario  WHERE dia = 'Domingo' AND turno = 'Matutino') as tablaHorario);
INSERT INTO arma_tu_fiesta.templo_horario (fk_templo,fk_horario) VALUES (@templo, @turno);


SET @templo = (SELECT pkTemplo FROM (SELECT id_locacion as pkTemplo FROM arma_tu_fiesta.locacion WHERE nombre LIKE '%Islamico%Zulia') as tablaTemplo);
SET @turno = (SELECT pkTurno FROM (SELECT id_horario as pkTurno FROM arma_tu_fiesta.horario  WHERE dia = 'Lunes' AND turno = 'Matutino') as tablaHorario);
INSERT INTO arma_tu_fiesta.templo_horario (fk_templo,fk_horario) VALUES (@templo, @turno);

SET @turno = (SELECT pkTurno FROM (SELECT id_horario as pkTurno FROM arma_tu_fiesta.horario  WHERE dia = 'Martes' AND turno = 'Matutino') as tablaHorario);
INSERT INTO arma_tu_fiesta.templo_horario (fk_templo,fk_horario) VALUES (@templo, @turno);

SET @turno = (SELECT pkTurno FROM (SELECT id_horario as pkTurno FROM arma_tu_fiesta.horario  WHERE dia = 'Miercoles' AND turno = 'Matutino') as tablaHorario);
INSERT INTO arma_tu_fiesta.templo_horario (fk_templo,fk_horario) VALUES (@templo, @turno);

SET @turno = (SELECT pkTurno FROM (SELECT id_horario as pkTurno FROM arma_tu_fiesta.horario  WHERE dia = 'Jueves' AND turno = 'Matutino') as tablaHorario);
INSERT INTO arma_tu_fiesta.templo_horario (fk_templo,fk_horario) VALUES (@templo, @turno);

SET @turno = (SELECT pkTurno FROM (SELECT id_horario as pkTurno FROM arma_tu_fiesta.horario  WHERE dia = 'Viernes' AND turno = 'Matutino') as tablaHorario);
INSERT INTO arma_tu_fiesta.templo_horario (fk_templo,fk_horario) VALUES (@templo, @turno);

SET @turno = (SELECT pkTurno FROM (SELECT id_horario as pkTurno FROM arma_tu_fiesta.horario  WHERE dia = 'Sabado' AND turno = 'Matutino') as tablaHorario);
INSERT INTO arma_tu_fiesta.templo_horario (fk_templo,fk_horario) VALUES (@templo, @turno);

SET @turno = (SELECT pkTurno FROM (SELECT id_horario as pkTurno FROM arma_tu_fiesta.horario  WHERE dia = 'Domingo' AND turno = 'Matutino') as tablaHorario);
INSERT INTO arma_tu_fiesta.templo_horario (fk_templo,fk_horario) VALUES (@templo, @turno);


SET @templo = (SELECT pkTemplo FROM (SELECT id_locacion as pkTemplo FROM arma_tu_fiesta.locacion WHERE nombre LIKE '%Hindu%Zulia') as tablaTemplo);
SET @turno = (SELECT pkTurno FROM (SELECT id_horario as pkTurno FROM arma_tu_fiesta.horario  WHERE dia = 'Lunes' AND turno = 'Matutino') as tablaHorario);
INSERT INTO arma_tu_fiesta.templo_horario (fk_templo,fk_horario) VALUES (@templo, @turno);

SET @turno = (SELECT pkTurno FROM (SELECT id_horario as pkTurno FROM arma_tu_fiesta.horario  WHERE dia = 'Martes' AND turno = 'Matutino') as tablaHorario);
INSERT INTO arma_tu_fiesta.templo_horario (fk_templo,fk_horario) VALUES (@templo, @turno);

SET @turno = (SELECT pkTurno FROM (SELECT id_horario as pkTurno FROM arma_tu_fiesta.horario  WHERE dia = 'Miercoles' AND turno = 'Matutino') as tablaHorario);
INSERT INTO arma_tu_fiesta.templo_horario (fk_templo,fk_horario) VALUES (@templo, @turno);

SET @turno = (SELECT pkTurno FROM (SELECT id_horario as pkTurno FROM arma_tu_fiesta.horario  WHERE dia = 'Jueves' AND turno = 'Matutino') as tablaHorario);
INSERT INTO arma_tu_fiesta.templo_horario (fk_templo,fk_horario) VALUES (@templo, @turno);

SET @turno = (SELECT pkTurno FROM (SELECT id_horario as pkTurno FROM arma_tu_fiesta.horario  WHERE dia = 'Viernes' AND turno = 'Matutino') as tablaHorario);
INSERT INTO arma_tu_fiesta.templo_horario (fk_templo,fk_horario) VALUES (@templo, @turno);

SET @turno = (SELECT pkTurno FROM (SELECT id_horario as pkTurno FROM arma_tu_fiesta.horario  WHERE dia = 'Sabado' AND turno = 'Matutino') as tablaHorario);
INSERT INTO arma_tu_fiesta.templo_horario (fk_templo,fk_horario) VALUES (@templo, @turno);

SET @turno = (SELECT pkTurno FROM (SELECT id_horario as pkTurno FROM arma_tu_fiesta.horario  WHERE dia = 'Domingo' AND turno = 'Matutino') as tablaHorario);
INSERT INTO arma_tu_fiesta.templo_horario (fk_templo,fk_horario) VALUES (@templo, @turno);


SET @templo = (SELECT pkTemplo FROM (SELECT id_locacion as pkTemplo FROM arma_tu_fiesta.locacion WHERE nombre LIKE '%Shinto%Zulia') as tablaTemplo);
SET @turno = (SELECT pkTurno FROM (SELECT id_horario as pkTurno FROM arma_tu_fiesta.horario  WHERE dia = 'Lunes' AND turno = 'Matutino') as tablaHorario);
INSERT INTO arma_tu_fiesta.templo_horario (fk_templo,fk_horario) VALUES (@templo, @turno);

SET @turno = (SELECT pkTurno FROM (SELECT id_horario as pkTurno FROM arma_tu_fiesta.horario  WHERE dia = 'Martes' AND turno = 'Matutino') as tablaHorario);
INSERT INTO arma_tu_fiesta.templo_horario (fk_templo,fk_horario) VALUES (@templo, @turno);

SET @turno = (SELECT pkTurno FROM (SELECT id_horario as pkTurno FROM arma_tu_fiesta.horario  WHERE dia = 'Miercoles' AND turno = 'Matutino') as tablaHorario);
INSERT INTO arma_tu_fiesta.templo_horario (fk_templo,fk_horario) VALUES (@templo, @turno);

SET @turno = (SELECT pkTurno FROM (SELECT id_horario as pkTurno FROM arma_tu_fiesta.horario  WHERE dia = 'Jueves' AND turno = 'Matutino') as tablaHorario);
INSERT INTO arma_tu_fiesta.templo_horario (fk_templo,fk_horario) VALUES (@templo, @turno);

SET @turno = (SELECT pkTurno FROM (SELECT id_horario as pkTurno FROM arma_tu_fiesta.horario  WHERE dia = 'Viernes' AND turno = 'Matutino') as tablaHorario);
INSERT INTO arma_tu_fiesta.templo_horario (fk_templo,fk_horario) VALUES (@templo, @turno);

SET @turno = (SELECT pkTurno FROM (SELECT id_horario as pkTurno FROM arma_tu_fiesta.horario  WHERE dia = 'Sabado' AND turno = 'Matutino') as tablaHorario);
INSERT INTO arma_tu_fiesta.templo_horario (fk_templo,fk_horario) VALUES (@templo, @turno);

SET @turno = (SELECT pkTurno FROM (SELECT id_horario as pkTurno FROM arma_tu_fiesta.horario  WHERE dia = 'Domingo' AND turno = 'Matutino') as tablaHorario);
INSERT INTO arma_tu_fiesta.templo_horario (fk_templo,fk_horario) VALUES (@templo, @turno);

-- +++++++++++++++++++++++++++++++++++  NOTARIAS  +++++++++++++++++++++++++++++++++++++++++++++++++++++

SET @pertenece = (SELECT pkLugar FROM (SELECT id_lugar as pkLugar FROM arma_tu_fiesta.lugar WHERE tipo = 'Estado' AND nombre = 'Amazonas') tablaLugar);
INSERT INTO arma_tu_fiesta.locacion (nombre, tipo, fk_localizacion) VALUES ('Primera Notaria de Amazonas', 'Notaria', @pertenece);
SET @Notaria = (SELECT pkLocacion FROM (SELECT id_locacion as pkLocacion FROM arma_tu_fiesta.locacion WHERE nombre LIKE '%Amazonas' AND tipo = 'Notaria') as tablaNotaria);
INSERT INTO arma_tu_fiesta.notaria (fk_Notaria, nombre_notario) VALUES (@Notaria, 'Idoia Carrion');
INSERT INTO arma_tu_fiesta.telefono (numero, fk_locacion) VALUES ('0426570688', @Notaria);

SET @pertenece = (SELECT pkLugar FROM (SELECT id_lugar as pkLugar FROM arma_tu_fiesta.lugar WHERE tipo = 'Estado' AND nombre = 'Anzoátegui') tablaLugar);
INSERT INTO arma_tu_fiesta.locacion (nombre, tipo, fk_localizacion) VALUES ('Primera Notaria de Anzoátegui', 'Notaria', @pertenece);
SET @Notaria = (SELECT pkLocacion FROM (SELECT id_locacion as pkLocacion FROM arma_tu_fiesta.locacion WHERE nombre LIKE '%Anzoátegui' AND tipo = 'Notaria') as tablaNotaria);
INSERT INTO arma_tu_fiesta.notaria (fk_Notaria, nombre_notario) VALUES (@Notaria, 'Jesus Antonio Zhu');
INSERT INTO arma_tu_fiesta.telefono (numero, fk_locacion) VALUES ('0412307320', @Notaria);

SET @pertenece = (SELECT pkLugar FROM (SELECT id_lugar as pkLugar FROM arma_tu_fiesta.lugar WHERE tipo = 'Estado' AND nombre = 'Apure') tablaLugar);
INSERT INTO arma_tu_fiesta.locacion (nombre, tipo, fk_localizacion) VALUES ('Primera Notaria de Apure', 'Notaria', @pertenece);
SET @Notaria = (SELECT pkLocacion FROM (SELECT id_locacion as pkLocacion FROM arma_tu_fiesta.locacion WHERE nombre LIKE '%Apure' AND tipo = 'Notaria') as tablaNotaria);
INSERT INTO arma_tu_fiesta.notaria (fk_Notaria, nombre_notario) VALUES (@Notaria, 'Martin Revilla');
INSERT INTO arma_tu_fiesta.telefono (numero, fk_locacion) VALUES ('0424811253', @Notaria);

SET @pertenece = (SELECT pkLugar FROM (SELECT id_lugar as pkLugar FROM arma_tu_fiesta.lugar WHERE tipo = 'Estado' AND nombre = 'Aragua') tablaLugar);
INSERT INTO arma_tu_fiesta.locacion (nombre, tipo, fk_localizacion) VALUES ('Primera Notaria de Aragua', 'Notaria', @pertenece);
SET @Notaria = (SELECT pkLocacion FROM (SELECT id_locacion as pkLocacion FROM arma_tu_fiesta.locacion WHERE nombre LIKE '%Aragua' AND tipo = 'Notaria') as tablaNotaria);
INSERT INTO arma_tu_fiesta.notaria (fk_Notaria, nombre_notario) VALUES (@Notaria, 'Juan Pablo Calle');
INSERT INTO arma_tu_fiesta.telefono (numero, fk_locacion) VALUES ('0412209079', @Notaria);

SET @pertenece = (SELECT pkLugar FROM (SELECT id_lugar as pkLugar FROM arma_tu_fiesta.lugar WHERE tipo = 'Estado' AND nombre = 'Barinas') tablaLugar);
INSERT INTO arma_tu_fiesta.locacion (nombre, tipo, fk_localizacion) VALUES ('Primera Notaria de Barinas', 'Notaria', @pertenece);
SET @Notaria = (SELECT pkLocacion FROM (SELECT id_locacion as pkLocacion FROM arma_tu_fiesta.locacion WHERE nombre LIKE '%Barinas' AND tipo = 'Notaria') as tablaNotaria);
INSERT INTO arma_tu_fiesta.notaria (fk_Notaria, nombre_notario) VALUES (@Notaria, 'Teofilo de Haro');
INSERT INTO arma_tu_fiesta.telefono (numero, fk_locacion) VALUES ('0412610686', @Notaria);

SET @pertenece = (SELECT pkLugar FROM (SELECT id_lugar as pkLugar FROM arma_tu_fiesta.lugar WHERE tipo = 'Estado' AND nombre = 'Bolívar') tablaLugar);
INSERT INTO arma_tu_fiesta.locacion (nombre, tipo, fk_localizacion) VALUES ('Primera Notaria de Bolívar', 'Notaria', @pertenece);
SET @Notaria = (SELECT pkLocacion FROM (SELECT id_locacion as pkLocacion FROM arma_tu_fiesta.locacion WHERE nombre LIKE '%Bolívar' AND tipo = 'Notaria') as tablaNotaria);
INSERT INTO arma_tu_fiesta.notaria (fk_Notaria, nombre_notario) VALUES (@Notaria, 'Oriol Estrada');
INSERT INTO arma_tu_fiesta.telefono (numero, fk_locacion) VALUES ('0416473732', @Notaria);

SET @pertenece = (SELECT pkLugar FROM (SELECT id_lugar as pkLugar FROM arma_tu_fiesta.lugar WHERE tipo = 'Estado' AND nombre = 'Carabobo') tablaLugar);
INSERT INTO arma_tu_fiesta.locacion (nombre, tipo, fk_localizacion) VALUES ('Primera Notaria de Carabobo', 'Notaria', @pertenece);
SET @Notaria = (SELECT pkLocacion FROM (SELECT id_locacion as pkLocacion FROM arma_tu_fiesta.locacion WHERE nombre LIKE '%Carabobo' AND tipo = 'Notaria') as tablaNotaria);
INSERT INTO arma_tu_fiesta.notaria (fk_Notaria, nombre_notario) VALUES (@Notaria, 'Francisco Jose Guirao');
INSERT INTO arma_tu_fiesta.telefono (numero, fk_locacion) VALUES ('0426258641', @Notaria);

SET @pertenece = (SELECT pkLugar FROM (SELECT id_lugar as pkLugar FROM arma_tu_fiesta.lugar WHERE tipo = 'Estado' AND nombre = 'Cojedes') tablaLugar);
INSERT INTO arma_tu_fiesta.locacion (nombre, tipo, fk_localizacion) VALUES ('Primera Notaria de Cojedes', 'Notaria', @pertenece);
SET @Notaria = (SELECT pkLocacion FROM (SELECT id_locacion as pkLocacion FROM arma_tu_fiesta.locacion WHERE nombre LIKE '%Cojedes' AND tipo = 'Notaria') as tablaNotaria);
INSERT INTO arma_tu_fiesta.notaria (fk_Notaria, nombre_notario) VALUES (@Notaria, 'Elias Padron');
INSERT INTO arma_tu_fiesta.telefono (numero, fk_locacion) VALUES ('0414943604', @Notaria);

SET @pertenece = (SELECT pkLugar FROM (SELECT id_lugar as pkLugar FROM arma_tu_fiesta.lugar WHERE tipo = 'Estado' AND nombre = 'Delta Amacuro') tablaLugar);
INSERT INTO arma_tu_fiesta.locacion (nombre, tipo, fk_localizacion) VALUES ('Primera Notaria de Delta Amacuro', 'Notaria', @pertenece);
SET @Notaria = (SELECT pkLocacion FROM (SELECT id_locacion as pkLocacion FROM arma_tu_fiesta.locacion WHERE nombre LIKE '%Delta Amacuro' AND tipo = 'Notaria') as tablaNotaria);
INSERT INTO arma_tu_fiesta.notaria (fk_Notaria, nombre_notario) VALUES (@Notaria, 'Arnau Mejias');
INSERT INTO arma_tu_fiesta.telefono (numero, fk_locacion) VALUES ('0424514729', @Notaria);

SET @pertenece = (SELECT pkLugar FROM (SELECT id_lugar as pkLugar FROM arma_tu_fiesta.lugar WHERE tipo = 'Estado' AND nombre = 'Distrito Capital') tablaLugar);
INSERT INTO arma_tu_fiesta.locacion (nombre, tipo, fk_localizacion) VALUES ('Primera Notaria de Distrito Capital', 'Notaria', @pertenece);
SET @Notaria = (SELECT pkLocacion FROM (SELECT id_locacion as pkLocacion FROM arma_tu_fiesta.locacion WHERE nombre LIKE '%Distrito Capital' AND tipo = 'Notaria') as tablaNotaria);
INSERT INTO arma_tu_fiesta.notaria (fk_Notaria, nombre_notario) VALUES (@Notaria, 'Avelino Aranda');
INSERT INTO arma_tu_fiesta.telefono (numero, fk_locacion) VALUES ('0212421457', @Notaria);

SET @pertenece = (SELECT pkLugar FROM (SELECT id_lugar as pkLugar FROM arma_tu_fiesta.lugar WHERE tipo = 'Estado' AND nombre = 'Falcón') tablaLugar);
INSERT INTO arma_tu_fiesta.locacion (nombre, tipo, fk_localizacion) VALUES ('Primera Notaria de Falcón', 'Notaria', @pertenece);
SET @Notaria = (SELECT pkLocacion FROM (SELECT id_locacion as pkLocacion FROM arma_tu_fiesta.locacion WHERE nombre LIKE '%Falcón' AND tipo = 'Notaria') as tablaNotaria);
INSERT INTO arma_tu_fiesta.notaria (fk_Notaria, nombre_notario) VALUES (@Notaria, 'Yeray Cruz');
INSERT INTO arma_tu_fiesta.telefono (numero, fk_locacion) VALUES ('0414209107', @Notaria);

SET @pertenece = (SELECT pkLugar FROM (SELECT id_lugar as pkLugar FROM arma_tu_fiesta.lugar WHERE tipo = 'Estado' AND nombre = 'Guárico') tablaLugar);
INSERT INTO arma_tu_fiesta.locacion (nombre, tipo, fk_localizacion) VALUES ('Primera Notaria de Guárico', 'Notaria', @pertenece);
SET @Notaria = (SELECT pkLocacion FROM (SELECT id_locacion as pkLocacion FROM arma_tu_fiesta.locacion WHERE nombre LIKE '%Guárico' AND tipo = 'Notaria') as tablaNotaria);
INSERT INTO arma_tu_fiesta.notaria (fk_Notaria, nombre_notario) VALUES (@Notaria, 'Alejandro Casado');
INSERT INTO arma_tu_fiesta.telefono (numero, fk_locacion) VALUES ('0212877586', @Notaria);

SET @pertenece = (SELECT pkLugar FROM (SELECT id_lugar as pkLugar FROM arma_tu_fiesta.lugar WHERE tipo = 'Estado' AND nombre = 'La Guaira') tablaLugar);
INSERT INTO arma_tu_fiesta.locacion (nombre, tipo, fk_localizacion) VALUES ('Primera Notaria de La Guaira', 'Notaria', @pertenece);
SET @Notaria = (SELECT pkLocacion FROM (SELECT id_locacion as pkLocacion FROM arma_tu_fiesta.locacion WHERE nombre LIKE '%La Guaira' AND tipo = 'Notaria') as tablaNotaria);
INSERT INTO arma_tu_fiesta.notaria (fk_Notaria, nombre_notario) VALUES (@Notaria, 'Luis Maria Maza');
INSERT INTO arma_tu_fiesta.telefono (numero, fk_locacion) VALUES ('0414676743', @Notaria);

SET @pertenece = (SELECT pkLugar FROM (SELECT id_lugar as pkLugar FROM arma_tu_fiesta.lugar WHERE tipo = 'Estado' AND nombre = 'Lara') tablaLugar);
INSERT INTO arma_tu_fiesta.locacion (nombre, tipo, fk_localizacion) VALUES ('Primera Notaria de Lara', 'Notaria', @pertenece);
SET @Notaria = (SELECT pkLocacion FROM (SELECT id_locacion as pkLocacion FROM arma_tu_fiesta.locacion WHERE nombre LIKE '%Lara' AND tipo = 'Notaria') as tablaNotaria);
INSERT INTO arma_tu_fiesta.notaria (fk_Notaria, nombre_notario) VALUES (@Notaria, 'Victor Manuel Arnaiz');
INSERT INTO arma_tu_fiesta.telefono (numero, fk_locacion) VALUES ('0416701341', @Notaria);

SET @pertenece = (SELECT pkLugar FROM (SELECT id_lugar as pkLugar FROM arma_tu_fiesta.lugar WHERE tipo = 'Estado' AND nombre = 'Mérida') tablaLugar);
INSERT INTO arma_tu_fiesta.locacion (nombre, tipo, fk_localizacion) VALUES ('Primera Notaria de Mérida', 'Notaria', @pertenece);
SET @Notaria = (SELECT pkLocacion FROM (SELECT id_locacion as pkLocacion FROM arma_tu_fiesta.locacion WHERE nombre LIKE '%Mérida' AND tipo = 'Notaria') as tablaNotaria);
INSERT INTO arma_tu_fiesta.notaria (fk_Notaria, nombre_notario) VALUES (@Notaria, 'Pablo Amado');
INSERT INTO arma_tu_fiesta.telefono (numero, fk_locacion) VALUES ('0424908809', @Notaria);

SET @pertenece = (SELECT pkLugar FROM (SELECT id_lugar as pkLugar FROM arma_tu_fiesta.lugar WHERE tipo = 'Estado' AND nombre = 'Miranda') tablaLugar);
INSERT INTO arma_tu_fiesta.locacion (nombre, tipo, fk_localizacion) VALUES ('Primera Notaria de Miranda', 'Notaria', @pertenece);
SET @Notaria = (SELECT pkLocacion FROM (SELECT id_locacion as pkLocacion FROM arma_tu_fiesta.locacion WHERE nombre LIKE '%Miranda' AND tipo = 'Notaria') as tablaNotaria);
INSERT INTO arma_tu_fiesta.notaria (fk_Notaria, nombre_notario) VALUES (@Notaria, 'Jose Santos');
INSERT INTO arma_tu_fiesta.telefono (numero, fk_locacion) VALUES ('0414215179', @Notaria);

SET @pertenece = (SELECT pkLugar FROM (SELECT id_lugar as pkLugar FROM arma_tu_fiesta.lugar WHERE tipo = 'Estado' AND nombre = 'Monagas') tablaLugar);
INSERT INTO arma_tu_fiesta.locacion (nombre, tipo, fk_localizacion) VALUES ('Primera Notaria de Monagas', 'Notaria', @pertenece);
SET @Notaria = (SELECT pkLocacion FROM (SELECT id_locacion as pkLocacion FROM arma_tu_fiesta.locacion WHERE nombre LIKE '%Monagas' AND tipo = 'Notaria') as tablaNotaria);
INSERT INTO arma_tu_fiesta.notaria (fk_Notaria, nombre_notario) VALUES (@Notaria, 'Sebastian Andrade');
INSERT INTO arma_tu_fiesta.telefono (numero, fk_locacion) VALUES ('0412628472', @Notaria);

SET @pertenece = (SELECT pkLugar FROM (SELECT id_lugar as pkLugar FROM arma_tu_fiesta.lugar WHERE tipo = 'Estado' AND nombre = 'Nueva Esparta') tablaLugar);
INSERT INTO arma_tu_fiesta.locacion (nombre, tipo, fk_localizacion) VALUES ('Primera Notaria de Nueva Esparta', 'Notaria', @pertenece);
SET @Notaria = (SELECT pkLocacion FROM (SELECT id_locacion as pkLocacion FROM arma_tu_fiesta.locacion WHERE nombre LIKE '%Nueva Esparta' AND tipo = 'Notaria') as tablaNotaria);
INSERT INTO arma_tu_fiesta.notaria (fk_Notaria, nombre_notario) VALUES (@Notaria, 'Oscar Burguillos');
INSERT INTO arma_tu_fiesta.telefono (numero, fk_locacion) VALUES ('0424524471', @Notaria);

SET @pertenece = (SELECT pkLugar FROM (SELECT id_lugar as pkLugar FROM arma_tu_fiesta.lugar WHERE tipo = 'Estado' AND nombre = 'Portuguesa') tablaLugar);
INSERT INTO arma_tu_fiesta.locacion (nombre, tipo, fk_localizacion) VALUES ('Primera Notaria de Portuguesa', 'Notaria', @pertenece);
SET @Notaria = (SELECT pkLocacion FROM (SELECT id_locacion as pkLocacion FROM arma_tu_fiesta.locacion WHERE nombre LIKE '%Portuguesa' AND tipo = 'Notaria') as tablaNotaria);
INSERT INTO arma_tu_fiesta.notaria (fk_Notaria, nombre_notario) VALUES (@Notaria, 'Octavio Marval');
INSERT INTO arma_tu_fiesta.telefono (numero, fk_locacion) VALUES ('0426550376', @Notaria);

SET @pertenece = (SELECT pkLugar FROM (SELECT id_lugar as pkLugar FROM arma_tu_fiesta.lugar WHERE tipo = 'Estado' AND nombre = 'Sucre') tablaLugar);
INSERT INTO arma_tu_fiesta.locacion (nombre, tipo, fk_localizacion) VALUES ('Primera Notaria de Sucre', 'Notaria', @pertenece);
SET @Notaria = (SELECT pkLocacion FROM (SELECT id_locacion as pkLocacion FROM arma_tu_fiesta.locacion WHERE nombre LIKE '%Sucre' AND tipo = 'Notaria') as tablaNotaria);
INSERT INTO arma_tu_fiesta.notaria (fk_Notaria, nombre_notario) VALUES (@Notaria, 'Daniel Leon');
INSERT INTO arma_tu_fiesta.telefono (numero, fk_locacion) VALUES ('0212254311', @Notaria);

SET @pertenece = (SELECT pkLugar FROM (SELECT id_lugar as pkLugar FROM arma_tu_fiesta.lugar WHERE tipo = 'Estado' AND nombre = 'Táchira') tablaLugar);
INSERT INTO arma_tu_fiesta.locacion (nombre, tipo, fk_localizacion) VALUES ('Primera Notaria de Táchira', 'Notaria', @pertenece);
SET @Notaria = (SELECT pkLocacion FROM (SELECT id_locacion as pkLocacion FROM arma_tu_fiesta.locacion WHERE nombre LIKE '%Táchira' AND tipo = 'Notaria') as tablaNotaria);
INSERT INTO arma_tu_fiesta.notaria (fk_Notaria, nombre_notario) VALUES (@Notaria, 'Ernesto Roman');
INSERT INTO arma_tu_fiesta.telefono (numero, fk_locacion) VALUES ('0424393777', @Notaria);

SET @pertenece = (SELECT pkLugar FROM (SELECT id_lugar as pkLugar FROM arma_tu_fiesta.lugar WHERE tipo = 'Estado' AND nombre = 'Trujillo') tablaLugar);
INSERT INTO arma_tu_fiesta.locacion (nombre, tipo, fk_localizacion) VALUES ('Primera Notaria de Trujillo', 'Notaria', @pertenece);
SET @Notaria = (SELECT pkLocacion FROM (SELECT id_locacion as pkLocacion FROM arma_tu_fiesta.locacion WHERE nombre LIKE '%Trujillo' AND tipo = 'Notaria') as tablaNotaria);
INSERT INTO arma_tu_fiesta.notaria (fk_Notaria, nombre_notario) VALUES (@Notaria, 'Leonardo Saldivar');
INSERT INTO arma_tu_fiesta.telefono (numero, fk_locacion) VALUES ('0412518268', @Notaria);

SET @pertenece = (SELECT pkLugar FROM (SELECT id_lugar as pkLugar FROM arma_tu_fiesta.lugar WHERE tipo = 'Estado' AND nombre = 'Yaracuy') tablaLugar);
INSERT INTO arma_tu_fiesta.locacion (nombre, tipo, fk_localizacion) VALUES ('Primera Notaria de Yaracuy', 'Notaria', @pertenece);
SET @Notaria = (SELECT pkLocacion FROM (SELECT id_locacion as pkLocacion FROM arma_tu_fiesta.locacion WHERE nombre LIKE '%Yaracuy' AND tipo = 'Notaria') as tablaNotaria);
INSERT INTO arma_tu_fiesta.notaria (fk_Notaria, nombre_notario) VALUES (@Notaria, 'Brandon Bahuer');
INSERT INTO arma_tu_fiesta.telefono (numero, fk_locacion) VALUES ('0212671128', @Notaria);

SET @pertenece = (SELECT pkLugar FROM (SELECT id_lugar as pkLugar FROM arma_tu_fiesta.lugar WHERE tipo = 'Estado' AND nombre = 'Zulia') tablaLugar);
INSERT INTO arma_tu_fiesta.locacion (nombre, tipo, fk_localizacion) VALUES ('Primera Notaria de Zulia', 'Notaria', @pertenece);
SET @Notaria = (SELECT pkLocacion FROM (SELECT id_locacion as pkLocacion FROM arma_tu_fiesta.locacion WHERE nombre LIKE '%Zulia' AND tipo = 'Notaria') as tablaNotaria);
INSERT INTO arma_tu_fiesta.notaria (fk_Notaria, nombre_notario) VALUES (@Notaria, 'Mario Cartagena');
INSERT INTO arma_tu_fiesta.telefono (numero, fk_locacion) VALUES ('0416653731', @Notaria);

-- +++++++++++++++++++++++++++++++++ CARACTERISTICAS +++++++++++++++++++++++++++++++++++++++++++++++++++++++++++++

INSERT INTO arma_tu_fiesta.caracteristica (nombre)
    VALUES
    ('Area Techada'),
    ('Estacionamiento'),
    ('Punto de Electricidad'),
    ('Fuente'),
    ('Area Infantil')
;
-- ++++++++++++++++++++++++++++++++++ RESTAURANTES y SALONES +++++++++++++++++++++++++++++++++++++++++++++++++++++++++++++++
SET @pertenece = (SELECT pkLugar FROM (SELECT id_lugar as pkLugar FROM arma_tu_fiesta.lugar WHERE tipo = 'Municipio' AND nombre = 'Alto Orinoco (La Esmeralda)') as tablaLugar);
INSERT INTO arma_tu_fiesta.locacion (nombre, tipo, fk_localizacion) VALUES ('Grill de Alto Orinoco Criollo', 'Restaurante', @pertenece);
SET @restaurante = (SELECT pkLocacion FROM (SELECT id_locacion as pkLocacion FROM arma_tu_fiesta.locacion WHERE nombre = 'Grill de Alto Orinoco Criollo' AND tipo = 'Restaurante') as tablaLocacion);
INSERT INTO arma_tu_fiesta.telefono (numero, fk_locacion) VALUES ('0412137067', @restaurante);

SET @pertenece = (SELECT pkLugar FROM (SELECT id_lugar as pkLugar FROM arma_tu_fiesta.lugar WHERE tipo = 'Municipio' AND nombre = 'Atabapo (San Fernando de Atabapo)') as tablaLugar);
INSERT INTO arma_tu_fiesta.locacion (nombre, tipo, fk_localizacion) VALUES ('Burritos de Atabapo San VIP', 'Restaurante', @pertenece);
SET @restaurante = (SELECT pkLocacion FROM (SELECT id_locacion as pkLocacion FROM arma_tu_fiesta.locacion WHERE nombre = 'Burritos de Atabapo San VIP' AND tipo = 'Restaurante') as tablaLocacion);
INSERT INTO arma_tu_fiesta.telefono (numero, fk_locacion) VALUES ('0212831340', @restaurante);

SET @pertenece = (SELECT pkLugar FROM (SELECT id_lugar as pkLugar FROM arma_tu_fiesta.lugar WHERE tipo = 'Municipio' AND nombre = 'Atures (Puerto Ayacucho)') as tablaLugar);
INSERT INTO arma_tu_fiesta.locacion (nombre, tipo, fk_localizacion) VALUES ('Hornos de Atures Puerto Deluxe', 'Restaurante', @pertenece);
SET @restaurante = (SELECT pkLocacion FROM (SELECT id_locacion as pkLocacion FROM arma_tu_fiesta.locacion WHERE nombre = 'Hornos de Atures Puerto Deluxe' AND tipo = 'Restaurante') as tablaLocacion);
INSERT INTO arma_tu_fiesta.telefono (numero, fk_locacion) VALUES ('0412351289', @restaurante);

INSERT INTO arma_tu_fiesta.coordenada (latitud, longitud, fk_locacion) VALUES ('5.663056','-67.626389', @restaurante);
INSERT INTO arma_tu_fiesta.salon_de_fiesta (fk_salon, descripcion, capacidad_personas) VALUES (@restaurante, 'Sala Prive del Restaurante', '100');
INSERT INTO arma_tu_fiesta.punto_de_referencia (descripcion, fk_salon_de_fiesta) VALUES ('A la izquierda de la quinta de bloques',@restaurante);

SET @caract = (SELECT pkCaract FROM (SELECT id_caracteristica as pkCaract FROM arma_tu_fiesta.caracteristica WHERE nombre = 'Area Techada') as tablaCaract);
INSERT INTO arma_tu_fiesta.caracteristica_salon (fk_salon_de_fiesta, fk_caracteristica, cantidad) VALUES (@restaurante,@caract, '5');

SET @caract = (SELECT pkCaract FROM (SELECT id_caracteristica as pkCaract FROM arma_tu_fiesta.caracteristica WHERE nombre = 'Estacionamiento') as tablaCaract);
INSERT INTO arma_tu_fiesta.caracteristica_salon (fk_salon_de_fiesta, fk_caracteristica, cantidad) VALUES (@restaurante,@caract, '1');

SET @caract = (SELECT pkCaract FROM (SELECT id_caracteristica as pkCaract FROM arma_tu_fiesta.caracteristica WHERE nombre = 'Punto de Electricidad') as tablaCaract);
INSERT INTO arma_tu_fiesta.caracteristica_salon (fk_salon_de_fiesta, fk_caracteristica, cantidad) VALUES (@restaurante,@caract, '3');

SET @caract = (SELECT pkCaract FROM (SELECT id_caracteristica as pkCaract FROM arma_tu_fiesta.caracteristica WHERE nombre = 'Fuente') as tablaCaract);
INSERT INTO arma_tu_fiesta.caracteristica_salon (fk_salon_de_fiesta, fk_caracteristica, cantidad) VALUES (@restaurante,@caract, '5');

SET @caract = (SELECT pkCaract FROM (SELECT id_caracteristica as pkCaract FROM arma_tu_fiesta.caracteristica WHERE nombre = 'Area Infantil') as tablaCaract);
INSERT INTO arma_tu_fiesta.caracteristica_salon (fk_salon_de_fiesta, fk_caracteristica, cantidad) VALUES (@restaurante,@caract, '4');

SET @pertenece = (SELECT pkLugar FROM (SELECT id_lugar as pkLugar FROM arma_tu_fiesta.lugar WHERE tipo = 'Municipio' AND nombre = 'Autana (Isla Ratón)') as tablaLugar);
INSERT INTO arma_tu_fiesta.locacion (nombre, tipo, fk_localizacion) VALUES ('Arepera Autana Isla Gourmet', 'Restaurante', @pertenece);
SET @restaurante = (SELECT pkLocacion FROM (SELECT id_locacion as pkLocacion FROM arma_tu_fiesta.locacion WHERE nombre = 'Arepera Autana Isla Gourmet' AND tipo = 'Restaurante') as tablaLocacion);
INSERT INTO arma_tu_fiesta.telefono (numero, fk_locacion) VALUES ('0424765894', @restaurante);

SET @pertenece = (SELECT pkLugar FROM (SELECT id_lugar as pkLugar FROM arma_tu_fiesta.lugar WHERE tipo = 'Municipio' AND nombre = 'Manapiare (San Juan de Manapiare)') as tablaLugar);
INSERT INTO arma_tu_fiesta.locacion (nombre, tipo, fk_localizacion) VALUES ('Brisas de Manapiare San Rico', 'Restaurante', @pertenece);
SET @restaurante = (SELECT pkLocacion FROM (SELECT id_locacion as pkLocacion FROM arma_tu_fiesta.locacion WHERE nombre = 'Brisas de Manapiare San Rico' AND tipo = 'Restaurante') as tablaLocacion);
INSERT INTO arma_tu_fiesta.telefono (numero, fk_locacion) VALUES ('0424181608', @restaurante);

SET @pertenece = (SELECT pkLugar FROM (SELECT id_lugar as pkLugar FROM arma_tu_fiesta.lugar WHERE tipo = 'Municipio' AND nombre = 'Maroa (Maroa)') as tablaLugar);
INSERT INTO arma_tu_fiesta.locacion (nombre, tipo, fk_localizacion) VALUES ('Grill de Maroa Maroa) Rico', 'Restaurante', @pertenece);
SET @restaurante = (SELECT pkLocacion FROM (SELECT id_locacion as pkLocacion FROM arma_tu_fiesta.locacion WHERE nombre = 'Grill de Maroa Maroa) Rico' AND tipo = 'Restaurante') as tablaLocacion);
INSERT INTO arma_tu_fiesta.telefono (numero, fk_locacion) VALUES ('0212119697', @restaurante);

SET @pertenece = (SELECT pkLugar FROM (SELECT id_lugar as pkLugar FROM arma_tu_fiesta.lugar WHERE tipo = 'Municipio' AND nombre = 'Río Negro (San Carlos de Río Negro)') as tablaLugar);
INSERT INTO arma_tu_fiesta.locacion (nombre, tipo, fk_localizacion) VALUES ('Bistro de Río Negro Deluxe', 'Restaurante', @pertenece);
SET @restaurante = (SELECT pkLocacion FROM (SELECT id_locacion as pkLocacion FROM arma_tu_fiesta.locacion WHERE nombre = 'Bistro de Río Negro Deluxe' AND tipo = 'Restaurante') as tablaLocacion);
INSERT INTO arma_tu_fiesta.telefono (numero, fk_locacion) VALUES ('0412407969', @restaurante);

SET @pertenece = (SELECT pkLugar FROM (SELECT id_lugar as pkLugar FROM arma_tu_fiesta.lugar WHERE tipo = 'Municipio' AND nombre = 'Anaco (Anaco)') as tablaLugar);
INSERT INTO arma_tu_fiesta.locacion (nombre, tipo, fk_localizacion) VALUES ('Pizzeria de Anaco Anaco) Deluxe', 'Restaurante', @pertenece);
SET @restaurante = (SELECT pkLocacion FROM (SELECT id_locacion as pkLocacion FROM arma_tu_fiesta.locacion WHERE nombre = 'Pizzeria de Anaco Anaco) Deluxe' AND tipo = 'Restaurante') as tablaLocacion);
INSERT INTO arma_tu_fiesta.telefono (numero, fk_locacion) VALUES ('0416791689', @restaurante);

SET @pertenece = (SELECT pkLugar FROM (SELECT id_lugar as pkLugar FROM arma_tu_fiesta.lugar WHERE tipo = 'Municipio' AND nombre = 'Aragua (Aragua de Barcelona)') as tablaLugar);
INSERT INTO arma_tu_fiesta.locacion (nombre, tipo, fk_localizacion) VALUES ('Pizzeria de Aragua Aragua Criollo', 'Restaurante', @pertenece);
SET @restaurante = (SELECT pkLocacion FROM (SELECT id_locacion as pkLocacion FROM arma_tu_fiesta.locacion WHERE nombre = 'Pizzeria de Aragua Aragua Criollo' AND tipo = 'Restaurante') as tablaLocacion);
INSERT INTO arma_tu_fiesta.telefono (numero, fk_locacion) VALUES ('0426139239', @restaurante);

SET @pertenece = (SELECT pkLugar FROM (SELECT id_lugar as pkLugar FROM arma_tu_fiesta.lugar WHERE tipo = 'Municipio' AND nombre = 'Bolívar (Barcelona)') as tablaLugar);
INSERT INTO arma_tu_fiesta.locacion (nombre, tipo, fk_localizacion) VALUES ('Fusion Asiatica de Bolívar Barcelona) Deluxe', 'Restaurante', @pertenece);
SET @restaurante = (SELECT pkLocacion FROM (SELECT id_locacion as pkLocacion FROM arma_tu_fiesta.locacion WHERE nombre = 'Fusion Asiatica de Bolívar Barcelona) Deluxe' AND tipo = 'Restaurante') as tablaLocacion);
INSERT INTO arma_tu_fiesta.telefono (numero, fk_locacion) VALUES ('0424662635', @restaurante);

INSERT INTO arma_tu_fiesta.coordenada (latitud, longitud, fk_locacion) VALUES ('10.14455','-64.67241', @restaurante);
INSERT INTO arma_tu_fiesta.salon_de_fiesta (fk_salon, descripcion, capacidad_personas) VALUES (@restaurante, 'Sala Prive del Restaurante', '100');
INSERT INTO arma_tu_fiesta.punto_de_referencia (descripcion, fk_salon_de_fiesta) VALUES ('A la derecha de la panaderia gris',@restaurante);

SET @caract = (SELECT pkCaract FROM (SELECT id_caracteristica as pkCaract FROM arma_tu_fiesta.caracteristica WHERE nombre = 'Area Techada') as tablaCaract);
INSERT INTO arma_tu_fiesta.caracteristica_salon (fk_salon_de_fiesta, fk_caracteristica, cantidad) VALUES (@restaurante,@caract, '4');

SET @caract = (SELECT pkCaract FROM (SELECT id_caracteristica as pkCaract FROM arma_tu_fiesta.caracteristica WHERE nombre = 'Estacionamiento') as tablaCaract);
INSERT INTO arma_tu_fiesta.caracteristica_salon (fk_salon_de_fiesta, fk_caracteristica, cantidad) VALUES (@restaurante,@caract, '3');

SET @caract = (SELECT pkCaract FROM (SELECT id_caracteristica as pkCaract FROM arma_tu_fiesta.caracteristica WHERE nombre = 'Punto de Electricidad') as tablaCaract);
INSERT INTO arma_tu_fiesta.caracteristica_salon (fk_salon_de_fiesta, fk_caracteristica, cantidad) VALUES (@restaurante,@caract, '5');

SET @caract = (SELECT pkCaract FROM (SELECT id_caracteristica as pkCaract FROM arma_tu_fiesta.caracteristica WHERE nombre = 'Fuente') as tablaCaract);
INSERT INTO arma_tu_fiesta.caracteristica_salon (fk_salon_de_fiesta, fk_caracteristica, cantidad) VALUES (@restaurante,@caract, '2');

SET @caract = (SELECT pkCaract FROM (SELECT id_caracteristica as pkCaract FROM arma_tu_fiesta.caracteristica WHERE nombre = 'Area Infantil') as tablaCaract);
INSERT INTO arma_tu_fiesta.caracteristica_salon (fk_salon_de_fiesta, fk_caracteristica, cantidad) VALUES (@restaurante,@caract, '3');

SET @pertenece = (SELECT pkLugar FROM (SELECT id_lugar as pkLugar FROM arma_tu_fiesta.lugar WHERE tipo = 'Municipio' AND nombre = 'Bruzual (Clarines)') as tablaLugar);
INSERT INTO arma_tu_fiesta.locacion (nombre, tipo, fk_localizacion) VALUES ('Bolognesa de Bruzual Clarines) VIP', 'Restaurante', @pertenece);
SET @restaurante = (SELECT pkLocacion FROM (SELECT id_locacion as pkLocacion FROM arma_tu_fiesta.locacion WHERE nombre = 'Bolognesa de Bruzual Clarines) VIP' AND tipo = 'Restaurante') as tablaLocacion);
INSERT INTO arma_tu_fiesta.telefono (numero, fk_locacion) VALUES ('0414978937', @restaurante);

SET @pertenece = (SELECT pkLugar FROM (SELECT id_lugar as pkLugar FROM arma_tu_fiesta.lugar WHERE tipo = 'Municipio' AND nombre = 'Cajigal (Onoto)') as tablaLugar);
INSERT INTO arma_tu_fiesta.locacion (nombre, tipo, fk_localizacion) VALUES ('Bistro de Cajigal Onoto) VIP', 'Restaurante', @pertenece);
SET @restaurante = (SELECT pkLocacion FROM (SELECT id_locacion as pkLocacion FROM arma_tu_fiesta.locacion WHERE nombre = 'Bistro de Cajigal Onoto) VIP' AND tipo = 'Restaurante') as tablaLocacion);
INSERT INTO arma_tu_fiesta.telefono (numero, fk_locacion) VALUES ('0212451325', @restaurante);

SET @pertenece = (SELECT pkLugar FROM (SELECT id_lugar as pkLugar FROM arma_tu_fiesta.lugar WHERE tipo = 'Municipio' AND nombre = 'Carvajal (Valle de Guanape)') as tablaLugar);
INSERT INTO arma_tu_fiesta.locacion (nombre, tipo, fk_localizacion) VALUES ('Pizzeria de Carvajal Valle Deluxe', 'Restaurante', @pertenece);
SET @restaurante = (SELECT pkLocacion FROM (SELECT id_locacion as pkLocacion FROM arma_tu_fiesta.locacion WHERE nombre = 'Pizzeria de Carvajal Valle Deluxe' AND tipo = 'Restaurante') as tablaLocacion);
INSERT INTO arma_tu_fiesta.telefono (numero, fk_locacion) VALUES ('0416859243', @restaurante);

SET @pertenece = (SELECT pkLugar FROM (SELECT id_lugar as pkLugar FROM arma_tu_fiesta.lugar WHERE tipo = 'Municipio' AND nombre = 'Freites (Cantaura)') as tablaLugar);
INSERT INTO arma_tu_fiesta.locacion (nombre, tipo, fk_localizacion) VALUES ('Churrasqueria de Freites Cantaura) Gourmet', 'Restaurante', @pertenece);
SET @restaurante = (SELECT pkLocacion FROM (SELECT id_locacion as pkLocacion FROM arma_tu_fiesta.locacion WHERE nombre = 'Churrasqueria de Freites Cantaura) Gourmet' AND tipo = 'Restaurante') as tablaLocacion);
INSERT INTO arma_tu_fiesta.telefono (numero, fk_locacion) VALUES ('0212630459', @restaurante);

SET @pertenece = (SELECT pkLugar FROM (SELECT id_lugar as pkLugar FROM arma_tu_fiesta.lugar WHERE tipo = 'Municipio' AND nombre = 'Guanipa (San José de Guanipa)') as tablaLugar);
INSERT INTO arma_tu_fiesta.locacion (nombre, tipo, fk_localizacion) VALUES ('Bolognesa de Guanipa San Deluxe', 'Restaurante', @pertenece);
SET @restaurante = (SELECT pkLocacion FROM (SELECT id_locacion as pkLocacion FROM arma_tu_fiesta.locacion WHERE nombre = 'Bolognesa de Guanipa San Deluxe' AND tipo = 'Restaurante') as tablaLocacion);
INSERT INTO arma_tu_fiesta.telefono (numero, fk_locacion) VALUES ('0212117088', @restaurante);

SET @pertenece = (SELECT pkLugar FROM (SELECT id_lugar as pkLugar FROM arma_tu_fiesta.lugar WHERE tipo = 'Municipio' AND nombre = 'Guanta (Guanta)') as tablaLugar);
INSERT INTO arma_tu_fiesta.locacion (nombre, tipo, fk_localizacion) VALUES ('Fusion Asiatica de Guanta Guanta) Criollo', 'Restaurante', @pertenece);
SET @restaurante = (SELECT pkLocacion FROM (SELECT id_locacion as pkLocacion FROM arma_tu_fiesta.locacion WHERE nombre = 'Fusion Asiatica de Guanta Guanta) Criollo' AND tipo = 'Restaurante') as tablaLocacion);
INSERT INTO arma_tu_fiesta.telefono (numero, fk_locacion) VALUES ('0412217370', @restaurante);

SET @pertenece = (SELECT pkLugar FROM (SELECT id_lugar as pkLugar FROM arma_tu_fiesta.lugar WHERE tipo = 'Municipio' AND nombre = 'Independencia (Soledad)') as tablaLugar);
INSERT INTO arma_tu_fiesta.locacion (nombre, tipo, fk_localizacion) VALUES ('Tacos de Independencia Soledad) Criollo', 'Restaurante', @pertenece);
SET @restaurante = (SELECT pkLocacion FROM (SELECT id_locacion as pkLocacion FROM arma_tu_fiesta.locacion WHERE nombre = 'Tacos de Independencia Soledad) Criollo' AND tipo = 'Restaurante') as tablaLocacion);
INSERT INTO arma_tu_fiesta.telefono (numero, fk_locacion) VALUES ('0426112265', @restaurante);

SET @pertenece = (SELECT pkLugar FROM (SELECT id_lugar as pkLugar FROM arma_tu_fiesta.lugar WHERE tipo = 'Municipio' AND nombre = 'Libertad (San Mateo)') as tablaLugar);
INSERT INTO arma_tu_fiesta.locacion (nombre, tipo, fk_localizacion) VALUES ('Los Costillas de Libertad San Deluxe', 'Restaurante', @pertenece);
SET @restaurante = (SELECT pkLocacion FROM (SELECT id_locacion as pkLocacion FROM arma_tu_fiesta.locacion WHERE nombre = 'Los Costillas de Libertad San Deluxe' AND tipo = 'Restaurante') as tablaLocacion);
INSERT INTO arma_tu_fiesta.telefono (numero, fk_locacion) VALUES ('0416533864', @restaurante);

SET @pertenece = (SELECT pkLugar FROM (SELECT id_lugar as pkLugar FROM arma_tu_fiesta.lugar WHERE tipo = 'Municipio' AND nombre = 'McGregor (El Chaparro)') as tablaLugar);
INSERT INTO arma_tu_fiesta.locacion (nombre, tipo, fk_localizacion) VALUES ('Pizzeria de McGregor El Criollo', 'Restaurante', @pertenece);
SET @restaurante = (SELECT pkLocacion FROM (SELECT id_locacion as pkLocacion FROM arma_tu_fiesta.locacion WHERE nombre = 'Pizzeria de McGregor El Criollo' AND tipo = 'Restaurante') as tablaLocacion);
INSERT INTO arma_tu_fiesta.telefono (numero, fk_locacion) VALUES ('0412524825', @restaurante);

SET @pertenece = (SELECT pkLugar FROM (SELECT id_lugar as pkLugar FROM arma_tu_fiesta.lugar WHERE tipo = 'Municipio' AND nombre = 'Miranda (Pariaguán)') as tablaLugar);
INSERT INTO arma_tu_fiesta.locacion (nombre, tipo, fk_localizacion) VALUES ('Brisas de Miranda Pariaguán) Rico', 'Restaurante', @pertenece);
SET @restaurante = (SELECT pkLocacion FROM (SELECT id_locacion as pkLocacion FROM arma_tu_fiesta.locacion WHERE nombre = 'Brisas de Miranda Pariaguán) Rico' AND tipo = 'Restaurante') as tablaLocacion);
INSERT INTO arma_tu_fiesta.telefono (numero, fk_locacion) VALUES ('0416796938', @restaurante);

SET @pertenece = (SELECT pkLugar FROM (SELECT id_lugar as pkLugar FROM arma_tu_fiesta.lugar WHERE tipo = 'Municipio' AND nombre = 'Monagas (Mapire)') as tablaLugar);
INSERT INTO arma_tu_fiesta.locacion (nombre, tipo, fk_localizacion) VALUES ('Tacos de Monagas Mapire) Criollo', 'Restaurante', @pertenece);
SET @restaurante = (SELECT pkLocacion FROM (SELECT id_locacion as pkLocacion FROM arma_tu_fiesta.locacion WHERE nombre = 'Tacos de Monagas Mapire) Criollo' AND tipo = 'Restaurante') as tablaLocacion);
INSERT INTO arma_tu_fiesta.telefono (numero, fk_locacion) VALUES ('0212958614', @restaurante);

SET @pertenece = (SELECT pkLugar FROM (SELECT id_lugar as pkLugar FROM arma_tu_fiesta.lugar WHERE tipo = 'Municipio' AND nombre = 'Peñalver (Puerto Píritu)') as tablaLugar);
INSERT INTO arma_tu_fiesta.locacion (nombre, tipo, fk_localizacion) VALUES ('Parrillera de Peñalver Puerto Gourmet', 'Restaurante', @pertenece);
SET @restaurante = (SELECT pkLocacion FROM (SELECT id_locacion as pkLocacion FROM arma_tu_fiesta.locacion WHERE nombre = 'Parrillera de Peñalver Puerto Gourmet' AND tipo = 'Restaurante') as tablaLocacion);
INSERT INTO arma_tu_fiesta.telefono (numero, fk_locacion) VALUES ('0416758308', @restaurante);

SET @pertenece = (SELECT pkLugar FROM (SELECT id_lugar as pkLugar FROM arma_tu_fiesta.lugar WHERE tipo = 'Municipio' AND nombre = 'Píritu (Píritu)') as tablaLugar);
INSERT INTO arma_tu_fiesta.locacion (nombre, tipo, fk_localizacion) VALUES ('Grill de Píritu Píritu) Rico', 'Restaurante', @pertenece);
SET @restaurante = (SELECT pkLocacion FROM (SELECT id_locacion as pkLocacion FROM arma_tu_fiesta.locacion WHERE nombre = 'Grill de Píritu Píritu) Rico' AND tipo = 'Restaurante') as tablaLocacion);
INSERT INTO arma_tu_fiesta.telefono (numero, fk_locacion) VALUES ('0212611223', @restaurante);

SET @pertenece = (SELECT pkLugar FROM (SELECT id_lugar as pkLugar FROM arma_tu_fiesta.lugar WHERE tipo = 'Municipio' AND nombre = 'San Juan de Capistrano (Boca de Uchire)') as tablaLugar);
INSERT INTO arma_tu_fiesta.locacion (nombre, tipo, fk_localizacion) VALUES ('Arepera San Juan Deluxe', 'Restaurante', @pertenece);
SET @restaurante = (SELECT pkLocacion FROM (SELECT id_locacion as pkLocacion FROM arma_tu_fiesta.locacion WHERE nombre = 'Arepera San Juan Deluxe' AND tipo = 'Restaurante') as tablaLocacion);
INSERT INTO arma_tu_fiesta.telefono (numero, fk_locacion) VALUES ('0212593599', @restaurante);

SET @pertenece = (SELECT pkLugar FROM (SELECT id_lugar as pkLugar FROM arma_tu_fiesta.lugar WHERE tipo = 'Municipio' AND nombre = 'Santa Ana (Santa Ana)') as tablaLugar);
INSERT INTO arma_tu_fiesta.locacion (nombre, tipo, fk_localizacion) VALUES ('Tacos de Santa Ana Rico', 'Restaurante', @pertenece);
SET @restaurante = (SELECT pkLocacion FROM (SELECT id_locacion as pkLocacion FROM arma_tu_fiesta.locacion WHERE nombre = 'Tacos de Santa Ana Rico' AND tipo = 'Restaurante') as tablaLocacion);
INSERT INTO arma_tu_fiesta.telefono (numero, fk_locacion) VALUES ('0212671825', @restaurante);

SET @pertenece = (SELECT pkLugar FROM (SELECT id_lugar as pkLugar FROM arma_tu_fiesta.lugar WHERE tipo = 'Municipio' AND nombre = 'Simón Rodríguez (El Tigre)') as tablaLugar);
INSERT INTO arma_tu_fiesta.locacion (nombre, tipo, fk_localizacion) VALUES ('Grill de Simón Rodríguez VIP', 'Restaurante', @pertenece);
SET @restaurante = (SELECT pkLocacion FROM (SELECT id_locacion as pkLocacion FROM arma_tu_fiesta.locacion WHERE nombre = 'Grill de Simón Rodríguez VIP' AND tipo = 'Restaurante') as tablaLocacion);
INSERT INTO arma_tu_fiesta.telefono (numero, fk_locacion) VALUES ('0426795412', @restaurante);

SET @pertenece = (SELECT pkLugar FROM (SELECT id_lugar as pkLugar FROM arma_tu_fiesta.lugar WHERE tipo = 'Municipio' AND nombre = 'Sotillo (Puerto La Cruz)') as tablaLugar);
INSERT INTO arma_tu_fiesta.locacion (nombre, tipo, fk_localizacion) VALUES ('Mar y Tierra de Sotillo Puerto VIP', 'Restaurante', @pertenece);
SET @restaurante = (SELECT pkLocacion FROM (SELECT id_locacion as pkLocacion FROM arma_tu_fiesta.locacion WHERE nombre = 'Mar y Tierra de Sotillo Puerto VIP' AND tipo = 'Restaurante') as tablaLocacion);
INSERT INTO arma_tu_fiesta.telefono (numero, fk_locacion) VALUES ('0412353500', @restaurante);

SET @pertenece = (SELECT pkLugar FROM (SELECT id_lugar as pkLugar FROM arma_tu_fiesta.lugar WHERE tipo = 'Municipio' AND nombre = 'Urbaneja (Lechería)') as tablaLugar);
INSERT INTO arma_tu_fiesta.locacion (nombre, tipo, fk_localizacion) VALUES ('Pizzeria de Urbaneja Lechería) Rico', 'Restaurante', @pertenece);
SET @restaurante = (SELECT pkLocacion FROM (SELECT id_locacion as pkLocacion FROM arma_tu_fiesta.locacion WHERE nombre = 'Pizzeria de Urbaneja Lechería) Rico' AND tipo = 'Restaurante') as tablaLocacion);
INSERT INTO arma_tu_fiesta.telefono (numero, fk_locacion) VALUES ('0414153204', @restaurante);

SET @pertenece = (SELECT pkLugar FROM (SELECT id_lugar as pkLugar FROM arma_tu_fiesta.lugar WHERE tipo = 'Municipio' AND nombre = 'Achaguas (Achaguas)') as tablaLugar);
INSERT INTO arma_tu_fiesta.locacion (nombre, tipo, fk_localizacion) VALUES ('Mar y Tierra de Achaguas Achaguas) Criollo', 'Restaurante', @pertenece);
SET @restaurante = (SELECT pkLocacion FROM (SELECT id_locacion as pkLocacion FROM arma_tu_fiesta.locacion WHERE nombre = 'Mar y Tierra de Achaguas Achaguas) Criollo' AND tipo = 'Restaurante') as tablaLocacion);
INSERT INTO arma_tu_fiesta.telefono (numero, fk_locacion) VALUES ('0424335139', @restaurante);

SET @pertenece = (SELECT pkLugar FROM (SELECT id_lugar as pkLugar FROM arma_tu_fiesta.lugar WHERE tipo = 'Municipio' AND nombre = 'Biruaca (Biruaca)') as tablaLugar);
INSERT INTO arma_tu_fiesta.locacion (nombre, tipo, fk_localizacion) VALUES ('Los Costillas de Biruaca Biruaca) Criollo', 'Restaurante', @pertenece);
SET @restaurante = (SELECT pkLocacion FROM (SELECT id_locacion as pkLocacion FROM arma_tu_fiesta.locacion WHERE nombre = 'Los Costillas de Biruaca Biruaca) Criollo' AND tipo = 'Restaurante') as tablaLocacion);
INSERT INTO arma_tu_fiesta.telefono (numero, fk_locacion) VALUES ('0416814079', @restaurante);

SET @pertenece = (SELECT pkLugar FROM (SELECT id_lugar as pkLugar FROM arma_tu_fiesta.lugar WHERE tipo = 'Municipio' AND nombre = 'Camejo (San Juan de Payara)') as tablaLugar);
INSERT INTO arma_tu_fiesta.locacion (nombre, tipo, fk_localizacion) VALUES ('Pizzeria de Camejo San Criollo', 'Restaurante', @pertenece);
SET @restaurante = (SELECT pkLocacion FROM (SELECT id_locacion as pkLocacion FROM arma_tu_fiesta.locacion WHERE nombre = 'Pizzeria de Camejo San Criollo' AND tipo = 'Restaurante') as tablaLocacion);
INSERT INTO arma_tu_fiesta.telefono (numero, fk_locacion) VALUES ('0412396105', @restaurante);

SET @pertenece = (SELECT pkLugar FROM (SELECT id_lugar as pkLugar FROM arma_tu_fiesta.lugar WHERE tipo = 'Municipio' AND nombre = 'Muñoz (Bruzual)') as tablaLugar);
INSERT INTO arma_tu_fiesta.locacion (nombre, tipo, fk_localizacion) VALUES ('Bolognesa de Muñoz Bruzual) Deluxe', 'Restaurante', @pertenece);
SET @restaurante = (SELECT pkLocacion FROM (SELECT id_locacion as pkLocacion FROM arma_tu_fiesta.locacion WHERE nombre = 'Bolognesa de Muñoz Bruzual) Deluxe' AND tipo = 'Restaurante') as tablaLocacion);
INSERT INTO arma_tu_fiesta.telefono (numero, fk_locacion) VALUES ('0412313553', @restaurante);

SET @pertenece = (SELECT pkLugar FROM (SELECT id_lugar as pkLugar FROM arma_tu_fiesta.lugar WHERE tipo = 'Municipio' AND nombre = 'Páez (Guasdualito)') as tablaLugar);
INSERT INTO arma_tu_fiesta.locacion (nombre, tipo, fk_localizacion) VALUES ('Arepera Páez Guasdualito) Gourmet', 'Restaurante', @pertenece);
SET @restaurante = (SELECT pkLocacion FROM (SELECT id_locacion as pkLocacion FROM arma_tu_fiesta.locacion WHERE nombre = 'Arepera Páez Guasdualito) Gourmet' AND tipo = 'Restaurante') as tablaLocacion);
INSERT INTO arma_tu_fiesta.telefono (numero, fk_locacion) VALUES ('0414929244', @restaurante);

SET @pertenece = (SELECT pkLugar FROM (SELECT id_lugar as pkLugar FROM arma_tu_fiesta.lugar WHERE tipo = 'Municipio' AND nombre = 'Rómulo Gallegos (Elorza)') as tablaLugar);
INSERT INTO arma_tu_fiesta.locacion (nombre, tipo, fk_localizacion) VALUES ('Parrillera de Rómulo Gallegos Criollo', 'Restaurante', @pertenece);
SET @restaurante = (SELECT pkLocacion FROM (SELECT id_locacion as pkLocacion FROM arma_tu_fiesta.locacion WHERE nombre = 'Parrillera de Rómulo Gallegos Criollo' AND tipo = 'Restaurante') as tablaLocacion);
INSERT INTO arma_tu_fiesta.telefono (numero, fk_locacion) VALUES ('0212205724', @restaurante);

SET @pertenece = (SELECT pkLugar FROM (SELECT id_lugar as pkLugar FROM arma_tu_fiesta.lugar WHERE tipo = 'Municipio' AND nombre = 'San Fernando (San Fernando de Apure)') as tablaLugar);
INSERT INTO arma_tu_fiesta.locacion (nombre, tipo, fk_localizacion) VALUES ('Pizzeria de San Fernando Gourmet', 'Restaurante', @pertenece);
SET @restaurante = (SELECT pkLocacion FROM (SELECT id_locacion as pkLocacion FROM arma_tu_fiesta.locacion WHERE nombre = 'Pizzeria de San Fernando Gourmet' AND tipo = 'Restaurante') as tablaLocacion);
INSERT INTO arma_tu_fiesta.telefono (numero, fk_locacion) VALUES ('0212700558', @restaurante);

INSERT INTO arma_tu_fiesta.coordenada (latitud, longitud, fk_locacion) VALUES ('7.894','-67.473', @restaurante);
INSERT INTO arma_tu_fiesta.salon_de_fiesta (fk_salon, descripcion, capacidad_personas) VALUES (@restaurante, 'Sala Prive del Restaurante', '100');
INSERT INTO arma_tu_fiesta.punto_de_referencia (descripcion, fk_salon_de_fiesta) VALUES ('A la derecha de la quinta gris',@restaurante);

SET @caract = (SELECT pkCaract FROM (SELECT id_caracteristica as pkCaract FROM arma_tu_fiesta.caracteristica WHERE nombre = 'Area Techada') as tablaCaract);
INSERT INTO arma_tu_fiesta.caracteristica_salon (fk_salon_de_fiesta, fk_caracteristica, cantidad) VALUES (@restaurante,@caract, '4');

SET @caract = (SELECT pkCaract FROM (SELECT id_caracteristica as pkCaract FROM arma_tu_fiesta.caracteristica WHERE nombre = 'Estacionamiento') as tablaCaract);
INSERT INTO arma_tu_fiesta.caracteristica_salon (fk_salon_de_fiesta, fk_caracteristica, cantidad) VALUES (@restaurante,@caract, '1');

SET @caract = (SELECT pkCaract FROM (SELECT id_caracteristica as pkCaract FROM arma_tu_fiesta.caracteristica WHERE nombre = 'Punto de Electricidad') as tablaCaract);
INSERT INTO arma_tu_fiesta.caracteristica_salon (fk_salon_de_fiesta, fk_caracteristica, cantidad) VALUES (@restaurante,@caract, '4');

SET @caract = (SELECT pkCaract FROM (SELECT id_caracteristica as pkCaract FROM arma_tu_fiesta.caracteristica WHERE nombre = 'Fuente') as tablaCaract);
INSERT INTO arma_tu_fiesta.caracteristica_salon (fk_salon_de_fiesta, fk_caracteristica, cantidad) VALUES (@restaurante,@caract, '3');

SET @caract = (SELECT pkCaract FROM (SELECT id_caracteristica as pkCaract FROM arma_tu_fiesta.caracteristica WHERE nombre = 'Area Infantil') as tablaCaract);
INSERT INTO arma_tu_fiesta.caracteristica_salon (fk_salon_de_fiesta, fk_caracteristica, cantidad) VALUES (@restaurante,@caract, '4');

SET @pertenece = (SELECT pkLugar FROM (SELECT id_lugar as pkLugar FROM arma_tu_fiesta.lugar WHERE tipo = 'Municipio' AND nombre = 'Alcántara (Santa Rita)') as tablaLugar);
INSERT INTO arma_tu_fiesta.locacion (nombre, tipo, fk_localizacion) VALUES ('Pizzeria de Alcántara Santa VIP', 'Restaurante', @pertenece);
SET @restaurante = (SELECT pkLocacion FROM (SELECT id_locacion as pkLocacion FROM arma_tu_fiesta.locacion WHERE nombre = 'Pizzeria de Alcántara Santa VIP' AND tipo = 'Restaurante') as tablaLocacion);
INSERT INTO arma_tu_fiesta.telefono (numero, fk_locacion) VALUES ('0414565593', @restaurante);

SET @pertenece = (SELECT pkLugar FROM (SELECT id_lugar as pkLugar FROM arma_tu_fiesta.lugar WHERE tipo = 'Municipio' AND nombre = 'Bolívar (San Mateo)') as tablaLugar);
INSERT INTO arma_tu_fiesta.locacion (nombre, tipo, fk_localizacion) VALUES ('Mar y Tierra de Bolívar San Deluxe', 'Restaurante', @pertenece);
SET @restaurante = (SELECT pkLocacion FROM (SELECT id_locacion as pkLocacion FROM arma_tu_fiesta.locacion WHERE nombre = 'Mar y Tierra de Bolívar San Deluxe' AND tipo = 'Restaurante') as tablaLocacion);
INSERT INTO arma_tu_fiesta.telefono (numero, fk_locacion) VALUES ('0412731216', @restaurante);

SET @pertenece = (SELECT pkLugar FROM (SELECT id_lugar as pkLugar FROM arma_tu_fiesta.lugar WHERE tipo = 'Municipio' AND nombre = 'Camatagua (Camatagua)') as tablaLugar);
INSERT INTO arma_tu_fiesta.locacion (nombre, tipo, fk_localizacion) VALUES ('Arepera Camatagua Camatagua) Rico', 'Restaurante', @pertenece);
SET @restaurante = (SELECT pkLocacion FROM (SELECT id_locacion as pkLocacion FROM arma_tu_fiesta.locacion WHERE nombre = 'Arepera Camatagua Camatagua) Rico' AND tipo = 'Restaurante') as tablaLocacion);
INSERT INTO arma_tu_fiesta.telefono (numero, fk_locacion) VALUES ('0414464189', @restaurante);

SET @pertenece = (SELECT pkLugar FROM (SELECT id_lugar as pkLugar FROM arma_tu_fiesta.lugar WHERE tipo = 'Municipio' AND nombre = 'Girardot (Maracay)') as tablaLugar);
INSERT INTO arma_tu_fiesta.locacion (nombre, tipo, fk_localizacion) VALUES ('Burritos de Girardot Maracay) Gourmet', 'Restaurante', @pertenece);
SET @restaurante = (SELECT pkLocacion FROM (SELECT id_locacion as pkLocacion FROM arma_tu_fiesta.locacion WHERE nombre = 'Burritos de Girardot Maracay) Gourmet' AND tipo = 'Restaurante') as tablaLocacion);
INSERT INTO arma_tu_fiesta.telefono (numero, fk_locacion) VALUES ('0414239395', @restaurante);

INSERT INTO arma_tu_fiesta.coordenada (latitud, longitud, fk_locacion) VALUES ('10.251667','-67.601389', @restaurante);
INSERT INTO arma_tu_fiesta.salon_de_fiesta (fk_salon, descripcion, capacidad_personas) VALUES (@restaurante, 'Sala Prive del Restaurante', '100');
INSERT INTO arma_tu_fiesta.punto_de_referencia (descripcion, fk_salon_de_fiesta) VALUES ('Detras de la panaderia nueva',@restaurante);

SET @caract = (SELECT pkCaract FROM (SELECT id_caracteristica as pkCaract FROM arma_tu_fiesta.caracteristica WHERE nombre = 'Area Techada') as tablaCaract);
INSERT INTO arma_tu_fiesta.caracteristica_salon (fk_salon_de_fiesta, fk_caracteristica, cantidad) VALUES (@restaurante,@caract, '3');

SET @caract = (SELECT pkCaract FROM (SELECT id_caracteristica as pkCaract FROM arma_tu_fiesta.caracteristica WHERE nombre = 'Estacionamiento') as tablaCaract);
INSERT INTO arma_tu_fiesta.caracteristica_salon (fk_salon_de_fiesta, fk_caracteristica, cantidad) VALUES (@restaurante,@caract, '1');

SET @caract = (SELECT pkCaract FROM (SELECT id_caracteristica as pkCaract FROM arma_tu_fiesta.caracteristica WHERE nombre = 'Punto de Electricidad') as tablaCaract);
INSERT INTO arma_tu_fiesta.caracteristica_salon (fk_salon_de_fiesta, fk_caracteristica, cantidad) VALUES (@restaurante,@caract, '2');

SET @caract = (SELECT pkCaract FROM (SELECT id_caracteristica as pkCaract FROM arma_tu_fiesta.caracteristica WHERE nombre = 'Fuente') as tablaCaract);
INSERT INTO arma_tu_fiesta.caracteristica_salon (fk_salon_de_fiesta, fk_caracteristica, cantidad) VALUES (@restaurante,@caract, '3');

SET @caract = (SELECT pkCaract FROM (SELECT id_caracteristica as pkCaract FROM arma_tu_fiesta.caracteristica WHERE nombre = 'Area Infantil') as tablaCaract);
INSERT INTO arma_tu_fiesta.caracteristica_salon (fk_salon_de_fiesta, fk_caracteristica, cantidad) VALUES (@restaurante,@caract, '3');

SET @pertenece = (SELECT pkLugar FROM (SELECT id_lugar as pkLugar FROM arma_tu_fiesta.lugar WHERE tipo = 'Municipio' AND nombre = 'Iragorry (El Limón)') as tablaLugar);
INSERT INTO arma_tu_fiesta.locacion (nombre, tipo, fk_localizacion) VALUES ('Tacos de Iragorry El Deluxe', 'Restaurante', @pertenece);
SET @restaurante = (SELECT pkLocacion FROM (SELECT id_locacion as pkLocacion FROM arma_tu_fiesta.locacion WHERE nombre = 'Tacos de Iragorry El Deluxe' AND tipo = 'Restaurante') as tablaLocacion);
INSERT INTO arma_tu_fiesta.telefono (numero, fk_locacion) VALUES ('0412213449', @restaurante);

SET @pertenece = (SELECT pkLugar FROM (SELECT id_lugar as pkLugar FROM arma_tu_fiesta.lugar WHERE tipo = 'Municipio' AND nombre = 'Lamas (Santa Cruz de Aragua)') as tablaLugar);
INSERT INTO arma_tu_fiesta.locacion (nombre, tipo, fk_localizacion) VALUES ('Parrillera de Lamas Santa Gourmet', 'Restaurante', @pertenece);
SET @restaurante = (SELECT pkLocacion FROM (SELECT id_locacion as pkLocacion FROM arma_tu_fiesta.locacion WHERE nombre = 'Parrillera de Lamas Santa Gourmet' AND tipo = 'Restaurante') as tablaLocacion);
INSERT INTO arma_tu_fiesta.telefono (numero, fk_locacion) VALUES ('0414314418', @restaurante);

SET @pertenece = (SELECT pkLugar FROM (SELECT id_lugar as pkLugar FROM arma_tu_fiesta.lugar WHERE tipo = 'Municipio' AND nombre = 'Libertador (Palo Negro)') as tablaLugar);
INSERT INTO arma_tu_fiesta.locacion (nombre, tipo, fk_localizacion) VALUES ('Pizzeria de Libertador Palo Gourmet', 'Restaurante', @pertenece);
SET @restaurante = (SELECT pkLocacion FROM (SELECT id_locacion as pkLocacion FROM arma_tu_fiesta.locacion WHERE nombre = 'Pizzeria de Libertador Palo Gourmet' AND tipo = 'Restaurante') as tablaLocacion);
INSERT INTO arma_tu_fiesta.telefono (numero, fk_locacion) VALUES ('0426855979', @restaurante);

SET @pertenece = (SELECT pkLugar FROM (SELECT id_lugar as pkLugar FROM arma_tu_fiesta.lugar WHERE tipo = 'Municipio' AND nombre = 'Mariño (Turmero)') as tablaLugar);
INSERT INTO arma_tu_fiesta.locacion (nombre, tipo, fk_localizacion) VALUES ('Mar y Tierra de Mariño Turmero) Gourmet', 'Restaurante', @pertenece);
SET @restaurante = (SELECT pkLocacion FROM (SELECT id_locacion as pkLocacion FROM arma_tu_fiesta.locacion WHERE nombre = 'Mar y Tierra de Mariño Turmero) Gourmet' AND tipo = 'Restaurante') as tablaLocacion);
INSERT INTO arma_tu_fiesta.telefono (numero, fk_locacion) VALUES ('0416623926', @restaurante);

SET @pertenece = (SELECT pkLugar FROM (SELECT id_lugar as pkLugar FROM arma_tu_fiesta.lugar WHERE tipo = 'Municipio' AND nombre = 'Michelena (Las Tejerías)') as tablaLugar);
INSERT INTO arma_tu_fiesta.locacion (nombre, tipo, fk_localizacion) VALUES ('Churrasqueria de Michelena Las VIP', 'Restaurante', @pertenece);
SET @restaurante = (SELECT pkLocacion FROM (SELECT id_locacion as pkLocacion FROM arma_tu_fiesta.locacion WHERE nombre = 'Churrasqueria de Michelena Las VIP' AND tipo = 'Restaurante') as tablaLocacion);
INSERT INTO arma_tu_fiesta.telefono (numero, fk_locacion) VALUES ('0426613614', @restaurante);

SET @pertenece = (SELECT pkLugar FROM (SELECT id_lugar as pkLugar FROM arma_tu_fiesta.lugar WHERE tipo = 'Municipio' AND nombre = 'Ocumare de la Costa de Oro (Ocumare de la Costa)') as tablaLugar);
INSERT INTO arma_tu_fiesta.locacion (nombre, tipo, fk_localizacion) VALUES ('Burritos de Ocumare de Deluxe', 'Restaurante', @pertenece);
SET @restaurante = (SELECT pkLocacion FROM (SELECT id_locacion as pkLocacion FROM arma_tu_fiesta.locacion WHERE nombre = 'Burritos de Ocumare de Deluxe' AND tipo = 'Restaurante') as tablaLocacion);
INSERT INTO arma_tu_fiesta.telefono (numero, fk_locacion) VALUES ('0212891106', @restaurante);

SET @pertenece = (SELECT pkLugar FROM (SELECT id_lugar as pkLugar FROM arma_tu_fiesta.lugar WHERE tipo = 'Municipio' AND nombre = 'Revenga (El Consejo)') as tablaLugar);
INSERT INTO arma_tu_fiesta.locacion (nombre, tipo, fk_localizacion) VALUES ('Brisas de Revenga El Gourmet', 'Restaurante', @pertenece);
SET @restaurante = (SELECT pkLocacion FROM (SELECT id_locacion as pkLocacion FROM arma_tu_fiesta.locacion WHERE nombre = 'Brisas de Revenga El Gourmet' AND tipo = 'Restaurante') as tablaLocacion);
INSERT INTO arma_tu_fiesta.telefono (numero, fk_locacion) VALUES ('0412531075', @restaurante);

SET @pertenece = (SELECT pkLugar FROM (SELECT id_lugar as pkLugar FROM arma_tu_fiesta.lugar WHERE tipo = 'Municipio' AND nombre = 'Ribas (La Victoria)') as tablaLugar);
INSERT INTO arma_tu_fiesta.locacion (nombre, tipo, fk_localizacion) VALUES ('Burritos de Ribas La Rico', 'Restaurante', @pertenece);
SET @restaurante = (SELECT pkLocacion FROM (SELECT id_locacion as pkLocacion FROM arma_tu_fiesta.locacion WHERE nombre = 'Burritos de Ribas La Rico' AND tipo = 'Restaurante') as tablaLocacion);
INSERT INTO arma_tu_fiesta.telefono (numero, fk_locacion) VALUES ('0414278847', @restaurante);

SET @pertenece = (SELECT pkLugar FROM (SELECT id_lugar as pkLugar FROM arma_tu_fiesta.lugar WHERE tipo = 'Municipio' AND nombre = 'San Casimiro (San Casimiro)') as tablaLugar);
INSERT INTO arma_tu_fiesta.locacion (nombre, tipo, fk_localizacion) VALUES ('Brisas de San Casimiro Deluxe', 'Restaurante', @pertenece);
SET @restaurante = (SELECT pkLocacion FROM (SELECT id_locacion as pkLocacion FROM arma_tu_fiesta.locacion WHERE nombre = 'Brisas de San Casimiro Deluxe' AND tipo = 'Restaurante') as tablaLocacion);
INSERT INTO arma_tu_fiesta.telefono (numero, fk_locacion) VALUES ('0426188589', @restaurante);

SET @pertenece = (SELECT pkLugar FROM (SELECT id_lugar as pkLugar FROM arma_tu_fiesta.lugar WHERE tipo = 'Municipio' AND nombre = 'San Sebastián (San Sebastián de Los Reyes)') as tablaLugar);
INSERT INTO arma_tu_fiesta.locacion (nombre, tipo, fk_localizacion) VALUES ('Grill de San Sebastián VIP', 'Restaurante', @pertenece);
SET @restaurante = (SELECT pkLocacion FROM (SELECT id_locacion as pkLocacion FROM arma_tu_fiesta.locacion WHERE nombre = 'Grill de San Sebastián VIP' AND tipo = 'Restaurante') as tablaLocacion);
INSERT INTO arma_tu_fiesta.telefono (numero, fk_locacion) VALUES ('0424714570', @restaurante);

SET @pertenece = (SELECT pkLugar FROM (SELECT id_lugar as pkLugar FROM arma_tu_fiesta.lugar WHERE tipo = 'Municipio' AND nombre = 'Sucre (Cagua)') as tablaLugar);
INSERT INTO arma_tu_fiesta.locacion (nombre, tipo, fk_localizacion) VALUES ('Churrasqueria de Sucre Cagua) Rico', 'Restaurante', @pertenece);
SET @restaurante = (SELECT pkLocacion FROM (SELECT id_locacion as pkLocacion FROM arma_tu_fiesta.locacion WHERE nombre = 'Churrasqueria de Sucre Cagua) Rico' AND tipo = 'Restaurante') as tablaLocacion);
INSERT INTO arma_tu_fiesta.telefono (numero, fk_locacion) VALUES ('0416267290', @restaurante);

SET @pertenece = (SELECT pkLugar FROM (SELECT id_lugar as pkLugar FROM arma_tu_fiesta.lugar WHERE tipo = 'Municipio' AND nombre = 'Tovar (Colonia Tovar)') as tablaLugar);
INSERT INTO arma_tu_fiesta.locacion (nombre, tipo, fk_localizacion) VALUES ('Fusion Asiatica de Tovar Colonia Criollo', 'Restaurante', @pertenece);
SET @restaurante = (SELECT pkLocacion FROM (SELECT id_locacion as pkLocacion FROM arma_tu_fiesta.locacion WHERE nombre = 'Fusion Asiatica de Tovar Colonia Criollo' AND tipo = 'Restaurante') as tablaLocacion);
INSERT INTO arma_tu_fiesta.telefono (numero, fk_locacion) VALUES ('0212619284', @restaurante);

SET @pertenece = (SELECT pkLugar FROM (SELECT id_lugar as pkLugar FROM arma_tu_fiesta.lugar WHERE tipo = 'Municipio' AND nombre = 'Urdaneta (Barbacoas)') as tablaLugar);
INSERT INTO arma_tu_fiesta.locacion (nombre, tipo, fk_localizacion) VALUES ('Arepera Urdaneta Barbacoas) Gourmet', 'Restaurante', @pertenece);
SET @restaurante = (SELECT pkLocacion FROM (SELECT id_locacion as pkLocacion FROM arma_tu_fiesta.locacion WHERE nombre = 'Arepera Urdaneta Barbacoas) Gourmet' AND tipo = 'Restaurante') as tablaLocacion);
INSERT INTO arma_tu_fiesta.telefono (numero, fk_locacion) VALUES ('0416764820', @restaurante);

SET @pertenece = (SELECT pkLugar FROM (SELECT id_lugar as pkLugar FROM arma_tu_fiesta.lugar WHERE tipo = 'Municipio' AND nombre = 'Zamora (Villa de Cura)') as tablaLugar);
INSERT INTO arma_tu_fiesta.locacion (nombre, tipo, fk_localizacion) VALUES ('Burritos de Zamora Villa Criollo', 'Restaurante', @pertenece);
SET @restaurante = (SELECT pkLocacion FROM (SELECT id_locacion as pkLocacion FROM arma_tu_fiesta.locacion WHERE nombre = 'Burritos de Zamora Villa Criollo' AND tipo = 'Restaurante') as tablaLocacion);
INSERT INTO arma_tu_fiesta.telefono (numero, fk_locacion) VALUES ('0212364178', @restaurante);

SET @pertenece = (SELECT pkLugar FROM (SELECT id_lugar as pkLugar FROM arma_tu_fiesta.lugar WHERE tipo = 'Municipio' AND nombre = 'Alberto Arvelo Torrealba (Sabaneta)') as tablaLugar);
INSERT INTO arma_tu_fiesta.locacion (nombre, tipo, fk_localizacion) VALUES ('Los Costillas de Alberto Arvelo Deluxe', 'Restaurante', @pertenece);
SET @restaurante = (SELECT pkLocacion FROM (SELECT id_locacion as pkLocacion FROM arma_tu_fiesta.locacion WHERE nombre = 'Los Costillas de Alberto Arvelo Deluxe' AND tipo = 'Restaurante') as tablaLocacion);
INSERT INTO arma_tu_fiesta.telefono (numero, fk_locacion) VALUES ('0412676790', @restaurante);

SET @pertenece = (SELECT pkLugar FROM (SELECT id_lugar as pkLugar FROM arma_tu_fiesta.lugar WHERE tipo = 'Municipio' AND nombre = 'Andrés Eloy Blanco (El Cantón)') as tablaLugar);
INSERT INTO arma_tu_fiesta.locacion (nombre, tipo, fk_localizacion) VALUES ('Pizzeria de Andrés Eloy Criollo', 'Restaurante', @pertenece);
SET @restaurante = (SELECT pkLocacion FROM (SELECT id_locacion as pkLocacion FROM arma_tu_fiesta.locacion WHERE nombre = 'Pizzeria de Andrés Eloy Criollo' AND tipo = 'Restaurante') as tablaLocacion);
INSERT INTO arma_tu_fiesta.telefono (numero, fk_locacion) VALUES ('0414170202', @restaurante);

SET @pertenece = (SELECT pkLugar FROM (SELECT id_lugar as pkLugar FROM arma_tu_fiesta.lugar WHERE tipo = 'Municipio' AND nombre = 'Antonio José de Sucre (Socopó)') as tablaLugar);
INSERT INTO arma_tu_fiesta.locacion (nombre, tipo, fk_localizacion) VALUES ('Arepera Antonio José Deluxe', 'Restaurante', @pertenece);
SET @restaurante = (SELECT pkLocacion FROM (SELECT id_locacion as pkLocacion FROM arma_tu_fiesta.locacion WHERE nombre = 'Arepera Antonio José Deluxe' AND tipo = 'Restaurante') as tablaLocacion);
INSERT INTO arma_tu_fiesta.telefono (numero, fk_locacion) VALUES ('0424566644', @restaurante);

SET @pertenece = (SELECT pkLugar FROM (SELECT id_lugar as pkLugar FROM arma_tu_fiesta.lugar WHERE tipo = 'Municipio' AND nombre = 'Arismendi (Arismendi)') as tablaLugar);
INSERT INTO arma_tu_fiesta.locacion (nombre, tipo, fk_localizacion) VALUES ('Arepera Arismendi Arismendi) VIP', 'Restaurante', @pertenece);
SET @restaurante = (SELECT pkLocacion FROM (SELECT id_locacion as pkLocacion FROM arma_tu_fiesta.locacion WHERE nombre = 'Arepera Arismendi Arismendi) VIP' AND tipo = 'Restaurante') as tablaLocacion);
INSERT INTO arma_tu_fiesta.telefono (numero, fk_locacion) VALUES ('0426365971', @restaurante);

SET @pertenece = (SELECT pkLugar FROM (SELECT id_lugar as pkLugar FROM arma_tu_fiesta.lugar WHERE tipo = 'Municipio' AND nombre = 'Barinas (Barinas)') as tablaLugar);
INSERT INTO arma_tu_fiesta.locacion (nombre, tipo, fk_localizacion) VALUES ('Brisas de Barinas Barinas) Rico', 'Restaurante', @pertenece);
SET @restaurante = (SELECT pkLocacion FROM (SELECT id_locacion as pkLocacion FROM arma_tu_fiesta.locacion WHERE nombre = 'Brisas de Barinas Barinas) Rico' AND tipo = 'Restaurante') as tablaLocacion);
INSERT INTO arma_tu_fiesta.telefono (numero, fk_locacion) VALUES ('0212361037', @restaurante);

INSERT INTO arma_tu_fiesta.coordenada (latitud, longitud, fk_locacion) VALUES ('8.62261','-70.20749', @restaurante);
INSERT INTO arma_tu_fiesta.salon_de_fiesta (fk_salon, descripcion, capacidad_personas) VALUES (@restaurante, 'Sala Prive del Restaurante', '100');
INSERT INTO arma_tu_fiesta.punto_de_referencia (descripcion, fk_salon_de_fiesta) VALUES ('A la izquierda de la panaderia gris',@restaurante);

SET @caract = (SELECT pkCaract FROM (SELECT id_caracteristica as pkCaract FROM arma_tu_fiesta.caracteristica WHERE nombre = 'Area Techada') as tablaCaract);
INSERT INTO arma_tu_fiesta.caracteristica_salon (fk_salon_de_fiesta, fk_caracteristica, cantidad) VALUES (@restaurante,@caract, '5');

SET @caract = (SELECT pkCaract FROM (SELECT id_caracteristica as pkCaract FROM arma_tu_fiesta.caracteristica WHERE nombre = 'Estacionamiento') as tablaCaract);
INSERT INTO arma_tu_fiesta.caracteristica_salon (fk_salon_de_fiesta, fk_caracteristica, cantidad) VALUES (@restaurante,@caract, '5');

SET @caract = (SELECT pkCaract FROM (SELECT id_caracteristica as pkCaract FROM arma_tu_fiesta.caracteristica WHERE nombre = 'Punto de Electricidad') as tablaCaract);
INSERT INTO arma_tu_fiesta.caracteristica_salon (fk_salon_de_fiesta, fk_caracteristica, cantidad) VALUES (@restaurante,@caract, '5');

SET @caract = (SELECT pkCaract FROM (SELECT id_caracteristica as pkCaract FROM arma_tu_fiesta.caracteristica WHERE nombre = 'Fuente') as tablaCaract);
INSERT INTO arma_tu_fiesta.caracteristica_salon (fk_salon_de_fiesta, fk_caracteristica, cantidad) VALUES (@restaurante,@caract, '1');

SET @caract = (SELECT pkCaract FROM (SELECT id_caracteristica as pkCaract FROM arma_tu_fiesta.caracteristica WHERE nombre = 'Area Infantil') as tablaCaract);
INSERT INTO arma_tu_fiesta.caracteristica_salon (fk_salon_de_fiesta, fk_caracteristica, cantidad) VALUES (@restaurante,@caract, '1');

SET @pertenece = (SELECT pkLugar FROM (SELECT id_lugar as pkLugar FROM arma_tu_fiesta.lugar WHERE tipo = 'Municipio' AND nombre = 'Bolívar (Barinitas)') as tablaLugar);
INSERT INTO arma_tu_fiesta.locacion (nombre, tipo, fk_localizacion) VALUES ('Parrillera de Bolívar Barinitas) VIP', 'Restaurante', @pertenece);
SET @restaurante = (SELECT pkLocacion FROM (SELECT id_locacion as pkLocacion FROM arma_tu_fiesta.locacion WHERE nombre = 'Parrillera de Bolívar Barinitas) VIP' AND tipo = 'Restaurante') as tablaLocacion);
INSERT INTO arma_tu_fiesta.telefono (numero, fk_locacion) VALUES ('0412379099', @restaurante);

SET @pertenece = (SELECT pkLugar FROM (SELECT id_lugar as pkLugar FROM arma_tu_fiesta.lugar WHERE tipo = 'Municipio' AND nombre = 'Cruz Paredes (Barrancas)') as tablaLugar);
INSERT INTO arma_tu_fiesta.locacion (nombre, tipo, fk_localizacion) VALUES ('Burritos de Cruz Paredes Rico', 'Restaurante', @pertenece);
SET @restaurante = (SELECT pkLocacion FROM (SELECT id_locacion as pkLocacion FROM arma_tu_fiesta.locacion WHERE nombre = 'Burritos de Cruz Paredes Rico' AND tipo = 'Restaurante') as tablaLocacion);
INSERT INTO arma_tu_fiesta.telefono (numero, fk_locacion) VALUES ('0426789749', @restaurante);

SET @pertenece = (SELECT pkLugar FROM (SELECT id_lugar as pkLugar FROM arma_tu_fiesta.lugar WHERE tipo = 'Municipio' AND nombre = 'Ezequiel Zamora (Santa Bárbara)') as tablaLugar);
INSERT INTO arma_tu_fiesta.locacion (nombre, tipo, fk_localizacion) VALUES ('Tacos de Ezequiel Zamora Deluxe', 'Restaurante', @pertenece);
SET @restaurante = (SELECT pkLocacion FROM (SELECT id_locacion as pkLocacion FROM arma_tu_fiesta.locacion WHERE nombre = 'Tacos de Ezequiel Zamora Deluxe' AND tipo = 'Restaurante') as tablaLocacion);
INSERT INTO arma_tu_fiesta.telefono (numero, fk_locacion) VALUES ('0424900977', @restaurante);

SET @pertenece = (SELECT pkLugar FROM (SELECT id_lugar as pkLugar FROM arma_tu_fiesta.lugar WHERE tipo = 'Municipio' AND nombre = 'Obispos (Obispos)') as tablaLugar);
INSERT INTO arma_tu_fiesta.locacion (nombre, tipo, fk_localizacion) VALUES ('Bistro de Obispos Obispos) Gourmet', 'Restaurante', @pertenece);
SET @restaurante = (SELECT pkLocacion FROM (SELECT id_locacion as pkLocacion FROM arma_tu_fiesta.locacion WHERE nombre = 'Bistro de Obispos Obispos) Gourmet' AND tipo = 'Restaurante') as tablaLocacion);
INSERT INTO arma_tu_fiesta.telefono (numero, fk_locacion) VALUES ('0424302534', @restaurante);

SET @pertenece = (SELECT pkLugar FROM (SELECT id_lugar as pkLugar FROM arma_tu_fiesta.lugar WHERE tipo = 'Municipio' AND nombre = 'Pedraza (Ciudad Bolivia)') as tablaLugar);
INSERT INTO arma_tu_fiesta.locacion (nombre, tipo, fk_localizacion) VALUES ('Parrillera de Pedraza Ciudad Criollo', 'Restaurante', @pertenece);
SET @restaurante = (SELECT pkLocacion FROM (SELECT id_locacion as pkLocacion FROM arma_tu_fiesta.locacion WHERE nombre = 'Parrillera de Pedraza Ciudad Criollo' AND tipo = 'Restaurante') as tablaLocacion);
INSERT INTO arma_tu_fiesta.telefono (numero, fk_locacion) VALUES ('0212951695', @restaurante);

SET @pertenece = (SELECT pkLugar FROM (SELECT id_lugar as pkLugar FROM arma_tu_fiesta.lugar WHERE tipo = 'Municipio' AND nombre = 'Rojas (Libertad)') as tablaLugar);
INSERT INTO arma_tu_fiesta.locacion (nombre, tipo, fk_localizacion) VALUES ('Parrillera de Rojas Libertad) Gourmet', 'Restaurante', @pertenece);
SET @restaurante = (SELECT pkLocacion FROM (SELECT id_locacion as pkLocacion FROM arma_tu_fiesta.locacion WHERE nombre = 'Parrillera de Rojas Libertad) Gourmet' AND tipo = 'Restaurante') as tablaLocacion);
INSERT INTO arma_tu_fiesta.telefono (numero, fk_locacion) VALUES ('0212706669', @restaurante);

SET @pertenece = (SELECT pkLugar FROM (SELECT id_lugar as pkLugar FROM arma_tu_fiesta.lugar WHERE tipo = 'Municipio' AND nombre = 'Sosa (Ciudad de Nutrias)') as tablaLugar);
INSERT INTO arma_tu_fiesta.locacion (nombre, tipo, fk_localizacion) VALUES ('Arepera Sosa Ciudad Rico', 'Restaurante', @pertenece);
SET @restaurante = (SELECT pkLocacion FROM (SELECT id_locacion as pkLocacion FROM arma_tu_fiesta.locacion WHERE nombre = 'Arepera Sosa Ciudad Rico' AND tipo = 'Restaurante') as tablaLocacion);
INSERT INTO arma_tu_fiesta.telefono (numero, fk_locacion) VALUES ('0412932381', @restaurante);

SET @pertenece = (SELECT pkLugar FROM (SELECT id_lugar as pkLugar FROM arma_tu_fiesta.lugar WHERE tipo = 'Municipio' AND nombre = 'Angostura (Ciudad Piar)') as tablaLugar);
INSERT INTO arma_tu_fiesta.locacion (nombre, tipo, fk_localizacion) VALUES ('Bolognesa de Angostura Ciudad Rico', 'Restaurante', @pertenece);
SET @restaurante = (SELECT pkLocacion FROM (SELECT id_locacion as pkLocacion FROM arma_tu_fiesta.locacion WHERE nombre = 'Bolognesa de Angostura Ciudad Rico' AND tipo = 'Restaurante') as tablaLocacion);
INSERT INTO arma_tu_fiesta.telefono (numero, fk_locacion) VALUES ('0212794457', @restaurante);

SET @pertenece = (SELECT pkLugar FROM (SELECT id_lugar as pkLugar FROM arma_tu_fiesta.lugar WHERE tipo = 'Municipio' AND nombre = 'Angostura del Orinoco (Ciudad Bolívar)') as tablaLugar);
INSERT INTO arma_tu_fiesta.locacion (nombre, tipo, fk_localizacion) VALUES ('Fusion Asiatica de Angostura del VIP', 'Restaurante', @pertenece);
SET @restaurante = (SELECT pkLocacion FROM (SELECT id_locacion as pkLocacion FROM arma_tu_fiesta.locacion WHERE nombre = 'Fusion Asiatica de Angostura del VIP' AND tipo = 'Restaurante') as tablaLocacion);
INSERT INTO arma_tu_fiesta.telefono (numero, fk_locacion) VALUES ('0416822423', @restaurante);

INSERT INTO arma_tu_fiesta.coordenada (latitud, longitud, fk_locacion) VALUES ('8.116667','-63.55', @restaurante);
INSERT INTO arma_tu_fiesta.salon_de_fiesta (fk_salon, descripcion, capacidad_personas) VALUES (@restaurante, 'Sala Prive del Restaurante', '100');
INSERT INTO arma_tu_fiesta.punto_de_referencia (descripcion, fk_salon_de_fiesta) VALUES ('A la izquierda de la panaderia gris',@restaurante);

SET @caract = (SELECT pkCaract FROM (SELECT id_caracteristica as pkCaract FROM arma_tu_fiesta.caracteristica WHERE nombre = 'Area Techada') as tablaCaract);
INSERT INTO arma_tu_fiesta.caracteristica_salon (fk_salon_de_fiesta, fk_caracteristica, cantidad) VALUES (@restaurante,@caract, '5');

SET @caract = (SELECT pkCaract FROM (SELECT id_caracteristica as pkCaract FROM arma_tu_fiesta.caracteristica WHERE nombre = 'Estacionamiento') as tablaCaract);
INSERT INTO arma_tu_fiesta.caracteristica_salon (fk_salon_de_fiesta, fk_caracteristica, cantidad) VALUES (@restaurante,@caract, '1');

SET @caract = (SELECT pkCaract FROM (SELECT id_caracteristica as pkCaract FROM arma_tu_fiesta.caracteristica WHERE nombre = 'Punto de Electricidad') as tablaCaract);
INSERT INTO arma_tu_fiesta.caracteristica_salon (fk_salon_de_fiesta, fk_caracteristica, cantidad) VALUES (@restaurante,@caract, '1');

SET @caract = (SELECT pkCaract FROM (SELECT id_caracteristica as pkCaract FROM arma_tu_fiesta.caracteristica WHERE nombre = 'Fuente') as tablaCaract);
INSERT INTO arma_tu_fiesta.caracteristica_salon (fk_salon_de_fiesta, fk_caracteristica, cantidad) VALUES (@restaurante,@caract, '4');

SET @caract = (SELECT pkCaract FROM (SELECT id_caracteristica as pkCaract FROM arma_tu_fiesta.caracteristica WHERE nombre = 'Area Infantil') as tablaCaract);
INSERT INTO arma_tu_fiesta.caracteristica_salon (fk_salon_de_fiesta, fk_caracteristica, cantidad) VALUES (@restaurante,@caract, '5');

SET @pertenece = (SELECT pkLugar FROM (SELECT id_lugar as pkLugar FROM arma_tu_fiesta.lugar WHERE tipo = 'Municipio' AND nombre = 'Caroní (Ciudad Guayana)') as tablaLugar);
INSERT INTO arma_tu_fiesta.locacion (nombre, tipo, fk_localizacion) VALUES ('Hornos de Caroní Ciudad Gourmet', 'Restaurante', @pertenece);
SET @restaurante = (SELECT pkLocacion FROM (SELECT id_locacion as pkLocacion FROM arma_tu_fiesta.locacion WHERE nombre = 'Hornos de Caroní Ciudad Gourmet' AND tipo = 'Restaurante') as tablaLocacion);
INSERT INTO arma_tu_fiesta.telefono (numero, fk_locacion) VALUES ('0426481302', @restaurante);

SET @pertenece = (SELECT pkLugar FROM (SELECT id_lugar as pkLugar FROM arma_tu_fiesta.lugar WHERE tipo = 'Municipio' AND nombre = 'Cedeño (Caicara del Orinoco)') as tablaLugar);
INSERT INTO arma_tu_fiesta.locacion (nombre, tipo, fk_localizacion) VALUES ('Pizzeria de Cedeño Caicara Rico', 'Restaurante', @pertenece);
SET @restaurante = (SELECT pkLocacion FROM (SELECT id_locacion as pkLocacion FROM arma_tu_fiesta.locacion WHERE nombre = 'Pizzeria de Cedeño Caicara Rico' AND tipo = 'Restaurante') as tablaLocacion);
INSERT INTO arma_tu_fiesta.telefono (numero, fk_locacion) VALUES ('0414429214', @restaurante);

SET @pertenece = (SELECT pkLugar FROM (SELECT id_lugar as pkLugar FROM arma_tu_fiesta.lugar WHERE tipo = 'Municipio' AND nombre = 'Chien (El Palmar)') as tablaLugar);
INSERT INTO arma_tu_fiesta.locacion (nombre, tipo, fk_localizacion) VALUES ('Arepera Chien El Criollo', 'Restaurante', @pertenece);
SET @restaurante = (SELECT pkLocacion FROM (SELECT id_locacion as pkLocacion FROM arma_tu_fiesta.locacion WHERE nombre = 'Arepera Chien El Criollo' AND tipo = 'Restaurante') as tablaLocacion);
INSERT INTO arma_tu_fiesta.telefono (numero, fk_locacion) VALUES ('0212813827', @restaurante);

SET @pertenece = (SELECT pkLugar FROM (SELECT id_lugar as pkLugar FROM arma_tu_fiesta.lugar WHERE tipo = 'Municipio' AND nombre = 'El Callao (El Callao)') as tablaLugar);
INSERT INTO arma_tu_fiesta.locacion (nombre, tipo, fk_localizacion) VALUES ('Arepera El Callao Rico', 'Restaurante', @pertenece);
SET @restaurante = (SELECT pkLocacion FROM (SELECT id_locacion as pkLocacion FROM arma_tu_fiesta.locacion WHERE nombre = 'Arepera El Callao Rico' AND tipo = 'Restaurante') as tablaLocacion);
INSERT INTO arma_tu_fiesta.telefono (numero, fk_locacion) VALUES ('0424965909', @restaurante);

SET @pertenece = (SELECT pkLugar FROM (SELECT id_lugar as pkLugar FROM arma_tu_fiesta.lugar WHERE tipo = 'Municipio' AND nombre = 'Gran Sabana (Santa Elena de Uairén)') as tablaLugar);
INSERT INTO arma_tu_fiesta.locacion (nombre, tipo, fk_localizacion) VALUES ('Mar y Tierra de Gran Sabana Deluxe', 'Restaurante', @pertenece);
SET @restaurante = (SELECT pkLocacion FROM (SELECT id_locacion as pkLocacion FROM arma_tu_fiesta.locacion WHERE nombre = 'Mar y Tierra de Gran Sabana Deluxe' AND tipo = 'Restaurante') as tablaLocacion);
INSERT INTO arma_tu_fiesta.telefono (numero, fk_locacion) VALUES ('0412477568', @restaurante);

SET @pertenece = (SELECT pkLugar FROM (SELECT id_lugar as pkLugar FROM arma_tu_fiesta.lugar WHERE tipo = 'Municipio' AND nombre = 'Piar (Upata)') as tablaLugar);
INSERT INTO arma_tu_fiesta.locacion (nombre, tipo, fk_localizacion) VALUES ('Bistro de Piar Upata) VIP', 'Restaurante', @pertenece);
SET @restaurante = (SELECT pkLocacion FROM (SELECT id_locacion as pkLocacion FROM arma_tu_fiesta.locacion WHERE nombre = 'Bistro de Piar Upata) VIP' AND tipo = 'Restaurante') as tablaLocacion);
INSERT INTO arma_tu_fiesta.telefono (numero, fk_locacion) VALUES ('0426939206', @restaurante);

SET @pertenece = (SELECT pkLugar FROM (SELECT id_lugar as pkLugar FROM arma_tu_fiesta.lugar WHERE tipo = 'Municipio' AND nombre = 'Roscio (Guasipati)') as tablaLugar);
INSERT INTO arma_tu_fiesta.locacion (nombre, tipo, fk_localizacion) VALUES ('Bistro de Roscio Guasipati) Criollo', 'Restaurante', @pertenece);
SET @restaurante = (SELECT pkLocacion FROM (SELECT id_locacion as pkLocacion FROM arma_tu_fiesta.locacion WHERE nombre = 'Bistro de Roscio Guasipati) Criollo' AND tipo = 'Restaurante') as tablaLocacion);
INSERT INTO arma_tu_fiesta.telefono (numero, fk_locacion) VALUES ('0426977285', @restaurante);

SET @pertenece = (SELECT pkLugar FROM (SELECT id_lugar as pkLugar FROM arma_tu_fiesta.lugar WHERE tipo = 'Municipio' AND nombre = 'Sifontes (El Dorado)') as tablaLugar);
INSERT INTO arma_tu_fiesta.locacion (nombre, tipo, fk_localizacion) VALUES ('Mar y Tierra de Sifontes El Deluxe', 'Restaurante', @pertenece);
SET @restaurante = (SELECT pkLocacion FROM (SELECT id_locacion as pkLocacion FROM arma_tu_fiesta.locacion WHERE nombre = 'Mar y Tierra de Sifontes El Deluxe' AND tipo = 'Restaurante') as tablaLocacion);
INSERT INTO arma_tu_fiesta.telefono (numero, fk_locacion) VALUES ('0426689744', @restaurante);

SET @pertenece = (SELECT pkLugar FROM (SELECT id_lugar as pkLugar FROM arma_tu_fiesta.lugar WHERE tipo = 'Municipio' AND nombre = 'Sucre (Maripa)') as tablaLugar);
INSERT INTO arma_tu_fiesta.locacion (nombre, tipo, fk_localizacion) VALUES ('Burritos de Sucre Maripa) Criollo', 'Restaurante', @pertenece);
SET @restaurante = (SELECT pkLocacion FROM (SELECT id_locacion as pkLocacion FROM arma_tu_fiesta.locacion WHERE nombre = 'Burritos de Sucre Maripa) Criollo' AND tipo = 'Restaurante') as tablaLocacion);
INSERT INTO arma_tu_fiesta.telefono (numero, fk_locacion) VALUES ('0424927453', @restaurante);

SET @pertenece = (SELECT pkLugar FROM (SELECT id_lugar as pkLugar FROM arma_tu_fiesta.lugar WHERE tipo = 'Municipio' AND nombre = 'Bejuma (Bejuma)') as tablaLugar);
INSERT INTO arma_tu_fiesta.locacion (nombre, tipo, fk_localizacion) VALUES ('Fusion Asiatica de Bejuma Bejuma) Gourmet', 'Restaurante', @pertenece);
SET @restaurante = (SELECT pkLocacion FROM (SELECT id_locacion as pkLocacion FROM arma_tu_fiesta.locacion WHERE nombre = 'Fusion Asiatica de Bejuma Bejuma) Gourmet' AND tipo = 'Restaurante') as tablaLocacion);
INSERT INTO arma_tu_fiesta.telefono (numero, fk_locacion) VALUES ('0212563273', @restaurante);

SET @pertenece = (SELECT pkLugar FROM (SELECT id_lugar as pkLugar FROM arma_tu_fiesta.lugar WHERE tipo = 'Municipio' AND nombre = 'Carlos Arvelo (Güigüe)') as tablaLugar);
INSERT INTO arma_tu_fiesta.locacion (nombre, tipo, fk_localizacion) VALUES ('Pizzeria de Carlos Arvelo Rico', 'Restaurante', @pertenece);
SET @restaurante = (SELECT pkLocacion FROM (SELECT id_locacion as pkLocacion FROM arma_tu_fiesta.locacion WHERE nombre = 'Pizzeria de Carlos Arvelo Rico' AND tipo = 'Restaurante') as tablaLocacion);
INSERT INTO arma_tu_fiesta.telefono (numero, fk_locacion) VALUES ('0414106828', @restaurante);

SET @pertenece = (SELECT pkLugar FROM (SELECT id_lugar as pkLugar FROM arma_tu_fiesta.lugar WHERE tipo = 'Municipio' AND nombre = 'Diego Ibarra (Mariara)') as tablaLugar);
INSERT INTO arma_tu_fiesta.locacion (nombre, tipo, fk_localizacion) VALUES ('Los Costillas de Diego Ibarra Rico', 'Restaurante', @pertenece);
SET @restaurante = (SELECT pkLocacion FROM (SELECT id_locacion as pkLocacion FROM arma_tu_fiesta.locacion WHERE nombre = 'Los Costillas de Diego Ibarra Rico' AND tipo = 'Restaurante') as tablaLocacion);
INSERT INTO arma_tu_fiesta.telefono (numero, fk_locacion) VALUES ('0416146700', @restaurante);

SET @pertenece = (SELECT pkLugar FROM (SELECT id_lugar as pkLugar FROM arma_tu_fiesta.lugar WHERE tipo = 'Municipio' AND nombre = 'Guacara (Guacara)') as tablaLugar);
INSERT INTO arma_tu_fiesta.locacion (nombre, tipo, fk_localizacion) VALUES ('Bolognesa de Guacara Guacara) Gourmet', 'Restaurante', @pertenece);
SET @restaurante = (SELECT pkLocacion FROM (SELECT id_locacion as pkLocacion FROM arma_tu_fiesta.locacion WHERE nombre = 'Bolognesa de Guacara Guacara) Gourmet' AND tipo = 'Restaurante') as tablaLocacion);
INSERT INTO arma_tu_fiesta.telefono (numero, fk_locacion) VALUES ('0416701293', @restaurante);

SET @pertenece = (SELECT pkLugar FROM (SELECT id_lugar as pkLugar FROM arma_tu_fiesta.lugar WHERE tipo = 'Municipio' AND nombre = 'Libertador (Tocuyito)') as tablaLugar);
INSERT INTO arma_tu_fiesta.locacion (nombre, tipo, fk_localizacion) VALUES ('Grill de Libertador Tocuyito) Rico', 'Restaurante', @pertenece);
SET @restaurante = (SELECT pkLocacion FROM (SELECT id_locacion as pkLocacion FROM arma_tu_fiesta.locacion WHERE nombre = 'Grill de Libertador Tocuyito) Rico' AND tipo = 'Restaurante') as tablaLocacion);
INSERT INTO arma_tu_fiesta.telefono (numero, fk_locacion) VALUES ('0426167440', @restaurante);

SET @pertenece = (SELECT pkLugar FROM (SELECT id_lugar as pkLugar FROM arma_tu_fiesta.lugar WHERE tipo = 'Municipio' AND nombre = 'Los Guayos (Los Guayos)') as tablaLugar);
INSERT INTO arma_tu_fiesta.locacion (nombre, tipo, fk_localizacion) VALUES ('Burritos de Los Guayos Criollo', 'Restaurante', @pertenece);
SET @restaurante = (SELECT pkLocacion FROM (SELECT id_locacion as pkLocacion FROM arma_tu_fiesta.locacion WHERE nombre = 'Burritos de Los Guayos Criollo' AND tipo = 'Restaurante') as tablaLocacion);
INSERT INTO arma_tu_fiesta.telefono (numero, fk_locacion) VALUES ('0414526255', @restaurante);

SET @pertenece = (SELECT pkLugar FROM (SELECT id_lugar as pkLugar FROM arma_tu_fiesta.lugar WHERE tipo = 'Municipio' AND nombre = 'Miranda (Miranda)') as tablaLugar);
INSERT INTO arma_tu_fiesta.locacion (nombre, tipo, fk_localizacion) VALUES ('Pizzeria de Miranda Miranda) Gourmet', 'Restaurante', @pertenece);
SET @restaurante = (SELECT pkLocacion FROM (SELECT id_locacion as pkLocacion FROM arma_tu_fiesta.locacion WHERE nombre = 'Pizzeria de Miranda Miranda) Gourmet' AND tipo = 'Restaurante') as tablaLocacion);
INSERT INTO arma_tu_fiesta.telefono (numero, fk_locacion) VALUES ('0424674984', @restaurante);

SET @pertenece = (SELECT pkLugar FROM (SELECT id_lugar as pkLugar FROM arma_tu_fiesta.lugar WHERE tipo = 'Municipio' AND nombre = 'Mora (Morón)') as tablaLugar);
INSERT INTO arma_tu_fiesta.locacion (nombre, tipo, fk_localizacion) VALUES ('Burritos de Mora Morón) Rico', 'Restaurante', @pertenece);
SET @restaurante = (SELECT pkLocacion FROM (SELECT id_locacion as pkLocacion FROM arma_tu_fiesta.locacion WHERE nombre = 'Burritos de Mora Morón) Rico' AND tipo = 'Restaurante') as tablaLocacion);
INSERT INTO arma_tu_fiesta.telefono (numero, fk_locacion) VALUES ('0412940223', @restaurante);

SET @pertenece = (SELECT pkLugar FROM (SELECT id_lugar as pkLugar FROM arma_tu_fiesta.lugar WHERE tipo = 'Municipio' AND nombre = 'Montalbán (Montalbán)') as tablaLugar);
INSERT INTO arma_tu_fiesta.locacion (nombre, tipo, fk_localizacion) VALUES ('Los Costillas de Montalbán Montalbán) Rico', 'Restaurante', @pertenece);
SET @restaurante = (SELECT pkLocacion FROM (SELECT id_locacion as pkLocacion FROM arma_tu_fiesta.locacion WHERE nombre = 'Los Costillas de Montalbán Montalbán) Rico' AND tipo = 'Restaurante') as tablaLocacion);
INSERT INTO arma_tu_fiesta.telefono (numero, fk_locacion) VALUES ('0416767727', @restaurante);

SET @pertenece = (SELECT pkLugar FROM (SELECT id_lugar as pkLugar FROM arma_tu_fiesta.lugar WHERE tipo = 'Municipio' AND nombre = 'Naguanagua ( Naguanagua)') as tablaLugar);
INSERT INTO arma_tu_fiesta.locacion (nombre, tipo, fk_localizacion) VALUES ('Arepera Naguanagua  Deluxe', 'Restaurante', @pertenece);
SET @restaurante = (SELECT pkLocacion FROM (SELECT id_locacion as pkLocacion FROM arma_tu_fiesta.locacion WHERE nombre = 'Arepera Naguanagua  Deluxe' AND tipo = 'Restaurante') as tablaLocacion);
INSERT INTO arma_tu_fiesta.telefono (numero, fk_locacion) VALUES ('0412901267', @restaurante);

SET @pertenece = (SELECT pkLugar FROM (SELECT id_lugar as pkLugar FROM arma_tu_fiesta.lugar WHERE tipo = 'Municipio' AND nombre = 'Puerto Cabello (Puerto Cabello)') as tablaLugar);
INSERT INTO arma_tu_fiesta.locacion (nombre, tipo, fk_localizacion) VALUES ('Burritos de Puerto Cabello Criollo', 'Restaurante', @pertenece);
SET @restaurante = (SELECT pkLocacion FROM (SELECT id_locacion as pkLocacion FROM arma_tu_fiesta.locacion WHERE nombre = 'Burritos de Puerto Cabello Criollo' AND tipo = 'Restaurante') as tablaLocacion);
INSERT INTO arma_tu_fiesta.telefono (numero, fk_locacion) VALUES ('0414855051', @restaurante);

SET @pertenece = (SELECT pkLugar FROM (SELECT id_lugar as pkLugar FROM arma_tu_fiesta.lugar WHERE tipo = 'Municipio' AND nombre = 'San Diego (San Diego)') as tablaLugar);
INSERT INTO arma_tu_fiesta.locacion (nombre, tipo, fk_localizacion) VALUES ('Grill de San Diego Deluxe', 'Restaurante', @pertenece);
SET @restaurante = (SELECT pkLocacion FROM (SELECT id_locacion as pkLocacion FROM arma_tu_fiesta.locacion WHERE nombre = 'Grill de San Diego Deluxe' AND tipo = 'Restaurante') as tablaLocacion);
INSERT INTO arma_tu_fiesta.telefono (numero, fk_locacion) VALUES ('0424321762', @restaurante);

SET @pertenece = (SELECT pkLugar FROM (SELECT id_lugar as pkLugar FROM arma_tu_fiesta.lugar WHERE tipo = 'Municipio' AND nombre = 'San Joaquín (San Joaquín)') as tablaLugar);
INSERT INTO arma_tu_fiesta.locacion (nombre, tipo, fk_localizacion) VALUES ('Tacos de San Joaquín Deluxe', 'Restaurante', @pertenece);
SET @restaurante = (SELECT pkLocacion FROM (SELECT id_locacion as pkLocacion FROM arma_tu_fiesta.locacion WHERE nombre = 'Tacos de San Joaquín Deluxe' AND tipo = 'Restaurante') as tablaLocacion);
INSERT INTO arma_tu_fiesta.telefono (numero, fk_locacion) VALUES ('0426678436', @restaurante);

SET @pertenece = (SELECT pkLugar FROM (SELECT id_lugar as pkLugar FROM arma_tu_fiesta.lugar WHERE tipo = 'Municipio' AND nombre = 'Valencia (Valencia)') as tablaLugar);
INSERT INTO arma_tu_fiesta.locacion (nombre, tipo, fk_localizacion) VALUES ('Churrasqueria de Valencia Valencia) Deluxe', 'Restaurante', @pertenece);
SET @restaurante = (SELECT pkLocacion FROM (SELECT id_locacion as pkLocacion FROM arma_tu_fiesta.locacion WHERE nombre = 'Churrasqueria de Valencia Valencia) Deluxe' AND tipo = 'Restaurante') as tablaLocacion);
INSERT INTO arma_tu_fiesta.telefono (numero, fk_locacion) VALUES ('0412473083', @restaurante);

INSERT INTO arma_tu_fiesta.coordenada (latitud, longitud, fk_locacion) VALUES ('10.083333','-67.966667', @restaurante);
INSERT INTO arma_tu_fiesta.salon_de_fiesta (fk_salon, descripcion, capacidad_personas) VALUES (@restaurante, 'Sala Prive del Restaurante', '100');
INSERT INTO arma_tu_fiesta.punto_de_referencia (descripcion, fk_salon_de_fiesta) VALUES ('Detras de la casa naranja',@restaurante);

SET @caract = (SELECT pkCaract FROM (SELECT id_caracteristica as pkCaract FROM arma_tu_fiesta.caracteristica WHERE nombre = 'Area Techada') as tablaCaract);
INSERT INTO arma_tu_fiesta.caracteristica_salon (fk_salon_de_fiesta, fk_caracteristica, cantidad) VALUES (@restaurante,@caract, '2');

SET @caract = (SELECT pkCaract FROM (SELECT id_caracteristica as pkCaract FROM arma_tu_fiesta.caracteristica WHERE nombre = 'Estacionamiento') as tablaCaract);
INSERT INTO arma_tu_fiesta.caracteristica_salon (fk_salon_de_fiesta, fk_caracteristica, cantidad) VALUES (@restaurante,@caract, '1');

SET @caract = (SELECT pkCaract FROM (SELECT id_caracteristica as pkCaract FROM arma_tu_fiesta.caracteristica WHERE nombre = 'Punto de Electricidad') as tablaCaract);
INSERT INTO arma_tu_fiesta.caracteristica_salon (fk_salon_de_fiesta, fk_caracteristica, cantidad) VALUES (@restaurante,@caract, '3');

SET @caract = (SELECT pkCaract FROM (SELECT id_caracteristica as pkCaract FROM arma_tu_fiesta.caracteristica WHERE nombre = 'Fuente') as tablaCaract);
INSERT INTO arma_tu_fiesta.caracteristica_salon (fk_salon_de_fiesta, fk_caracteristica, cantidad) VALUES (@restaurante,@caract, '3');

SET @caract = (SELECT pkCaract FROM (SELECT id_caracteristica as pkCaract FROM arma_tu_fiesta.caracteristica WHERE nombre = 'Area Infantil') as tablaCaract);
INSERT INTO arma_tu_fiesta.caracteristica_salon (fk_salon_de_fiesta, fk_caracteristica, cantidad) VALUES (@restaurante,@caract, '3');

SET @pertenece = (SELECT pkLugar FROM (SELECT id_lugar as pkLugar FROM arma_tu_fiesta.lugar WHERE tipo = 'Municipio' AND nombre = 'Anzoátegui (Cojedes)') as tablaLugar);
INSERT INTO arma_tu_fiesta.locacion (nombre, tipo, fk_localizacion) VALUES ('Tacos de Anzoátegui Cojedes) VIP', 'Restaurante', @pertenece);
SET @restaurante = (SELECT pkLocacion FROM (SELECT id_locacion as pkLocacion FROM arma_tu_fiesta.locacion WHERE nombre = 'Tacos de Anzoátegui Cojedes) VIP' AND tipo = 'Restaurante') as tablaLocacion);
INSERT INTO arma_tu_fiesta.telefono (numero, fk_locacion) VALUES ('0212519324', @restaurante);

SET @pertenece = (SELECT pkLugar FROM (SELECT id_lugar as pkLugar FROM arma_tu_fiesta.lugar WHERE tipo = 'Municipio' AND nombre = 'Tinaquillo (Tinaquillo)') as tablaLugar);
INSERT INTO arma_tu_fiesta.locacion (nombre, tipo, fk_localizacion) VALUES ('Bolognesa de Tinaquillo Tinaquillo) VIP', 'Restaurante', @pertenece);
SET @restaurante = (SELECT pkLocacion FROM (SELECT id_locacion as pkLocacion FROM arma_tu_fiesta.locacion WHERE nombre = 'Bolognesa de Tinaquillo Tinaquillo) VIP' AND tipo = 'Restaurante') as tablaLocacion);
INSERT INTO arma_tu_fiesta.telefono (numero, fk_locacion) VALUES ('0212587790', @restaurante);

SET @pertenece = (SELECT pkLugar FROM (SELECT id_lugar as pkLugar FROM arma_tu_fiesta.lugar WHERE tipo = 'Municipio' AND nombre = 'Girardot (El Baúl)') as tablaLugar);
INSERT INTO arma_tu_fiesta.locacion (nombre, tipo, fk_localizacion) VALUES ('Bistro de Girardot El VIP', 'Restaurante', @pertenece);
SET @restaurante = (SELECT pkLocacion FROM (SELECT id_locacion as pkLocacion FROM arma_tu_fiesta.locacion WHERE nombre = 'Bistro de Girardot El VIP' AND tipo = 'Restaurante') as tablaLocacion);
INSERT INTO arma_tu_fiesta.telefono (numero, fk_locacion) VALUES ('0412260292', @restaurante);

SET @pertenece = (SELECT pkLugar FROM (SELECT id_lugar as pkLugar FROM arma_tu_fiesta.lugar WHERE tipo = 'Municipio' AND nombre = 'Lima Blanco (Macapo)') as tablaLugar);
INSERT INTO arma_tu_fiesta.locacion (nombre, tipo, fk_localizacion) VALUES ('Mar y Tierra de Lima Blanco VIP', 'Restaurante', @pertenece);
SET @restaurante = (SELECT pkLocacion FROM (SELECT id_locacion as pkLocacion FROM arma_tu_fiesta.locacion WHERE nombre = 'Mar y Tierra de Lima Blanco VIP' AND tipo = 'Restaurante') as tablaLocacion);
INSERT INTO arma_tu_fiesta.telefono (numero, fk_locacion) VALUES ('0416807978', @restaurante);

SET @pertenece = (SELECT pkLugar FROM (SELECT id_lugar as pkLugar FROM arma_tu_fiesta.lugar WHERE tipo = 'Municipio' AND nombre = 'Pao de San Juan Bautista (El Pao)') as tablaLugar);
INSERT INTO arma_tu_fiesta.locacion (nombre, tipo, fk_localizacion) VALUES ('Arepera Pao de Gourmet', 'Restaurante', @pertenece);
SET @restaurante = (SELECT pkLocacion FROM (SELECT id_locacion as pkLocacion FROM arma_tu_fiesta.locacion WHERE nombre = 'Arepera Pao de Gourmet' AND tipo = 'Restaurante') as tablaLocacion);
INSERT INTO arma_tu_fiesta.telefono (numero, fk_locacion) VALUES ('0426873731', @restaurante);

SET @pertenece = (SELECT pkLugar FROM (SELECT id_lugar as pkLugar FROM arma_tu_fiesta.lugar WHERE tipo = 'Municipio' AND nombre = 'Ricaurte (Libertad)') as tablaLugar);
INSERT INTO arma_tu_fiesta.locacion (nombre, tipo, fk_localizacion) VALUES ('Hornos de Ricaurte Libertad) Deluxe', 'Restaurante', @pertenece);
SET @restaurante = (SELECT pkLocacion FROM (SELECT id_locacion as pkLocacion FROM arma_tu_fiesta.locacion WHERE nombre = 'Hornos de Ricaurte Libertad) Deluxe' AND tipo = 'Restaurante') as tablaLocacion);
INSERT INTO arma_tu_fiesta.telefono (numero, fk_locacion) VALUES ('0412893172', @restaurante);

SET @pertenece = (SELECT pkLugar FROM (SELECT id_lugar as pkLugar FROM arma_tu_fiesta.lugar WHERE tipo = 'Municipio' AND nombre = 'Rómulo Gallegos (Las Vegas)') as tablaLugar);
INSERT INTO arma_tu_fiesta.locacion (nombre, tipo, fk_localizacion) VALUES ('Pizzeria de Rómulo Gallegos Deluxe', 'Restaurante', @pertenece);
SET @restaurante = (SELECT pkLocacion FROM (SELECT id_locacion as pkLocacion FROM arma_tu_fiesta.locacion WHERE nombre = 'Pizzeria de Rómulo Gallegos Deluxe' AND tipo = 'Restaurante') as tablaLocacion);
INSERT INTO arma_tu_fiesta.telefono (numero, fk_locacion) VALUES ('0426276715', @restaurante);

SET @pertenece = (SELECT pkLugar FROM (SELECT id_lugar as pkLugar FROM arma_tu_fiesta.lugar WHERE tipo = 'Municipio' AND nombre = 'Ezequiel Zamora (San Carlos)') as tablaLugar);
INSERT INTO arma_tu_fiesta.locacion (nombre, tipo, fk_localizacion) VALUES ('Churrasqueria de Ezequiel Zamora VIP', 'Restaurante', @pertenece);
SET @restaurante = (SELECT pkLocacion FROM (SELECT id_locacion as pkLocacion FROM arma_tu_fiesta.locacion WHERE nombre = 'Churrasqueria de Ezequiel Zamora VIP' AND tipo = 'Restaurante') as tablaLocacion);
INSERT INTO arma_tu_fiesta.telefono (numero, fk_locacion) VALUES ('0212207733', @restaurante);

INSERT INTO arma_tu_fiesta.coordenada (latitud, longitud, fk_locacion) VALUES ('9.65','-68.583333', @restaurante);
INSERT INTO arma_tu_fiesta.salon_de_fiesta (fk_salon, descripcion, capacidad_personas) VALUES (@restaurante, 'Sala Prive del Restaurante', '100');
INSERT INTO arma_tu_fiesta.punto_de_referencia (descripcion, fk_salon_de_fiesta) VALUES ('Al frente del edificio gris',@restaurante);

SET @caract = (SELECT pkCaract FROM (SELECT id_caracteristica as pkCaract FROM arma_tu_fiesta.caracteristica WHERE nombre = 'Area Techada') as tablaCaract);
INSERT INTO arma_tu_fiesta.caracteristica_salon (fk_salon_de_fiesta, fk_caracteristica, cantidad) VALUES (@restaurante,@caract, '2');

SET @caract = (SELECT pkCaract FROM (SELECT id_caracteristica as pkCaract FROM arma_tu_fiesta.caracteristica WHERE nombre = 'Estacionamiento') as tablaCaract);
INSERT INTO arma_tu_fiesta.caracteristica_salon (fk_salon_de_fiesta, fk_caracteristica, cantidad) VALUES (@restaurante,@caract, '5');

SET @caract = (SELECT pkCaract FROM (SELECT id_caracteristica as pkCaract FROM arma_tu_fiesta.caracteristica WHERE nombre = 'Punto de Electricidad') as tablaCaract);
INSERT INTO arma_tu_fiesta.caracteristica_salon (fk_salon_de_fiesta, fk_caracteristica, cantidad) VALUES (@restaurante,@caract, '2');

SET @caract = (SELECT pkCaract FROM (SELECT id_caracteristica as pkCaract FROM arma_tu_fiesta.caracteristica WHERE nombre = 'Fuente') as tablaCaract);
INSERT INTO arma_tu_fiesta.caracteristica_salon (fk_salon_de_fiesta, fk_caracteristica, cantidad) VALUES (@restaurante,@caract, '5');

SET @caract = (SELECT pkCaract FROM (SELECT id_caracteristica as pkCaract FROM arma_tu_fiesta.caracteristica WHERE nombre = 'Area Infantil') as tablaCaract);
INSERT INTO arma_tu_fiesta.caracteristica_salon (fk_salon_de_fiesta, fk_caracteristica, cantidad) VALUES (@restaurante,@caract, '4');

SET @pertenece = (SELECT pkLugar FROM (SELECT id_lugar as pkLugar FROM arma_tu_fiesta.lugar WHERE tipo = 'Municipio' AND nombre = 'Tinaco (Tinaco)') as tablaLugar);
INSERT INTO arma_tu_fiesta.locacion (nombre, tipo, fk_localizacion) VALUES ('Hornos de Tinaco Tinaco) Deluxe', 'Restaurante', @pertenece);
SET @restaurante = (SELECT pkLocacion FROM (SELECT id_locacion as pkLocacion FROM arma_tu_fiesta.locacion WHERE nombre = 'Hornos de Tinaco Tinaco) Deluxe' AND tipo = 'Restaurante') as tablaLocacion);
INSERT INTO arma_tu_fiesta.telefono (numero, fk_locacion) VALUES ('0212944698', @restaurante);

SET @pertenece = (SELECT pkLugar FROM (SELECT id_lugar as pkLugar FROM arma_tu_fiesta.lugar WHERE tipo = 'Municipio' AND nombre = 'Antonio Díaz') as tablaLugar);
INSERT INTO arma_tu_fiesta.locacion (nombre, tipo, fk_localizacion) VALUES ('Arepera Antonio Díaz Gourmet', 'Restaurante', @pertenece);
SET @restaurante = (SELECT pkLocacion FROM (SELECT id_locacion as pkLocacion FROM arma_tu_fiesta.locacion WHERE nombre = 'Arepera Antonio Díaz Gourmet' AND tipo = 'Restaurante') as tablaLocacion);
INSERT INTO arma_tu_fiesta.telefono (numero, fk_locacion) VALUES ('0416530855', @restaurante);

SET @pertenece = (SELECT pkLugar FROM (SELECT id_lugar as pkLugar FROM arma_tu_fiesta.lugar WHERE tipo = 'Municipio' AND nombre = 'Casacoima (Sierra Imataca)') as tablaLugar);
INSERT INTO arma_tu_fiesta.locacion (nombre, tipo, fk_localizacion) VALUES ('Mar y Tierra de Casacoima Sierra Gourmet', 'Restaurante', @pertenece);
SET @restaurante = (SELECT pkLocacion FROM (SELECT id_locacion as pkLocacion FROM arma_tu_fiesta.locacion WHERE nombre = 'Mar y Tierra de Casacoima Sierra Gourmet' AND tipo = 'Restaurante') as tablaLocacion);
INSERT INTO arma_tu_fiesta.telefono (numero, fk_locacion) VALUES ('0416296622', @restaurante);

SET @pertenece = (SELECT pkLugar FROM (SELECT id_lugar as pkLugar FROM arma_tu_fiesta.lugar WHERE tipo = 'Municipio' AND nombre = 'Pedernales (Pedernales)') as tablaLugar);
INSERT INTO arma_tu_fiesta.locacion (nombre, tipo, fk_localizacion) VALUES ('Grill de Pedernales Pedernales) VIP', 'Restaurante', @pertenece);
SET @restaurante = (SELECT pkLocacion FROM (SELECT id_locacion as pkLocacion FROM arma_tu_fiesta.locacion WHERE nombre = 'Grill de Pedernales Pedernales) VIP' AND tipo = 'Restaurante') as tablaLocacion);
INSERT INTO arma_tu_fiesta.telefono (numero, fk_locacion) VALUES ('0426750435', @restaurante);

SET @pertenece = (SELECT pkLugar FROM (SELECT id_lugar as pkLugar FROM arma_tu_fiesta.lugar WHERE tipo = 'Municipio' AND nombre = 'Tucupita (Tucupita)') as tablaLugar);
INSERT INTO arma_tu_fiesta.locacion (nombre, tipo, fk_localizacion) VALUES ('Los Costillas de Tucupita Tucupita) Deluxe', 'Restaurante', @pertenece);
SET @restaurante = (SELECT pkLocacion FROM (SELECT id_locacion as pkLocacion FROM arma_tu_fiesta.locacion WHERE nombre = 'Los Costillas de Tucupita Tucupita) Deluxe' AND tipo = 'Restaurante') as tablaLocacion);
INSERT INTO arma_tu_fiesta.telefono (numero, fk_locacion) VALUES ('0212795420', @restaurante);

INSERT INTO arma_tu_fiesta.coordenada (latitud, longitud, fk_locacion) VALUES ('9.056944','-62.049722', @restaurante);
INSERT INTO arma_tu_fiesta.salon_de_fiesta (fk_salon, descripcion, capacidad_personas) VALUES (@restaurante, 'Sala Prive del Restaurante', '100');
INSERT INTO arma_tu_fiesta.punto_de_referencia (descripcion, fk_salon_de_fiesta) VALUES ('Al frente de la panaderia naranja',@restaurante);

SET @caract = (SELECT pkCaract FROM (SELECT id_caracteristica as pkCaract FROM arma_tu_fiesta.caracteristica WHERE nombre = 'Area Techada') as tablaCaract);
INSERT INTO arma_tu_fiesta.caracteristica_salon (fk_salon_de_fiesta, fk_caracteristica, cantidad) VALUES (@restaurante,@caract, '2');

SET @caract = (SELECT pkCaract FROM (SELECT id_caracteristica as pkCaract FROM arma_tu_fiesta.caracteristica WHERE nombre = 'Estacionamiento') as tablaCaract);
INSERT INTO arma_tu_fiesta.caracteristica_salon (fk_salon_de_fiesta, fk_caracteristica, cantidad) VALUES (@restaurante,@caract, '4');

SET @caract = (SELECT pkCaract FROM (SELECT id_caracteristica as pkCaract FROM arma_tu_fiesta.caracteristica WHERE nombre = 'Punto de Electricidad') as tablaCaract);
INSERT INTO arma_tu_fiesta.caracteristica_salon (fk_salon_de_fiesta, fk_caracteristica, cantidad) VALUES (@restaurante,@caract, '5');

SET @caract = (SELECT pkCaract FROM (SELECT id_caracteristica as pkCaract FROM arma_tu_fiesta.caracteristica WHERE nombre = 'Fuente') as tablaCaract);
INSERT INTO arma_tu_fiesta.caracteristica_salon (fk_salon_de_fiesta, fk_caracteristica, cantidad) VALUES (@restaurante,@caract, '4');

SET @caract = (SELECT pkCaract FROM (SELECT id_caracteristica as pkCaract FROM arma_tu_fiesta.caracteristica WHERE nombre = 'Area Infantil') as tablaCaract);
INSERT INTO arma_tu_fiesta.caracteristica_salon (fk_salon_de_fiesta, fk_caracteristica, cantidad) VALUES (@restaurante,@caract, '3');

SET @pertenece = (SELECT pkLugar FROM (SELECT id_lugar as pkLugar FROM arma_tu_fiesta.lugar WHERE tipo = 'Municipio' AND nombre = 'Libertador (Caracas)') as tablaLugar);
INSERT INTO arma_tu_fiesta.locacion (nombre, tipo, fk_localizacion) VALUES ('Churrasqueria de Libertador Caracas) Rico', 'Restaurante', @pertenece);
SET @restaurante = (SELECT pkLocacion FROM (SELECT id_locacion as pkLocacion FROM arma_tu_fiesta.locacion WHERE nombre = 'Churrasqueria de Libertador Caracas) Rico' AND tipo = 'Restaurante') as tablaLocacion);
INSERT INTO arma_tu_fiesta.telefono (numero, fk_locacion) VALUES ('0212645678', @restaurante);

INSERT INTO arma_tu_fiesta.coordenada (latitud, longitud, fk_locacion) VALUES ('10.505833','-66.914444', @restaurante);
INSERT INTO arma_tu_fiesta.salon_de_fiesta (fk_salon, descripcion, capacidad_personas) VALUES (@restaurante, 'Sala Prive del Restaurante', '100');
INSERT INTO arma_tu_fiesta.punto_de_referencia (descripcion, fk_salon_de_fiesta) VALUES ('Detras de la torre naranja',@restaurante);

SET @caract = (SELECT pkCaract FROM (SELECT id_caracteristica as pkCaract FROM arma_tu_fiesta.caracteristica WHERE nombre = 'Area Techada') as tablaCaract);
INSERT INTO arma_tu_fiesta.caracteristica_salon (fk_salon_de_fiesta, fk_caracteristica, cantidad) VALUES (@restaurante,@caract, '3');

SET @caract = (SELECT pkCaract FROM (SELECT id_caracteristica as pkCaract FROM arma_tu_fiesta.caracteristica WHERE nombre = 'Estacionamiento') as tablaCaract);
INSERT INTO arma_tu_fiesta.caracteristica_salon (fk_salon_de_fiesta, fk_caracteristica, cantidad) VALUES (@restaurante,@caract, '5');

SET @caract = (SELECT pkCaract FROM (SELECT id_caracteristica as pkCaract FROM arma_tu_fiesta.caracteristica WHERE nombre = 'Punto de Electricidad') as tablaCaract);
INSERT INTO arma_tu_fiesta.caracteristica_salon (fk_salon_de_fiesta, fk_caracteristica, cantidad) VALUES (@restaurante,@caract, '5');

SET @caract = (SELECT pkCaract FROM (SELECT id_caracteristica as pkCaract FROM arma_tu_fiesta.caracteristica WHERE nombre = 'Fuente') as tablaCaract);
INSERT INTO arma_tu_fiesta.caracteristica_salon (fk_salon_de_fiesta, fk_caracteristica, cantidad) VALUES (@restaurante,@caract, '2');

SET @caract = (SELECT pkCaract FROM (SELECT id_caracteristica as pkCaract FROM arma_tu_fiesta.caracteristica WHERE nombre = 'Area Infantil') as tablaCaract);
INSERT INTO arma_tu_fiesta.caracteristica_salon (fk_salon_de_fiesta, fk_caracteristica, cantidad) VALUES (@restaurante,@caract, '1');

SET @pertenece = (SELECT pkLugar FROM (SELECT id_lugar as pkLugar FROM arma_tu_fiesta.lugar WHERE tipo = 'Municipio' AND nombre = 'Acosta (San Juan de los Cayos)') as tablaLugar);
INSERT INTO arma_tu_fiesta.locacion (nombre, tipo, fk_localizacion) VALUES ('Bistro de Acosta San Rico', 'Restaurante', @pertenece);
SET @restaurante = (SELECT pkLocacion FROM (SELECT id_locacion as pkLocacion FROM arma_tu_fiesta.locacion WHERE nombre = 'Bistro de Acosta San Rico' AND tipo = 'Restaurante') as tablaLocacion);
INSERT INTO arma_tu_fiesta.telefono (numero, fk_locacion) VALUES ('0414110026', @restaurante);

SET @pertenece = (SELECT pkLugar FROM (SELECT id_lugar as pkLugar FROM arma_tu_fiesta.lugar WHERE tipo = 'Municipio' AND nombre = 'Bolívar (San Luis)') as tablaLugar);
INSERT INTO arma_tu_fiesta.locacion (nombre, tipo, fk_localizacion) VALUES ('Arepera Bolívar San Rico', 'Restaurante', @pertenece);
SET @restaurante = (SELECT pkLocacion FROM (SELECT id_locacion as pkLocacion FROM arma_tu_fiesta.locacion WHERE nombre = 'Arepera Bolívar San Rico' AND tipo = 'Restaurante') as tablaLocacion);
INSERT INTO arma_tu_fiesta.telefono (numero, fk_locacion) VALUES ('0424716496', @restaurante);

SET @pertenece = (SELECT pkLugar FROM (SELECT id_lugar as pkLugar FROM arma_tu_fiesta.lugar WHERE tipo = 'Municipio' AND nombre = 'Buchivacoa (Capatárida)') as tablaLugar);
INSERT INTO arma_tu_fiesta.locacion (nombre, tipo, fk_localizacion) VALUES ('Arepera Buchivacoa Capatárida) Criollo', 'Restaurante', @pertenece);
SET @restaurante = (SELECT pkLocacion FROM (SELECT id_locacion as pkLocacion FROM arma_tu_fiesta.locacion WHERE nombre = 'Arepera Buchivacoa Capatárida) Criollo' AND tipo = 'Restaurante') as tablaLocacion);
INSERT INTO arma_tu_fiesta.telefono (numero, fk_locacion) VALUES ('0212245191', @restaurante);

SET @pertenece = (SELECT pkLugar FROM (SELECT id_lugar as pkLugar FROM arma_tu_fiesta.lugar WHERE tipo = 'Municipio' AND nombre = 'Carirubana (Punto Fijo)') as tablaLugar);
INSERT INTO arma_tu_fiesta.locacion (nombre, tipo, fk_localizacion) VALUES ('Fusion Asiatica de Carirubana Punto VIP', 'Restaurante', @pertenece);
SET @restaurante = (SELECT pkLocacion FROM (SELECT id_locacion as pkLocacion FROM arma_tu_fiesta.locacion WHERE nombre = 'Fusion Asiatica de Carirubana Punto VIP' AND tipo = 'Restaurante') as tablaLocacion);
INSERT INTO arma_tu_fiesta.telefono (numero, fk_locacion) VALUES ('0426279492', @restaurante);

SET @pertenece = (SELECT pkLugar FROM (SELECT id_lugar as pkLugar FROM arma_tu_fiesta.lugar WHERE tipo = 'Municipio' AND nombre = 'Colina (La Vela de Coro)') as tablaLugar);
INSERT INTO arma_tu_fiesta.locacion (nombre, tipo, fk_localizacion) VALUES ('Churrasqueria de Colina La Rico', 'Restaurante', @pertenece);
SET @restaurante = (SELECT pkLocacion FROM (SELECT id_locacion as pkLocacion FROM arma_tu_fiesta.locacion WHERE nombre = 'Churrasqueria de Colina La Rico' AND tipo = 'Restaurante') as tablaLocacion);
INSERT INTO arma_tu_fiesta.telefono (numero, fk_locacion) VALUES ('0212446016', @restaurante);

SET @pertenece = (SELECT pkLugar FROM (SELECT id_lugar as pkLugar FROM arma_tu_fiesta.lugar WHERE tipo = 'Municipio' AND nombre = 'Dabajuro (Dabajuro)') as tablaLugar);
INSERT INTO arma_tu_fiesta.locacion (nombre, tipo, fk_localizacion) VALUES ('Tacos de Dabajuro Dabajuro) Gourmet', 'Restaurante', @pertenece);
SET @restaurante = (SELECT pkLocacion FROM (SELECT id_locacion as pkLocacion FROM arma_tu_fiesta.locacion WHERE nombre = 'Tacos de Dabajuro Dabajuro) Gourmet' AND tipo = 'Restaurante') as tablaLocacion);
INSERT INTO arma_tu_fiesta.telefono (numero, fk_locacion) VALUES ('0414136338', @restaurante);

SET @pertenece = (SELECT pkLugar FROM (SELECT id_lugar as pkLugar FROM arma_tu_fiesta.lugar WHERE tipo = 'Municipio' AND nombre = 'Democracia (Pedregal)') as tablaLugar);
INSERT INTO arma_tu_fiesta.locacion (nombre, tipo, fk_localizacion) VALUES ('Churrasqueria de Democracia Pedregal) Rico', 'Restaurante', @pertenece);
SET @restaurante = (SELECT pkLocacion FROM (SELECT id_locacion as pkLocacion FROM arma_tu_fiesta.locacion WHERE nombre = 'Churrasqueria de Democracia Pedregal) Rico' AND tipo = 'Restaurante') as tablaLocacion);
INSERT INTO arma_tu_fiesta.telefono (numero, fk_locacion) VALUES ('0426398587', @restaurante);

SET @pertenece = (SELECT pkLugar FROM (SELECT id_lugar as pkLugar FROM arma_tu_fiesta.lugar WHERE tipo = 'Municipio' AND nombre = 'Falcón (Pueblo Nuevo)') as tablaLugar);
INSERT INTO arma_tu_fiesta.locacion (nombre, tipo, fk_localizacion) VALUES ('Grill de Falcón Pueblo Rico', 'Restaurante', @pertenece);
SET @restaurante = (SELECT pkLocacion FROM (SELECT id_locacion as pkLocacion FROM arma_tu_fiesta.locacion WHERE nombre = 'Grill de Falcón Pueblo Rico' AND tipo = 'Restaurante') as tablaLocacion);
INSERT INTO arma_tu_fiesta.telefono (numero, fk_locacion) VALUES ('0426532745', @restaurante);

SET @pertenece = (SELECT pkLugar FROM (SELECT id_lugar as pkLugar FROM arma_tu_fiesta.lugar WHERE tipo = 'Municipio' AND nombre = 'Federación (Churuguara)') as tablaLugar);
INSERT INTO arma_tu_fiesta.locacion (nombre, tipo, fk_localizacion) VALUES ('Arepera Federación Churuguara) Deluxe', 'Restaurante', @pertenece);
SET @restaurante = (SELECT pkLocacion FROM (SELECT id_locacion as pkLocacion FROM arma_tu_fiesta.locacion WHERE nombre = 'Arepera Federación Churuguara) Deluxe' AND tipo = 'Restaurante') as tablaLocacion);
INSERT INTO arma_tu_fiesta.telefono (numero, fk_locacion) VALUES ('0426310533', @restaurante);

SET @pertenece = (SELECT pkLugar FROM (SELECT id_lugar as pkLugar FROM arma_tu_fiesta.lugar WHERE tipo = 'Municipio' AND nombre = 'Iturriza (Chichiriviche)') as tablaLugar);
INSERT INTO arma_tu_fiesta.locacion (nombre, tipo, fk_localizacion) VALUES ('Grill de Iturriza Chichiriviche) Rico', 'Restaurante', @pertenece);
SET @restaurante = (SELECT pkLocacion FROM (SELECT id_locacion as pkLocacion FROM arma_tu_fiesta.locacion WHERE nombre = 'Grill de Iturriza Chichiriviche) Rico' AND tipo = 'Restaurante') as tablaLocacion);
INSERT INTO arma_tu_fiesta.telefono (numero, fk_locacion) VALUES ('0424878858', @restaurante);

SET @pertenece = (SELECT pkLugar FROM (SELECT id_lugar as pkLugar FROM arma_tu_fiesta.lugar WHERE tipo = 'Municipio' AND nombre = 'Jacura (Jacura)') as tablaLugar);
INSERT INTO arma_tu_fiesta.locacion (nombre, tipo, fk_localizacion) VALUES ('Bolognesa de Jacura Jacura) Criollo', 'Restaurante', @pertenece);
SET @restaurante = (SELECT pkLocacion FROM (SELECT id_locacion as pkLocacion FROM arma_tu_fiesta.locacion WHERE nombre = 'Bolognesa de Jacura Jacura) Criollo' AND tipo = 'Restaurante') as tablaLocacion);
INSERT INTO arma_tu_fiesta.telefono (numero, fk_locacion) VALUES ('0414494508', @restaurante);

SET @pertenece = (SELECT pkLugar FROM (SELECT id_lugar as pkLugar FROM arma_tu_fiesta.lugar WHERE tipo = 'Municipio' AND nombre = 'Los Taques (Santa Cruz de Los Taques)') as tablaLugar);
INSERT INTO arma_tu_fiesta.locacion (nombre, tipo, fk_localizacion) VALUES ('Bolognesa de Los Taques Criollo', 'Restaurante', @pertenece);
SET @restaurante = (SELECT pkLocacion FROM (SELECT id_locacion as pkLocacion FROM arma_tu_fiesta.locacion WHERE nombre = 'Bolognesa de Los Taques Criollo' AND tipo = 'Restaurante') as tablaLocacion);
INSERT INTO arma_tu_fiesta.telefono (numero, fk_locacion) VALUES ('0424244896', @restaurante);

SET @pertenece = (SELECT pkLugar FROM (SELECT id_lugar as pkLugar FROM arma_tu_fiesta.lugar WHERE tipo = 'Municipio' AND nombre = 'Manaure (Yaracal)') as tablaLugar);
INSERT INTO arma_tu_fiesta.locacion (nombre, tipo, fk_localizacion) VALUES ('Burritos de Manaure Yaracal) VIP', 'Restaurante', @pertenece);
SET @restaurante = (SELECT pkLocacion FROM (SELECT id_locacion as pkLocacion FROM arma_tu_fiesta.locacion WHERE nombre = 'Burritos de Manaure Yaracal) VIP' AND tipo = 'Restaurante') as tablaLocacion);
INSERT INTO arma_tu_fiesta.telefono (numero, fk_locacion) VALUES ('0212825333', @restaurante);

SET @pertenece = (SELECT pkLugar FROM (SELECT id_lugar as pkLugar FROM arma_tu_fiesta.lugar WHERE tipo = 'Municipio' AND nombre = 'Mauroa (Mene de Mauroa)') as tablaLugar);
INSERT INTO arma_tu_fiesta.locacion (nombre, tipo, fk_localizacion) VALUES ('Brisas de Mauroa Mene VIP', 'Restaurante', @pertenece);
SET @restaurante = (SELECT pkLocacion FROM (SELECT id_locacion as pkLocacion FROM arma_tu_fiesta.locacion WHERE nombre = 'Brisas de Mauroa Mene VIP' AND tipo = 'Restaurante') as tablaLocacion);
INSERT INTO arma_tu_fiesta.telefono (numero, fk_locacion) VALUES ('0416154014', @restaurante);

SET @pertenece = (SELECT pkLugar FROM (SELECT id_lugar as pkLugar FROM arma_tu_fiesta.lugar WHERE tipo = 'Municipio' AND nombre = 'Miranda (Santa Ana de Coro)') as tablaLugar);
INSERT INTO arma_tu_fiesta.locacion (nombre, tipo, fk_localizacion) VALUES ('Brisas de Miranda Santa Criollo', 'Restaurante', @pertenece);
SET @restaurante = (SELECT pkLocacion FROM (SELECT id_locacion as pkLocacion FROM arma_tu_fiesta.locacion WHERE nombre = 'Brisas de Miranda Santa Criollo' AND tipo = 'Restaurante') as tablaLocacion);
INSERT INTO arma_tu_fiesta.telefono (numero, fk_locacion) VALUES ('0212485844', @restaurante);

INSERT INTO arma_tu_fiesta.coordenada (latitud, longitud, fk_locacion) VALUES ('11.4','-69.683333', @restaurante);
INSERT INTO arma_tu_fiesta.salon_de_fiesta (fk_salon, descripcion, capacidad_personas) VALUES (@restaurante, 'Sala Prive del Restaurante', '100');
INSERT INTO arma_tu_fiesta.punto_de_referencia (descripcion, fk_salon_de_fiesta) VALUES ('A la izquierda de la casa naranja',@restaurante);

SET @caract = (SELECT pkCaract FROM (SELECT id_caracteristica as pkCaract FROM arma_tu_fiesta.caracteristica WHERE nombre = 'Area Techada') as tablaCaract);
INSERT INTO arma_tu_fiesta.caracteristica_salon (fk_salon_de_fiesta, fk_caracteristica, cantidad) VALUES (@restaurante,@caract, '5');

SET @caract = (SELECT pkCaract FROM (SELECT id_caracteristica as pkCaract FROM arma_tu_fiesta.caracteristica WHERE nombre = 'Estacionamiento') as tablaCaract);
INSERT INTO arma_tu_fiesta.caracteristica_salon (fk_salon_de_fiesta, fk_caracteristica, cantidad) VALUES (@restaurante,@caract, '5');

SET @caract = (SELECT pkCaract FROM (SELECT id_caracteristica as pkCaract FROM arma_tu_fiesta.caracteristica WHERE nombre = 'Punto de Electricidad') as tablaCaract);
INSERT INTO arma_tu_fiesta.caracteristica_salon (fk_salon_de_fiesta, fk_caracteristica, cantidad) VALUES (@restaurante,@caract, '5');

SET @caract = (SELECT pkCaract FROM (SELECT id_caracteristica as pkCaract FROM arma_tu_fiesta.caracteristica WHERE nombre = 'Fuente') as tablaCaract);
INSERT INTO arma_tu_fiesta.caracteristica_salon (fk_salon_de_fiesta, fk_caracteristica, cantidad) VALUES (@restaurante,@caract, '2');

SET @caract = (SELECT pkCaract FROM (SELECT id_caracteristica as pkCaract FROM arma_tu_fiesta.caracteristica WHERE nombre = 'Area Infantil') as tablaCaract);
INSERT INTO arma_tu_fiesta.caracteristica_salon (fk_salon_de_fiesta, fk_caracteristica, cantidad) VALUES (@restaurante,@caract, '2');

SET @pertenece = (SELECT pkLugar FROM (SELECT id_lugar as pkLugar FROM arma_tu_fiesta.lugar WHERE tipo = 'Municipio' AND nombre = 'Palmasola (Palmasola)') as tablaLugar);
INSERT INTO arma_tu_fiesta.locacion (nombre, tipo, fk_localizacion) VALUES ('Grill de Palmasola Palmasola) Deluxe', 'Restaurante', @pertenece);
SET @restaurante = (SELECT pkLocacion FROM (SELECT id_locacion as pkLocacion FROM arma_tu_fiesta.locacion WHERE nombre = 'Grill de Palmasola Palmasola) Deluxe' AND tipo = 'Restaurante') as tablaLocacion);
INSERT INTO arma_tu_fiesta.telefono (numero, fk_locacion) VALUES ('0212378883', @restaurante);

SET @pertenece = (SELECT pkLugar FROM (SELECT id_lugar as pkLugar FROM arma_tu_fiesta.lugar WHERE tipo = 'Municipio' AND nombre = 'Petit (Cabure)') as tablaLugar);
INSERT INTO arma_tu_fiesta.locacion (nombre, tipo, fk_localizacion) VALUES ('Bolognesa de Petit Cabure) Gourmet', 'Restaurante', @pertenece);
SET @restaurante = (SELECT pkLocacion FROM (SELECT id_locacion as pkLocacion FROM arma_tu_fiesta.locacion WHERE nombre = 'Bolognesa de Petit Cabure) Gourmet' AND tipo = 'Restaurante') as tablaLocacion);
INSERT INTO arma_tu_fiesta.telefono (numero, fk_locacion) VALUES ('0416999190', @restaurante);

SET @pertenece = (SELECT pkLugar FROM (SELECT id_lugar as pkLugar FROM arma_tu_fiesta.lugar WHERE tipo = 'Municipio' AND nombre = 'Píritu (Píritu)') as tablaLugar);
INSERT INTO arma_tu_fiesta.locacion (nombre, tipo, fk_localizacion) VALUES ('Hornos de Píritu Píritu) Criollo', 'Restaurante', @pertenece);
SET @restaurante = (SELECT pkLocacion FROM (SELECT id_locacion as pkLocacion FROM arma_tu_fiesta.locacion WHERE nombre = 'Hornos de Píritu Píritu) Criollo' AND tipo = 'Restaurante') as tablaLocacion);
INSERT INTO arma_tu_fiesta.telefono (numero, fk_locacion) VALUES ('0416310413', @restaurante);

SET @pertenece = (SELECT pkLugar FROM (SELECT id_lugar as pkLugar FROM arma_tu_fiesta.lugar WHERE tipo = 'Municipio' AND nombre = 'San Francisco (Mirimire)') as tablaLugar);
INSERT INTO arma_tu_fiesta.locacion (nombre, tipo, fk_localizacion) VALUES ('Fusion Asiatica de San Francisco Deluxe', 'Restaurante', @pertenece);
SET @restaurante = (SELECT pkLocacion FROM (SELECT id_locacion as pkLocacion FROM arma_tu_fiesta.locacion WHERE nombre = 'Fusion Asiatica de San Francisco Deluxe' AND tipo = 'Restaurante') as tablaLocacion);
INSERT INTO arma_tu_fiesta.telefono (numero, fk_locacion) VALUES ('0414676356', @restaurante);

SET @pertenece = (SELECT pkLugar FROM (SELECT id_lugar as pkLugar FROM arma_tu_fiesta.lugar WHERE tipo = 'Municipio' AND nombre = 'Sucre (La Cruz de Taratara)') as tablaLugar);
INSERT INTO arma_tu_fiesta.locacion (nombre, tipo, fk_localizacion) VALUES ('Tacos de Sucre La Deluxe', 'Restaurante', @pertenece);
SET @restaurante = (SELECT pkLocacion FROM (SELECT id_locacion as pkLocacion FROM arma_tu_fiesta.locacion WHERE nombre = 'Tacos de Sucre La Deluxe' AND tipo = 'Restaurante') as tablaLocacion);
INSERT INTO arma_tu_fiesta.telefono (numero, fk_locacion) VALUES ('0416256502', @restaurante);

SET @pertenece = (SELECT pkLugar FROM (SELECT id_lugar as pkLugar FROM arma_tu_fiesta.lugar WHERE tipo = 'Municipio' AND nombre = 'Silva (Tucacas)') as tablaLugar);
INSERT INTO arma_tu_fiesta.locacion (nombre, tipo, fk_localizacion) VALUES ('Burritos de Silva Tucacas) Deluxe', 'Restaurante', @pertenece);
SET @restaurante = (SELECT pkLocacion FROM (SELECT id_locacion as pkLocacion FROM arma_tu_fiesta.locacion WHERE nombre = 'Burritos de Silva Tucacas) Deluxe' AND tipo = 'Restaurante') as tablaLocacion);
INSERT INTO arma_tu_fiesta.telefono (numero, fk_locacion) VALUES ('0424636735', @restaurante);

SET @pertenece = (SELECT pkLugar FROM (SELECT id_lugar as pkLugar FROM arma_tu_fiesta.lugar WHERE tipo = 'Municipio' AND nombre = 'Tocópero (Tocópero)') as tablaLugar);
INSERT INTO arma_tu_fiesta.locacion (nombre, tipo, fk_localizacion) VALUES ('Bistro de Tocópero Tocópero) Deluxe', 'Restaurante', @pertenece);
SET @restaurante = (SELECT pkLocacion FROM (SELECT id_locacion as pkLocacion FROM arma_tu_fiesta.locacion WHERE nombre = 'Bistro de Tocópero Tocópero) Deluxe' AND tipo = 'Restaurante') as tablaLocacion);
INSERT INTO arma_tu_fiesta.telefono (numero, fk_locacion) VALUES ('0426236277', @restaurante);

SET @pertenece = (SELECT pkLugar FROM (SELECT id_lugar as pkLugar FROM arma_tu_fiesta.lugar WHERE tipo = 'Municipio' AND nombre = 'Unión (Santa Cruz de Bucaral)') as tablaLugar);
INSERT INTO arma_tu_fiesta.locacion (nombre, tipo, fk_localizacion) VALUES ('Churrasqueria de Unión Santa Rico', 'Restaurante', @pertenece);
SET @restaurante = (SELECT pkLocacion FROM (SELECT id_locacion as pkLocacion FROM arma_tu_fiesta.locacion WHERE nombre = 'Churrasqueria de Unión Santa Rico' AND tipo = 'Restaurante') as tablaLocacion);
INSERT INTO arma_tu_fiesta.telefono (numero, fk_locacion) VALUES ('0414292830', @restaurante);

SET @pertenece = (SELECT pkLugar FROM (SELECT id_lugar as pkLugar FROM arma_tu_fiesta.lugar WHERE tipo = 'Municipio' AND nombre = 'Urumaco (Urumaco)') as tablaLugar);
INSERT INTO arma_tu_fiesta.locacion (nombre, tipo, fk_localizacion) VALUES ('Grill de Urumaco Urumaco) VIP', 'Restaurante', @pertenece);
SET @restaurante = (SELECT pkLocacion FROM (SELECT id_locacion as pkLocacion FROM arma_tu_fiesta.locacion WHERE nombre = 'Grill de Urumaco Urumaco) VIP' AND tipo = 'Restaurante') as tablaLocacion);
INSERT INTO arma_tu_fiesta.telefono (numero, fk_locacion) VALUES ('0426966867', @restaurante);

SET @pertenece = (SELECT pkLugar FROM (SELECT id_lugar as pkLugar FROM arma_tu_fiesta.lugar WHERE tipo = 'Municipio' AND nombre = 'Zamora (Puerto Cumarebo)') as tablaLugar);
INSERT INTO arma_tu_fiesta.locacion (nombre, tipo, fk_localizacion) VALUES ('Tacos de Zamora Puerto Deluxe', 'Restaurante', @pertenece);
SET @restaurante = (SELECT pkLocacion FROM (SELECT id_locacion as pkLocacion FROM arma_tu_fiesta.locacion WHERE nombre = 'Tacos de Zamora Puerto Deluxe' AND tipo = 'Restaurante') as tablaLocacion);
INSERT INTO arma_tu_fiesta.telefono (numero, fk_locacion) VALUES ('0414298906', @restaurante);

SET @pertenece = (SELECT pkLugar FROM (SELECT id_lugar as pkLugar FROM arma_tu_fiesta.lugar WHERE tipo = 'Municipio' AND nombre = 'Camaguán (Camaguán)') as tablaLugar);
INSERT INTO arma_tu_fiesta.locacion (nombre, tipo, fk_localizacion) VALUES ('Brisas de Camaguán Camaguán) VIP', 'Restaurante', @pertenece);
SET @restaurante = (SELECT pkLocacion FROM (SELECT id_locacion as pkLocacion FROM arma_tu_fiesta.locacion WHERE nombre = 'Brisas de Camaguán Camaguán) VIP' AND tipo = 'Restaurante') as tablaLocacion);
INSERT INTO arma_tu_fiesta.telefono (numero, fk_locacion) VALUES ('0424189301', @restaurante);

SET @pertenece = (SELECT pkLugar FROM (SELECT id_lugar as pkLugar FROM arma_tu_fiesta.lugar WHERE tipo = 'Municipio' AND nombre = 'Chaguaramas (Chaguaramas)') as tablaLugar);
INSERT INTO arma_tu_fiesta.locacion (nombre, tipo, fk_localizacion) VALUES ('Tacos de Chaguaramas Chaguaramas) VIP', 'Restaurante', @pertenece);
SET @restaurante = (SELECT pkLocacion FROM (SELECT id_locacion as pkLocacion FROM arma_tu_fiesta.locacion WHERE nombre = 'Tacos de Chaguaramas Chaguaramas) VIP' AND tipo = 'Restaurante') as tablaLocacion);
INSERT INTO arma_tu_fiesta.telefono (numero, fk_locacion) VALUES ('0412490125', @restaurante);

SET @pertenece = (SELECT pkLugar FROM (SELECT id_lugar as pkLugar FROM arma_tu_fiesta.lugar WHERE tipo = 'Municipio' AND nombre = 'El Socorro (El Socorro)') as tablaLugar);
INSERT INTO arma_tu_fiesta.locacion (nombre, tipo, fk_localizacion) VALUES ('Tacos de El Socorro VIP', 'Restaurante', @pertenece);
SET @restaurante = (SELECT pkLocacion FROM (SELECT id_locacion as pkLocacion FROM arma_tu_fiesta.locacion WHERE nombre = 'Tacos de El Socorro VIP' AND tipo = 'Restaurante') as tablaLocacion);
INSERT INTO arma_tu_fiesta.telefono (numero, fk_locacion) VALUES ('0424870100', @restaurante);

SET @pertenece = (SELECT pkLugar FROM (SELECT id_lugar as pkLugar FROM arma_tu_fiesta.lugar WHERE tipo = 'Municipio' AND nombre = 'Las Mercedes (Las Mercedes)') as tablaLugar);
INSERT INTO arma_tu_fiesta.locacion (nombre, tipo, fk_localizacion) VALUES ('Brisas de Las Mercedes Deluxe', 'Restaurante', @pertenece);
SET @restaurante = (SELECT pkLocacion FROM (SELECT id_locacion as pkLocacion FROM arma_tu_fiesta.locacion WHERE nombre = 'Brisas de Las Mercedes Deluxe' AND tipo = 'Restaurante') as tablaLocacion);
INSERT INTO arma_tu_fiesta.telefono (numero, fk_locacion) VALUES ('0426251863', @restaurante);

SET @pertenece = (SELECT pkLugar FROM (SELECT id_lugar as pkLugar FROM arma_tu_fiesta.lugar WHERE tipo = 'Municipio' AND nombre = 'Leonardo Infante (Valle de La Pascua)') as tablaLugar);
INSERT INTO arma_tu_fiesta.locacion (nombre, tipo, fk_localizacion) VALUES ('Parrillera de Leonardo Infante Deluxe', 'Restaurante', @pertenece);
SET @restaurante = (SELECT pkLocacion FROM (SELECT id_locacion as pkLocacion FROM arma_tu_fiesta.locacion WHERE nombre = 'Parrillera de Leonardo Infante Deluxe' AND tipo = 'Restaurante') as tablaLocacion);
INSERT INTO arma_tu_fiesta.telefono (numero, fk_locacion) VALUES ('0424853126', @restaurante);

SET @pertenece = (SELECT pkLugar FROM (SELECT id_lugar as pkLugar FROM arma_tu_fiesta.lugar WHERE tipo = 'Municipio' AND nombre = 'Julián Mellado (El Sombrero)') as tablaLugar);
INSERT INTO arma_tu_fiesta.locacion (nombre, tipo, fk_localizacion) VALUES ('Brisas de Julián Mellado Gourmet', 'Restaurante', @pertenece);
SET @restaurante = (SELECT pkLocacion FROM (SELECT id_locacion as pkLocacion FROM arma_tu_fiesta.locacion WHERE nombre = 'Brisas de Julián Mellado Gourmet' AND tipo = 'Restaurante') as tablaLocacion);
INSERT INTO arma_tu_fiesta.telefono (numero, fk_locacion) VALUES ('0426496536', @restaurante);

SET @pertenece = (SELECT pkLugar FROM (SELECT id_lugar as pkLugar FROM arma_tu_fiesta.lugar WHERE tipo = 'Municipio' AND nombre = 'Francisco de Miranda (Calabozo)') as tablaLugar);
INSERT INTO arma_tu_fiesta.locacion (nombre, tipo, fk_localizacion) VALUES ('Fusion Asiatica de Francisco de Deluxe', 'Restaurante', @pertenece);
SET @restaurante = (SELECT pkLocacion FROM (SELECT id_locacion as pkLocacion FROM arma_tu_fiesta.locacion WHERE nombre = 'Fusion Asiatica de Francisco de Deluxe' AND tipo = 'Restaurante') as tablaLocacion);
INSERT INTO arma_tu_fiesta.telefono (numero, fk_locacion) VALUES ('0414341649', @restaurante);

SET @pertenece = (SELECT pkLugar FROM (SELECT id_lugar as pkLugar FROM arma_tu_fiesta.lugar WHERE tipo = 'Municipio' AND nombre = 'Monagas (Altagracia de Orituco)') as tablaLugar);
INSERT INTO arma_tu_fiesta.locacion (nombre, tipo, fk_localizacion) VALUES ('Fusion Asiatica de Monagas Altagracia Deluxe', 'Restaurante', @pertenece);
SET @restaurante = (SELECT pkLocacion FROM (SELECT id_locacion as pkLocacion FROM arma_tu_fiesta.locacion WHERE nombre = 'Fusion Asiatica de Monagas Altagracia Deluxe' AND tipo = 'Restaurante') as tablaLocacion);
INSERT INTO arma_tu_fiesta.telefono (numero, fk_locacion) VALUES ('0212842811', @restaurante);

SET @pertenece = (SELECT pkLugar FROM (SELECT id_lugar as pkLugar FROM arma_tu_fiesta.lugar WHERE tipo = 'Municipio' AND nombre = 'Ortiz (Ortiz)') as tablaLugar);
INSERT INTO arma_tu_fiesta.locacion (nombre, tipo, fk_localizacion) VALUES ('Bistro de Ortiz Ortiz) Rico', 'Restaurante', @pertenece);
SET @restaurante = (SELECT pkLocacion FROM (SELECT id_locacion as pkLocacion FROM arma_tu_fiesta.locacion WHERE nombre = 'Bistro de Ortiz Ortiz) Rico' AND tipo = 'Restaurante') as tablaLocacion);
INSERT INTO arma_tu_fiesta.telefono (numero, fk_locacion) VALUES ('0424473666', @restaurante);

SET @pertenece = (SELECT pkLugar FROM (SELECT id_lugar as pkLugar FROM arma_tu_fiesta.lugar WHERE tipo = 'Municipio' AND nombre = 'Ribas (Tucupido)') as tablaLugar);
INSERT INTO arma_tu_fiesta.locacion (nombre, tipo, fk_localizacion) VALUES ('Mar y Tierra de Ribas Tucupido) Criollo', 'Restaurante', @pertenece);
SET @restaurante = (SELECT pkLocacion FROM (SELECT id_locacion as pkLocacion FROM arma_tu_fiesta.locacion WHERE nombre = 'Mar y Tierra de Ribas Tucupido) Criollo' AND tipo = 'Restaurante') as tablaLocacion);
INSERT INTO arma_tu_fiesta.telefono (numero, fk_locacion) VALUES ('0426767411', @restaurante);

SET @pertenece = (SELECT pkLugar FROM (SELECT id_lugar as pkLugar FROM arma_tu_fiesta.lugar WHERE tipo = 'Municipio' AND nombre = 'Roscio (San Juan de Los Morros)') as tablaLugar);
INSERT INTO arma_tu_fiesta.locacion (nombre, tipo, fk_localizacion) VALUES ('Tacos de Roscio San VIP', 'Restaurante', @pertenece);
SET @restaurante = (SELECT pkLocacion FROM (SELECT id_locacion as pkLocacion FROM arma_tu_fiesta.locacion WHERE nombre = 'Tacos de Roscio San VIP' AND tipo = 'Restaurante') as tablaLocacion);
INSERT INTO arma_tu_fiesta.telefono (numero, fk_locacion) VALUES ('0412696588', @restaurante);

INSERT INTO arma_tu_fiesta.coordenada (latitud, longitud, fk_locacion) VALUES ('9.91267','-67.361459', @restaurante);
INSERT INTO arma_tu_fiesta.salon_de_fiesta (fk_salon, descripcion, capacidad_personas) VALUES (@restaurante, 'Sala Prive del Restaurante', '100');
INSERT INTO arma_tu_fiesta.punto_de_referencia (descripcion, fk_salon_de_fiesta) VALUES ('A la izquierda de la torre gris',@restaurante);

SET @caract = (SELECT pkCaract FROM (SELECT id_caracteristica as pkCaract FROM arma_tu_fiesta.caracteristica WHERE nombre = 'Area Techada') as tablaCaract);
INSERT INTO arma_tu_fiesta.caracteristica_salon (fk_salon_de_fiesta, fk_caracteristica, cantidad) VALUES (@restaurante,@caract, '3');

SET @caract = (SELECT pkCaract FROM (SELECT id_caracteristica as pkCaract FROM arma_tu_fiesta.caracteristica WHERE nombre = 'Estacionamiento') as tablaCaract);
INSERT INTO arma_tu_fiesta.caracteristica_salon (fk_salon_de_fiesta, fk_caracteristica, cantidad) VALUES (@restaurante,@caract, '5');

SET @caract = (SELECT pkCaract FROM (SELECT id_caracteristica as pkCaract FROM arma_tu_fiesta.caracteristica WHERE nombre = 'Punto de Electricidad') as tablaCaract);
INSERT INTO arma_tu_fiesta.caracteristica_salon (fk_salon_de_fiesta, fk_caracteristica, cantidad) VALUES (@restaurante,@caract, '2');

SET @caract = (SELECT pkCaract FROM (SELECT id_caracteristica as pkCaract FROM arma_tu_fiesta.caracteristica WHERE nombre = 'Fuente') as tablaCaract);
INSERT INTO arma_tu_fiesta.caracteristica_salon (fk_salon_de_fiesta, fk_caracteristica, cantidad) VALUES (@restaurante,@caract, '5');

SET @caract = (SELECT pkCaract FROM (SELECT id_caracteristica as pkCaract FROM arma_tu_fiesta.caracteristica WHERE nombre = 'Area Infantil') as tablaCaract);
INSERT INTO arma_tu_fiesta.caracteristica_salon (fk_salon_de_fiesta, fk_caracteristica, cantidad) VALUES (@restaurante,@caract, '4');

SET @pertenece = (SELECT pkLugar FROM (SELECT id_lugar as pkLugar FROM arma_tu_fiesta.lugar WHERE tipo = 'Municipio' AND nombre = 'San Gerónimo de Guayabal (Guayabal)') as tablaLugar);
INSERT INTO arma_tu_fiesta.locacion (nombre, tipo, fk_localizacion) VALUES ('Bistro de San Gerónimo Gourmet', 'Restaurante', @pertenece);
SET @restaurante = (SELECT pkLocacion FROM (SELECT id_locacion as pkLocacion FROM arma_tu_fiesta.locacion WHERE nombre = 'Bistro de San Gerónimo Gourmet' AND tipo = 'Restaurante') as tablaLocacion);
INSERT INTO arma_tu_fiesta.telefono (numero, fk_locacion) VALUES ('0426200170', @restaurante);

SET @pertenece = (SELECT pkLugar FROM (SELECT id_lugar as pkLugar FROM arma_tu_fiesta.lugar WHERE tipo = 'Municipio' AND nombre = 'San José de Guaribe (San José de Guaribe)') as tablaLugar);
INSERT INTO arma_tu_fiesta.locacion (nombre, tipo, fk_localizacion) VALUES ('Grill de San José Rico', 'Restaurante', @pertenece);
SET @restaurante = (SELECT pkLocacion FROM (SELECT id_locacion as pkLocacion FROM arma_tu_fiesta.locacion WHERE nombre = 'Grill de San José Rico' AND tipo = 'Restaurante') as tablaLocacion);
INSERT INTO arma_tu_fiesta.telefono (numero, fk_locacion) VALUES ('0424216741', @restaurante);

SET @pertenece = (SELECT pkLugar FROM (SELECT id_lugar as pkLugar FROM arma_tu_fiesta.lugar WHERE tipo = 'Municipio' AND nombre = 'Santa María de Ipire (Santa María de Ipire)') as tablaLugar);
INSERT INTO arma_tu_fiesta.locacion (nombre, tipo, fk_localizacion) VALUES ('Arepera Santa María Criollo', 'Restaurante', @pertenece);
SET @restaurante = (SELECT pkLocacion FROM (SELECT id_locacion as pkLocacion FROM arma_tu_fiesta.locacion WHERE nombre = 'Arepera Santa María Criollo' AND tipo = 'Restaurante') as tablaLocacion);
INSERT INTO arma_tu_fiesta.telefono (numero, fk_locacion) VALUES ('0424772262', @restaurante);

SET @pertenece = (SELECT pkLugar FROM (SELECT id_lugar as pkLugar FROM arma_tu_fiesta.lugar WHERE tipo = 'Municipio' AND nombre = 'Zaraza (Zaraza)') as tablaLugar);
INSERT INTO arma_tu_fiesta.locacion (nombre, tipo, fk_localizacion) VALUES ('Burritos de Zaraza Zaraza) Deluxe', 'Restaurante', @pertenece);
SET @restaurante = (SELECT pkLocacion FROM (SELECT id_locacion as pkLocacion FROM arma_tu_fiesta.locacion WHERE nombre = 'Burritos de Zaraza Zaraza) Deluxe' AND tipo = 'Restaurante') as tablaLocacion);
INSERT INTO arma_tu_fiesta.telefono (numero, fk_locacion) VALUES ('0424463166', @restaurante);

SET @pertenece = (SELECT pkLugar FROM (SELECT id_lugar as pkLugar FROM arma_tu_fiesta.lugar WHERE tipo = 'Municipio' AND nombre = 'Vargas (La Guaira)') as tablaLugar);
INSERT INTO arma_tu_fiesta.locacion (nombre, tipo, fk_localizacion) VALUES ('Arepera Vargas La Deluxe', 'Restaurante', @pertenece);
SET @restaurante = (SELECT pkLocacion FROM (SELECT id_locacion as pkLocacion FROM arma_tu_fiesta.locacion WHERE nombre = 'Arepera Vargas La Deluxe' AND tipo = 'Restaurante') as tablaLocacion);
INSERT INTO arma_tu_fiesta.telefono (numero, fk_locacion) VALUES ('0412867173', @restaurante);

INSERT INTO arma_tu_fiesta.coordenada (latitud, longitud, fk_locacion) VALUES ('10.6','-66.9331', @restaurante);
INSERT INTO arma_tu_fiesta.salon_de_fiesta (fk_salon, descripcion, capacidad_personas) VALUES (@restaurante, 'Sala Prive del Restaurante', '100');
INSERT INTO arma_tu_fiesta.punto_de_referencia (descripcion, fk_salon_de_fiesta) VALUES ('A la izquierda de la casa gris',@restaurante);

SET @caract = (SELECT pkCaract FROM (SELECT id_caracteristica as pkCaract FROM arma_tu_fiesta.caracteristica WHERE nombre = 'Area Techada') as tablaCaract);
INSERT INTO arma_tu_fiesta.caracteristica_salon (fk_salon_de_fiesta, fk_caracteristica, cantidad) VALUES (@restaurante,@caract, '4');

SET @caract = (SELECT pkCaract FROM (SELECT id_caracteristica as pkCaract FROM arma_tu_fiesta.caracteristica WHERE nombre = 'Estacionamiento') as tablaCaract);
INSERT INTO arma_tu_fiesta.caracteristica_salon (fk_salon_de_fiesta, fk_caracteristica, cantidad) VALUES (@restaurante,@caract, '2');

SET @caract = (SELECT pkCaract FROM (SELECT id_caracteristica as pkCaract FROM arma_tu_fiesta.caracteristica WHERE nombre = 'Punto de Electricidad') as tablaCaract);
INSERT INTO arma_tu_fiesta.caracteristica_salon (fk_salon_de_fiesta, fk_caracteristica, cantidad) VALUES (@restaurante,@caract, '2');

SET @caract = (SELECT pkCaract FROM (SELECT id_caracteristica as pkCaract FROM arma_tu_fiesta.caracteristica WHERE nombre = 'Fuente') as tablaCaract);
INSERT INTO arma_tu_fiesta.caracteristica_salon (fk_salon_de_fiesta, fk_caracteristica, cantidad) VALUES (@restaurante,@caract, '5');

SET @caract = (SELECT pkCaract FROM (SELECT id_caracteristica as pkCaract FROM arma_tu_fiesta.caracteristica WHERE nombre = 'Area Infantil') as tablaCaract);
INSERT INTO arma_tu_fiesta.caracteristica_salon (fk_salon_de_fiesta, fk_caracteristica, cantidad) VALUES (@restaurante,@caract, '2');

SET @pertenece = (SELECT pkLugar FROM (SELECT id_lugar as pkLugar FROM arma_tu_fiesta.lugar WHERE tipo = 'Municipio' AND nombre = 'Blanco (Sanare)') as tablaLugar);
INSERT INTO arma_tu_fiesta.locacion (nombre, tipo, fk_localizacion) VALUES ('Burritos de Blanco Sanare) Criollo', 'Restaurante', @pertenece);
SET @restaurante = (SELECT pkLocacion FROM (SELECT id_locacion as pkLocacion FROM arma_tu_fiesta.locacion WHERE nombre = 'Burritos de Blanco Sanare) Criollo' AND tipo = 'Restaurante') as tablaLocacion);
INSERT INTO arma_tu_fiesta.telefono (numero, fk_locacion) VALUES ('0414112617', @restaurante);

SET @pertenece = (SELECT pkLugar FROM (SELECT id_lugar as pkLugar FROM arma_tu_fiesta.lugar WHERE tipo = 'Municipio' AND nombre = 'Crespo (Duaca)') as tablaLugar);
INSERT INTO arma_tu_fiesta.locacion (nombre, tipo, fk_localizacion) VALUES ('Brisas de Crespo Duaca) Rico', 'Restaurante', @pertenece);
SET @restaurante = (SELECT pkLocacion FROM (SELECT id_locacion as pkLocacion FROM arma_tu_fiesta.locacion WHERE nombre = 'Brisas de Crespo Duaca) Rico' AND tipo = 'Restaurante') as tablaLocacion);
INSERT INTO arma_tu_fiesta.telefono (numero, fk_locacion) VALUES ('0426729500', @restaurante);

SET @pertenece = (SELECT pkLugar FROM (SELECT id_lugar as pkLugar FROM arma_tu_fiesta.lugar WHERE tipo = 'Municipio' AND nombre = 'Iribarren (Barquisimeto)') as tablaLugar);
INSERT INTO arma_tu_fiesta.locacion (nombre, tipo, fk_localizacion) VALUES ('Mar y Tierra de Iribarren Barquisimeto) VIP', 'Restaurante', @pertenece);
SET @restaurante = (SELECT pkLocacion FROM (SELECT id_locacion as pkLocacion FROM arma_tu_fiesta.locacion WHERE nombre = 'Mar y Tierra de Iribarren Barquisimeto) VIP' AND tipo = 'Restaurante') as tablaLocacion);
INSERT INTO arma_tu_fiesta.telefono (numero, fk_locacion) VALUES ('0414363943', @restaurante);

INSERT INTO arma_tu_fiesta.coordenada (latitud, longitud, fk_locacion) VALUES ('10.0667','-69.3333', @restaurante);
INSERT INTO arma_tu_fiesta.salon_de_fiesta (fk_salon, descripcion, capacidad_personas) VALUES (@restaurante, 'Sala Prive del Restaurante', '100');
INSERT INTO arma_tu_fiesta.punto_de_referencia (descripcion, fk_salon_de_fiesta) VALUES ('Detras de la casa de bloques',@restaurante);

SET @caract = (SELECT pkCaract FROM (SELECT id_caracteristica as pkCaract FROM arma_tu_fiesta.caracteristica WHERE nombre = 'Area Techada') as tablaCaract);
INSERT INTO arma_tu_fiesta.caracteristica_salon (fk_salon_de_fiesta, fk_caracteristica, cantidad) VALUES (@restaurante,@caract, '4');

SET @caract = (SELECT pkCaract FROM (SELECT id_caracteristica as pkCaract FROM arma_tu_fiesta.caracteristica WHERE nombre = 'Estacionamiento') as tablaCaract);
INSERT INTO arma_tu_fiesta.caracteristica_salon (fk_salon_de_fiesta, fk_caracteristica, cantidad) VALUES (@restaurante,@caract, '5');

SET @caract = (SELECT pkCaract FROM (SELECT id_caracteristica as pkCaract FROM arma_tu_fiesta.caracteristica WHERE nombre = 'Punto de Electricidad') as tablaCaract);
INSERT INTO arma_tu_fiesta.caracteristica_salon (fk_salon_de_fiesta, fk_caracteristica, cantidad) VALUES (@restaurante,@caract, '4');

SET @caract = (SELECT pkCaract FROM (SELECT id_caracteristica as pkCaract FROM arma_tu_fiesta.caracteristica WHERE nombre = 'Fuente') as tablaCaract);
INSERT INTO arma_tu_fiesta.caracteristica_salon (fk_salon_de_fiesta, fk_caracteristica, cantidad) VALUES (@restaurante,@caract, '5');

SET @caract = (SELECT pkCaract FROM (SELECT id_caracteristica as pkCaract FROM arma_tu_fiesta.caracteristica WHERE nombre = 'Area Infantil') as tablaCaract);
INSERT INTO arma_tu_fiesta.caracteristica_salon (fk_salon_de_fiesta, fk_caracteristica, cantidad) VALUES (@restaurante,@caract, '5');

SET @pertenece = (SELECT pkLugar FROM (SELECT id_lugar as pkLugar FROM arma_tu_fiesta.lugar WHERE tipo = 'Municipio' AND nombre = 'Jiménez (Quibor)') as tablaLugar);
INSERT INTO arma_tu_fiesta.locacion (nombre, tipo, fk_localizacion) VALUES ('Churrasqueria de Jiménez Quibor) Rico', 'Restaurante', @pertenece);
SET @restaurante = (SELECT pkLocacion FROM (SELECT id_locacion as pkLocacion FROM arma_tu_fiesta.locacion WHERE nombre = 'Churrasqueria de Jiménez Quibor) Rico' AND tipo = 'Restaurante') as tablaLocacion);
INSERT INTO arma_tu_fiesta.telefono (numero, fk_locacion) VALUES ('0212137537', @restaurante);

SET @pertenece = (SELECT pkLugar FROM (SELECT id_lugar as pkLugar FROM arma_tu_fiesta.lugar WHERE tipo = 'Municipio' AND nombre = 'Morán (El Tocuyo)') as tablaLugar);
INSERT INTO arma_tu_fiesta.locacion (nombre, tipo, fk_localizacion) VALUES ('Burritos de Morán El Criollo', 'Restaurante', @pertenece);
SET @restaurante = (SELECT pkLocacion FROM (SELECT id_locacion as pkLocacion FROM arma_tu_fiesta.locacion WHERE nombre = 'Burritos de Morán El Criollo' AND tipo = 'Restaurante') as tablaLocacion);
INSERT INTO arma_tu_fiesta.telefono (numero, fk_locacion) VALUES ('0416710243', @restaurante);

SET @pertenece = (SELECT pkLugar FROM (SELECT id_lugar as pkLugar FROM arma_tu_fiesta.lugar WHERE tipo = 'Municipio' AND nombre = 'Palavecino (Cabudare)') as tablaLugar);
INSERT INTO arma_tu_fiesta.locacion (nombre, tipo, fk_localizacion) VALUES ('Burritos de Palavecino Cabudare) Rico', 'Restaurante', @pertenece);
SET @restaurante = (SELECT pkLocacion FROM (SELECT id_locacion as pkLocacion FROM arma_tu_fiesta.locacion WHERE nombre = 'Burritos de Palavecino Cabudare) Rico' AND tipo = 'Restaurante') as tablaLocacion);
INSERT INTO arma_tu_fiesta.telefono (numero, fk_locacion) VALUES ('0426762340', @restaurante);

SET @pertenece = (SELECT pkLugar FROM (SELECT id_lugar as pkLugar FROM arma_tu_fiesta.lugar WHERE tipo = 'Municipio' AND nombre = 'Planas (Sarare)') as tablaLugar);
INSERT INTO arma_tu_fiesta.locacion (nombre, tipo, fk_localizacion) VALUES ('Churrasqueria de Planas Sarare) Criollo', 'Restaurante', @pertenece);
SET @restaurante = (SELECT pkLocacion FROM (SELECT id_locacion as pkLocacion FROM arma_tu_fiesta.locacion WHERE nombre = 'Churrasqueria de Planas Sarare) Criollo' AND tipo = 'Restaurante') as tablaLocacion);
INSERT INTO arma_tu_fiesta.telefono (numero, fk_locacion) VALUES ('0426970000', @restaurante);

SET @pertenece = (SELECT pkLugar FROM (SELECT id_lugar as pkLugar FROM arma_tu_fiesta.lugar WHERE tipo = 'Municipio' AND nombre = 'Torres (Carora)') as tablaLugar);
INSERT INTO arma_tu_fiesta.locacion (nombre, tipo, fk_localizacion) VALUES ('Hornos de Torres Carora) Gourmet', 'Restaurante', @pertenece);
SET @restaurante = (SELECT pkLocacion FROM (SELECT id_locacion as pkLocacion FROM arma_tu_fiesta.locacion WHERE nombre = 'Hornos de Torres Carora) Gourmet' AND tipo = 'Restaurante') as tablaLocacion);
INSERT INTO arma_tu_fiesta.telefono (numero, fk_locacion) VALUES ('0426166452', @restaurante);

SET @pertenece = (SELECT pkLugar FROM (SELECT id_lugar as pkLugar FROM arma_tu_fiesta.lugar WHERE tipo = 'Municipio' AND nombre = 'Urdaneta (Siquisique)') as tablaLugar);
INSERT INTO arma_tu_fiesta.locacion (nombre, tipo, fk_localizacion) VALUES ('Arepera Urdaneta Siquisique) Rico', 'Restaurante', @pertenece);
SET @restaurante = (SELECT pkLocacion FROM (SELECT id_locacion as pkLocacion FROM arma_tu_fiesta.locacion WHERE nombre = 'Arepera Urdaneta Siquisique) Rico' AND tipo = 'Restaurante') as tablaLocacion);
INSERT INTO arma_tu_fiesta.telefono (numero, fk_locacion) VALUES ('0426402816', @restaurante);

SET @pertenece = (SELECT pkLugar FROM (SELECT id_lugar as pkLugar FROM arma_tu_fiesta.lugar WHERE tipo = 'Municipio' AND nombre = 'Adriani (El Vigía)') as tablaLugar);
INSERT INTO arma_tu_fiesta.locacion (nombre, tipo, fk_localizacion) VALUES ('Bistro de Adriani El Criollo', 'Restaurante', @pertenece);
SET @restaurante = (SELECT pkLocacion FROM (SELECT id_locacion as pkLocacion FROM arma_tu_fiesta.locacion WHERE nombre = 'Bistro de Adriani El Criollo' AND tipo = 'Restaurante') as tablaLocacion);
INSERT INTO arma_tu_fiesta.telefono (numero, fk_locacion) VALUES ('0416975475', @restaurante);

SET @pertenece = (SELECT pkLugar FROM (SELECT id_lugar as pkLugar FROM arma_tu_fiesta.lugar WHERE tipo = 'Municipio' AND nombre = 'Andrés Bello (La Azulita)') as tablaLugar);
INSERT INTO arma_tu_fiesta.locacion (nombre, tipo, fk_localizacion) VALUES ('Mar y Tierra de Andrés Bello Gourmet', 'Restaurante', @pertenece);
SET @restaurante = (SELECT pkLocacion FROM (SELECT id_locacion as pkLocacion FROM arma_tu_fiesta.locacion WHERE nombre = 'Mar y Tierra de Andrés Bello Gourmet' AND tipo = 'Restaurante') as tablaLocacion);
INSERT INTO arma_tu_fiesta.telefono (numero, fk_locacion) VALUES ('0416716919', @restaurante);

SET @pertenece = (SELECT pkLugar FROM (SELECT id_lugar as pkLugar FROM arma_tu_fiesta.lugar WHERE tipo = 'Municipio' AND nombre = 'Aricagua (Aricagua)') as tablaLugar);
INSERT INTO arma_tu_fiesta.locacion (nombre, tipo, fk_localizacion) VALUES ('Parrillera de Aricagua Aricagua) Deluxe', 'Restaurante', @pertenece);
SET @restaurante = (SELECT pkLocacion FROM (SELECT id_locacion as pkLocacion FROM arma_tu_fiesta.locacion WHERE nombre = 'Parrillera de Aricagua Aricagua) Deluxe' AND tipo = 'Restaurante') as tablaLocacion);
INSERT INTO arma_tu_fiesta.telefono (numero, fk_locacion) VALUES ('0412482121', @restaurante);

SET @pertenece = (SELECT pkLugar FROM (SELECT id_lugar as pkLugar FROM arma_tu_fiesta.lugar WHERE tipo = 'Municipio' AND nombre = 'Briceño (Torondoy)') as tablaLugar);
INSERT INTO arma_tu_fiesta.locacion (nombre, tipo, fk_localizacion) VALUES ('Hornos de Briceño Torondoy) VIP', 'Restaurante', @pertenece);
SET @restaurante = (SELECT pkLocacion FROM (SELECT id_locacion as pkLocacion FROM arma_tu_fiesta.locacion WHERE nombre = 'Hornos de Briceño Torondoy) VIP' AND tipo = 'Restaurante') as tablaLocacion);
INSERT INTO arma_tu_fiesta.telefono (numero, fk_locacion) VALUES ('0416481025', @restaurante);

SET @pertenece = (SELECT pkLugar FROM (SELECT id_lugar as pkLugar FROM arma_tu_fiesta.lugar WHERE tipo = 'Municipio' AND nombre = 'Chacón (Canaguá)') as tablaLugar);
INSERT INTO arma_tu_fiesta.locacion (nombre, tipo, fk_localizacion) VALUES ('Brisas de Chacón Canaguá) Criollo', 'Restaurante', @pertenece);
SET @restaurante = (SELECT pkLocacion FROM (SELECT id_locacion as pkLocacion FROM arma_tu_fiesta.locacion WHERE nombre = 'Brisas de Chacón Canaguá) Criollo' AND tipo = 'Restaurante') as tablaLocacion);
INSERT INTO arma_tu_fiesta.telefono (numero, fk_locacion) VALUES ('0426572013', @restaurante);

SET @pertenece = (SELECT pkLugar FROM (SELECT id_lugar as pkLugar FROM arma_tu_fiesta.lugar WHERE tipo = 'Municipio' AND nombre = 'Campo Elías (Ejido)') as tablaLugar);
INSERT INTO arma_tu_fiesta.locacion (nombre, tipo, fk_localizacion) VALUES ('Fusion Asiatica de Campo Elías VIP', 'Restaurante', @pertenece);
SET @restaurante = (SELECT pkLocacion FROM (SELECT id_locacion as pkLocacion FROM arma_tu_fiesta.locacion WHERE nombre = 'Fusion Asiatica de Campo Elías VIP' AND tipo = 'Restaurante') as tablaLocacion);
INSERT INTO arma_tu_fiesta.telefono (numero, fk_locacion) VALUES ('0212140764', @restaurante);

SET @pertenece = (SELECT pkLugar FROM (SELECT id_lugar as pkLugar FROM arma_tu_fiesta.lugar WHERE tipo = 'Municipio' AND nombre = 'Dávila (Bailadores)') as tablaLugar);
INSERT INTO arma_tu_fiesta.locacion (nombre, tipo, fk_localizacion) VALUES ('Brisas de Dávila Bailadores) Criollo', 'Restaurante', @pertenece);
SET @restaurante = (SELECT pkLocacion FROM (SELECT id_locacion as pkLocacion FROM arma_tu_fiesta.locacion WHERE nombre = 'Brisas de Dávila Bailadores) Criollo' AND tipo = 'Restaurante') as tablaLocacion);
INSERT INTO arma_tu_fiesta.telefono (numero, fk_locacion) VALUES ('0426768463', @restaurante);

SET @pertenece = (SELECT pkLugar FROM (SELECT id_lugar as pkLugar FROM arma_tu_fiesta.lugar WHERE tipo = 'Municipio' AND nombre = 'Febres Cordero (Nueva Bolivia)') as tablaLugar);
INSERT INTO arma_tu_fiesta.locacion (nombre, tipo, fk_localizacion) VALUES ('Mar y Tierra de Febres Cordero VIP', 'Restaurante', @pertenece);
SET @restaurante = (SELECT pkLocacion FROM (SELECT id_locacion as pkLocacion FROM arma_tu_fiesta.locacion WHERE nombre = 'Mar y Tierra de Febres Cordero VIP' AND tipo = 'Restaurante') as tablaLocacion);
INSERT INTO arma_tu_fiesta.telefono (numero, fk_locacion) VALUES ('0412536909', @restaurante);

SET @pertenece = (SELECT pkLugar FROM (SELECT id_lugar as pkLugar FROM arma_tu_fiesta.lugar WHERE tipo = 'Municipio' AND nombre = 'Guaraque (Guaraque)') as tablaLugar);
INSERT INTO arma_tu_fiesta.locacion (nombre, tipo, fk_localizacion) VALUES ('Fusion Asiatica de Guaraque Guaraque) Rico', 'Restaurante', @pertenece);
SET @restaurante = (SELECT pkLocacion FROM (SELECT id_locacion as pkLocacion FROM arma_tu_fiesta.locacion WHERE nombre = 'Fusion Asiatica de Guaraque Guaraque) Rico' AND tipo = 'Restaurante') as tablaLocacion);
INSERT INTO arma_tu_fiesta.telefono (numero, fk_locacion) VALUES ('0412794489', @restaurante);

SET @pertenece = (SELECT pkLugar FROM (SELECT id_lugar as pkLugar FROM arma_tu_fiesta.lugar WHERE tipo = 'Municipio' AND nombre = 'Libertador (Mérida)') as tablaLugar);
INSERT INTO arma_tu_fiesta.locacion (nombre, tipo, fk_localizacion) VALUES ('Fusion Asiatica de Libertador Mérida) VIP', 'Restaurante', @pertenece);
SET @restaurante = (SELECT pkLocacion FROM (SELECT id_locacion as pkLocacion FROM arma_tu_fiesta.locacion WHERE nombre = 'Fusion Asiatica de Libertador Mérida) VIP' AND tipo = 'Restaurante') as tablaLocacion);
INSERT INTO arma_tu_fiesta.telefono (numero, fk_locacion) VALUES ('0424512554', @restaurante);

INSERT INTO arma_tu_fiesta.coordenada (latitud, longitud, fk_locacion) VALUES ('8.6','-71.15', @restaurante);
INSERT INTO arma_tu_fiesta.salon_de_fiesta (fk_salon, descripcion, capacidad_personas) VALUES (@restaurante, 'Sala Prive del Restaurante', '100');
INSERT INTO arma_tu_fiesta.punto_de_referencia (descripcion, fk_salon_de_fiesta) VALUES ('A la izquierda de la quinta gris',@restaurante);

SET @caract = (SELECT pkCaract FROM (SELECT id_caracteristica as pkCaract FROM arma_tu_fiesta.caracteristica WHERE nombre = 'Area Techada') as tablaCaract);
INSERT INTO arma_tu_fiesta.caracteristica_salon (fk_salon_de_fiesta, fk_caracteristica, cantidad) VALUES (@restaurante,@caract, '5');

SET @caract = (SELECT pkCaract FROM (SELECT id_caracteristica as pkCaract FROM arma_tu_fiesta.caracteristica WHERE nombre = 'Estacionamiento') as tablaCaract);
INSERT INTO arma_tu_fiesta.caracteristica_salon (fk_salon_de_fiesta, fk_caracteristica, cantidad) VALUES (@restaurante,@caract, '2');

SET @caract = (SELECT pkCaract FROM (SELECT id_caracteristica as pkCaract FROM arma_tu_fiesta.caracteristica WHERE nombre = 'Punto de Electricidad') as tablaCaract);
INSERT INTO arma_tu_fiesta.caracteristica_salon (fk_salon_de_fiesta, fk_caracteristica, cantidad) VALUES (@restaurante,@caract, '5');

SET @caract = (SELECT pkCaract FROM (SELECT id_caracteristica as pkCaract FROM arma_tu_fiesta.caracteristica WHERE nombre = 'Fuente') as tablaCaract);
INSERT INTO arma_tu_fiesta.caracteristica_salon (fk_salon_de_fiesta, fk_caracteristica, cantidad) VALUES (@restaurante,@caract, '5');

SET @caract = (SELECT pkCaract FROM (SELECT id_caracteristica as pkCaract FROM arma_tu_fiesta.caracteristica WHERE nombre = 'Area Infantil') as tablaCaract);
INSERT INTO arma_tu_fiesta.caracteristica_salon (fk_salon_de_fiesta, fk_caracteristica, cantidad) VALUES (@restaurante,@caract, '4');

SET @pertenece = (SELECT pkLugar FROM (SELECT id_lugar as pkLugar FROM arma_tu_fiesta.lugar WHERE tipo = 'Municipio' AND nombre = 'Miranda (Timotes)') as tablaLugar);
INSERT INTO arma_tu_fiesta.locacion (nombre, tipo, fk_localizacion) VALUES ('Brisas de Miranda Timotes) Criollo', 'Restaurante', @pertenece);
SET @restaurante = (SELECT pkLocacion FROM (SELECT id_locacion as pkLocacion FROM arma_tu_fiesta.locacion WHERE nombre = 'Brisas de Miranda Timotes) Criollo' AND tipo = 'Restaurante') as tablaLocacion);
INSERT INTO arma_tu_fiesta.telefono (numero, fk_locacion) VALUES ('0412912222', @restaurante);

SET @pertenece = (SELECT pkLugar FROM (SELECT id_lugar as pkLugar FROM arma_tu_fiesta.lugar WHERE tipo = 'Municipio' AND nombre = 'Noguera (Santa María de Caparo)') as tablaLugar);
INSERT INTO arma_tu_fiesta.locacion (nombre, tipo, fk_localizacion) VALUES ('Bistro de Noguera Santa VIP', 'Restaurante', @pertenece);
SET @restaurante = (SELECT pkLocacion FROM (SELECT id_locacion as pkLocacion FROM arma_tu_fiesta.locacion WHERE nombre = 'Bistro de Noguera Santa VIP' AND tipo = 'Restaurante') as tablaLocacion);
INSERT INTO arma_tu_fiesta.telefono (numero, fk_locacion) VALUES ('0412977038', @restaurante);

SET @pertenece = (SELECT pkLugar FROM (SELECT id_lugar as pkLugar FROM arma_tu_fiesta.lugar WHERE tipo = 'Municipio' AND nombre = 'Parra Olmedo (Tucaní)') as tablaLugar);
INSERT INTO arma_tu_fiesta.locacion (nombre, tipo, fk_localizacion) VALUES ('Bistro de Parra Olmedo Rico', 'Restaurante', @pertenece);
SET @restaurante = (SELECT pkLocacion FROM (SELECT id_locacion as pkLocacion FROM arma_tu_fiesta.locacion WHERE nombre = 'Bistro de Parra Olmedo Rico' AND tipo = 'Restaurante') as tablaLocacion);
INSERT INTO arma_tu_fiesta.telefono (numero, fk_locacion) VALUES ('0416883653', @restaurante);

SET @pertenece = (SELECT pkLugar FROM (SELECT id_lugar as pkLugar FROM arma_tu_fiesta.lugar WHERE tipo = 'Municipio' AND nombre = 'Pinto Salinas (Santa Cruz de Mora)') as tablaLugar);
INSERT INTO arma_tu_fiesta.locacion (nombre, tipo, fk_localizacion) VALUES ('Pizzeria de Pinto Salinas Rico', 'Restaurante', @pertenece);
SET @restaurante = (SELECT pkLocacion FROM (SELECT id_locacion as pkLocacion FROM arma_tu_fiesta.locacion WHERE nombre = 'Pizzeria de Pinto Salinas Rico' AND tipo = 'Restaurante') as tablaLocacion);
INSERT INTO arma_tu_fiesta.telefono (numero, fk_locacion) VALUES ('0414945931', @restaurante);

SET @pertenece = (SELECT pkLugar FROM (SELECT id_lugar as pkLugar FROM arma_tu_fiesta.lugar WHERE tipo = 'Municipio' AND nombre = 'Pueblo Llano (Pueblo Llano)') as tablaLugar);
INSERT INTO arma_tu_fiesta.locacion (nombre, tipo, fk_localizacion) VALUES ('Grill de Pueblo Llano Rico', 'Restaurante', @pertenece);
SET @restaurante = (SELECT pkLocacion FROM (SELECT id_locacion as pkLocacion FROM arma_tu_fiesta.locacion WHERE nombre = 'Grill de Pueblo Llano Rico' AND tipo = 'Restaurante') as tablaLocacion);
INSERT INTO arma_tu_fiesta.telefono (numero, fk_locacion) VALUES ('0416187543', @restaurante);

SET @pertenece = (SELECT pkLugar FROM (SELECT id_lugar as pkLugar FROM arma_tu_fiesta.lugar WHERE tipo = 'Municipio' AND nombre = 'Quintero (Santo Domingo)') as tablaLugar);
INSERT INTO arma_tu_fiesta.locacion (nombre, tipo, fk_localizacion) VALUES ('Bistro de Quintero Santo Criollo', 'Restaurante', @pertenece);
SET @restaurante = (SELECT pkLocacion FROM (SELECT id_locacion as pkLocacion FROM arma_tu_fiesta.locacion WHERE nombre = 'Bistro de Quintero Santo Criollo' AND tipo = 'Restaurante') as tablaLocacion);
INSERT INTO arma_tu_fiesta.telefono (numero, fk_locacion) VALUES ('0424514195', @restaurante);

SET @pertenece = (SELECT pkLugar FROM (SELECT id_lugar as pkLugar FROM arma_tu_fiesta.lugar WHERE tipo = 'Municipio' AND nombre = 'Rangel (Mucuchíes)') as tablaLugar);
INSERT INTO arma_tu_fiesta.locacion (nombre, tipo, fk_localizacion) VALUES ('Grill de Rangel Mucuchíes) Gourmet', 'Restaurante', @pertenece);
SET @restaurante = (SELECT pkLocacion FROM (SELECT id_locacion as pkLocacion FROM arma_tu_fiesta.locacion WHERE nombre = 'Grill de Rangel Mucuchíes) Gourmet' AND tipo = 'Restaurante') as tablaLocacion);
INSERT INTO arma_tu_fiesta.telefono (numero, fk_locacion) VALUES ('0426123257', @restaurante);

SET @pertenece = (SELECT pkLugar FROM (SELECT id_lugar as pkLugar FROM arma_tu_fiesta.lugar WHERE tipo = 'Municipio' AND nombre = 'Ramos de Lora (Santa Elena de Arenales)') as tablaLugar);
INSERT INTO arma_tu_fiesta.locacion (nombre, tipo, fk_localizacion) VALUES ('Parrillera de Ramos de VIP', 'Restaurante', @pertenece);
SET @restaurante = (SELECT pkLocacion FROM (SELECT id_locacion as pkLocacion FROM arma_tu_fiesta.locacion WHERE nombre = 'Parrillera de Ramos de VIP' AND tipo = 'Restaurante') as tablaLocacion);
INSERT INTO arma_tu_fiesta.telefono (numero, fk_locacion) VALUES ('0412403023', @restaurante);

SET @pertenece = (SELECT pkLugar FROM (SELECT id_lugar as pkLugar FROM arma_tu_fiesta.lugar WHERE tipo = 'Municipio' AND nombre = 'Salas (Arapuey)') as tablaLugar);
INSERT INTO arma_tu_fiesta.locacion (nombre, tipo, fk_localizacion) VALUES ('Bistro de Salas Arapuey) Gourmet', 'Restaurante', @pertenece);
SET @restaurante = (SELECT pkLocacion FROM (SELECT id_locacion as pkLocacion FROM arma_tu_fiesta.locacion WHERE nombre = 'Bistro de Salas Arapuey) Gourmet' AND tipo = 'Restaurante') as tablaLocacion);
INSERT INTO arma_tu_fiesta.telefono (numero, fk_locacion) VALUES ('0414570331', @restaurante);

SET @pertenece = (SELECT pkLugar FROM (SELECT id_lugar as pkLugar FROM arma_tu_fiesta.lugar WHERE tipo = 'Municipio' AND nombre = 'Marquina (Tabay)') as tablaLugar);
INSERT INTO arma_tu_fiesta.locacion (nombre, tipo, fk_localizacion) VALUES ('Mar y Tierra de Marquina Tabay) Deluxe', 'Restaurante', @pertenece);
SET @restaurante = (SELECT pkLocacion FROM (SELECT id_locacion as pkLocacion FROM arma_tu_fiesta.locacion WHERE nombre = 'Mar y Tierra de Marquina Tabay) Deluxe' AND tipo = 'Restaurante') as tablaLocacion);
INSERT INTO arma_tu_fiesta.telefono (numero, fk_locacion) VALUES ('0426582846', @restaurante);

SET @pertenece = (SELECT pkLugar FROM (SELECT id_lugar as pkLugar FROM arma_tu_fiesta.lugar WHERE tipo = 'Municipio' AND nombre = 'Sucre (Lagunillas)') as tablaLugar);
INSERT INTO arma_tu_fiesta.locacion (nombre, tipo, fk_localizacion) VALUES ('Bistro de Sucre Lagunillas) Rico', 'Restaurante', @pertenece);
SET @restaurante = (SELECT pkLocacion FROM (SELECT id_locacion as pkLocacion FROM arma_tu_fiesta.locacion WHERE nombre = 'Bistro de Sucre Lagunillas) Rico' AND tipo = 'Restaurante') as tablaLocacion);
INSERT INTO arma_tu_fiesta.telefono (numero, fk_locacion) VALUES ('0426322091', @restaurante);

SET @pertenece = (SELECT pkLugar FROM (SELECT id_lugar as pkLugar FROM arma_tu_fiesta.lugar WHERE tipo = 'Municipio' AND nombre = 'Tovar (Tovar)') as tablaLugar);
INSERT INTO arma_tu_fiesta.locacion (nombre, tipo, fk_localizacion) VALUES ('Mar y Tierra de Tovar Tovar) Deluxe', 'Restaurante', @pertenece);
SET @restaurante = (SELECT pkLocacion FROM (SELECT id_locacion as pkLocacion FROM arma_tu_fiesta.locacion WHERE nombre = 'Mar y Tierra de Tovar Tovar) Deluxe' AND tipo = 'Restaurante') as tablaLocacion);
INSERT INTO arma_tu_fiesta.telefono (numero, fk_locacion) VALUES ('0426336481', @restaurante);

SET @pertenece = (SELECT pkLugar FROM (SELECT id_lugar as pkLugar FROM arma_tu_fiesta.lugar WHERE tipo = 'Municipio' AND nombre = 'Zea (Zea)') as tablaLugar);
INSERT INTO arma_tu_fiesta.locacion (nombre, tipo, fk_localizacion) VALUES ('Arepera Zea Zea) Criollo', 'Restaurante', @pertenece);
SET @restaurante = (SELECT pkLocacion FROM (SELECT id_locacion as pkLocacion FROM arma_tu_fiesta.locacion WHERE nombre = 'Arepera Zea Zea) Criollo' AND tipo = 'Restaurante') as tablaLocacion);
INSERT INTO arma_tu_fiesta.telefono (numero, fk_locacion) VALUES ('0426204096', @restaurante);

SET @pertenece = (SELECT pkLugar FROM (SELECT id_lugar as pkLugar FROM arma_tu_fiesta.lugar WHERE tipo = 'Municipio' AND nombre = 'Acevedo (Caucagua)') as tablaLugar);
INSERT INTO arma_tu_fiesta.locacion (nombre, tipo, fk_localizacion) VALUES ('Fusion Asiatica de Acevedo Caucagua) Gourmet', 'Restaurante', @pertenece);
SET @restaurante = (SELECT pkLocacion FROM (SELECT id_locacion as pkLocacion FROM arma_tu_fiesta.locacion WHERE nombre = 'Fusion Asiatica de Acevedo Caucagua) Gourmet' AND tipo = 'Restaurante') as tablaLocacion);
INSERT INTO arma_tu_fiesta.telefono (numero, fk_locacion) VALUES ('0212179723', @restaurante);

SET @pertenece = (SELECT pkLugar FROM (SELECT id_lugar as pkLugar FROM arma_tu_fiesta.lugar WHERE tipo = 'Municipio' AND nombre = 'Andrés Bello (San José de Barlovento)') as tablaLugar);
INSERT INTO arma_tu_fiesta.locacion (nombre, tipo, fk_localizacion) VALUES ('Hornos de Andrés Bello Deluxe', 'Restaurante', @pertenece);
SET @restaurante = (SELECT pkLocacion FROM (SELECT id_locacion as pkLocacion FROM arma_tu_fiesta.locacion WHERE nombre = 'Hornos de Andrés Bello Deluxe' AND tipo = 'Restaurante') as tablaLocacion);
INSERT INTO arma_tu_fiesta.telefono (numero, fk_locacion) VALUES ('0412488307', @restaurante);

SET @pertenece = (SELECT pkLugar FROM (SELECT id_lugar as pkLugar FROM arma_tu_fiesta.lugar WHERE tipo = 'Municipio' AND nombre = 'Baruta (Baruta)') as tablaLugar);
INSERT INTO arma_tu_fiesta.locacion (nombre, tipo, fk_localizacion) VALUES ('Hornos de Baruta Baruta) Rico', 'Restaurante', @pertenece);
SET @restaurante = (SELECT pkLocacion FROM (SELECT id_locacion as pkLocacion FROM arma_tu_fiesta.locacion WHERE nombre = 'Hornos de Baruta Baruta) Rico' AND tipo = 'Restaurante') as tablaLocacion);
INSERT INTO arma_tu_fiesta.telefono (numero, fk_locacion) VALUES ('0212155247', @restaurante);

SET @pertenece = (SELECT pkLugar FROM (SELECT id_lugar as pkLugar FROM arma_tu_fiesta.lugar WHERE tipo = 'Municipio' AND nombre = 'Brión (Higuerote)') as tablaLugar);
INSERT INTO arma_tu_fiesta.locacion (nombre, tipo, fk_localizacion) VALUES ('Los Costillas de Brión Higuerote) VIP', 'Restaurante', @pertenece);
SET @restaurante = (SELECT pkLocacion FROM (SELECT id_locacion as pkLocacion FROM arma_tu_fiesta.locacion WHERE nombre = 'Los Costillas de Brión Higuerote) VIP' AND tipo = 'Restaurante') as tablaLocacion);
INSERT INTO arma_tu_fiesta.telefono (numero, fk_locacion) VALUES ('0424342237', @restaurante);

SET @pertenece = (SELECT pkLugar FROM (SELECT id_lugar as pkLugar FROM arma_tu_fiesta.lugar WHERE tipo = 'Municipio' AND nombre = 'Bolívar (San Francisco de Yare)') as tablaLugar);
INSERT INTO arma_tu_fiesta.locacion (nombre, tipo, fk_localizacion) VALUES ('Los Costillas de Bolívar San Criollo', 'Restaurante', @pertenece);
SET @restaurante = (SELECT pkLocacion FROM (SELECT id_locacion as pkLocacion FROM arma_tu_fiesta.locacion WHERE nombre = 'Los Costillas de Bolívar San Criollo' AND tipo = 'Restaurante') as tablaLocacion);
INSERT INTO arma_tu_fiesta.telefono (numero, fk_locacion) VALUES ('0212740953', @restaurante);

SET @pertenece = (SELECT pkLugar FROM (SELECT id_lugar as pkLugar FROM arma_tu_fiesta.lugar WHERE tipo = 'Municipio' AND nombre = 'Buroz (Mamporal)') as tablaLugar);
INSERT INTO arma_tu_fiesta.locacion (nombre, tipo, fk_localizacion) VALUES ('Brisas de Buroz Mamporal) Criollo', 'Restaurante', @pertenece);
SET @restaurante = (SELECT pkLocacion FROM (SELECT id_locacion as pkLocacion FROM arma_tu_fiesta.locacion WHERE nombre = 'Brisas de Buroz Mamporal) Criollo' AND tipo = 'Restaurante') as tablaLocacion);
INSERT INTO arma_tu_fiesta.telefono (numero, fk_locacion) VALUES ('0212168472', @restaurante);

SET @pertenece = (SELECT pkLugar FROM (SELECT id_lugar as pkLugar FROM arma_tu_fiesta.lugar WHERE tipo = 'Municipio' AND nombre = 'Carrizal (Carrizal)') as tablaLugar);
INSERT INTO arma_tu_fiesta.locacion (nombre, tipo, fk_localizacion) VALUES ('Burritos de Carrizal Carrizal) Gourmet', 'Restaurante', @pertenece);
SET @restaurante = (SELECT pkLocacion FROM (SELECT id_locacion as pkLocacion FROM arma_tu_fiesta.locacion WHERE nombre = 'Burritos de Carrizal Carrizal) Gourmet' AND tipo = 'Restaurante') as tablaLocacion);
INSERT INTO arma_tu_fiesta.telefono (numero, fk_locacion) VALUES ('0212918724', @restaurante);

SET @pertenece = (SELECT pkLugar FROM (SELECT id_lugar as pkLugar FROM arma_tu_fiesta.lugar WHERE tipo = 'Municipio' AND nombre = 'Chacao (Chacao)') as tablaLugar);
INSERT INTO arma_tu_fiesta.locacion (nombre, tipo, fk_localizacion) VALUES ('Pizzeria de Chacao Chacao) Gourmet', 'Restaurante', @pertenece);
SET @restaurante = (SELECT pkLocacion FROM (SELECT id_locacion as pkLocacion FROM arma_tu_fiesta.locacion WHERE nombre = 'Pizzeria de Chacao Chacao) Gourmet' AND tipo = 'Restaurante') as tablaLocacion);
INSERT INTO arma_tu_fiesta.telefono (numero, fk_locacion) VALUES ('0212888084', @restaurante);

SET @pertenece = (SELECT pkLugar FROM (SELECT id_lugar as pkLugar FROM arma_tu_fiesta.lugar WHERE tipo = 'Municipio' AND nombre = 'Cristóbal Rojas (Charallave)') as tablaLugar);
INSERT INTO arma_tu_fiesta.locacion (nombre, tipo, fk_localizacion) VALUES ('Fusion Asiatica de Cristóbal Rojas Rico', 'Restaurante', @pertenece);
SET @restaurante = (SELECT pkLocacion FROM (SELECT id_locacion as pkLocacion FROM arma_tu_fiesta.locacion WHERE nombre = 'Fusion Asiatica de Cristóbal Rojas Rico' AND tipo = 'Restaurante') as tablaLocacion);
INSERT INTO arma_tu_fiesta.telefono (numero, fk_locacion) VALUES ('0426588528', @restaurante);

SET @pertenece = (SELECT pkLugar FROM (SELECT id_lugar as pkLugar FROM arma_tu_fiesta.lugar WHERE tipo = 'Municipio' AND nombre = 'El Hatillo (El Hatillo)') as tablaLugar);
INSERT INTO arma_tu_fiesta.locacion (nombre, tipo, fk_localizacion) VALUES ('Arepera El Hatillo Deluxe', 'Restaurante', @pertenece);
SET @restaurante = (SELECT pkLocacion FROM (SELECT id_locacion as pkLocacion FROM arma_tu_fiesta.locacion WHERE nombre = 'Arepera El Hatillo Deluxe' AND tipo = 'Restaurante') as tablaLocacion);
INSERT INTO arma_tu_fiesta.telefono (numero, fk_locacion) VALUES ('0426659125', @restaurante);

SET @pertenece = (SELECT pkLugar FROM (SELECT id_lugar as pkLugar FROM arma_tu_fiesta.lugar WHERE tipo = 'Municipio' AND nombre = 'Guaicaipuro (Los Teques)') as tablaLugar);
INSERT INTO arma_tu_fiesta.locacion (nombre, tipo, fk_localizacion) VALUES ('Mar y Tierra de Guaicaipuro Los VIP', 'Restaurante', @pertenece);
SET @restaurante = (SELECT pkLocacion FROM (SELECT id_locacion as pkLocacion FROM arma_tu_fiesta.locacion WHERE nombre = 'Mar y Tierra de Guaicaipuro Los VIP' AND tipo = 'Restaurante') as tablaLocacion);
INSERT INTO arma_tu_fiesta.telefono (numero, fk_locacion) VALUES ('0426576577', @restaurante);

INSERT INTO arma_tu_fiesta.coordenada (latitud, longitud, fk_locacion) VALUES ('10.350278','-67.038889', @restaurante);
INSERT INTO arma_tu_fiesta.salon_de_fiesta (fk_salon, descripcion, capacidad_personas) VALUES (@restaurante, 'Sala Prive del Restaurante', '100');
INSERT INTO arma_tu_fiesta.punto_de_referencia (descripcion, fk_salon_de_fiesta) VALUES ('A la derecha de la quinta de bloques',@restaurante);

SET @caract = (SELECT pkCaract FROM (SELECT id_caracteristica as pkCaract FROM arma_tu_fiesta.caracteristica WHERE nombre = 'Area Techada') as tablaCaract);
INSERT INTO arma_tu_fiesta.caracteristica_salon (fk_salon_de_fiesta, fk_caracteristica, cantidad) VALUES (@restaurante,@caract, '5');

SET @caract = (SELECT pkCaract FROM (SELECT id_caracteristica as pkCaract FROM arma_tu_fiesta.caracteristica WHERE nombre = 'Estacionamiento') as tablaCaract);
INSERT INTO arma_tu_fiesta.caracteristica_salon (fk_salon_de_fiesta, fk_caracteristica, cantidad) VALUES (@restaurante,@caract, '1');

SET @caract = (SELECT pkCaract FROM (SELECT id_caracteristica as pkCaract FROM arma_tu_fiesta.caracteristica WHERE nombre = 'Punto de Electricidad') as tablaCaract);
INSERT INTO arma_tu_fiesta.caracteristica_salon (fk_salon_de_fiesta, fk_caracteristica, cantidad) VALUES (@restaurante,@caract, '3');

SET @caract = (SELECT pkCaract FROM (SELECT id_caracteristica as pkCaract FROM arma_tu_fiesta.caracteristica WHERE nombre = 'Fuente') as tablaCaract);
INSERT INTO arma_tu_fiesta.caracteristica_salon (fk_salon_de_fiesta, fk_caracteristica, cantidad) VALUES (@restaurante,@caract, '3');

SET @caract = (SELECT pkCaract FROM (SELECT id_caracteristica as pkCaract FROM arma_tu_fiesta.caracteristica WHERE nombre = 'Area Infantil') as tablaCaract);
INSERT INTO arma_tu_fiesta.caracteristica_salon (fk_salon_de_fiesta, fk_caracteristica, cantidad) VALUES (@restaurante,@caract, '4');

SET @pertenece = (SELECT pkLugar FROM (SELECT id_lugar as pkLugar FROM arma_tu_fiesta.lugar WHERE tipo = 'Municipio' AND nombre = 'Gual (Cúpira)') as tablaLugar);
INSERT INTO arma_tu_fiesta.locacion (nombre, tipo, fk_localizacion) VALUES ('Brisas de Gual Cúpira) Rico', 'Restaurante', @pertenece);
SET @restaurante = (SELECT pkLocacion FROM (SELECT id_locacion as pkLocacion FROM arma_tu_fiesta.locacion WHERE nombre = 'Brisas de Gual Cúpira) Rico' AND tipo = 'Restaurante') as tablaLocacion);
INSERT INTO arma_tu_fiesta.telefono (numero, fk_locacion) VALUES ('0426225954', @restaurante);

SET @pertenece = (SELECT pkLugar FROM (SELECT id_lugar as pkLugar FROM arma_tu_fiesta.lugar WHERE tipo = 'Municipio' AND nombre = 'Independencia (Santa Teresa del Tuy)') as tablaLugar);
INSERT INTO arma_tu_fiesta.locacion (nombre, tipo, fk_localizacion) VALUES ('Los Costillas de Independencia Santa Gourmet', 'Restaurante', @pertenece);
SET @restaurante = (SELECT pkLocacion FROM (SELECT id_locacion as pkLocacion FROM arma_tu_fiesta.locacion WHERE nombre = 'Los Costillas de Independencia Santa Gourmet' AND tipo = 'Restaurante') as tablaLocacion);
INSERT INTO arma_tu_fiesta.telefono (numero, fk_locacion) VALUES ('0212662854', @restaurante);

SET @pertenece = (SELECT pkLugar FROM (SELECT id_lugar as pkLugar FROM arma_tu_fiesta.lugar WHERE tipo = 'Municipio' AND nombre = 'Lander (Ocumare del Tuy)') as tablaLugar);
INSERT INTO arma_tu_fiesta.locacion (nombre, tipo, fk_localizacion) VALUES ('Bistro de Lander Ocumare Criollo', 'Restaurante', @pertenece);
SET @restaurante = (SELECT pkLocacion FROM (SELECT id_locacion as pkLocacion FROM arma_tu_fiesta.locacion WHERE nombre = 'Bistro de Lander Ocumare Criollo' AND tipo = 'Restaurante') as tablaLocacion);
INSERT INTO arma_tu_fiesta.telefono (numero, fk_locacion) VALUES ('0212876180', @restaurante);

SET @pertenece = (SELECT pkLugar FROM (SELECT id_lugar as pkLugar FROM arma_tu_fiesta.lugar WHERE tipo = 'Municipio' AND nombre = 'Los Salias (San Antonio de los Altos)') as tablaLugar);
INSERT INTO arma_tu_fiesta.locacion (nombre, tipo, fk_localizacion) VALUES ('Parrillera de Los Salias Rico', 'Restaurante', @pertenece);
SET @restaurante = (SELECT pkLocacion FROM (SELECT id_locacion as pkLocacion FROM arma_tu_fiesta.locacion WHERE nombre = 'Parrillera de Los Salias Rico' AND tipo = 'Restaurante') as tablaLocacion);
INSERT INTO arma_tu_fiesta.telefono (numero, fk_locacion) VALUES ('0426198169', @restaurante);

SET @pertenece = (SELECT pkLugar FROM (SELECT id_lugar as pkLugar FROM arma_tu_fiesta.lugar WHERE tipo = 'Municipio' AND nombre = 'Páez (Río Chico)') as tablaLugar);
INSERT INTO arma_tu_fiesta.locacion (nombre, tipo, fk_localizacion) VALUES ('Los Costillas de Páez Río Rico', 'Restaurante', @pertenece);
SET @restaurante = (SELECT pkLocacion FROM (SELECT id_locacion as pkLocacion FROM arma_tu_fiesta.locacion WHERE nombre = 'Los Costillas de Páez Río Rico' AND tipo = 'Restaurante') as tablaLocacion);
INSERT INTO arma_tu_fiesta.telefono (numero, fk_locacion) VALUES ('0426729583', @restaurante);

SET @pertenece = (SELECT pkLugar FROM (SELECT id_lugar as pkLugar FROM arma_tu_fiesta.lugar WHERE tipo = 'Municipio' AND nombre = 'Paz Castillo (Santa Lucía)') as tablaLugar);
INSERT INTO arma_tu_fiesta.locacion (nombre, tipo, fk_localizacion) VALUES ('Brisas de Paz Castillo Gourmet', 'Restaurante', @pertenece);
SET @restaurante = (SELECT pkLocacion FROM (SELECT id_locacion as pkLocacion FROM arma_tu_fiesta.locacion WHERE nombre = 'Brisas de Paz Castillo Gourmet' AND tipo = 'Restaurante') as tablaLocacion);
INSERT INTO arma_tu_fiesta.telefono (numero, fk_locacion) VALUES ('0414352990', @restaurante);

SET @pertenece = (SELECT pkLugar FROM (SELECT id_lugar as pkLugar FROM arma_tu_fiesta.lugar WHERE tipo = 'Municipio' AND nombre = 'Plaza (Guarenas)') as tablaLugar);
INSERT INTO arma_tu_fiesta.locacion (nombre, tipo, fk_localizacion) VALUES ('Bistro de Plaza Guarenas) Deluxe', 'Restaurante', @pertenece);
SET @restaurante = (SELECT pkLocacion FROM (SELECT id_locacion as pkLocacion FROM arma_tu_fiesta.locacion WHERE nombre = 'Bistro de Plaza Guarenas) Deluxe' AND tipo = 'Restaurante') as tablaLocacion);
INSERT INTO arma_tu_fiesta.telefono (numero, fk_locacion) VALUES ('0424203418', @restaurante);

SET @pertenece = (SELECT pkLugar FROM (SELECT id_lugar as pkLugar FROM arma_tu_fiesta.lugar WHERE tipo = 'Municipio' AND nombre = 'Sucre (Petare)') as tablaLugar);
INSERT INTO arma_tu_fiesta.locacion (nombre, tipo, fk_localizacion) VALUES ('Tacos de Sucre Petare) Criollo', 'Restaurante', @pertenece);
SET @restaurante = (SELECT pkLocacion FROM (SELECT id_locacion as pkLocacion FROM arma_tu_fiesta.locacion WHERE nombre = 'Tacos de Sucre Petare) Criollo' AND tipo = 'Restaurante') as tablaLocacion);
INSERT INTO arma_tu_fiesta.telefono (numero, fk_locacion) VALUES ('0414806899', @restaurante);

SET @pertenece = (SELECT pkLugar FROM (SELECT id_lugar as pkLugar FROM arma_tu_fiesta.lugar WHERE tipo = 'Municipio' AND nombre = 'Urdaneta (Cúa)') as tablaLugar);
INSERT INTO arma_tu_fiesta.locacion (nombre, tipo, fk_localizacion) VALUES ('Mar y Tierra de Urdaneta Cúa) Rico', 'Restaurante', @pertenece);
SET @restaurante = (SELECT pkLocacion FROM (SELECT id_locacion as pkLocacion FROM arma_tu_fiesta.locacion WHERE nombre = 'Mar y Tierra de Urdaneta Cúa) Rico' AND tipo = 'Restaurante') as tablaLocacion);
INSERT INTO arma_tu_fiesta.telefono (numero, fk_locacion) VALUES ('0416899552', @restaurante);

SET @pertenece = (SELECT pkLugar FROM (SELECT id_lugar as pkLugar FROM arma_tu_fiesta.lugar WHERE tipo = 'Municipio' AND nombre = 'Zamora (Guatire)') as tablaLugar);
INSERT INTO arma_tu_fiesta.locacion (nombre, tipo, fk_localizacion) VALUES ('Los Costillas de Zamora Guatire) VIP', 'Restaurante', @pertenece);
SET @restaurante = (SELECT pkLocacion FROM (SELECT id_locacion as pkLocacion FROM arma_tu_fiesta.locacion WHERE nombre = 'Los Costillas de Zamora Guatire) VIP' AND tipo = 'Restaurante') as tablaLocacion);
INSERT INTO arma_tu_fiesta.telefono (numero, fk_locacion) VALUES ('0412162554', @restaurante);

SET @pertenece = (SELECT pkLugar FROM (SELECT id_lugar as pkLugar FROM arma_tu_fiesta.lugar WHERE tipo = 'Municipio' AND nombre = 'Acosta (San Antonio de Capayacuar)') as tablaLugar);
INSERT INTO arma_tu_fiesta.locacion (nombre, tipo, fk_localizacion) VALUES ('Mar y Tierra de Acosta San Gourmet', 'Restaurante', @pertenece);
SET @restaurante = (SELECT pkLocacion FROM (SELECT id_locacion as pkLocacion FROM arma_tu_fiesta.locacion WHERE nombre = 'Mar y Tierra de Acosta San Gourmet' AND tipo = 'Restaurante') as tablaLocacion);
INSERT INTO arma_tu_fiesta.telefono (numero, fk_locacion) VALUES ('0424320316', @restaurante);

SET @pertenece = (SELECT pkLugar FROM (SELECT id_lugar as pkLugar FROM arma_tu_fiesta.lugar WHERE tipo = 'Municipio' AND nombre = 'Aguasay (Aguasay)') as tablaLugar);
INSERT INTO arma_tu_fiesta.locacion (nombre, tipo, fk_localizacion) VALUES ('Fusion Asiatica de Aguasay Aguasay) Rico', 'Restaurante', @pertenece);
SET @restaurante = (SELECT pkLocacion FROM (SELECT id_locacion as pkLocacion FROM arma_tu_fiesta.locacion WHERE nombre = 'Fusion Asiatica de Aguasay Aguasay) Rico' AND tipo = 'Restaurante') as tablaLocacion);
INSERT INTO arma_tu_fiesta.telefono (numero, fk_locacion) VALUES ('0426145065', @restaurante);

SET @pertenece = (SELECT pkLugar FROM (SELECT id_lugar as pkLugar FROM arma_tu_fiesta.lugar WHERE tipo = 'Municipio' AND nombre = 'Bolívar (Caripito)') as tablaLugar);
INSERT INTO arma_tu_fiesta.locacion (nombre, tipo, fk_localizacion) VALUES ('Pizzeria de Bolívar Caripito) Deluxe', 'Restaurante', @pertenece);
SET @restaurante = (SELECT pkLocacion FROM (SELECT id_locacion as pkLocacion FROM arma_tu_fiesta.locacion WHERE nombre = 'Pizzeria de Bolívar Caripito) Deluxe' AND tipo = 'Restaurante') as tablaLocacion);
INSERT INTO arma_tu_fiesta.telefono (numero, fk_locacion) VALUES ('0424111183', @restaurante);

SET @pertenece = (SELECT pkLugar FROM (SELECT id_lugar as pkLugar FROM arma_tu_fiesta.lugar WHERE tipo = 'Municipio' AND nombre = 'Caripe (Caripe)') as tablaLugar);
INSERT INTO arma_tu_fiesta.locacion (nombre, tipo, fk_localizacion) VALUES ('Los Costillas de Caripe Caripe) Rico', 'Restaurante', @pertenece);
SET @restaurante = (SELECT pkLocacion FROM (SELECT id_locacion as pkLocacion FROM arma_tu_fiesta.locacion WHERE nombre = 'Los Costillas de Caripe Caripe) Rico' AND tipo = 'Restaurante') as tablaLocacion);
INSERT INTO arma_tu_fiesta.telefono (numero, fk_locacion) VALUES ('0426453091', @restaurante);

SET @pertenece = (SELECT pkLugar FROM (SELECT id_lugar as pkLugar FROM arma_tu_fiesta.lugar WHERE tipo = 'Municipio' AND nombre = 'Cedeño (Caicara de Maturín)') as tablaLugar);
INSERT INTO arma_tu_fiesta.locacion (nombre, tipo, fk_localizacion) VALUES ('Arepera Cedeño Caicara Deluxe', 'Restaurante', @pertenece);
SET @restaurante = (SELECT pkLocacion FROM (SELECT id_locacion as pkLocacion FROM arma_tu_fiesta.locacion WHERE nombre = 'Arepera Cedeño Caicara Deluxe' AND tipo = 'Restaurante') as tablaLocacion);
INSERT INTO arma_tu_fiesta.telefono (numero, fk_locacion) VALUES ('0414317102', @restaurante);

SET @pertenece = (SELECT pkLugar FROM (SELECT id_lugar as pkLugar FROM arma_tu_fiesta.lugar WHERE tipo = 'Municipio' AND nombre = 'Libertador (Temblador)') as tablaLugar);
INSERT INTO arma_tu_fiesta.locacion (nombre, tipo, fk_localizacion) VALUES ('Los Costillas de Libertador Temblador) Gourmet', 'Restaurante', @pertenece);
SET @restaurante = (SELECT pkLocacion FROM (SELECT id_locacion as pkLocacion FROM arma_tu_fiesta.locacion WHERE nombre = 'Los Costillas de Libertador Temblador) Gourmet' AND tipo = 'Restaurante') as tablaLocacion);
INSERT INTO arma_tu_fiesta.telefono (numero, fk_locacion) VALUES ('0424258830', @restaurante);

SET @pertenece = (SELECT pkLugar FROM (SELECT id_lugar as pkLugar FROM arma_tu_fiesta.lugar WHERE tipo = 'Municipio' AND nombre = 'Maturín (Maturín)') as tablaLugar);
INSERT INTO arma_tu_fiesta.locacion (nombre, tipo, fk_localizacion) VALUES ('Bolognesa de Maturín Maturín) Criollo', 'Restaurante', @pertenece);
SET @restaurante = (SELECT pkLocacion FROM (SELECT id_locacion as pkLocacion FROM arma_tu_fiesta.locacion WHERE nombre = 'Bolognesa de Maturín Maturín) Criollo' AND tipo = 'Restaurante') as tablaLocacion);
INSERT INTO arma_tu_fiesta.telefono (numero, fk_locacion) VALUES ('0424319066', @restaurante);

INSERT INTO arma_tu_fiesta.coordenada (latitud, longitud, fk_locacion) VALUES ('9.75','-63.183', @restaurante);
INSERT INTO arma_tu_fiesta.salon_de_fiesta (fk_salon, descripcion, capacidad_personas) VALUES (@restaurante, 'Sala Prive del Restaurante', '100');
INSERT INTO arma_tu_fiesta.punto_de_referencia (descripcion, fk_salon_de_fiesta) VALUES ('A la izquierda de la panaderia naranja',@restaurante);

SET @caract = (SELECT pkCaract FROM (SELECT id_caracteristica as pkCaract FROM arma_tu_fiesta.caracteristica WHERE nombre = 'Area Techada') as tablaCaract);
INSERT INTO arma_tu_fiesta.caracteristica_salon (fk_salon_de_fiesta, fk_caracteristica, cantidad) VALUES (@restaurante,@caract, '4');

SET @caract = (SELECT pkCaract FROM (SELECT id_caracteristica as pkCaract FROM arma_tu_fiesta.caracteristica WHERE nombre = 'Estacionamiento') as tablaCaract);
INSERT INTO arma_tu_fiesta.caracteristica_salon (fk_salon_de_fiesta, fk_caracteristica, cantidad) VALUES (@restaurante,@caract, '5');

SET @caract = (SELECT pkCaract FROM (SELECT id_caracteristica as pkCaract FROM arma_tu_fiesta.caracteristica WHERE nombre = 'Punto de Electricidad') as tablaCaract);
INSERT INTO arma_tu_fiesta.caracteristica_salon (fk_salon_de_fiesta, fk_caracteristica, cantidad) VALUES (@restaurante,@caract, '2');

SET @caract = (SELECT pkCaract FROM (SELECT id_caracteristica as pkCaract FROM arma_tu_fiesta.caracteristica WHERE nombre = 'Fuente') as tablaCaract);
INSERT INTO arma_tu_fiesta.caracteristica_salon (fk_salon_de_fiesta, fk_caracteristica, cantidad) VALUES (@restaurante,@caract, '5');

SET @caract = (SELECT pkCaract FROM (SELECT id_caracteristica as pkCaract FROM arma_tu_fiesta.caracteristica WHERE nombre = 'Area Infantil') as tablaCaract);
INSERT INTO arma_tu_fiesta.caracteristica_salon (fk_salon_de_fiesta, fk_caracteristica, cantidad) VALUES (@restaurante,@caract, '5');

SET @pertenece = (SELECT pkLugar FROM (SELECT id_lugar as pkLugar FROM arma_tu_fiesta.lugar WHERE tipo = 'Municipio' AND nombre = 'Piar (Aragua de Maturín)') as tablaLugar);
INSERT INTO arma_tu_fiesta.locacion (nombre, tipo, fk_localizacion) VALUES ('Churrasqueria de Piar Aragua VIP', 'Restaurante', @pertenece);
SET @restaurante = (SELECT pkLocacion FROM (SELECT id_locacion as pkLocacion FROM arma_tu_fiesta.locacion WHERE nombre = 'Churrasqueria de Piar Aragua VIP' AND tipo = 'Restaurante') as tablaLocacion);
INSERT INTO arma_tu_fiesta.telefono (numero, fk_locacion) VALUES ('0424628013', @restaurante);

SET @pertenece = (SELECT pkLugar FROM (SELECT id_lugar as pkLugar FROM arma_tu_fiesta.lugar WHERE tipo = 'Municipio' AND nombre = 'Punceres (Quiriquire)') as tablaLugar);
INSERT INTO arma_tu_fiesta.locacion (nombre, tipo, fk_localizacion) VALUES ('Mar y Tierra de Punceres Quiriquire) Deluxe', 'Restaurante', @pertenece);
SET @restaurante = (SELECT pkLocacion FROM (SELECT id_locacion as pkLocacion FROM arma_tu_fiesta.locacion WHERE nombre = 'Mar y Tierra de Punceres Quiriquire) Deluxe' AND tipo = 'Restaurante') as tablaLocacion);
INSERT INTO arma_tu_fiesta.telefono (numero, fk_locacion) VALUES ('0212771580', @restaurante);

SET @pertenece = (SELECT pkLugar FROM (SELECT id_lugar as pkLugar FROM arma_tu_fiesta.lugar WHERE tipo = 'Municipio' AND nombre = 'Santa Bárbara (Santa Bárbara)') as tablaLugar);
INSERT INTO arma_tu_fiesta.locacion (nombre, tipo, fk_localizacion) VALUES ('Mar y Tierra de Santa Bárbara VIP', 'Restaurante', @pertenece);
SET @restaurante = (SELECT pkLocacion FROM (SELECT id_locacion as pkLocacion FROM arma_tu_fiesta.locacion WHERE nombre = 'Mar y Tierra de Santa Bárbara VIP' AND tipo = 'Restaurante') as tablaLocacion);
INSERT INTO arma_tu_fiesta.telefono (numero, fk_locacion) VALUES ('0412873520', @restaurante);

SET @pertenece = (SELECT pkLugar FROM (SELECT id_lugar as pkLugar FROM arma_tu_fiesta.lugar WHERE tipo = 'Municipio' AND nombre = 'Sotillo (Barrancas del Orinoco)') as tablaLugar);
INSERT INTO arma_tu_fiesta.locacion (nombre, tipo, fk_localizacion) VALUES ('Churrasqueria de Sotillo Barrancas VIP', 'Restaurante', @pertenece);
SET @restaurante = (SELECT pkLocacion FROM (SELECT id_locacion as pkLocacion FROM arma_tu_fiesta.locacion WHERE nombre = 'Churrasqueria de Sotillo Barrancas VIP' AND tipo = 'Restaurante') as tablaLocacion);
INSERT INTO arma_tu_fiesta.telefono (numero, fk_locacion) VALUES ('0412405647', @restaurante);

SET @pertenece = (SELECT pkLugar FROM (SELECT id_lugar as pkLugar FROM arma_tu_fiesta.lugar WHERE tipo = 'Municipio' AND nombre = 'Uracoa (Uracoa)') as tablaLugar);
INSERT INTO arma_tu_fiesta.locacion (nombre, tipo, fk_localizacion) VALUES ('Bolognesa de Uracoa Uracoa) Gourmet', 'Restaurante', @pertenece);
SET @restaurante = (SELECT pkLocacion FROM (SELECT id_locacion as pkLocacion FROM arma_tu_fiesta.locacion WHERE nombre = 'Bolognesa de Uracoa Uracoa) Gourmet' AND tipo = 'Restaurante') as tablaLocacion);
INSERT INTO arma_tu_fiesta.telefono (numero, fk_locacion) VALUES ('0416953054', @restaurante);

SET @pertenece = (SELECT pkLugar FROM (SELECT id_lugar as pkLugar FROM arma_tu_fiesta.lugar WHERE tipo = 'Municipio' AND nombre = 'Zamora (Punta de Mata)') as tablaLugar);
INSERT INTO arma_tu_fiesta.locacion (nombre, tipo, fk_localizacion) VALUES ('Pizzeria de Zamora Punta Criollo', 'Restaurante', @pertenece);
SET @restaurante = (SELECT pkLocacion FROM (SELECT id_locacion as pkLocacion FROM arma_tu_fiesta.locacion WHERE nombre = 'Pizzeria de Zamora Punta Criollo' AND tipo = 'Restaurante') as tablaLocacion);
INSERT INTO arma_tu_fiesta.telefono (numero, fk_locacion) VALUES ('0412168407', @restaurante);

SET @pertenece = (SELECT pkLugar FROM (SELECT id_lugar as pkLugar FROM arma_tu_fiesta.lugar WHERE tipo = 'Municipio' AND nombre = 'Antolín del Campo (Paraguachí)') as tablaLugar);
INSERT INTO arma_tu_fiesta.locacion (nombre, tipo, fk_localizacion) VALUES ('Arepera Antolín del Deluxe', 'Restaurante', @pertenece);
SET @restaurante = (SELECT pkLocacion FROM (SELECT id_locacion as pkLocacion FROM arma_tu_fiesta.locacion WHERE nombre = 'Arepera Antolín del Deluxe' AND tipo = 'Restaurante') as tablaLocacion);
INSERT INTO arma_tu_fiesta.telefono (numero, fk_locacion) VALUES ('0424238806', @restaurante);

SET @pertenece = (SELECT pkLugar FROM (SELECT id_lugar as pkLugar FROM arma_tu_fiesta.lugar WHERE tipo = 'Municipio' AND nombre = 'Arismendi (La Asunción)') as tablaLugar);
INSERT INTO arma_tu_fiesta.locacion (nombre, tipo, fk_localizacion) VALUES ('Churrasqueria de Arismendi La Gourmet', 'Restaurante', @pertenece);
SET @restaurante = (SELECT pkLocacion FROM (SELECT id_locacion as pkLocacion FROM arma_tu_fiesta.locacion WHERE nombre = 'Churrasqueria de Arismendi La Gourmet' AND tipo = 'Restaurante') as tablaLocacion);
INSERT INTO arma_tu_fiesta.telefono (numero, fk_locacion) VALUES ('0426784135', @restaurante);

INSERT INTO arma_tu_fiesta.coordenada (latitud, longitud, fk_locacion) VALUES ('11.0278','-63.8577', @restaurante);
INSERT INTO arma_tu_fiesta.salon_de_fiesta (fk_salon, descripcion, capacidad_personas) VALUES (@restaurante, 'Sala Prive del Restaurante', '100');
INSERT INTO arma_tu_fiesta.punto_de_referencia (descripcion, fk_salon_de_fiesta) VALUES ('Al frente del edificio de bloques',@restaurante);

SET @caract = (SELECT pkCaract FROM (SELECT id_caracteristica as pkCaract FROM arma_tu_fiesta.caracteristica WHERE nombre = 'Area Techada') as tablaCaract);
INSERT INTO arma_tu_fiesta.caracteristica_salon (fk_salon_de_fiesta, fk_caracteristica, cantidad) VALUES (@restaurante,@caract, '2');

SET @caract = (SELECT pkCaract FROM (SELECT id_caracteristica as pkCaract FROM arma_tu_fiesta.caracteristica WHERE nombre = 'Estacionamiento') as tablaCaract);
INSERT INTO arma_tu_fiesta.caracteristica_salon (fk_salon_de_fiesta, fk_caracteristica, cantidad) VALUES (@restaurante,@caract, '4');

SET @caract = (SELECT pkCaract FROM (SELECT id_caracteristica as pkCaract FROM arma_tu_fiesta.caracteristica WHERE nombre = 'Punto de Electricidad') as tablaCaract);
INSERT INTO arma_tu_fiesta.caracteristica_salon (fk_salon_de_fiesta, fk_caracteristica, cantidad) VALUES (@restaurante,@caract, '2');

SET @caract = (SELECT pkCaract FROM (SELECT id_caracteristica as pkCaract FROM arma_tu_fiesta.caracteristica WHERE nombre = 'Fuente') as tablaCaract);
INSERT INTO arma_tu_fiesta.caracteristica_salon (fk_salon_de_fiesta, fk_caracteristica, cantidad) VALUES (@restaurante,@caract, '1');

SET @caract = (SELECT pkCaract FROM (SELECT id_caracteristica as pkCaract FROM arma_tu_fiesta.caracteristica WHERE nombre = 'Area Infantil') as tablaCaract);
INSERT INTO arma_tu_fiesta.caracteristica_salon (fk_salon_de_fiesta, fk_caracteristica, cantidad) VALUES (@restaurante,@caract, '1');

SET @pertenece = (SELECT pkLugar FROM (SELECT id_lugar as pkLugar FROM arma_tu_fiesta.lugar WHERE tipo = 'Municipio' AND nombre = 'Díaz (San Juan Bautista)') as tablaLugar);
INSERT INTO arma_tu_fiesta.locacion (nombre, tipo, fk_localizacion) VALUES ('Burritos de Díaz San Rico', 'Restaurante', @pertenece);
SET @restaurante = (SELECT pkLocacion FROM (SELECT id_locacion as pkLocacion FROM arma_tu_fiesta.locacion WHERE nombre = 'Burritos de Díaz San Rico' AND tipo = 'Restaurante') as tablaLocacion);
INSERT INTO arma_tu_fiesta.telefono (numero, fk_locacion) VALUES ('0414477033', @restaurante);

SET @pertenece = (SELECT pkLugar FROM (SELECT id_lugar as pkLugar FROM arma_tu_fiesta.lugar WHERE tipo = 'Municipio' AND nombre = 'García (El Valle)') as tablaLugar);
INSERT INTO arma_tu_fiesta.locacion (nombre, tipo, fk_localizacion) VALUES ('Brisas de García El Rico', 'Restaurante', @pertenece);
SET @restaurante = (SELECT pkLocacion FROM (SELECT id_locacion as pkLocacion FROM arma_tu_fiesta.locacion WHERE nombre = 'Brisas de García El Rico' AND tipo = 'Restaurante') as tablaLocacion);
INSERT INTO arma_tu_fiesta.telefono (numero, fk_locacion) VALUES ('0424415276', @restaurante);

SET @pertenece = (SELECT pkLugar FROM (SELECT id_lugar as pkLugar FROM arma_tu_fiesta.lugar WHERE tipo = 'Municipio' AND nombre = 'Gómez (Santa Ana)') as tablaLugar);
INSERT INTO arma_tu_fiesta.locacion (nombre, tipo, fk_localizacion) VALUES ('Grill de Gómez Santa Rico', 'Restaurante', @pertenece);
SET @restaurante = (SELECT pkLocacion FROM (SELECT id_locacion as pkLocacion FROM arma_tu_fiesta.locacion WHERE nombre = 'Grill de Gómez Santa Rico' AND tipo = 'Restaurante') as tablaLocacion);
INSERT INTO arma_tu_fiesta.telefono (numero, fk_locacion) VALUES ('0212902793', @restaurante);

SET @pertenece = (SELECT pkLugar FROM (SELECT id_lugar as pkLugar FROM arma_tu_fiesta.lugar WHERE tipo = 'Municipio' AND nombre = 'Macanao (Boca de Río)') as tablaLugar);
INSERT INTO arma_tu_fiesta.locacion (nombre, tipo, fk_localizacion) VALUES ('Bolognesa de Macanao Boca Rico', 'Restaurante', @pertenece);
SET @restaurante = (SELECT pkLocacion FROM (SELECT id_locacion as pkLocacion FROM arma_tu_fiesta.locacion WHERE nombre = 'Bolognesa de Macanao Boca Rico' AND tipo = 'Restaurante') as tablaLocacion);
INSERT INTO arma_tu_fiesta.telefono (numero, fk_locacion) VALUES ('0416869601', @restaurante);

SET @pertenece = (SELECT pkLugar FROM (SELECT id_lugar as pkLugar FROM arma_tu_fiesta.lugar WHERE tipo = 'Municipio' AND nombre = 'Maneiro (Pampatar)') as tablaLugar);
INSERT INTO arma_tu_fiesta.locacion (nombre, tipo, fk_localizacion) VALUES ('Pizzeria de Maneiro Pampatar) Gourmet', 'Restaurante', @pertenece);
SET @restaurante = (SELECT pkLocacion FROM (SELECT id_locacion as pkLocacion FROM arma_tu_fiesta.locacion WHERE nombre = 'Pizzeria de Maneiro Pampatar) Gourmet' AND tipo = 'Restaurante') as tablaLocacion);
INSERT INTO arma_tu_fiesta.telefono (numero, fk_locacion) VALUES ('0426441880', @restaurante);

SET @pertenece = (SELECT pkLugar FROM (SELECT id_lugar as pkLugar FROM arma_tu_fiesta.lugar WHERE tipo = 'Municipio' AND nombre = 'Marcano (Juan Griego)') as tablaLugar);
INSERT INTO arma_tu_fiesta.locacion (nombre, tipo, fk_localizacion) VALUES ('Grill de Marcano Juan Gourmet', 'Restaurante', @pertenece);
SET @restaurante = (SELECT pkLocacion FROM (SELECT id_locacion as pkLocacion FROM arma_tu_fiesta.locacion WHERE nombre = 'Grill de Marcano Juan Gourmet' AND tipo = 'Restaurante') as tablaLocacion);
INSERT INTO arma_tu_fiesta.telefono (numero, fk_locacion) VALUES ('0414836566', @restaurante);

SET @pertenece = (SELECT pkLugar FROM (SELECT id_lugar as pkLugar FROM arma_tu_fiesta.lugar WHERE tipo = 'Municipio' AND nombre = 'Mariño (Porlamar)') as tablaLugar);
INSERT INTO arma_tu_fiesta.locacion (nombre, tipo, fk_localizacion) VALUES ('Arepera Mariño Porlamar) Criollo', 'Restaurante', @pertenece);
SET @restaurante = (SELECT pkLocacion FROM (SELECT id_locacion as pkLocacion FROM arma_tu_fiesta.locacion WHERE nombre = 'Arepera Mariño Porlamar) Criollo' AND tipo = 'Restaurante') as tablaLocacion);
INSERT INTO arma_tu_fiesta.telefono (numero, fk_locacion) VALUES ('0426996825', @restaurante);

SET @pertenece = (SELECT pkLugar FROM (SELECT id_lugar as pkLugar FROM arma_tu_fiesta.lugar WHERE tipo = 'Municipio' AND nombre = 'Tubores (Punta de Piedras)') as tablaLugar);
INSERT INTO arma_tu_fiesta.locacion (nombre, tipo, fk_localizacion) VALUES ('Burritos de Tubores Punta Gourmet', 'Restaurante', @pertenece);
SET @restaurante = (SELECT pkLocacion FROM (SELECT id_locacion as pkLocacion FROM arma_tu_fiesta.locacion WHERE nombre = 'Burritos de Tubores Punta Gourmet' AND tipo = 'Restaurante') as tablaLocacion);
INSERT INTO arma_tu_fiesta.telefono (numero, fk_locacion) VALUES ('0414130493', @restaurante);

SET @pertenece = (SELECT pkLugar FROM (SELECT id_lugar as pkLugar FROM arma_tu_fiesta.lugar WHERE tipo = 'Municipio' AND nombre = 'Villalba (San Pedro de Coche)') as tablaLugar);
INSERT INTO arma_tu_fiesta.locacion (nombre, tipo, fk_localizacion) VALUES ('Bistro de Villalba San VIP', 'Restaurante', @pertenece);
SET @restaurante = (SELECT pkLocacion FROM (SELECT id_locacion as pkLocacion FROM arma_tu_fiesta.locacion WHERE nombre = 'Bistro de Villalba San VIP' AND tipo = 'Restaurante') as tablaLocacion);
INSERT INTO arma_tu_fiesta.telefono (numero, fk_locacion) VALUES ('0426559734', @restaurante);

SET @pertenece = (SELECT pkLugar FROM (SELECT id_lugar as pkLugar FROM arma_tu_fiesta.lugar WHERE tipo = 'Municipio' AND nombre = 'Agua Blanca (Agua Blanca)') as tablaLugar);
INSERT INTO arma_tu_fiesta.locacion (nombre, tipo, fk_localizacion) VALUES ('Arepera Agua Blanca Rico', 'Restaurante', @pertenece);
SET @restaurante = (SELECT pkLocacion FROM (SELECT id_locacion as pkLocacion FROM arma_tu_fiesta.locacion WHERE nombre = 'Arepera Agua Blanca Rico' AND tipo = 'Restaurante') as tablaLocacion);
INSERT INTO arma_tu_fiesta.telefono (numero, fk_locacion) VALUES ('0212985605', @restaurante);

SET @pertenece = (SELECT pkLugar FROM (SELECT id_lugar as pkLugar FROM arma_tu_fiesta.lugar WHERE tipo = 'Municipio' AND nombre = 'Araure (Araure)') as tablaLugar);
INSERT INTO arma_tu_fiesta.locacion (nombre, tipo, fk_localizacion) VALUES ('Pizzeria de Araure Araure) Gourmet', 'Restaurante', @pertenece);
SET @restaurante = (SELECT pkLocacion FROM (SELECT id_locacion as pkLocacion FROM arma_tu_fiesta.locacion WHERE nombre = 'Pizzeria de Araure Araure) Gourmet' AND tipo = 'Restaurante') as tablaLocacion);
INSERT INTO arma_tu_fiesta.telefono (numero, fk_locacion) VALUES ('0412376597', @restaurante);

SET @pertenece = (SELECT pkLugar FROM (SELECT id_lugar as pkLugar FROM arma_tu_fiesta.lugar WHERE tipo = 'Municipio' AND nombre = 'Esteller (Píritu)') as tablaLugar);
INSERT INTO arma_tu_fiesta.locacion (nombre, tipo, fk_localizacion) VALUES ('Parrillera de Esteller Píritu) Gourmet', 'Restaurante', @pertenece);
SET @restaurante = (SELECT pkLocacion FROM (SELECT id_locacion as pkLocacion FROM arma_tu_fiesta.locacion WHERE nombre = 'Parrillera de Esteller Píritu) Gourmet' AND tipo = 'Restaurante') as tablaLocacion);
INSERT INTO arma_tu_fiesta.telefono (numero, fk_locacion) VALUES ('0424255720', @restaurante);

SET @pertenece = (SELECT pkLugar FROM (SELECT id_lugar as pkLugar FROM arma_tu_fiesta.lugar WHERE tipo = 'Municipio' AND nombre = 'Guanare (Guanare)') as tablaLugar);
INSERT INTO arma_tu_fiesta.locacion (nombre, tipo, fk_localizacion) VALUES ('Fusion Asiatica de Guanare Guanare) Deluxe', 'Restaurante', @pertenece);
SET @restaurante = (SELECT pkLocacion FROM (SELECT id_locacion as pkLocacion FROM arma_tu_fiesta.locacion WHERE nombre = 'Fusion Asiatica de Guanare Guanare) Deluxe' AND tipo = 'Restaurante') as tablaLocacion);
INSERT INTO arma_tu_fiesta.telefono (numero, fk_locacion) VALUES ('0424865989', @restaurante);

INSERT INTO arma_tu_fiesta.coordenada (latitud, longitud, fk_locacion) VALUES ('9.037128','-69.728693', @restaurante);
INSERT INTO arma_tu_fiesta.salon_de_fiesta (fk_salon, descripcion, capacidad_personas) VALUES (@restaurante, 'Sala Prive del Restaurante', '100');
INSERT INTO arma_tu_fiesta.punto_de_referencia (descripcion, fk_salon_de_fiesta) VALUES ('Detras de la farmacia nueva',@restaurante);

SET @caract = (SELECT pkCaract FROM (SELECT id_caracteristica as pkCaract FROM arma_tu_fiesta.caracteristica WHERE nombre = 'Area Techada') as tablaCaract);
INSERT INTO arma_tu_fiesta.caracteristica_salon (fk_salon_de_fiesta, fk_caracteristica, cantidad) VALUES (@restaurante,@caract, '4');

SET @caract = (SELECT pkCaract FROM (SELECT id_caracteristica as pkCaract FROM arma_tu_fiesta.caracteristica WHERE nombre = 'Estacionamiento') as tablaCaract);
INSERT INTO arma_tu_fiesta.caracteristica_salon (fk_salon_de_fiesta, fk_caracteristica, cantidad) VALUES (@restaurante,@caract, '5');

SET @caract = (SELECT pkCaract FROM (SELECT id_caracteristica as pkCaract FROM arma_tu_fiesta.caracteristica WHERE nombre = 'Punto de Electricidad') as tablaCaract);
INSERT INTO arma_tu_fiesta.caracteristica_salon (fk_salon_de_fiesta, fk_caracteristica, cantidad) VALUES (@restaurante,@caract, '5');

SET @caract = (SELECT pkCaract FROM (SELECT id_caracteristica as pkCaract FROM arma_tu_fiesta.caracteristica WHERE nombre = 'Fuente') as tablaCaract);
INSERT INTO arma_tu_fiesta.caracteristica_salon (fk_salon_de_fiesta, fk_caracteristica, cantidad) VALUES (@restaurante,@caract, '4');

SET @caract = (SELECT pkCaract FROM (SELECT id_caracteristica as pkCaract FROM arma_tu_fiesta.caracteristica WHERE nombre = 'Area Infantil') as tablaCaract);
INSERT INTO arma_tu_fiesta.caracteristica_salon (fk_salon_de_fiesta, fk_caracteristica, cantidad) VALUES (@restaurante,@caract, '4');

SET @pertenece = (SELECT pkLugar FROM (SELECT id_lugar as pkLugar FROM arma_tu_fiesta.lugar WHERE tipo = 'Municipio' AND nombre = 'Guanarito (Guanarito)') as tablaLugar);
INSERT INTO arma_tu_fiesta.locacion (nombre, tipo, fk_localizacion) VALUES ('Grill de Guanarito Guanarito) Deluxe', 'Restaurante', @pertenece);
SET @restaurante = (SELECT pkLocacion FROM (SELECT id_locacion as pkLocacion FROM arma_tu_fiesta.locacion WHERE nombre = 'Grill de Guanarito Guanarito) Deluxe' AND tipo = 'Restaurante') as tablaLocacion);
INSERT INTO arma_tu_fiesta.telefono (numero, fk_locacion) VALUES ('0426661208', @restaurante);

SET @pertenece = (SELECT pkLugar FROM (SELECT id_lugar as pkLugar FROM arma_tu_fiesta.lugar WHERE tipo = 'Municipio' AND nombre = 'Ospino (Ospino)') as tablaLugar);
INSERT INTO arma_tu_fiesta.locacion (nombre, tipo, fk_localizacion) VALUES ('Los Costillas de Ospino Ospino) Criollo', 'Restaurante', @pertenece);
SET @restaurante = (SELECT pkLocacion FROM (SELECT id_locacion as pkLocacion FROM arma_tu_fiesta.locacion WHERE nombre = 'Los Costillas de Ospino Ospino) Criollo' AND tipo = 'Restaurante') as tablaLocacion);
INSERT INTO arma_tu_fiesta.telefono (numero, fk_locacion) VALUES ('0412339635', @restaurante);

SET @pertenece = (SELECT pkLugar FROM (SELECT id_lugar as pkLugar FROM arma_tu_fiesta.lugar WHERE tipo = 'Municipio' AND nombre = 'Páez (Acarigua)') as tablaLugar);
INSERT INTO arma_tu_fiesta.locacion (nombre, tipo, fk_localizacion) VALUES ('Tacos de Páez Acarigua) Criollo', 'Restaurante', @pertenece);
SET @restaurante = (SELECT pkLocacion FROM (SELECT id_locacion as pkLocacion FROM arma_tu_fiesta.locacion WHERE nombre = 'Tacos de Páez Acarigua) Criollo' AND tipo = 'Restaurante') as tablaLocacion);
INSERT INTO arma_tu_fiesta.telefono (numero, fk_locacion) VALUES ('0424586174', @restaurante);

SET @pertenece = (SELECT pkLugar FROM (SELECT id_lugar as pkLugar FROM arma_tu_fiesta.lugar WHERE tipo = 'Municipio' AND nombre = 'Papelón (Papelón)') as tablaLugar);
INSERT INTO arma_tu_fiesta.locacion (nombre, tipo, fk_localizacion) VALUES ('Pizzeria de Papelón Papelón) Criollo', 'Restaurante', @pertenece);
SET @restaurante = (SELECT pkLocacion FROM (SELECT id_locacion as pkLocacion FROM arma_tu_fiesta.locacion WHERE nombre = 'Pizzeria de Papelón Papelón) Criollo' AND tipo = 'Restaurante') as tablaLocacion);
INSERT INTO arma_tu_fiesta.telefono (numero, fk_locacion) VALUES ('0414507898', @restaurante);

SET @pertenece = (SELECT pkLugar FROM (SELECT id_lugar as pkLugar FROM arma_tu_fiesta.lugar WHERE tipo = 'Municipio' AND nombre = 'San Genaro de Boconoíto (Boconoíto)') as tablaLugar);
INSERT INTO arma_tu_fiesta.locacion (nombre, tipo, fk_localizacion) VALUES ('Bistro de San Genaro VIP', 'Restaurante', @pertenece);
SET @restaurante = (SELECT pkLocacion FROM (SELECT id_locacion as pkLocacion FROM arma_tu_fiesta.locacion WHERE nombre = 'Bistro de San Genaro VIP' AND tipo = 'Restaurante') as tablaLocacion);
INSERT INTO arma_tu_fiesta.telefono (numero, fk_locacion) VALUES ('0212803973', @restaurante);

SET @pertenece = (SELECT pkLugar FROM (SELECT id_lugar as pkLugar FROM arma_tu_fiesta.lugar WHERE tipo = 'Municipio' AND nombre = 'San Rafael de Onoto (San Rafael de Onoto)') as tablaLugar);
INSERT INTO arma_tu_fiesta.locacion (nombre, tipo, fk_localizacion) VALUES ('Fusion Asiatica de San Rafael Gourmet', 'Restaurante', @pertenece);
SET @restaurante = (SELECT pkLocacion FROM (SELECT id_locacion as pkLocacion FROM arma_tu_fiesta.locacion WHERE nombre = 'Fusion Asiatica de San Rafael Gourmet' AND tipo = 'Restaurante') as tablaLocacion);
INSERT INTO arma_tu_fiesta.telefono (numero, fk_locacion) VALUES ('0424885671', @restaurante);

SET @pertenece = (SELECT pkLugar FROM (SELECT id_lugar as pkLugar FROM arma_tu_fiesta.lugar WHERE tipo = 'Municipio' AND nombre = 'Santa Rosalía (El Playón)') as tablaLugar);
INSERT INTO arma_tu_fiesta.locacion (nombre, tipo, fk_localizacion) VALUES ('Brisas de Santa Rosalía Deluxe', 'Restaurante', @pertenece);
SET @restaurante = (SELECT pkLocacion FROM (SELECT id_locacion as pkLocacion FROM arma_tu_fiesta.locacion WHERE nombre = 'Brisas de Santa Rosalía Deluxe' AND tipo = 'Restaurante') as tablaLocacion);
INSERT INTO arma_tu_fiesta.telefono (numero, fk_locacion) VALUES ('0412997831', @restaurante);

SET @pertenece = (SELECT pkLugar FROM (SELECT id_lugar as pkLugar FROM arma_tu_fiesta.lugar WHERE tipo = 'Municipio' AND nombre = 'Sucre (Biscucuy)') as tablaLugar);
INSERT INTO arma_tu_fiesta.locacion (nombre, tipo, fk_localizacion) VALUES ('Pizzeria de Sucre Biscucuy) Criollo', 'Restaurante', @pertenece);
SET @restaurante = (SELECT pkLocacion FROM (SELECT id_locacion as pkLocacion FROM arma_tu_fiesta.locacion WHERE nombre = 'Pizzeria de Sucre Biscucuy) Criollo' AND tipo = 'Restaurante') as tablaLocacion);
INSERT INTO arma_tu_fiesta.telefono (numero, fk_locacion) VALUES ('0424409744', @restaurante);

SET @pertenece = (SELECT pkLugar FROM (SELECT id_lugar as pkLugar FROM arma_tu_fiesta.lugar WHERE tipo = 'Municipio' AND nombre = 'Turén (Villa Bruzual)') as tablaLugar);
INSERT INTO arma_tu_fiesta.locacion (nombre, tipo, fk_localizacion) VALUES ('Bolognesa de Turén Villa Gourmet', 'Restaurante', @pertenece);
SET @restaurante = (SELECT pkLocacion FROM (SELECT id_locacion as pkLocacion FROM arma_tu_fiesta.locacion WHERE nombre = 'Bolognesa de Turén Villa Gourmet' AND tipo = 'Restaurante') as tablaLocacion);
INSERT INTO arma_tu_fiesta.telefono (numero, fk_locacion) VALUES ('0412211791', @restaurante);

SET @pertenece = (SELECT pkLugar FROM (SELECT id_lugar as pkLugar FROM arma_tu_fiesta.lugar WHERE tipo = 'Municipio' AND nombre = 'Unda (Chabasquén)') as tablaLugar);
INSERT INTO arma_tu_fiesta.locacion (nombre, tipo, fk_localizacion) VALUES ('Hornos de Unda Chabasquén) Criollo', 'Restaurante', @pertenece);
SET @restaurante = (SELECT pkLocacion FROM (SELECT id_locacion as pkLocacion FROM arma_tu_fiesta.locacion WHERE nombre = 'Hornos de Unda Chabasquén) Criollo' AND tipo = 'Restaurante') as tablaLocacion);
INSERT INTO arma_tu_fiesta.telefono (numero, fk_locacion) VALUES ('0426155875', @restaurante);

SET @pertenece = (SELECT pkLugar FROM (SELECT id_lugar as pkLugar FROM arma_tu_fiesta.lugar WHERE tipo = 'Municipio' AND nombre = 'Arismendi (Río Caribe)') as tablaLugar);
INSERT INTO arma_tu_fiesta.locacion (nombre, tipo, fk_localizacion) VALUES ('Churrasqueria de Arismendi Río Gourmet', 'Restaurante', @pertenece);
SET @restaurante = (SELECT pkLocacion FROM (SELECT id_locacion as pkLocacion FROM arma_tu_fiesta.locacion WHERE nombre = 'Churrasqueria de Arismendi Río Gourmet' AND tipo = 'Restaurante') as tablaLocacion);
INSERT INTO arma_tu_fiesta.telefono (numero, fk_locacion) VALUES ('0416517071', @restaurante);

SET @pertenece = (SELECT pkLugar FROM (SELECT id_lugar as pkLugar FROM arma_tu_fiesta.lugar WHERE tipo = 'Municipio' AND nombre = 'Benítez (El Pilar)') as tablaLugar);
INSERT INTO arma_tu_fiesta.locacion (nombre, tipo, fk_localizacion) VALUES ('Los Costillas de Benítez El Rico', 'Restaurante', @pertenece);
SET @restaurante = (SELECT pkLocacion FROM (SELECT id_locacion as pkLocacion FROM arma_tu_fiesta.locacion WHERE nombre = 'Los Costillas de Benítez El Rico' AND tipo = 'Restaurante') as tablaLocacion);
INSERT INTO arma_tu_fiesta.telefono (numero, fk_locacion) VALUES ('0414478066', @restaurante);

SET @pertenece = (SELECT pkLugar FROM (SELECT id_lugar as pkLugar FROM arma_tu_fiesta.lugar WHERE tipo = 'Municipio' AND nombre = 'Bermúdez (Carúpano)') as tablaLugar);
INSERT INTO arma_tu_fiesta.locacion (nombre, tipo, fk_localizacion) VALUES ('Brisas de Bermúdez Carúpano) Rico', 'Restaurante', @pertenece);
SET @restaurante = (SELECT pkLocacion FROM (SELECT id_locacion as pkLocacion FROM arma_tu_fiesta.locacion WHERE nombre = 'Brisas de Bermúdez Carúpano) Rico' AND tipo = 'Restaurante') as tablaLocacion);
INSERT INTO arma_tu_fiesta.telefono (numero, fk_locacion) VALUES ('0414880112', @restaurante);

SET @pertenece = (SELECT pkLugar FROM (SELECT id_lugar as pkLugar FROM arma_tu_fiesta.lugar WHERE tipo = 'Municipio' AND nombre = 'Blanco (Casanay)') as tablaLugar);
INSERT INTO arma_tu_fiesta.locacion (nombre, tipo, fk_localizacion) VALUES ('Churrasqueria de Blanco Casanay) Rico', 'Restaurante', @pertenece);
SET @restaurante = (SELECT pkLocacion FROM (SELECT id_locacion as pkLocacion FROM arma_tu_fiesta.locacion WHERE nombre = 'Churrasqueria de Blanco Casanay) Rico' AND tipo = 'Restaurante') as tablaLocacion);
INSERT INTO arma_tu_fiesta.telefono (numero, fk_locacion) VALUES ('0424246196', @restaurante);

SET @pertenece = (SELECT pkLugar FROM (SELECT id_lugar as pkLugar FROM arma_tu_fiesta.lugar WHERE tipo = 'Municipio' AND nombre = 'Bolívar (Marigüitar)') as tablaLugar);
INSERT INTO arma_tu_fiesta.locacion (nombre, tipo, fk_localizacion) VALUES ('Arepera Bolívar Marigüitar) Gourmet', 'Restaurante', @pertenece);
SET @restaurante = (SELECT pkLocacion FROM (SELECT id_locacion as pkLocacion FROM arma_tu_fiesta.locacion WHERE nombre = 'Arepera Bolívar Marigüitar) Gourmet' AND tipo = 'Restaurante') as tablaLocacion);
INSERT INTO arma_tu_fiesta.telefono (numero, fk_locacion) VALUES ('0212521477', @restaurante);

SET @pertenece = (SELECT pkLugar FROM (SELECT id_lugar as pkLugar FROM arma_tu_fiesta.lugar WHERE tipo = 'Municipio' AND nombre = 'Cajigal (Yaguaraparo)') as tablaLugar);
INSERT INTO arma_tu_fiesta.locacion (nombre, tipo, fk_localizacion) VALUES ('Mar y Tierra de Cajigal Yaguaraparo) VIP', 'Restaurante', @pertenece);
SET @restaurante = (SELECT pkLocacion FROM (SELECT id_locacion as pkLocacion FROM arma_tu_fiesta.locacion WHERE nombre = 'Mar y Tierra de Cajigal Yaguaraparo) VIP' AND tipo = 'Restaurante') as tablaLocacion);
INSERT INTO arma_tu_fiesta.telefono (numero, fk_locacion) VALUES ('0412393121', @restaurante);

SET @pertenece = (SELECT pkLugar FROM (SELECT id_lugar as pkLugar FROM arma_tu_fiesta.lugar WHERE tipo = 'Municipio' AND nombre = 'Cruz Salmerón Acosta (Araya)') as tablaLugar);
INSERT INTO arma_tu_fiesta.locacion (nombre, tipo, fk_localizacion) VALUES ('Bolognesa de Cruz Salmerón Deluxe', 'Restaurante', @pertenece);
SET @restaurante = (SELECT pkLocacion FROM (SELECT id_locacion as pkLocacion FROM arma_tu_fiesta.locacion WHERE nombre = 'Bolognesa de Cruz Salmerón Deluxe' AND tipo = 'Restaurante') as tablaLocacion);
INSERT INTO arma_tu_fiesta.telefono (numero, fk_locacion) VALUES ('0424433397', @restaurante);

SET @pertenece = (SELECT pkLugar FROM (SELECT id_lugar as pkLugar FROM arma_tu_fiesta.lugar WHERE tipo = 'Municipio' AND nombre = 'Libertador (Tunapuy)') as tablaLugar);
INSERT INTO arma_tu_fiesta.locacion (nombre, tipo, fk_localizacion) VALUES ('Grill de Libertador Tunapuy) VIP', 'Restaurante', @pertenece);
SET @restaurante = (SELECT pkLocacion FROM (SELECT id_locacion as pkLocacion FROM arma_tu_fiesta.locacion WHERE nombre = 'Grill de Libertador Tunapuy) VIP' AND tipo = 'Restaurante') as tablaLocacion);
INSERT INTO arma_tu_fiesta.telefono (numero, fk_locacion) VALUES ('0416298580', @restaurante);

SET @pertenece = (SELECT pkLugar FROM (SELECT id_lugar as pkLugar FROM arma_tu_fiesta.lugar WHERE tipo = 'Municipio' AND nombre = 'Mariño (Irapa)') as tablaLugar);
INSERT INTO arma_tu_fiesta.locacion (nombre, tipo, fk_localizacion) VALUES ('Grill de Mariño Irapa) Deluxe', 'Restaurante', @pertenece);
SET @restaurante = (SELECT pkLocacion FROM (SELECT id_locacion as pkLocacion FROM arma_tu_fiesta.locacion WHERE nombre = 'Grill de Mariño Irapa) Deluxe' AND tipo = 'Restaurante') as tablaLocacion);
INSERT INTO arma_tu_fiesta.telefono (numero, fk_locacion) VALUES ('0212966788', @restaurante);

SET @pertenece = (SELECT pkLugar FROM (SELECT id_lugar as pkLugar FROM arma_tu_fiesta.lugar WHERE tipo = 'Municipio' AND nombre = 'Mata (San José de Aerocuar)') as tablaLugar);
INSERT INTO arma_tu_fiesta.locacion (nombre, tipo, fk_localizacion) VALUES ('Bistro de Mata San VIP', 'Restaurante', @pertenece);
SET @restaurante = (SELECT pkLocacion FROM (SELECT id_locacion as pkLocacion FROM arma_tu_fiesta.locacion WHERE nombre = 'Bistro de Mata San VIP' AND tipo = 'Restaurante') as tablaLocacion);
INSERT INTO arma_tu_fiesta.telefono (numero, fk_locacion) VALUES ('0412789498', @restaurante);

SET @pertenece = (SELECT pkLugar FROM (SELECT id_lugar as pkLugar FROM arma_tu_fiesta.lugar WHERE tipo = 'Municipio' AND nombre = 'Mejía (San Antonio del Golfo)') as tablaLugar);
INSERT INTO arma_tu_fiesta.locacion (nombre, tipo, fk_localizacion) VALUES ('Fusion Asiatica de Mejía San Rico', 'Restaurante', @pertenece);
SET @restaurante = (SELECT pkLocacion FROM (SELECT id_locacion as pkLocacion FROM arma_tu_fiesta.locacion WHERE nombre = 'Fusion Asiatica de Mejía San Rico' AND tipo = 'Restaurante') as tablaLocacion);
INSERT INTO arma_tu_fiesta.telefono (numero, fk_locacion) VALUES ('0424922000', @restaurante);

SET @pertenece = (SELECT pkLugar FROM (SELECT id_lugar as pkLugar FROM arma_tu_fiesta.lugar WHERE tipo = 'Municipio' AND nombre = 'Montes (Cumanacoa)') as tablaLugar);
INSERT INTO arma_tu_fiesta.locacion (nombre, tipo, fk_localizacion) VALUES ('Bolognesa de Montes Cumanacoa) Criollo', 'Restaurante', @pertenece);
SET @restaurante = (SELECT pkLocacion FROM (SELECT id_locacion as pkLocacion FROM arma_tu_fiesta.locacion WHERE nombre = 'Bolognesa de Montes Cumanacoa) Criollo' AND tipo = 'Restaurante') as tablaLocacion);
INSERT INTO arma_tu_fiesta.telefono (numero, fk_locacion) VALUES ('0426838967', @restaurante);

SET @pertenece = (SELECT pkLugar FROM (SELECT id_lugar as pkLugar FROM arma_tu_fiesta.lugar WHERE tipo = 'Municipio' AND nombre = 'Ribero (Cariaco)') as tablaLugar);
INSERT INTO arma_tu_fiesta.locacion (nombre, tipo, fk_localizacion) VALUES ('Mar y Tierra de Ribero Cariaco) Deluxe', 'Restaurante', @pertenece);
SET @restaurante = (SELECT pkLocacion FROM (SELECT id_locacion as pkLocacion FROM arma_tu_fiesta.locacion WHERE nombre = 'Mar y Tierra de Ribero Cariaco) Deluxe' AND tipo = 'Restaurante') as tablaLocacion);
INSERT INTO arma_tu_fiesta.telefono (numero, fk_locacion) VALUES ('0426706114', @restaurante);

SET @pertenece = (SELECT pkLugar FROM (SELECT id_lugar as pkLugar FROM arma_tu_fiesta.lugar WHERE tipo = 'Municipio' AND nombre = 'Sucre (Cumaná)') as tablaLugar);
INSERT INTO arma_tu_fiesta.locacion (nombre, tipo, fk_localizacion) VALUES ('Pizzeria de Sucre Cumaná) Deluxe', 'Restaurante', @pertenece);
SET @restaurante = (SELECT pkLocacion FROM (SELECT id_locacion as pkLocacion FROM arma_tu_fiesta.locacion WHERE nombre = 'Pizzeria de Sucre Cumaná) Deluxe' AND tipo = 'Restaurante') as tablaLocacion);
INSERT INTO arma_tu_fiesta.telefono (numero, fk_locacion) VALUES ('0212580487', @restaurante);

INSERT INTO arma_tu_fiesta.coordenada (latitud, longitud, fk_locacion) VALUES ('10.41667','-64.08333', @restaurante);
INSERT INTO arma_tu_fiesta.salon_de_fiesta (fk_salon, descripcion, capacidad_personas) VALUES (@restaurante, 'Sala Prive del Restaurante', '100');
INSERT INTO arma_tu_fiesta.punto_de_referencia (descripcion, fk_salon_de_fiesta) VALUES ('A la izquierda de la panaderia naranja',@restaurante);

SET @caract = (SELECT pkCaract FROM (SELECT id_caracteristica as pkCaract FROM arma_tu_fiesta.caracteristica WHERE nombre = 'Area Techada') as tablaCaract);
INSERT INTO arma_tu_fiesta.caracteristica_salon (fk_salon_de_fiesta, fk_caracteristica, cantidad) VALUES (@restaurante,@caract, '2');

SET @caract = (SELECT pkCaract FROM (SELECT id_caracteristica as pkCaract FROM arma_tu_fiesta.caracteristica WHERE nombre = 'Estacionamiento') as tablaCaract);
INSERT INTO arma_tu_fiesta.caracteristica_salon (fk_salon_de_fiesta, fk_caracteristica, cantidad) VALUES (@restaurante,@caract, '4');

SET @caract = (SELECT pkCaract FROM (SELECT id_caracteristica as pkCaract FROM arma_tu_fiesta.caracteristica WHERE nombre = 'Punto de Electricidad') as tablaCaract);
INSERT INTO arma_tu_fiesta.caracteristica_salon (fk_salon_de_fiesta, fk_caracteristica, cantidad) VALUES (@restaurante,@caract, '1');

SET @caract = (SELECT pkCaract FROM (SELECT id_caracteristica as pkCaract FROM arma_tu_fiesta.caracteristica WHERE nombre = 'Fuente') as tablaCaract);
INSERT INTO arma_tu_fiesta.caracteristica_salon (fk_salon_de_fiesta, fk_caracteristica, cantidad) VALUES (@restaurante,@caract, '2');

SET @caract = (SELECT pkCaract FROM (SELECT id_caracteristica as pkCaract FROM arma_tu_fiesta.caracteristica WHERE nombre = 'Area Infantil') as tablaCaract);
INSERT INTO arma_tu_fiesta.caracteristica_salon (fk_salon_de_fiesta, fk_caracteristica, cantidad) VALUES (@restaurante,@caract, '1');

SET @pertenece = (SELECT pkLugar FROM (SELECT id_lugar as pkLugar FROM arma_tu_fiesta.lugar WHERE tipo = 'Municipio' AND nombre = 'Valdez (Güiria)') as tablaLugar);
INSERT INTO arma_tu_fiesta.locacion (nombre, tipo, fk_localizacion) VALUES ('Pizzeria de Valdez Güiria) Gourmet', 'Restaurante', @pertenece);
SET @restaurante = (SELECT pkLocacion FROM (SELECT id_locacion as pkLocacion FROM arma_tu_fiesta.locacion WHERE nombre = 'Pizzeria de Valdez Güiria) Gourmet' AND tipo = 'Restaurante') as tablaLocacion);
INSERT INTO arma_tu_fiesta.telefono (numero, fk_locacion) VALUES ('0426300824', @restaurante);

SET @pertenece = (SELECT pkLugar FROM (SELECT id_lugar as pkLugar FROM arma_tu_fiesta.lugar WHERE tipo = 'Municipio' AND nombre = 'Andrés Bello (Cordero)') as tablaLugar);
INSERT INTO arma_tu_fiesta.locacion (nombre, tipo, fk_localizacion) VALUES ('Arepera Andrés Bello Rico', 'Restaurante', @pertenece);
SET @restaurante = (SELECT pkLocacion FROM (SELECT id_locacion as pkLocacion FROM arma_tu_fiesta.locacion WHERE nombre = 'Arepera Andrés Bello Rico' AND tipo = 'Restaurante') as tablaLocacion);
INSERT INTO arma_tu_fiesta.telefono (numero, fk_locacion) VALUES ('0412996777', @restaurante);

SET @pertenece = (SELECT pkLugar FROM (SELECT id_lugar as pkLugar FROM arma_tu_fiesta.lugar WHERE tipo = 'Municipio' AND nombre = 'Ayacucho (Colón)') as tablaLugar);
INSERT INTO arma_tu_fiesta.locacion (nombre, tipo, fk_localizacion) VALUES ('Bistro de Ayacucho Colón) Criollo', 'Restaurante', @pertenece);
SET @restaurante = (SELECT pkLocacion FROM (SELECT id_locacion as pkLocacion FROM arma_tu_fiesta.locacion WHERE nombre = 'Bistro de Ayacucho Colón) Criollo' AND tipo = 'Restaurante') as tablaLocacion);
INSERT INTO arma_tu_fiesta.telefono (numero, fk_locacion) VALUES ('0412779901', @restaurante);

SET @pertenece = (SELECT pkLugar FROM (SELECT id_lugar as pkLugar FROM arma_tu_fiesta.lugar WHERE tipo = 'Municipio' AND nombre = 'Bolívar (San Antonio del Táchira)') as tablaLugar);
INSERT INTO arma_tu_fiesta.locacion (nombre, tipo, fk_localizacion) VALUES ('Los Costillas de Bolívar San Rico', 'Restaurante', @pertenece);
SET @restaurante = (SELECT pkLocacion FROM (SELECT id_locacion as pkLocacion FROM arma_tu_fiesta.locacion WHERE nombre = 'Los Costillas de Bolívar San Rico' AND tipo = 'Restaurante') as tablaLocacion);
INSERT INTO arma_tu_fiesta.telefono (numero, fk_locacion) VALUES ('0424436069', @restaurante);

SET @pertenece = (SELECT pkLugar FROM (SELECT id_lugar as pkLugar FROM arma_tu_fiesta.lugar WHERE tipo = 'Municipio' AND nombre = 'Cárdenas (Táriba)') as tablaLugar);
INSERT INTO arma_tu_fiesta.locacion (nombre, tipo, fk_localizacion) VALUES ('Arepera Cárdenas Táriba) Criollo', 'Restaurante', @pertenece);
SET @restaurante = (SELECT pkLocacion FROM (SELECT id_locacion as pkLocacion FROM arma_tu_fiesta.locacion WHERE nombre = 'Arepera Cárdenas Táriba) Criollo' AND tipo = 'Restaurante') as tablaLocacion);
INSERT INTO arma_tu_fiesta.telefono (numero, fk_locacion) VALUES ('0412737454', @restaurante);

SET @pertenece = (SELECT pkLugar FROM (SELECT id_lugar as pkLugar FROM arma_tu_fiesta.lugar WHERE tipo = 'Municipio' AND nombre = 'Córdoba (Santa Ana de Táchira)') as tablaLugar);
INSERT INTO arma_tu_fiesta.locacion (nombre, tipo, fk_localizacion) VALUES ('Tacos de Córdoba Santa Deluxe', 'Restaurante', @pertenece);
SET @restaurante = (SELECT pkLocacion FROM (SELECT id_locacion as pkLocacion FROM arma_tu_fiesta.locacion WHERE nombre = 'Tacos de Córdoba Santa Deluxe' AND tipo = 'Restaurante') as tablaLocacion);
INSERT INTO arma_tu_fiesta.telefono (numero, fk_locacion) VALUES ('0412385485', @restaurante);

SET @pertenece = (SELECT pkLugar FROM (SELECT id_lugar as pkLugar FROM arma_tu_fiesta.lugar WHERE tipo = 'Municipio' AND nombre = 'Fernández (San Rafael del Piñal)') as tablaLugar);
INSERT INTO arma_tu_fiesta.locacion (nombre, tipo, fk_localizacion) VALUES ('Fusion Asiatica de Fernández San Rico', 'Restaurante', @pertenece);
SET @restaurante = (SELECT pkLocacion FROM (SELECT id_locacion as pkLocacion FROM arma_tu_fiesta.locacion WHERE nombre = 'Fusion Asiatica de Fernández San Rico' AND tipo = 'Restaurante') as tablaLocacion);
INSERT INTO arma_tu_fiesta.telefono (numero, fk_locacion) VALUES ('0212958651', @restaurante);

SET @pertenece = (SELECT pkLugar FROM (SELECT id_lugar as pkLugar FROM arma_tu_fiesta.lugar WHERE tipo = 'Municipio' AND nombre = 'Guásimos (Palmira)') as tablaLugar);
INSERT INTO arma_tu_fiesta.locacion (nombre, tipo, fk_localizacion) VALUES ('Churrasqueria de Guásimos Palmira) Gourmet', 'Restaurante', @pertenece);
SET @restaurante = (SELECT pkLocacion FROM (SELECT id_locacion as pkLocacion FROM arma_tu_fiesta.locacion WHERE nombre = 'Churrasqueria de Guásimos Palmira) Gourmet' AND tipo = 'Restaurante') as tablaLocacion);
INSERT INTO arma_tu_fiesta.telefono (numero, fk_locacion) VALUES ('0424404109', @restaurante);

SET @pertenece = (SELECT pkLugar FROM (SELECT id_lugar as pkLugar FROM arma_tu_fiesta.lugar WHERE tipo = 'Municipio' AND nombre = 'Hevia (La Fría)') as tablaLugar);
INSERT INTO arma_tu_fiesta.locacion (nombre, tipo, fk_localizacion) VALUES ('Tacos de Hevia La Gourmet', 'Restaurante', @pertenece);
SET @restaurante = (SELECT pkLocacion FROM (SELECT id_locacion as pkLocacion FROM arma_tu_fiesta.locacion WHERE nombre = 'Tacos de Hevia La Gourmet' AND tipo = 'Restaurante') as tablaLocacion);
INSERT INTO arma_tu_fiesta.telefono (numero, fk_locacion) VALUES ('0424178745', @restaurante);

SET @pertenece = (SELECT pkLugar FROM (SELECT id_lugar as pkLugar FROM arma_tu_fiesta.lugar WHERE tipo = 'Municipio' AND nombre = 'Independencia (Capacho Nuevo)') as tablaLugar);
INSERT INTO arma_tu_fiesta.locacion (nombre, tipo, fk_localizacion) VALUES ('Los Costillas de Independencia Capacho Deluxe', 'Restaurante', @pertenece);
SET @restaurante = (SELECT pkLocacion FROM (SELECT id_locacion as pkLocacion FROM arma_tu_fiesta.locacion WHERE nombre = 'Los Costillas de Independencia Capacho Deluxe' AND tipo = 'Restaurante') as tablaLocacion);
INSERT INTO arma_tu_fiesta.telefono (numero, fk_locacion) VALUES ('0426790639', @restaurante);

SET @pertenece = (SELECT pkLugar FROM (SELECT id_lugar as pkLugar FROM arma_tu_fiesta.lugar WHERE tipo = 'Municipio' AND nombre = 'Jáuregui (La Grita)') as tablaLugar);
INSERT INTO arma_tu_fiesta.locacion (nombre, tipo, fk_localizacion) VALUES ('Fusion Asiatica de Jáuregui La Gourmet', 'Restaurante', @pertenece);
SET @restaurante = (SELECT pkLocacion FROM (SELECT id_locacion as pkLocacion FROM arma_tu_fiesta.locacion WHERE nombre = 'Fusion Asiatica de Jáuregui La Gourmet' AND tipo = 'Restaurante') as tablaLocacion);
INSERT INTO arma_tu_fiesta.telefono (numero, fk_locacion) VALUES ('0212607436', @restaurante);

SET @pertenece = (SELECT pkLugar FROM (SELECT id_lugar as pkLugar FROM arma_tu_fiesta.lugar WHERE tipo = 'Municipio' AND nombre = 'Junín (Rubio)') as tablaLugar);
INSERT INTO arma_tu_fiesta.locacion (nombre, tipo, fk_localizacion) VALUES ('Pizzeria de Junín Rubio) Deluxe', 'Restaurante', @pertenece);
SET @restaurante = (SELECT pkLocacion FROM (SELECT id_locacion as pkLocacion FROM arma_tu_fiesta.locacion WHERE nombre = 'Pizzeria de Junín Rubio) Deluxe' AND tipo = 'Restaurante') as tablaLocacion);
INSERT INTO arma_tu_fiesta.telefono (numero, fk_locacion) VALUES ('0414763296', @restaurante);

SET @pertenece = (SELECT pkLugar FROM (SELECT id_lugar as pkLugar FROM arma_tu_fiesta.lugar WHERE tipo = 'Municipio' AND nombre = 'Libertad (Capacho Viejo)') as tablaLugar);
INSERT INTO arma_tu_fiesta.locacion (nombre, tipo, fk_localizacion) VALUES ('Los Costillas de Libertad Capacho Criollo', 'Restaurante', @pertenece);
SET @restaurante = (SELECT pkLocacion FROM (SELECT id_locacion as pkLocacion FROM arma_tu_fiesta.locacion WHERE nombre = 'Los Costillas de Libertad Capacho Criollo' AND tipo = 'Restaurante') as tablaLocacion);
INSERT INTO arma_tu_fiesta.telefono (numero, fk_locacion) VALUES ('0412741335', @restaurante);

SET @pertenece = (SELECT pkLugar FROM (SELECT id_lugar as pkLugar FROM arma_tu_fiesta.lugar WHERE tipo = 'Municipio' AND nombre = 'Libertador (Abejales)') as tablaLugar);
INSERT INTO arma_tu_fiesta.locacion (nombre, tipo, fk_localizacion) VALUES ('Fusion Asiatica de Libertador Abejales) VIP', 'Restaurante', @pertenece);
SET @restaurante = (SELECT pkLocacion FROM (SELECT id_locacion as pkLocacion FROM arma_tu_fiesta.locacion WHERE nombre = 'Fusion Asiatica de Libertador Abejales) VIP' AND tipo = 'Restaurante') as tablaLocacion);
INSERT INTO arma_tu_fiesta.telefono (numero, fk_locacion) VALUES ('0414254033', @restaurante);

SET @pertenece = (SELECT pkLugar FROM (SELECT id_lugar as pkLugar FROM arma_tu_fiesta.lugar WHERE tipo = 'Municipio' AND nombre = 'Lobatera (Lobatera)') as tablaLugar);
INSERT INTO arma_tu_fiesta.locacion (nombre, tipo, fk_localizacion) VALUES ('Parrillera de Lobatera Lobatera) Deluxe', 'Restaurante', @pertenece);
SET @restaurante = (SELECT pkLocacion FROM (SELECT id_locacion as pkLocacion FROM arma_tu_fiesta.locacion WHERE nombre = 'Parrillera de Lobatera Lobatera) Deluxe' AND tipo = 'Restaurante') as tablaLocacion);
INSERT INTO arma_tu_fiesta.telefono (numero, fk_locacion) VALUES ('0416377296', @restaurante);

SET @pertenece = (SELECT pkLugar FROM (SELECT id_lugar as pkLugar FROM arma_tu_fiesta.lugar WHERE tipo = 'Municipio' AND nombre = 'Maldonado (La Tendida)') as tablaLugar);
INSERT INTO arma_tu_fiesta.locacion (nombre, tipo, fk_localizacion) VALUES ('Parrillera de Maldonado La Gourmet', 'Restaurante', @pertenece);
SET @restaurante = (SELECT pkLocacion FROM (SELECT id_locacion as pkLocacion FROM arma_tu_fiesta.locacion WHERE nombre = 'Parrillera de Maldonado La Gourmet' AND tipo = 'Restaurante') as tablaLocacion);
INSERT INTO arma_tu_fiesta.telefono (numero, fk_locacion) VALUES ('0414145597', @restaurante);

SET @pertenece = (SELECT pkLugar FROM (SELECT id_lugar as pkLugar FROM arma_tu_fiesta.lugar WHERE tipo = 'Municipio' AND nombre = 'Michelena (Michelena)') as tablaLugar);
INSERT INTO arma_tu_fiesta.locacion (nombre, tipo, fk_localizacion) VALUES ('Brisas de Michelena Michelena) Criollo', 'Restaurante', @pertenece);
SET @restaurante = (SELECT pkLocacion FROM (SELECT id_locacion as pkLocacion FROM arma_tu_fiesta.locacion WHERE nombre = 'Brisas de Michelena Michelena) Criollo' AND tipo = 'Restaurante') as tablaLocacion);
INSERT INTO arma_tu_fiesta.telefono (numero, fk_locacion) VALUES ('0426239178', @restaurante);

SET @pertenece = (SELECT pkLugar FROM (SELECT id_lugar as pkLugar FROM arma_tu_fiesta.lugar WHERE tipo = 'Municipio' AND nombre = 'Miranda (San José de Bolívar)') as tablaLugar);
INSERT INTO arma_tu_fiesta.locacion (nombre, tipo, fk_localizacion) VALUES ('Parrillera de Miranda San Gourmet', 'Restaurante', @pertenece);
SET @restaurante = (SELECT pkLocacion FROM (SELECT id_locacion as pkLocacion FROM arma_tu_fiesta.locacion WHERE nombre = 'Parrillera de Miranda San Gourmet' AND tipo = 'Restaurante') as tablaLocacion);
INSERT INTO arma_tu_fiesta.telefono (numero, fk_locacion) VALUES ('0416203488', @restaurante);

SET @pertenece = (SELECT pkLugar FROM (SELECT id_lugar as pkLugar FROM arma_tu_fiesta.lugar WHERE tipo = 'Municipio' AND nombre = 'Panamericano (Coloncito)') as tablaLugar);
INSERT INTO arma_tu_fiesta.locacion (nombre, tipo, fk_localizacion) VALUES ('Bolognesa de Panamericano Coloncito) Deluxe', 'Restaurante', @pertenece);
SET @restaurante = (SELECT pkLocacion FROM (SELECT id_locacion as pkLocacion FROM arma_tu_fiesta.locacion WHERE nombre = 'Bolognesa de Panamericano Coloncito) Deluxe' AND tipo = 'Restaurante') as tablaLocacion);
INSERT INTO arma_tu_fiesta.telefono (numero, fk_locacion) VALUES ('0424601524', @restaurante);

SET @pertenece = (SELECT pkLugar FROM (SELECT id_lugar as pkLugar FROM arma_tu_fiesta.lugar WHERE tipo = 'Municipio' AND nombre = 'Rómulo Costa (Las Mesas)') as tablaLugar);
INSERT INTO arma_tu_fiesta.locacion (nombre, tipo, fk_localizacion) VALUES ('Hornos de Rómulo Costa Gourmet', 'Restaurante', @pertenece);
SET @restaurante = (SELECT pkLocacion FROM (SELECT id_locacion as pkLocacion FROM arma_tu_fiesta.locacion WHERE nombre = 'Hornos de Rómulo Costa Gourmet' AND tipo = 'Restaurante') as tablaLocacion);
INSERT INTO arma_tu_fiesta.telefono (numero, fk_locacion) VALUES ('0414647439', @restaurante);

SET @pertenece = (SELECT pkLugar FROM (SELECT id_lugar as pkLugar FROM arma_tu_fiesta.lugar WHERE tipo = 'Municipio' AND nombre = 'San Cristóbal (San Cristóbal)') as tablaLugar);
INSERT INTO arma_tu_fiesta.locacion (nombre, tipo, fk_localizacion) VALUES ('Mar y Tierra de San Cristóbal VIP', 'Restaurante', @pertenece);
SET @restaurante = (SELECT pkLocacion FROM (SELECT id_locacion as pkLocacion FROM arma_tu_fiesta.locacion WHERE nombre = 'Mar y Tierra de San Cristóbal VIP' AND tipo = 'Restaurante') as tablaLocacion);
INSERT INTO arma_tu_fiesta.telefono (numero, fk_locacion) VALUES ('0424607669', @restaurante);

INSERT INTO arma_tu_fiesta.coordenada (latitud, longitud, fk_locacion) VALUES ('7.771357','-72.226147', @restaurante);
INSERT INTO arma_tu_fiesta.salon_de_fiesta (fk_salon, descripcion, capacidad_personas) VALUES (@restaurante, 'Sala Prive del Restaurante', '100');
INSERT INTO arma_tu_fiesta.punto_de_referencia (descripcion, fk_salon_de_fiesta) VALUES ('Detras de la panaderia nueva',@restaurante);

SET @caract = (SELECT pkCaract FROM (SELECT id_caracteristica as pkCaract FROM arma_tu_fiesta.caracteristica WHERE nombre = 'Area Techada') as tablaCaract);
INSERT INTO arma_tu_fiesta.caracteristica_salon (fk_salon_de_fiesta, fk_caracteristica, cantidad) VALUES (@restaurante,@caract, '4');

SET @caract = (SELECT pkCaract FROM (SELECT id_caracteristica as pkCaract FROM arma_tu_fiesta.caracteristica WHERE nombre = 'Estacionamiento') as tablaCaract);
INSERT INTO arma_tu_fiesta.caracteristica_salon (fk_salon_de_fiesta, fk_caracteristica, cantidad) VALUES (@restaurante,@caract, '3');

SET @caract = (SELECT pkCaract FROM (SELECT id_caracteristica as pkCaract FROM arma_tu_fiesta.caracteristica WHERE nombre = 'Punto de Electricidad') as tablaCaract);
INSERT INTO arma_tu_fiesta.caracteristica_salon (fk_salon_de_fiesta, fk_caracteristica, cantidad) VALUES (@restaurante,@caract, '5');

SET @caract = (SELECT pkCaract FROM (SELECT id_caracteristica as pkCaract FROM arma_tu_fiesta.caracteristica WHERE nombre = 'Fuente') as tablaCaract);
INSERT INTO arma_tu_fiesta.caracteristica_salon (fk_salon_de_fiesta, fk_caracteristica, cantidad) VALUES (@restaurante,@caract, '5');

SET @caract = (SELECT pkCaract FROM (SELECT id_caracteristica as pkCaract FROM arma_tu_fiesta.caracteristica WHERE nombre = 'Area Infantil') as tablaCaract);
INSERT INTO arma_tu_fiesta.caracteristica_salon (fk_salon_de_fiesta, fk_caracteristica, cantidad) VALUES (@restaurante,@caract, '3');

SET @pertenece = (SELECT pkLugar FROM (SELECT id_lugar as pkLugar FROM arma_tu_fiesta.lugar WHERE tipo = 'Municipio' AND nombre = 'San Judas Tadeo (Umuquena)') as tablaLugar);
INSERT INTO arma_tu_fiesta.locacion (nombre, tipo, fk_localizacion) VALUES ('Fusion Asiatica de San Judas Rico', 'Restaurante', @pertenece);
SET @restaurante = (SELECT pkLocacion FROM (SELECT id_locacion as pkLocacion FROM arma_tu_fiesta.locacion WHERE nombre = 'Fusion Asiatica de San Judas Rico' AND tipo = 'Restaurante') as tablaLocacion);
INSERT INTO arma_tu_fiesta.telefono (numero, fk_locacion) VALUES ('0212437949', @restaurante);

SET @pertenece = (SELECT pkLugar FROM (SELECT id_lugar as pkLugar FROM arma_tu_fiesta.lugar WHERE tipo = 'Municipio' AND nombre = 'Seboruco (Seboruco)') as tablaLugar);
INSERT INTO arma_tu_fiesta.locacion (nombre, tipo, fk_localizacion) VALUES ('Pizzeria de Seboruco Seboruco) Gourmet', 'Restaurante', @pertenece);
SET @restaurante = (SELECT pkLocacion FROM (SELECT id_locacion as pkLocacion FROM arma_tu_fiesta.locacion WHERE nombre = 'Pizzeria de Seboruco Seboruco) Gourmet' AND tipo = 'Restaurante') as tablaLocacion);
INSERT INTO arma_tu_fiesta.telefono (numero, fk_locacion) VALUES ('0416422073', @restaurante);

SET @pertenece = (SELECT pkLugar FROM (SELECT id_lugar as pkLugar FROM arma_tu_fiesta.lugar WHERE tipo = 'Municipio' AND nombre = 'Simón Rodríguez (San Simón)') as tablaLugar);
INSERT INTO arma_tu_fiesta.locacion (nombre, tipo, fk_localizacion) VALUES ('Brisas de Simón Rodríguez Rico', 'Restaurante', @pertenece);
SET @restaurante = (SELECT pkLocacion FROM (SELECT id_locacion as pkLocacion FROM arma_tu_fiesta.locacion WHERE nombre = 'Brisas de Simón Rodríguez Rico' AND tipo = 'Restaurante') as tablaLocacion);
INSERT INTO arma_tu_fiesta.telefono (numero, fk_locacion) VALUES ('0424834049', @restaurante);

SET @pertenece = (SELECT pkLugar FROM (SELECT id_lugar as pkLugar FROM arma_tu_fiesta.lugar WHERE tipo = 'Municipio' AND nombre = 'Sucre (Queniquea)') as tablaLugar);
INSERT INTO arma_tu_fiesta.locacion (nombre, tipo, fk_localizacion) VALUES ('Churrasqueria de Sucre Queniquea) Gourmet', 'Restaurante', @pertenece);
SET @restaurante = (SELECT pkLocacion FROM (SELECT id_locacion as pkLocacion FROM arma_tu_fiesta.locacion WHERE nombre = 'Churrasqueria de Sucre Queniquea) Gourmet' AND tipo = 'Restaurante') as tablaLocacion);
INSERT INTO arma_tu_fiesta.telefono (numero, fk_locacion) VALUES ('0424201264', @restaurante);

SET @pertenece = (SELECT pkLugar FROM (SELECT id_lugar as pkLugar FROM arma_tu_fiesta.lugar WHERE tipo = 'Municipio' AND nombre = 'Torbes (San Josecito)') as tablaLugar);
INSERT INTO arma_tu_fiesta.locacion (nombre, tipo, fk_localizacion) VALUES ('Parrillera de Torbes San Deluxe', 'Restaurante', @pertenece);
SET @restaurante = (SELECT pkLocacion FROM (SELECT id_locacion as pkLocacion FROM arma_tu_fiesta.locacion WHERE nombre = 'Parrillera de Torbes San Deluxe' AND tipo = 'Restaurante') as tablaLocacion);
INSERT INTO arma_tu_fiesta.telefono (numero, fk_locacion) VALUES ('0424829775', @restaurante);

SET @pertenece = (SELECT pkLugar FROM (SELECT id_lugar as pkLugar FROM arma_tu_fiesta.lugar WHERE tipo = 'Municipio' AND nombre = 'Urdaneta (Delicias)') as tablaLugar);
INSERT INTO arma_tu_fiesta.locacion (nombre, tipo, fk_localizacion) VALUES ('Arepera Urdaneta Delicias) Deluxe', 'Restaurante', @pertenece);
SET @restaurante = (SELECT pkLocacion FROM (SELECT id_locacion as pkLocacion FROM arma_tu_fiesta.locacion WHERE nombre = 'Arepera Urdaneta Delicias) Deluxe' AND tipo = 'Restaurante') as tablaLocacion);
INSERT INTO arma_tu_fiesta.telefono (numero, fk_locacion) VALUES ('0424805926', @restaurante);

SET @pertenece = (SELECT pkLugar FROM (SELECT id_lugar as pkLugar FROM arma_tu_fiesta.lugar WHERE tipo = 'Municipio' AND nombre = 'Ureña (Ureña)') as tablaLugar);
INSERT INTO arma_tu_fiesta.locacion (nombre, tipo, fk_localizacion) VALUES ('Bolognesa de Ureña Ureña) VIP', 'Restaurante', @pertenece);
SET @restaurante = (SELECT pkLocacion FROM (SELECT id_locacion as pkLocacion FROM arma_tu_fiesta.locacion WHERE nombre = 'Bolognesa de Ureña Ureña) VIP' AND tipo = 'Restaurante') as tablaLocacion);
INSERT INTO arma_tu_fiesta.telefono (numero, fk_locacion) VALUES ('0416845014', @restaurante);

SET @pertenece = (SELECT pkLugar FROM (SELECT id_lugar as pkLugar FROM arma_tu_fiesta.lugar WHERE tipo = 'Municipio' AND nombre = 'Uribante (Pregonero)') as tablaLugar);
INSERT INTO arma_tu_fiesta.locacion (nombre, tipo, fk_localizacion) VALUES ('Brisas de Uribante Pregonero) Gourmet', 'Restaurante', @pertenece);
SET @restaurante = (SELECT pkLocacion FROM (SELECT id_locacion as pkLocacion FROM arma_tu_fiesta.locacion WHERE nombre = 'Brisas de Uribante Pregonero) Gourmet' AND tipo = 'Restaurante') as tablaLocacion);
INSERT INTO arma_tu_fiesta.telefono (numero, fk_locacion) VALUES ('0426529455', @restaurante);

SET @pertenece = (SELECT pkLugar FROM (SELECT id_lugar as pkLugar FROM arma_tu_fiesta.lugar WHERE tipo = 'Municipio' AND nombre = 'Vargas (El Cobre)') as tablaLugar);
INSERT INTO arma_tu_fiesta.locacion (nombre, tipo, fk_localizacion) VALUES ('Parrillera de Vargas El Gourmet', 'Restaurante', @pertenece);
SET @restaurante = (SELECT pkLocacion FROM (SELECT id_locacion as pkLocacion FROM arma_tu_fiesta.locacion WHERE nombre = 'Parrillera de Vargas El Gourmet' AND tipo = 'Restaurante') as tablaLocacion);
INSERT INTO arma_tu_fiesta.telefono (numero, fk_locacion) VALUES ('0412431213', @restaurante);

SET @pertenece = (SELECT pkLugar FROM (SELECT id_lugar as pkLugar FROM arma_tu_fiesta.lugar WHERE tipo = 'Municipio' AND nombre = 'Andrés Bello (Santa Isabel)') as tablaLugar);
INSERT INTO arma_tu_fiesta.locacion (nombre, tipo, fk_localizacion) VALUES ('Brisas de Andrés Bello Rico', 'Restaurante', @pertenece);
SET @restaurante = (SELECT pkLocacion FROM (SELECT id_locacion as pkLocacion FROM arma_tu_fiesta.locacion WHERE nombre = 'Brisas de Andrés Bello Rico' AND tipo = 'Restaurante') as tablaLocacion);
INSERT INTO arma_tu_fiesta.telefono (numero, fk_locacion) VALUES ('0414910858', @restaurante);

SET @pertenece = (SELECT pkLugar FROM (SELECT id_lugar as pkLugar FROM arma_tu_fiesta.lugar WHERE tipo = 'Municipio' AND nombre = 'Boconó (Boconó)') as tablaLugar);
INSERT INTO arma_tu_fiesta.locacion (nombre, tipo, fk_localizacion) VALUES ('Bistro de Boconó Boconó) Rico', 'Restaurante', @pertenece);
SET @restaurante = (SELECT pkLocacion FROM (SELECT id_locacion as pkLocacion FROM arma_tu_fiesta.locacion WHERE nombre = 'Bistro de Boconó Boconó) Rico' AND tipo = 'Restaurante') as tablaLocacion);
INSERT INTO arma_tu_fiesta.telefono (numero, fk_locacion) VALUES ('0426665717', @restaurante);

SET @pertenece = (SELECT pkLugar FROM (SELECT id_lugar as pkLugar FROM arma_tu_fiesta.lugar WHERE tipo = 'Municipio' AND nombre = 'Bolívar (Sabana Grande)') as tablaLugar);
INSERT INTO arma_tu_fiesta.locacion (nombre, tipo, fk_localizacion) VALUES ('Bistro de Bolívar Sabana Gourmet', 'Restaurante', @pertenece);
SET @restaurante = (SELECT pkLocacion FROM (SELECT id_locacion as pkLocacion FROM arma_tu_fiesta.locacion WHERE nombre = 'Bistro de Bolívar Sabana Gourmet' AND tipo = 'Restaurante') as tablaLocacion);
INSERT INTO arma_tu_fiesta.telefono (numero, fk_locacion) VALUES ('0416774767', @restaurante);

SET @pertenece = (SELECT pkLugar FROM (SELECT id_lugar as pkLugar FROM arma_tu_fiesta.lugar WHERE tipo = 'Municipio' AND nombre = 'Candelaria (Chejendé)') as tablaLugar);
INSERT INTO arma_tu_fiesta.locacion (nombre, tipo, fk_localizacion) VALUES ('Brisas de Candelaria Chejendé) Gourmet', 'Restaurante', @pertenece);
SET @restaurante = (SELECT pkLocacion FROM (SELECT id_locacion as pkLocacion FROM arma_tu_fiesta.locacion WHERE nombre = 'Brisas de Candelaria Chejendé) Gourmet' AND tipo = 'Restaurante') as tablaLocacion);
INSERT INTO arma_tu_fiesta.telefono (numero, fk_locacion) VALUES ('0212806570', @restaurante);

SET @pertenece = (SELECT pkLugar FROM (SELECT id_lugar as pkLugar FROM arma_tu_fiesta.lugar WHERE tipo = 'Municipio' AND nombre = 'Carache (Carache)') as tablaLugar);
INSERT INTO arma_tu_fiesta.locacion (nombre, tipo, fk_localizacion) VALUES ('Brisas de Carache Carache) Rico', 'Restaurante', @pertenece);
SET @restaurante = (SELECT pkLocacion FROM (SELECT id_locacion as pkLocacion FROM arma_tu_fiesta.locacion WHERE nombre = 'Brisas de Carache Carache) Rico' AND tipo = 'Restaurante') as tablaLocacion);
INSERT INTO arma_tu_fiesta.telefono (numero, fk_locacion) VALUES ('0414386054', @restaurante);

SET @pertenece = (SELECT pkLugar FROM (SELECT id_lugar as pkLugar FROM arma_tu_fiesta.lugar WHERE tipo = 'Municipio' AND nombre = 'Campos Elías (Campo Elías)') as tablaLugar);
INSERT INTO arma_tu_fiesta.locacion (nombre, tipo, fk_localizacion) VALUES ('Pizzeria de Campos Elías VIP', 'Restaurante', @pertenece);
SET @restaurante = (SELECT pkLocacion FROM (SELECT id_locacion as pkLocacion FROM arma_tu_fiesta.locacion WHERE nombre = 'Pizzeria de Campos Elías VIP' AND tipo = 'Restaurante') as tablaLocacion);
INSERT INTO arma_tu_fiesta.telefono (numero, fk_locacion) VALUES ('0424819687', @restaurante);

SET @pertenece = (SELECT pkLugar FROM (SELECT id_lugar as pkLugar FROM arma_tu_fiesta.lugar WHERE tipo = 'Municipio' AND nombre = 'Carvajal (Carvajal)') as tablaLugar);
INSERT INTO arma_tu_fiesta.locacion (nombre, tipo, fk_localizacion) VALUES ('Burritos de Carvajal Carvajal) VIP', 'Restaurante', @pertenece);
SET @restaurante = (SELECT pkLocacion FROM (SELECT id_locacion as pkLocacion FROM arma_tu_fiesta.locacion WHERE nombre = 'Burritos de Carvajal Carvajal) VIP' AND tipo = 'Restaurante') as tablaLocacion);
INSERT INTO arma_tu_fiesta.telefono (numero, fk_locacion) VALUES ('0426211675', @restaurante);

SET @pertenece = (SELECT pkLugar FROM (SELECT id_lugar as pkLugar FROM arma_tu_fiesta.lugar WHERE tipo = 'Municipio' AND nombre = 'Escuque (Escuque)') as tablaLugar);
INSERT INTO arma_tu_fiesta.locacion (nombre, tipo, fk_localizacion) VALUES ('Tacos de Escuque Escuque) Criollo', 'Restaurante', @pertenece);
SET @restaurante = (SELECT pkLocacion FROM (SELECT id_locacion as pkLocacion FROM arma_tu_fiesta.locacion WHERE nombre = 'Tacos de Escuque Escuque) Criollo' AND tipo = 'Restaurante') as tablaLocacion);
INSERT INTO arma_tu_fiesta.telefono (numero, fk_locacion) VALUES ('0414603492', @restaurante);

SET @pertenece = (SELECT pkLugar FROM (SELECT id_lugar as pkLugar FROM arma_tu_fiesta.lugar WHERE tipo = 'Municipio' AND nombre = 'La Ceiba (Santa Apolonia)') as tablaLugar);
INSERT INTO arma_tu_fiesta.locacion (nombre, tipo, fk_localizacion) VALUES ('Burritos de La Ceiba Deluxe', 'Restaurante', @pertenece);
SET @restaurante = (SELECT pkLocacion FROM (SELECT id_locacion as pkLocacion FROM arma_tu_fiesta.locacion WHERE nombre = 'Burritos de La Ceiba Deluxe' AND tipo = 'Restaurante') as tablaLocacion);
INSERT INTO arma_tu_fiesta.telefono (numero, fk_locacion) VALUES ('0212191990', @restaurante);

SET @pertenece = (SELECT pkLugar FROM (SELECT id_lugar as pkLugar FROM arma_tu_fiesta.lugar WHERE tipo = 'Municipio' AND nombre = 'Márquez Cañizales (El Paradero)') as tablaLugar);
INSERT INTO arma_tu_fiesta.locacion (nombre, tipo, fk_localizacion) VALUES ('Fusion Asiatica de Márquez Cañizales VIP', 'Restaurante', @pertenece);
SET @restaurante = (SELECT pkLocacion FROM (SELECT id_locacion as pkLocacion FROM arma_tu_fiesta.locacion WHERE nombre = 'Fusion Asiatica de Márquez Cañizales VIP' AND tipo = 'Restaurante') as tablaLocacion);
INSERT INTO arma_tu_fiesta.telefono (numero, fk_locacion) VALUES ('0414149566', @restaurante);

SET @pertenece = (SELECT pkLugar FROM (SELECT id_lugar as pkLugar FROM arma_tu_fiesta.lugar WHERE tipo = 'Municipio' AND nombre = 'Miranda (El Dividive)') as tablaLugar);
INSERT INTO arma_tu_fiesta.locacion (nombre, tipo, fk_localizacion) VALUES ('Mar y Tierra de Miranda El VIP', 'Restaurante', @pertenece);
SET @restaurante = (SELECT pkLocacion FROM (SELECT id_locacion as pkLocacion FROM arma_tu_fiesta.locacion WHERE nombre = 'Mar y Tierra de Miranda El VIP' AND tipo = 'Restaurante') as tablaLocacion);
INSERT INTO arma_tu_fiesta.telefono (numero, fk_locacion) VALUES ('0424567358', @restaurante);

SET @pertenece = (SELECT pkLugar FROM (SELECT id_lugar as pkLugar FROM arma_tu_fiesta.lugar WHERE tipo = 'Municipio' AND nombre = 'Monte Carmelo (Monte Carmelo)') as tablaLugar);
INSERT INTO arma_tu_fiesta.locacion (nombre, tipo, fk_localizacion) VALUES ('Churrasqueria de Monte Carmelo Gourmet', 'Restaurante', @pertenece);
SET @restaurante = (SELECT pkLocacion FROM (SELECT id_locacion as pkLocacion FROM arma_tu_fiesta.locacion WHERE nombre = 'Churrasqueria de Monte Carmelo Gourmet' AND tipo = 'Restaurante') as tablaLocacion);
INSERT INTO arma_tu_fiesta.telefono (numero, fk_locacion) VALUES ('0424775613', @restaurante);

SET @pertenece = (SELECT pkLugar FROM (SELECT id_lugar as pkLugar FROM arma_tu_fiesta.lugar WHERE tipo = 'Municipio' AND nombre = 'Motatán (Motatán)') as tablaLugar);
INSERT INTO arma_tu_fiesta.locacion (nombre, tipo, fk_localizacion) VALUES ('Parrillera de Motatán Motatán) Deluxe', 'Restaurante', @pertenece);
SET @restaurante = (SELECT pkLocacion FROM (SELECT id_locacion as pkLocacion FROM arma_tu_fiesta.locacion WHERE nombre = 'Parrillera de Motatán Motatán) Deluxe' AND tipo = 'Restaurante') as tablaLocacion);
INSERT INTO arma_tu_fiesta.telefono (numero, fk_locacion) VALUES ('0412928502', @restaurante);

SET @pertenece = (SELECT pkLugar FROM (SELECT id_lugar as pkLugar FROM arma_tu_fiesta.lugar WHERE tipo = 'Municipio' AND nombre = 'Pampán (Pampán)') as tablaLugar);
INSERT INTO arma_tu_fiesta.locacion (nombre, tipo, fk_localizacion) VALUES ('Hornos de Pampán Pampán) Criollo', 'Restaurante', @pertenece);
SET @restaurante = (SELECT pkLocacion FROM (SELECT id_locacion as pkLocacion FROM arma_tu_fiesta.locacion WHERE nombre = 'Hornos de Pampán Pampán) Criollo' AND tipo = 'Restaurante') as tablaLocacion);
INSERT INTO arma_tu_fiesta.telefono (numero, fk_locacion) VALUES ('0412267479', @restaurante);

SET @pertenece = (SELECT pkLugar FROM (SELECT id_lugar as pkLugar FROM arma_tu_fiesta.lugar WHERE tipo = 'Municipio' AND nombre = 'Pampanito (Pampanito)') as tablaLugar);
INSERT INTO arma_tu_fiesta.locacion (nombre, tipo, fk_localizacion) VALUES ('Brisas de Pampanito Pampanito) Criollo', 'Restaurante', @pertenece);
SET @restaurante = (SELECT pkLocacion FROM (SELECT id_locacion as pkLocacion FROM arma_tu_fiesta.locacion WHERE nombre = 'Brisas de Pampanito Pampanito) Criollo' AND tipo = 'Restaurante') as tablaLocacion);
INSERT INTO arma_tu_fiesta.telefono (numero, fk_locacion) VALUES ('0424771432', @restaurante);

SET @pertenece = (SELECT pkLugar FROM (SELECT id_lugar as pkLugar FROM arma_tu_fiesta.lugar WHERE tipo = 'Municipio' AND nombre = 'Rangel (Betijoque)') as tablaLugar);
INSERT INTO arma_tu_fiesta.locacion (nombre, tipo, fk_localizacion) VALUES ('Los Costillas de Rangel Betijoque) Criollo', 'Restaurante', @pertenece);
SET @restaurante = (SELECT pkLocacion FROM (SELECT id_locacion as pkLocacion FROM arma_tu_fiesta.locacion WHERE nombre = 'Los Costillas de Rangel Betijoque) Criollo' AND tipo = 'Restaurante') as tablaLocacion);
INSERT INTO arma_tu_fiesta.telefono (numero, fk_locacion) VALUES ('0416920559', @restaurante);

SET @pertenece = (SELECT pkLugar FROM (SELECT id_lugar as pkLugar FROM arma_tu_fiesta.lugar WHERE tipo = 'Municipio' AND nombre = 'Sucre (Sabana de Mendoza)') as tablaLugar);
INSERT INTO arma_tu_fiesta.locacion (nombre, tipo, fk_localizacion) VALUES ('Burritos de Sucre Sabana Deluxe', 'Restaurante', @pertenece);
SET @restaurante = (SELECT pkLocacion FROM (SELECT id_locacion as pkLocacion FROM arma_tu_fiesta.locacion WHERE nombre = 'Burritos de Sucre Sabana Deluxe' AND tipo = 'Restaurante') as tablaLocacion);
INSERT INTO arma_tu_fiesta.telefono (numero, fk_locacion) VALUES ('0424483864', @restaurante);

SET @pertenece = (SELECT pkLugar FROM (SELECT id_lugar as pkLugar FROM arma_tu_fiesta.lugar WHERE tipo = 'Municipio' AND nombre = 'Trujillo (Trujillo)') as tablaLugar);
INSERT INTO arma_tu_fiesta.locacion (nombre, tipo, fk_localizacion) VALUES ('Los Costillas de Trujillo Trujillo) Gourmet', 'Restaurante', @pertenece);
SET @restaurante = (SELECT pkLocacion FROM (SELECT id_locacion as pkLocacion FROM arma_tu_fiesta.locacion WHERE nombre = 'Los Costillas de Trujillo Trujillo) Gourmet' AND tipo = 'Restaurante') as tablaLocacion);
INSERT INTO arma_tu_fiesta.telefono (numero, fk_locacion) VALUES ('0424646067', @restaurante);

INSERT INTO arma_tu_fiesta.coordenada (latitud, longitud, fk_locacion) VALUES ('9.366667','-70.433056', @restaurante);
INSERT INTO arma_tu_fiesta.salon_de_fiesta (fk_salon, descripcion, capacidad_personas) VALUES (@restaurante, 'Sala Prive del Restaurante', '100');
INSERT INTO arma_tu_fiesta.punto_de_referencia (descripcion, fk_salon_de_fiesta) VALUES ('Al frente de la farmacia naranja',@restaurante);

SET @caract = (SELECT pkCaract FROM (SELECT id_caracteristica as pkCaract FROM arma_tu_fiesta.caracteristica WHERE nombre = 'Area Techada') as tablaCaract);
INSERT INTO arma_tu_fiesta.caracteristica_salon (fk_salon_de_fiesta, fk_caracteristica, cantidad) VALUES (@restaurante,@caract, '2');

SET @caract = (SELECT pkCaract FROM (SELECT id_caracteristica as pkCaract FROM arma_tu_fiesta.caracteristica WHERE nombre = 'Estacionamiento') as tablaCaract);
INSERT INTO arma_tu_fiesta.caracteristica_salon (fk_salon_de_fiesta, fk_caracteristica, cantidad) VALUES (@restaurante,@caract, '1');

SET @caract = (SELECT pkCaract FROM (SELECT id_caracteristica as pkCaract FROM arma_tu_fiesta.caracteristica WHERE nombre = 'Punto de Electricidad') as tablaCaract);
INSERT INTO arma_tu_fiesta.caracteristica_salon (fk_salon_de_fiesta, fk_caracteristica, cantidad) VALUES (@restaurante,@caract, '2');

SET @caract = (SELECT pkCaract FROM (SELECT id_caracteristica as pkCaract FROM arma_tu_fiesta.caracteristica WHERE nombre = 'Fuente') as tablaCaract);
INSERT INTO arma_tu_fiesta.caracteristica_salon (fk_salon_de_fiesta, fk_caracteristica, cantidad) VALUES (@restaurante,@caract, '1');

SET @caract = (SELECT pkCaract FROM (SELECT id_caracteristica as pkCaract FROM arma_tu_fiesta.caracteristica WHERE nombre = 'Area Infantil') as tablaCaract);
INSERT INTO arma_tu_fiesta.caracteristica_salon (fk_salon_de_fiesta, fk_caracteristica, cantidad) VALUES (@restaurante,@caract, '4');

SET @pertenece = (SELECT pkLugar FROM (SELECT id_lugar as pkLugar FROM arma_tu_fiesta.lugar WHERE tipo = 'Municipio' AND nombre = 'Urdaneta (La Quebrada)') as tablaLugar);
INSERT INTO arma_tu_fiesta.locacion (nombre, tipo, fk_localizacion) VALUES ('Tacos de Urdaneta La VIP', 'Restaurante', @pertenece);
SET @restaurante = (SELECT pkLocacion FROM (SELECT id_locacion as pkLocacion FROM arma_tu_fiesta.locacion WHERE nombre = 'Tacos de Urdaneta La VIP' AND tipo = 'Restaurante') as tablaLocacion);
INSERT INTO arma_tu_fiesta.telefono (numero, fk_locacion) VALUES ('0426527239', @restaurante);

SET @pertenece = (SELECT pkLugar FROM (SELECT id_lugar as pkLugar FROM arma_tu_fiesta.lugar WHERE tipo = 'Municipio' AND nombre = 'Valera (Valera)') as tablaLugar);
INSERT INTO arma_tu_fiesta.locacion (nombre, tipo, fk_localizacion) VALUES ('Grill de Valera Valera) Rico', 'Restaurante', @pertenece);
SET @restaurante = (SELECT pkLocacion FROM (SELECT id_locacion as pkLocacion FROM arma_tu_fiesta.locacion WHERE nombre = 'Grill de Valera Valera) Rico' AND tipo = 'Restaurante') as tablaLocacion);
INSERT INTO arma_tu_fiesta.telefono (numero, fk_locacion) VALUES ('0416810350', @restaurante);

SET @pertenece = (SELECT pkLugar FROM (SELECT id_lugar as pkLugar FROM arma_tu_fiesta.lugar WHERE tipo = 'Municipio' AND nombre = 'Arístides Bastidas (San Pablo)') as tablaLugar);
INSERT INTO arma_tu_fiesta.locacion (nombre, tipo, fk_localizacion) VALUES ('Churrasqueria de Arístides Bastidas Rico', 'Restaurante', @pertenece);
SET @restaurante = (SELECT pkLocacion FROM (SELECT id_locacion as pkLocacion FROM arma_tu_fiesta.locacion WHERE nombre = 'Churrasqueria de Arístides Bastidas Rico' AND tipo = 'Restaurante') as tablaLocacion);
INSERT INTO arma_tu_fiesta.telefono (numero, fk_locacion) VALUES ('0412521087', @restaurante);

SET @pertenece = (SELECT pkLugar FROM (SELECT id_lugar as pkLugar FROM arma_tu_fiesta.lugar WHERE tipo = 'Municipio' AND nombre = 'Bolívar (Aroa)') as tablaLugar);
INSERT INTO arma_tu_fiesta.locacion (nombre, tipo, fk_localizacion) VALUES ('Bolognesa de Bolívar Aroa) Criollo', 'Restaurante', @pertenece);
SET @restaurante = (SELECT pkLocacion FROM (SELECT id_locacion as pkLocacion FROM arma_tu_fiesta.locacion WHERE nombre = 'Bolognesa de Bolívar Aroa) Criollo' AND tipo = 'Restaurante') as tablaLocacion);
INSERT INTO arma_tu_fiesta.telefono (numero, fk_locacion) VALUES ('0424948202', @restaurante);

SET @pertenece = (SELECT pkLugar FROM (SELECT id_lugar as pkLugar FROM arma_tu_fiesta.lugar WHERE tipo = 'Municipio' AND nombre = 'Bruzual (Chivacoa)') as tablaLugar);
INSERT INTO arma_tu_fiesta.locacion (nombre, tipo, fk_localizacion) VALUES ('Hornos de Bruzual Chivacoa) Gourmet', 'Restaurante', @pertenece);
SET @restaurante = (SELECT pkLocacion FROM (SELECT id_locacion as pkLocacion FROM arma_tu_fiesta.locacion WHERE nombre = 'Hornos de Bruzual Chivacoa) Gourmet' AND tipo = 'Restaurante') as tablaLocacion);
INSERT INTO arma_tu_fiesta.telefono (numero, fk_locacion) VALUES ('0426693617', @restaurante);

SET @pertenece = (SELECT pkLugar FROM (SELECT id_lugar as pkLugar FROM arma_tu_fiesta.lugar WHERE tipo = 'Municipio' AND nombre = 'Cocorote (Cocorote)') as tablaLugar);
INSERT INTO arma_tu_fiesta.locacion (nombre, tipo, fk_localizacion) VALUES ('Arepera Cocorote Cocorote) Gourmet', 'Restaurante', @pertenece);
SET @restaurante = (SELECT pkLocacion FROM (SELECT id_locacion as pkLocacion FROM arma_tu_fiesta.locacion WHERE nombre = 'Arepera Cocorote Cocorote) Gourmet' AND tipo = 'Restaurante') as tablaLocacion);
INSERT INTO arma_tu_fiesta.telefono (numero, fk_locacion) VALUES ('0412258503', @restaurante);

SET @pertenece = (SELECT pkLugar FROM (SELECT id_lugar as pkLugar FROM arma_tu_fiesta.lugar WHERE tipo = 'Municipio' AND nombre = 'Independencia (Independencia)') as tablaLugar);
INSERT INTO arma_tu_fiesta.locacion (nombre, tipo, fk_localizacion) VALUES ('Pizzeria de Independencia Independencia) Deluxe', 'Restaurante', @pertenece);
SET @restaurante = (SELECT pkLocacion FROM (SELECT id_locacion as pkLocacion FROM arma_tu_fiesta.locacion WHERE nombre = 'Pizzeria de Independencia Independencia) Deluxe' AND tipo = 'Restaurante') as tablaLocacion);
INSERT INTO arma_tu_fiesta.telefono (numero, fk_locacion) VALUES ('0212878689', @restaurante);

SET @pertenece = (SELECT pkLugar FROM (SELECT id_lugar as pkLugar FROM arma_tu_fiesta.lugar WHERE tipo = 'Municipio' AND nombre = 'La Trinidad (Boraure)') as tablaLugar);
INSERT INTO arma_tu_fiesta.locacion (nombre, tipo, fk_localizacion) VALUES ('Brisas de La Trinidad Rico', 'Restaurante', @pertenece);
SET @restaurante = (SELECT pkLocacion FROM (SELECT id_locacion as pkLocacion FROM arma_tu_fiesta.locacion WHERE nombre = 'Brisas de La Trinidad Rico' AND tipo = 'Restaurante') as tablaLocacion);
INSERT INTO arma_tu_fiesta.telefono (numero, fk_locacion) VALUES ('0424421275', @restaurante);

SET @pertenece = (SELECT pkLugar FROM (SELECT id_lugar as pkLugar FROM arma_tu_fiesta.lugar WHERE tipo = 'Municipio' AND nombre = 'Monge (Yumare)') as tablaLugar);
INSERT INTO arma_tu_fiesta.locacion (nombre, tipo, fk_localizacion) VALUES ('Parrillera de Monge Yumare) Gourmet', 'Restaurante', @pertenece);
SET @restaurante = (SELECT pkLocacion FROM (SELECT id_locacion as pkLocacion FROM arma_tu_fiesta.locacion WHERE nombre = 'Parrillera de Monge Yumare) Gourmet' AND tipo = 'Restaurante') as tablaLocacion);
INSERT INTO arma_tu_fiesta.telefono (numero, fk_locacion) VALUES ('0424311778', @restaurante);

SET @pertenece = (SELECT pkLugar FROM (SELECT id_lugar as pkLugar FROM arma_tu_fiesta.lugar WHERE tipo = 'Municipio' AND nombre = 'Nirgua (Nirgua)') as tablaLugar);
INSERT INTO arma_tu_fiesta.locacion (nombre, tipo, fk_localizacion) VALUES ('Tacos de Nirgua Nirgua) Criollo', 'Restaurante', @pertenece);
SET @restaurante = (SELECT pkLocacion FROM (SELECT id_locacion as pkLocacion FROM arma_tu_fiesta.locacion WHERE nombre = 'Tacos de Nirgua Nirgua) Criollo' AND tipo = 'Restaurante') as tablaLocacion);
INSERT INTO arma_tu_fiesta.telefono (numero, fk_locacion) VALUES ('0416698793', @restaurante);

SET @pertenece = (SELECT pkLugar FROM (SELECT id_lugar as pkLugar FROM arma_tu_fiesta.lugar WHERE tipo = 'Municipio' AND nombre = 'Páez (Sabana de Parra)') as tablaLugar);
INSERT INTO arma_tu_fiesta.locacion (nombre, tipo, fk_localizacion) VALUES ('Los Costillas de Páez Sabana Criollo', 'Restaurante', @pertenece);
SET @restaurante = (SELECT pkLocacion FROM (SELECT id_locacion as pkLocacion FROM arma_tu_fiesta.locacion WHERE nombre = 'Los Costillas de Páez Sabana Criollo' AND tipo = 'Restaurante') as tablaLocacion);
INSERT INTO arma_tu_fiesta.telefono (numero, fk_locacion) VALUES ('0414947573', @restaurante);

SET @pertenece = (SELECT pkLugar FROM (SELECT id_lugar as pkLugar FROM arma_tu_fiesta.lugar WHERE tipo = 'Municipio' AND nombre = 'Peña (Yaritagua)') as tablaLugar);
INSERT INTO arma_tu_fiesta.locacion (nombre, tipo, fk_localizacion) VALUES ('Bolognesa de Peña Yaritagua) Deluxe', 'Restaurante', @pertenece);
SET @restaurante = (SELECT pkLocacion FROM (SELECT id_locacion as pkLocacion FROM arma_tu_fiesta.locacion WHERE nombre = 'Bolognesa de Peña Yaritagua) Deluxe' AND tipo = 'Restaurante') as tablaLocacion);
INSERT INTO arma_tu_fiesta.telefono (numero, fk_locacion) VALUES ('0412641663', @restaurante);

SET @pertenece = (SELECT pkLugar FROM (SELECT id_lugar as pkLugar FROM arma_tu_fiesta.lugar WHERE tipo = 'Municipio' AND nombre = 'San Felipe (San Felipe)') as tablaLugar);
INSERT INTO arma_tu_fiesta.locacion (nombre, tipo, fk_localizacion) VALUES ('Los Costillas de San Felipe VIP', 'Restaurante', @pertenece);
SET @restaurante = (SELECT pkLocacion FROM (SELECT id_locacion as pkLocacion FROM arma_tu_fiesta.locacion WHERE nombre = 'Los Costillas de San Felipe VIP' AND tipo = 'Restaurante') as tablaLocacion);
INSERT INTO arma_tu_fiesta.telefono (numero, fk_locacion) VALUES ('0416617192', @restaurante);

INSERT INTO arma_tu_fiesta.coordenada (latitud, longitud, fk_locacion) VALUES ('10.3353','-68.7458', @restaurante);
INSERT INTO arma_tu_fiesta.salon_de_fiesta (fk_salon, descripcion, capacidad_personas) VALUES (@restaurante, 'Sala Prive del Restaurante', '100');
INSERT INTO arma_tu_fiesta.punto_de_referencia (descripcion, fk_salon_de_fiesta) VALUES ('A la derecha de la panaderia de bloques',@restaurante);

SET @caract = (SELECT pkCaract FROM (SELECT id_caracteristica as pkCaract FROM arma_tu_fiesta.caracteristica WHERE nombre = 'Area Techada') as tablaCaract);
INSERT INTO arma_tu_fiesta.caracteristica_salon (fk_salon_de_fiesta, fk_caracteristica, cantidad) VALUES (@restaurante,@caract, '1');

SET @caract = (SELECT pkCaract FROM (SELECT id_caracteristica as pkCaract FROM arma_tu_fiesta.caracteristica WHERE nombre = 'Estacionamiento') as tablaCaract);
INSERT INTO arma_tu_fiesta.caracteristica_salon (fk_salon_de_fiesta, fk_caracteristica, cantidad) VALUES (@restaurante,@caract, '1');

SET @caract = (SELECT pkCaract FROM (SELECT id_caracteristica as pkCaract FROM arma_tu_fiesta.caracteristica WHERE nombre = 'Punto de Electricidad') as tablaCaract);
INSERT INTO arma_tu_fiesta.caracteristica_salon (fk_salon_de_fiesta, fk_caracteristica, cantidad) VALUES (@restaurante,@caract, '3');

SET @caract = (SELECT pkCaract FROM (SELECT id_caracteristica as pkCaract FROM arma_tu_fiesta.caracteristica WHERE nombre = 'Fuente') as tablaCaract);
INSERT INTO arma_tu_fiesta.caracteristica_salon (fk_salon_de_fiesta, fk_caracteristica, cantidad) VALUES (@restaurante,@caract, '4');

SET @caract = (SELECT pkCaract FROM (SELECT id_caracteristica as pkCaract FROM arma_tu_fiesta.caracteristica WHERE nombre = 'Area Infantil') as tablaCaract);
INSERT INTO arma_tu_fiesta.caracteristica_salon (fk_salon_de_fiesta, fk_caracteristica, cantidad) VALUES (@restaurante,@caract, '5');

SET @pertenece = (SELECT pkLugar FROM (SELECT id_lugar as pkLugar FROM arma_tu_fiesta.lugar WHERE tipo = 'Municipio' AND nombre = 'Sucre (Guama)') as tablaLugar);
INSERT INTO arma_tu_fiesta.locacion (nombre, tipo, fk_localizacion) VALUES ('Bistro de Sucre Guama) Deluxe', 'Restaurante', @pertenece);
SET @restaurante = (SELECT pkLocacion FROM (SELECT id_locacion as pkLocacion FROM arma_tu_fiesta.locacion WHERE nombre = 'Bistro de Sucre Guama) Deluxe' AND tipo = 'Restaurante') as tablaLocacion);
INSERT INTO arma_tu_fiesta.telefono (numero, fk_locacion) VALUES ('0426456575', @restaurante);

SET @pertenece = (SELECT pkLugar FROM (SELECT id_lugar as pkLugar FROM arma_tu_fiesta.lugar WHERE tipo = 'Municipio' AND nombre = 'Urachiche (Urachiche)') as tablaLugar);
INSERT INTO arma_tu_fiesta.locacion (nombre, tipo, fk_localizacion) VALUES ('Burritos de Urachiche Urachiche) VIP', 'Restaurante', @pertenece);
SET @restaurante = (SELECT pkLocacion FROM (SELECT id_locacion as pkLocacion FROM arma_tu_fiesta.locacion WHERE nombre = 'Burritos de Urachiche Urachiche) VIP' AND tipo = 'Restaurante') as tablaLocacion);
INSERT INTO arma_tu_fiesta.telefono (numero, fk_locacion) VALUES ('0212822079', @restaurante);

SET @pertenece = (SELECT pkLugar FROM (SELECT id_lugar as pkLugar FROM arma_tu_fiesta.lugar WHERE tipo = 'Municipio' AND nombre = 'Veroes (Farriar)') as tablaLugar);
INSERT INTO arma_tu_fiesta.locacion (nombre, tipo, fk_localizacion) VALUES ('Hornos de Veroes Farriar) Criollo', 'Restaurante', @pertenece);
SET @restaurante = (SELECT pkLocacion FROM (SELECT id_locacion as pkLocacion FROM arma_tu_fiesta.locacion WHERE nombre = 'Hornos de Veroes Farriar) Criollo' AND tipo = 'Restaurante') as tablaLocacion);
INSERT INTO arma_tu_fiesta.telefono (numero, fk_locacion) VALUES ('0412427330', @restaurante);

SET @pertenece = (SELECT pkLugar FROM (SELECT id_lugar as pkLugar FROM arma_tu_fiesta.lugar WHERE tipo = 'Municipio' AND nombre = 'Bolívar (Tía Juana)') as tablaLugar);
INSERT INTO arma_tu_fiesta.locacion (nombre, tipo, fk_localizacion) VALUES ('Burritos de Bolívar Tía Gourmet', 'Restaurante', @pertenece);
SET @restaurante = (SELECT pkLocacion FROM (SELECT id_locacion as pkLocacion FROM arma_tu_fiesta.locacion WHERE nombre = 'Burritos de Bolívar Tía Gourmet' AND tipo = 'Restaurante') as tablaLocacion);
INSERT INTO arma_tu_fiesta.telefono (numero, fk_locacion) VALUES ('0414923173', @restaurante);

SET @pertenece = (SELECT pkLugar FROM (SELECT id_lugar as pkLugar FROM arma_tu_fiesta.lugar WHERE tipo = 'Municipio' AND nombre = 'Baralt (San Timoteo)') as tablaLugar);
INSERT INTO arma_tu_fiesta.locacion (nombre, tipo, fk_localizacion) VALUES ('Grill de Baralt San Gourmet', 'Restaurante', @pertenece);
SET @restaurante = (SELECT pkLocacion FROM (SELECT id_locacion as pkLocacion FROM arma_tu_fiesta.locacion WHERE nombre = 'Grill de Baralt San Gourmet' AND tipo = 'Restaurante') as tablaLocacion);
INSERT INTO arma_tu_fiesta.telefono (numero, fk_locacion) VALUES ('0212244953', @restaurante);

SET @pertenece = (SELECT pkLugar FROM (SELECT id_lugar as pkLugar FROM arma_tu_fiesta.lugar WHERE tipo = 'Municipio' AND nombre = 'Cabimas (Cabimas)') as tablaLugar);
INSERT INTO arma_tu_fiesta.locacion (nombre, tipo, fk_localizacion) VALUES ('Churrasqueria de Cabimas Cabimas) Criollo', 'Restaurante', @pertenece);
SET @restaurante = (SELECT pkLocacion FROM (SELECT id_locacion as pkLocacion FROM arma_tu_fiesta.locacion WHERE nombre = 'Churrasqueria de Cabimas Cabimas) Criollo' AND tipo = 'Restaurante') as tablaLocacion);
INSERT INTO arma_tu_fiesta.telefono (numero, fk_locacion) VALUES ('0412494339', @restaurante);

SET @pertenece = (SELECT pkLugar FROM (SELECT id_lugar as pkLugar FROM arma_tu_fiesta.lugar WHERE tipo = 'Municipio' AND nombre = 'Catatumbo (Encontrados)') as tablaLugar);
INSERT INTO arma_tu_fiesta.locacion (nombre, tipo, fk_localizacion) VALUES ('Tacos de Catatumbo Encontrados) Gourmet', 'Restaurante', @pertenece);
SET @restaurante = (SELECT pkLocacion FROM (SELECT id_locacion as pkLocacion FROM arma_tu_fiesta.locacion WHERE nombre = 'Tacos de Catatumbo Encontrados) Gourmet' AND tipo = 'Restaurante') as tablaLocacion);
INSERT INTO arma_tu_fiesta.telefono (numero, fk_locacion) VALUES ('0414795972', @restaurante);

SET @pertenece = (SELECT pkLugar FROM (SELECT id_lugar as pkLugar FROM arma_tu_fiesta.lugar WHERE tipo = 'Municipio' AND nombre = 'Colón (San Carlos del Zulia)') as tablaLugar);
INSERT INTO arma_tu_fiesta.locacion (nombre, tipo, fk_localizacion) VALUES ('Mar y Tierra de Colón San VIP', 'Restaurante', @pertenece);
SET @restaurante = (SELECT pkLocacion FROM (SELECT id_locacion as pkLocacion FROM arma_tu_fiesta.locacion WHERE nombre = 'Mar y Tierra de Colón San VIP' AND tipo = 'Restaurante') as tablaLocacion);
INSERT INTO arma_tu_fiesta.telefono (numero, fk_locacion) VALUES ('0414470974', @restaurante);

SET @pertenece = (SELECT pkLugar FROM (SELECT id_lugar as pkLugar FROM arma_tu_fiesta.lugar WHERE tipo = 'Municipio' AND nombre = 'Guajira (Sinamaica)') as tablaLugar);
INSERT INTO arma_tu_fiesta.locacion (nombre, tipo, fk_localizacion) VALUES ('Parrillera de Guajira Sinamaica) Gourmet', 'Restaurante', @pertenece);
SET @restaurante = (SELECT pkLocacion FROM (SELECT id_locacion as pkLocacion FROM arma_tu_fiesta.locacion WHERE nombre = 'Parrillera de Guajira Sinamaica) Gourmet' AND tipo = 'Restaurante') as tablaLocacion);
INSERT INTO arma_tu_fiesta.telefono (numero, fk_locacion) VALUES ('0424146303', @restaurante);

SET @pertenece = (SELECT pkLugar FROM (SELECT id_lugar as pkLugar FROM arma_tu_fiesta.lugar WHERE tipo = 'Municipio' AND nombre = 'Padilla (El Toro)') as tablaLugar);
INSERT INTO arma_tu_fiesta.locacion (nombre, tipo, fk_localizacion) VALUES ('Burritos de Padilla El Criollo', 'Restaurante', @pertenece);
SET @restaurante = (SELECT pkLocacion FROM (SELECT id_locacion as pkLocacion FROM arma_tu_fiesta.locacion WHERE nombre = 'Burritos de Padilla El Criollo' AND tipo = 'Restaurante') as tablaLocacion);
INSERT INTO arma_tu_fiesta.telefono (numero, fk_locacion) VALUES ('0412537391', @restaurante);

SET @pertenece = (SELECT pkLugar FROM (SELECT id_lugar as pkLugar FROM arma_tu_fiesta.lugar WHERE tipo = 'Municipio' AND nombre = 'Pulgar (Pueblo Nuevo-El Chivo)') as tablaLugar);
INSERT INTO arma_tu_fiesta.locacion (nombre, tipo, fk_localizacion) VALUES ('Bistro de Pulgar Pueblo Criollo', 'Restaurante', @pertenece);
SET @restaurante = (SELECT pkLocacion FROM (SELECT id_locacion as pkLocacion FROM arma_tu_fiesta.locacion WHERE nombre = 'Bistro de Pulgar Pueblo Criollo' AND tipo = 'Restaurante') as tablaLocacion);
INSERT INTO arma_tu_fiesta.telefono (numero, fk_locacion) VALUES ('0426696581', @restaurante);

SET @pertenece = (SELECT pkLugar FROM (SELECT id_lugar as pkLugar FROM arma_tu_fiesta.lugar WHERE tipo = 'Municipio' AND nombre = 'Lossada (La Concepción)') as tablaLugar);
INSERT INTO arma_tu_fiesta.locacion (nombre, tipo, fk_localizacion) VALUES ('Mar y Tierra de Lossada La Deluxe', 'Restaurante', @pertenece);
SET @restaurante = (SELECT pkLocacion FROM (SELECT id_locacion as pkLocacion FROM arma_tu_fiesta.locacion WHERE nombre = 'Mar y Tierra de Lossada La Deluxe' AND tipo = 'Restaurante') as tablaLocacion);
INSERT INTO arma_tu_fiesta.telefono (numero, fk_locacion) VALUES ('0426459031', @restaurante);

SET @pertenece = (SELECT pkLugar FROM (SELECT id_lugar as pkLugar FROM arma_tu_fiesta.lugar WHERE tipo = 'Municipio' AND nombre = 'Semprún (Casigua El Cubo)') as tablaLugar);
INSERT INTO arma_tu_fiesta.locacion (nombre, tipo, fk_localizacion) VALUES ('Hornos de Semprún Casigua Rico', 'Restaurante', @pertenece);
SET @restaurante = (SELECT pkLocacion FROM (SELECT id_locacion as pkLocacion FROM arma_tu_fiesta.locacion WHERE nombre = 'Hornos de Semprún Casigua Rico' AND tipo = 'Restaurante') as tablaLocacion);
INSERT INTO arma_tu_fiesta.telefono (numero, fk_locacion) VALUES ('0426879838', @restaurante);

SET @pertenece = (SELECT pkLugar FROM (SELECT id_lugar as pkLugar FROM arma_tu_fiesta.lugar WHERE tipo = 'Municipio' AND nombre = 'La Cañada de Urdaneta (Concepción)') as tablaLugar);
INSERT INTO arma_tu_fiesta.locacion (nombre, tipo, fk_localizacion) VALUES ('Pizzeria de La Cañada Gourmet', 'Restaurante', @pertenece);
SET @restaurante = (SELECT pkLocacion FROM (SELECT id_locacion as pkLocacion FROM arma_tu_fiesta.locacion WHERE nombre = 'Pizzeria de La Cañada Gourmet' AND tipo = 'Restaurante') as tablaLocacion);
INSERT INTO arma_tu_fiesta.telefono (numero, fk_locacion) VALUES ('0424693252', @restaurante);

SET @pertenece = (SELECT pkLugar FROM (SELECT id_lugar as pkLugar FROM arma_tu_fiesta.lugar WHERE tipo = 'Municipio' AND nombre = 'Lagunillas (Ciudad Ojeda)') as tablaLugar);
INSERT INTO arma_tu_fiesta.locacion (nombre, tipo, fk_localizacion) VALUES ('Bolognesa de Lagunillas Ciudad Gourmet', 'Restaurante', @pertenece);
SET @restaurante = (SELECT pkLocacion FROM (SELECT id_locacion as pkLocacion FROM arma_tu_fiesta.locacion WHERE nombre = 'Bolognesa de Lagunillas Ciudad Gourmet' AND tipo = 'Restaurante') as tablaLocacion);
INSERT INTO arma_tu_fiesta.telefono (numero, fk_locacion) VALUES ('0424383499', @restaurante);

SET @pertenece = (SELECT pkLugar FROM (SELECT id_lugar as pkLugar FROM arma_tu_fiesta.lugar WHERE tipo = 'Municipio' AND nombre = 'Machiques (Machiques)') as tablaLugar);
INSERT INTO arma_tu_fiesta.locacion (nombre, tipo, fk_localizacion) VALUES ('Bolognesa de Machiques Machiques) Deluxe', 'Restaurante', @pertenece);
SET @restaurante = (SELECT pkLocacion FROM (SELECT id_locacion as pkLocacion FROM arma_tu_fiesta.locacion WHERE nombre = 'Bolognesa de Machiques Machiques) Deluxe' AND tipo = 'Restaurante') as tablaLocacion);
INSERT INTO arma_tu_fiesta.telefono (numero, fk_locacion) VALUES ('0416471189', @restaurante);

SET @pertenece = (SELECT pkLugar FROM (SELECT id_lugar as pkLugar FROM arma_tu_fiesta.lugar WHERE tipo = 'Municipio' AND nombre = 'Mara (San Rafael del Moján)') as tablaLugar);
INSERT INTO arma_tu_fiesta.locacion (nombre, tipo, fk_localizacion) VALUES ('Bistro de Mara San Gourmet', 'Restaurante', @pertenece);
SET @restaurante = (SELECT pkLocacion FROM (SELECT id_locacion as pkLocacion FROM arma_tu_fiesta.locacion WHERE nombre = 'Bistro de Mara San Gourmet' AND tipo = 'Restaurante') as tablaLocacion);
INSERT INTO arma_tu_fiesta.telefono (numero, fk_locacion) VALUES ('0412670635', @restaurante);

SET @pertenece = (SELECT pkLugar FROM (SELECT id_lugar as pkLugar FROM arma_tu_fiesta.lugar WHERE tipo = 'Municipio' AND nombre = 'Maracaibo (Maracaibo)') as tablaLugar);
INSERT INTO arma_tu_fiesta.locacion (nombre, tipo, fk_localizacion) VALUES ('Los Costillas de Maracaibo Maracaibo) Criollo', 'Restaurante', @pertenece);
SET @restaurante = (SELECT pkLocacion FROM (SELECT id_locacion as pkLocacion FROM arma_tu_fiesta.locacion WHERE nombre = 'Los Costillas de Maracaibo Maracaibo) Criollo' AND tipo = 'Restaurante') as tablaLocacion);
INSERT INTO arma_tu_fiesta.telefono (numero, fk_locacion) VALUES ('0412915168', @restaurante);

INSERT INTO arma_tu_fiesta.coordenada (latitud, longitud, fk_locacion) VALUES ('10.66667','-72.16667', @restaurante);
INSERT INTO arma_tu_fiesta.salon_de_fiesta (fk_salon, descripcion, capacidad_personas) VALUES (@restaurante, 'Sala Prive del Restaurante', '100');
INSERT INTO arma_tu_fiesta.punto_de_referencia (descripcion, fk_salon_de_fiesta) VALUES ('A la derecha de la casa nueva',@restaurante);

SET @caract = (SELECT pkCaract FROM (SELECT id_caracteristica as pkCaract FROM arma_tu_fiesta.caracteristica WHERE nombre = 'Area Techada') as tablaCaract);
INSERT INTO arma_tu_fiesta.caracteristica_salon (fk_salon_de_fiesta, fk_caracteristica, cantidad) VALUES (@restaurante,@caract, '1');

SET @caract = (SELECT pkCaract FROM (SELECT id_caracteristica as pkCaract FROM arma_tu_fiesta.caracteristica WHERE nombre = 'Estacionamiento') as tablaCaract);
INSERT INTO arma_tu_fiesta.caracteristica_salon (fk_salon_de_fiesta, fk_caracteristica, cantidad) VALUES (@restaurante,@caract, '1');

SET @caract = (SELECT pkCaract FROM (SELECT id_caracteristica as pkCaract FROM arma_tu_fiesta.caracteristica WHERE nombre = 'Punto de Electricidad') as tablaCaract);
INSERT INTO arma_tu_fiesta.caracteristica_salon (fk_salon_de_fiesta, fk_caracteristica, cantidad) VALUES (@restaurante,@caract, '3');

SET @caract = (SELECT pkCaract FROM (SELECT id_caracteristica as pkCaract FROM arma_tu_fiesta.caracteristica WHERE nombre = 'Fuente') as tablaCaract);
INSERT INTO arma_tu_fiesta.caracteristica_salon (fk_salon_de_fiesta, fk_caracteristica, cantidad) VALUES (@restaurante,@caract, '3');

SET @caract = (SELECT pkCaract FROM (SELECT id_caracteristica as pkCaract FROM arma_tu_fiesta.caracteristica WHERE nombre = 'Area Infantil') as tablaCaract);
INSERT INTO arma_tu_fiesta.caracteristica_salon (fk_salon_de_fiesta, fk_caracteristica, cantidad) VALUES (@restaurante,@caract, '5');

SET @pertenece = (SELECT pkLugar FROM (SELECT id_lugar as pkLugar FROM arma_tu_fiesta.lugar WHERE tipo = 'Municipio' AND nombre = 'Miranda (Los Puertos de Altagracia)') as tablaLugar);
INSERT INTO arma_tu_fiesta.locacion (nombre, tipo, fk_localizacion) VALUES ('Hornos de Miranda Los Gourmet', 'Restaurante', @pertenece);
SET @restaurante = (SELECT pkLocacion FROM (SELECT id_locacion as pkLocacion FROM arma_tu_fiesta.locacion WHERE nombre = 'Hornos de Miranda Los Gourmet' AND tipo = 'Restaurante') as tablaLocacion);
INSERT INTO arma_tu_fiesta.telefono (numero, fk_locacion) VALUES ('0424299811', @restaurante);

SET @pertenece = (SELECT pkLugar FROM (SELECT id_lugar as pkLugar FROM arma_tu_fiesta.lugar WHERE tipo = 'Municipio' AND nombre = 'Rosario (La Villa del Rosario)') as tablaLugar);
INSERT INTO arma_tu_fiesta.locacion (nombre, tipo, fk_localizacion) VALUES ('Mar y Tierra de Rosario La Deluxe', 'Restaurante', @pertenece);
SET @restaurante = (SELECT pkLocacion FROM (SELECT id_locacion as pkLocacion FROM arma_tu_fiesta.locacion WHERE nombre = 'Mar y Tierra de Rosario La Deluxe' AND tipo = 'Restaurante') as tablaLocacion);
INSERT INTO arma_tu_fiesta.telefono (numero, fk_locacion) VALUES ('0416296761', @restaurante);

SET @pertenece = (SELECT pkLugar FROM (SELECT id_lugar as pkLugar FROM arma_tu_fiesta.lugar WHERE tipo = 'Municipio' AND nombre = 'San Francisco (San Francisco)') as tablaLugar);
INSERT INTO arma_tu_fiesta.locacion (nombre, tipo, fk_localizacion) VALUES ('Parrillera de San Francisco VIP', 'Restaurante', @pertenece);
SET @restaurante = (SELECT pkLocacion FROM (SELECT id_locacion as pkLocacion FROM arma_tu_fiesta.locacion WHERE nombre = 'Parrillera de San Francisco VIP' AND tipo = 'Restaurante') as tablaLocacion);
INSERT INTO arma_tu_fiesta.telefono (numero, fk_locacion) VALUES ('0424386764', @restaurante);

SET @pertenece = (SELECT pkLugar FROM (SELECT id_lugar as pkLugar FROM arma_tu_fiesta.lugar WHERE tipo = 'Municipio' AND nombre = 'Santa Rita (Santa Rita)') as tablaLugar);
INSERT INTO arma_tu_fiesta.locacion (nombre, tipo, fk_localizacion) VALUES ('Los Costillas de Santa Rita Rico', 'Restaurante', @pertenece);
SET @restaurante = (SELECT pkLocacion FROM (SELECT id_locacion as pkLocacion FROM arma_tu_fiesta.locacion WHERE nombre = 'Los Costillas de Santa Rita Rico' AND tipo = 'Restaurante') as tablaLocacion);
INSERT INTO arma_tu_fiesta.telefono (numero, fk_locacion) VALUES ('0414447138', @restaurante);

SET @pertenece = (SELECT pkLugar FROM (SELECT id_lugar as pkLugar FROM arma_tu_fiesta.lugar WHERE tipo = 'Municipio' AND nombre = 'Sucre (Bobures)') as tablaLugar);
INSERT INTO arma_tu_fiesta.locacion (nombre, tipo, fk_localizacion) VALUES ('Tacos de Sucre Bobures) Criollo', 'Restaurante', @pertenece);
SET @restaurante = (SELECT pkLocacion FROM (SELECT id_locacion as pkLocacion FROM arma_tu_fiesta.locacion WHERE nombre = 'Tacos de Sucre Bobures) Criollo' AND tipo = 'Restaurante') as tablaLocacion);
INSERT INTO arma_tu_fiesta.telefono (numero, fk_locacion) VALUES ('0212549674', @restaurante);

SET @pertenece = (SELECT pkLugar FROM (SELECT id_lugar as pkLugar FROM arma_tu_fiesta.lugar WHERE tipo = 'Municipio' AND nombre = 'Valmore Rodríguez (Bachaquero)') as tablaLugar);
INSERT INTO arma_tu_fiesta.locacion (nombre, tipo, fk_localizacion) VALUES ('Tacos de Valmore Rodríguez Criollo', 'Restaurante', @pertenece);
SET @restaurante = (SELECT pkLocacion FROM (SELECT id_locacion as pkLocacion FROM arma_tu_fiesta.locacion WHERE nombre = 'Tacos de Valmore Rodríguez Criollo' AND tipo = 'Restaurante') as tablaLocacion);
INSERT INTO arma_tu_fiesta.telefono (numero, fk_locacion) VALUES ('0416627738', @restaurante);

-- ++++++++++++++++++++++++++++++++++ CURSOS +++++++++++++++++++++++++++++++++++++++++++++++++++++++++++++++++++++++

SET @templo = (SELECT pkTemplo FROM (SELECT id_locacion as pkTemplo FROM arma_tu_fiesta.locacion WHERE nombre LIKE '%Catolico%Amazonas') as tablaTemplo);
INSERT INTO arma_tu_fiesta.curso (nombre, fk_templo) VALUES ('Matrimonial Basico: Compromiso Eterno', @templo);

SET @templo = (SELECT pkTemplo FROM (SELECT id_locacion as pkTemplo FROM arma_tu_fiesta.locacion WHERE nombre LIKE '%Catolico%Anzoátegui') as tablaTemplo);
INSERT INTO arma_tu_fiesta.curso (nombre, fk_templo) VALUES ('Matrimonial Basico: Compromiso Eterno', @templo);

SET @templo = (SELECT pkTemplo FROM (SELECT id_locacion as pkTemplo FROM arma_tu_fiesta.locacion WHERE nombre LIKE '%Catolico%Apure') as tablaTemplo);
INSERT INTO arma_tu_fiesta.curso (nombre, fk_templo) VALUES ('Matrimonial Basico: Compromiso Eterno', @templo);

SET @templo = (SELECT pkTemplo FROM (SELECT id_locacion as pkTemplo FROM arma_tu_fiesta.locacion WHERE nombre LIKE '%Catolico%Aragua') as tablaTemplo);
INSERT INTO arma_tu_fiesta.curso (nombre, fk_templo) VALUES ('Matrimonial Basico: Compromiso Eterno', @templo);

SET @templo = (SELECT pkTemplo FROM (SELECT id_locacion as pkTemplo FROM arma_tu_fiesta.locacion WHERE nombre LIKE '%Catolico%Barinas') as tablaTemplo);
INSERT INTO arma_tu_fiesta.curso (nombre, fk_templo) VALUES ('Matrimonial Basico: Compromiso Eterno', @templo);

SET @templo = (SELECT pkTemplo FROM (SELECT id_locacion as pkTemplo FROM arma_tu_fiesta.locacion WHERE nombre LIKE '%Catolico%Bolívar') as tablaTemplo);
INSERT INTO arma_tu_fiesta.curso (nombre, fk_templo) VALUES ('Matrimonial Basico: Compromiso Eterno', @templo);

SET @templo = (SELECT pkTemplo FROM (SELECT id_locacion as pkTemplo FROM arma_tu_fiesta.locacion WHERE nombre LIKE '%Catolico%Carabobo') as tablaTemplo);
INSERT INTO arma_tu_fiesta.curso (nombre, fk_templo) VALUES ('Matrimonial Basico: Compromiso Eterno', @templo);

SET @templo = (SELECT pkTemplo FROM (SELECT id_locacion as pkTemplo FROM arma_tu_fiesta.locacion WHERE nombre LIKE '%Catolico%Cojedes') as tablaTemplo);
INSERT INTO arma_tu_fiesta.curso (nombre, fk_templo) VALUES ('Matrimonial Basico: Compromiso Eterno', @templo);

SET @templo = (SELECT pkTemplo FROM (SELECT id_locacion as pkTemplo FROM arma_tu_fiesta.locacion WHERE nombre LIKE '%Catolico%Delta Amacuro') as tablaTemplo);
INSERT INTO arma_tu_fiesta.curso (nombre, fk_templo) VALUES ('Matrimonial Basico: Compromiso Eterno', @templo);

SET @templo = (SELECT pkTemplo FROM (SELECT id_locacion as pkTemplo FROM arma_tu_fiesta.locacion WHERE nombre LIKE '%Catolico%Distrito Capital') as tablaTemplo);
INSERT INTO arma_tu_fiesta.curso (nombre, fk_templo) VALUES ('Matrimonial Basico: Compromiso Eterno', @templo);

SET @templo = (SELECT pkTemplo FROM (SELECT id_locacion as pkTemplo FROM arma_tu_fiesta.locacion WHERE nombre LIKE '%Catolico%Falcón') as tablaTemplo);
INSERT INTO arma_tu_fiesta.curso (nombre, fk_templo) VALUES ('Matrimonial Basico: Compromiso Eterno', @templo);

SET @templo = (SELECT pkTemplo FROM (SELECT id_locacion as pkTemplo FROM arma_tu_fiesta.locacion WHERE nombre LIKE '%Catolico%Guárico') as tablaTemplo);
INSERT INTO arma_tu_fiesta.curso (nombre, fk_templo) VALUES ('Matrimonial Basico: Compromiso Eterno', @templo);

SET @templo = (SELECT pkTemplo FROM (SELECT id_locacion as pkTemplo FROM arma_tu_fiesta.locacion WHERE nombre LIKE '%Catolico%La Guaira') as tablaTemplo);
INSERT INTO arma_tu_fiesta.curso (nombre, fk_templo) VALUES ('Matrimonial Basico: Compromiso Eterno', @templo);

SET @templo = (SELECT pkTemplo FROM (SELECT id_locacion as pkTemplo FROM arma_tu_fiesta.locacion WHERE nombre LIKE '%Catolico%Lara') as tablaTemplo);
INSERT INTO arma_tu_fiesta.curso (nombre, fk_templo) VALUES ('Matrimonial Basico: Compromiso Eterno', @templo);

SET @templo = (SELECT pkTemplo FROM (SELECT id_locacion as pkTemplo FROM arma_tu_fiesta.locacion WHERE nombre LIKE '%Catolico%Mérida') as tablaTemplo);
INSERT INTO arma_tu_fiesta.curso (nombre, fk_templo) VALUES ('Matrimonial Basico: Compromiso Eterno', @templo);

SET @templo = (SELECT pkTemplo FROM (SELECT id_locacion as pkTemplo FROM arma_tu_fiesta.locacion WHERE nombre LIKE '%Catolico%Miranda') as tablaTemplo);
INSERT INTO arma_tu_fiesta.curso (nombre, fk_templo) VALUES ('Matrimonial Basico: Compromiso Eterno', @templo);

SET @templo = (SELECT pkTemplo FROM (SELECT id_locacion as pkTemplo FROM arma_tu_fiesta.locacion WHERE nombre LIKE '%Catolico%Monagas') as tablaTemplo);
INSERT INTO arma_tu_fiesta.curso (nombre, fk_templo) VALUES ('Matrimonial Basico: Compromiso Eterno', @templo);

SET @templo = (SELECT pkTemplo FROM (SELECT id_locacion as pkTemplo FROM arma_tu_fiesta.locacion WHERE nombre LIKE '%Catolico%Nueva Esparta') as tablaTemplo);
INSERT INTO arma_tu_fiesta.curso (nombre, fk_templo) VALUES ('Matrimonial Basico: Compromiso Eterno', @templo);

SET @templo = (SELECT pkTemplo FROM (SELECT id_locacion as pkTemplo FROM arma_tu_fiesta.locacion WHERE nombre LIKE '%Catolico%Portuguesa') as tablaTemplo);
INSERT INTO arma_tu_fiesta.curso (nombre, fk_templo) VALUES ('Matrimonial Basico: Compromiso Eterno', @templo);

SET @templo = (SELECT pkTemplo FROM (SELECT id_locacion as pkTemplo FROM arma_tu_fiesta.locacion WHERE nombre LIKE '%Catolico%Sucre') as tablaTemplo);
INSERT INTO arma_tu_fiesta.curso (nombre, fk_templo) VALUES ('Matrimonial Basico: Compromiso Eterno', @templo);

SET @templo = (SELECT pkTemplo FROM (SELECT id_locacion as pkTemplo FROM arma_tu_fiesta.locacion WHERE nombre LIKE '%Catolico%Táchira') as tablaTemplo);
INSERT INTO arma_tu_fiesta.curso (nombre, fk_templo) VALUES ('Matrimonial Basico: Compromiso Eterno', @templo);

SET @templo = (SELECT pkTemplo FROM (SELECT id_locacion as pkTemplo FROM arma_tu_fiesta.locacion WHERE nombre LIKE '%Catolico%Trujillo') as tablaTemplo);
INSERT INTO arma_tu_fiesta.curso (nombre, fk_templo) VALUES ('Matrimonial Basico: Compromiso Eterno', @templo);

SET @templo = (SELECT pkTemplo FROM (SELECT id_locacion as pkTemplo FROM arma_tu_fiesta.locacion WHERE nombre LIKE '%Catolico%Yaracuy') as tablaTemplo);
INSERT INTO arma_tu_fiesta.curso (nombre, fk_templo) VALUES ('Matrimonial Basico: Compromiso Eterno', @templo);

SET @templo = (SELECT pkTemplo FROM (SELECT id_locacion as pkTemplo FROM arma_tu_fiesta.locacion WHERE nombre LIKE '%Catolico%Zulia') as tablaTemplo);
INSERT INTO arma_tu_fiesta.curso (nombre, fk_templo) VALUES ('Matrimonial Basico: Compromiso Eterno', @templo);

-- ++++++++++++++++++++++++++++++++++ FLORISTERIAS +++++++++++++++++++++++++++++++++++++++++++++++++++++++++++++++

SET @pertenece = (SELECT pkLugar FROM (SELECT id_lugar as pkLugar FROM arma_tu_fiesta.lugar WHERE tipo = 'Estado' AND nombre = 'Amazonas') as tablaLugar);
SET @categoria = (SELECT pkCategoria FROM (SELECT id_categoria as pkCategoria FROM arma_tu_fiesta.categoria WHERE nombre = 'Floristeria') as tablaCategoria);
INSERT INTO arma_tu_fiesta.proveedor (rif, razon_social, denominacion_comercial, fk_categoria, fk_ubicado) VALUES ('J\-53483529\-0', 'Rollinia', 'Jardines de Babilonia C.A.', @categoria, @pertenece);
SET @proveedor = (SELECT pkProveedor FROM (SELECT id_proveedor as pkProveedor FROM arma_tu_fiesta.proveedor WHERE rif = 'J\-53483529\-0') as tablaProveedor);
INSERT INTO arma_tu_fiesta.telefono (numero, fk_proveedor) VALUES ('0426894621', @proveedor);
INSERT INTO arma_tu_fiesta.email (correo, fk_proveedor) VALUES ('Rollinia@gmail.com', @proveedor);

SET @pertenece = (SELECT pkLugar FROM (SELECT id_lugar as pkLugar FROM arma_tu_fiesta.lugar WHERE tipo = 'Estado' AND nombre = 'Anzoátegui') as tablaLugar);
SET @categoria = (SELECT pkCategoria FROM (SELECT id_categoria as pkCategoria FROM arma_tu_fiesta.categoria WHERE nombre = 'Floristeria') as tablaCategoria);
INSERT INTO arma_tu_fiesta.proveedor (rif, razon_social, denominacion_comercial, fk_categoria, fk_ubicado) VALUES ('J\-22118032\-0', 'Grias', 'Jardines de Babilonia C.A.', @categoria, @pertenece);
SET @proveedor = (SELECT pkProveedor FROM (SELECT id_proveedor as pkProveedor FROM arma_tu_fiesta.proveedor WHERE rif = 'J\-22118032\-0') as tablaProveedor);
INSERT INTO arma_tu_fiesta.telefono (numero, fk_proveedor) VALUES ('0416674034', @proveedor);
INSERT INTO arma_tu_fiesta.email (correo, fk_proveedor) VALUES ('Grias@gmail.com', @proveedor);

SET @pertenece = (SELECT pkLugar FROM (SELECT id_lugar as pkLugar FROM arma_tu_fiesta.lugar WHERE tipo = 'Estado' AND nombre = 'Apure') as tablaLugar);
SET @categoria = (SELECT pkCategoria FROM (SELECT id_categoria as pkCategoria FROM arma_tu_fiesta.categoria WHERE nombre = 'Floristeria') as tablaCategoria);
INSERT INTO arma_tu_fiesta.proveedor (rif, razon_social, denominacion_comercial, fk_categoria, fk_ubicado) VALUES ('J\-68411545\-0', 'Xylosma', 'Jardines de Babilonia C.A.', @categoria, @pertenece);
SET @proveedor = (SELECT pkProveedor FROM (SELECT id_proveedor as pkProveedor FROM arma_tu_fiesta.proveedor WHERE rif = 'J\-68411545\-0') as tablaProveedor);
INSERT INTO arma_tu_fiesta.telefono (numero, fk_proveedor) VALUES ('0414918201', @proveedor);
INSERT INTO arma_tu_fiesta.email (correo, fk_proveedor) VALUES ('Xylosma@gmail.com', @proveedor);

SET @pertenece = (SELECT pkLugar FROM (SELECT id_lugar as pkLugar FROM arma_tu_fiesta.lugar WHERE tipo = 'Estado' AND nombre = 'Aragua') as tablaLugar);
SET @categoria = (SELECT pkCategoria FROM (SELECT id_categoria as pkCategoria FROM arma_tu_fiesta.categoria WHERE nombre = 'Floristeria') as tablaCategoria);
INSERT INTO arma_tu_fiesta.proveedor (rif, razon_social, denominacion_comercial, fk_categoria, fk_ubicado) VALUES ('J\-55606637\-0', 'Oenocarpus', 'Jardines de Babilonia C.A.', @categoria, @pertenece);
SET @proveedor = (SELECT pkProveedor FROM (SELECT id_proveedor as pkProveedor FROM arma_tu_fiesta.proveedor WHERE rif = 'J\-55606637\-0') as tablaProveedor);
INSERT INTO arma_tu_fiesta.telefono (numero, fk_proveedor) VALUES ('0416803131', @proveedor);
INSERT INTO arma_tu_fiesta.email (correo, fk_proveedor) VALUES ('Oenocarpus@gmail.com', @proveedor);

SET @pertenece = (SELECT pkLugar FROM (SELECT id_lugar as pkLugar FROM arma_tu_fiesta.lugar WHERE tipo = 'Estado' AND nombre = 'Barinas') as tablaLugar);
SET @categoria = (SELECT pkCategoria FROM (SELECT id_categoria as pkCategoria FROM arma_tu_fiesta.categoria WHERE nombre = 'Floristeria') as tablaCategoria);
INSERT INTO arma_tu_fiesta.proveedor (rif, razon_social, denominacion_comercial, fk_categoria, fk_ubicado) VALUES ('J\-22822955\-0', 'Guarea', 'Jardines de Babilonia C.A.', @categoria, @pertenece);
SET @proveedor = (SELECT pkProveedor FROM (SELECT id_proveedor as pkProveedor FROM arma_tu_fiesta.proveedor WHERE rif = 'J\-22822955\-0') as tablaProveedor);
INSERT INTO arma_tu_fiesta.telefono (numero, fk_proveedor) VALUES ('0212276413', @proveedor);
INSERT INTO arma_tu_fiesta.email (correo, fk_proveedor) VALUES ('Guarea@gmail.com', @proveedor);

SET @pertenece = (SELECT pkLugar FROM (SELECT id_lugar as pkLugar FROM arma_tu_fiesta.lugar WHERE tipo = 'Estado' AND nombre = 'Bolívar') as tablaLugar);
SET @categoria = (SELECT pkCategoria FROM (SELECT id_categoria as pkCategoria FROM arma_tu_fiesta.categoria WHERE nombre = 'Floristeria') as tablaCategoria);
INSERT INTO arma_tu_fiesta.proveedor (rif, razon_social, denominacion_comercial, fk_categoria, fk_ubicado) VALUES ('J\-48342431\-0', 'Romeroa', 'Jardines de Babilonia C.A.', @categoria, @pertenece);
SET @proveedor = (SELECT pkProveedor FROM (SELECT id_proveedor as pkProveedor FROM arma_tu_fiesta.proveedor WHERE rif = 'J\-48342431\-0') as tablaProveedor);
INSERT INTO arma_tu_fiesta.telefono (numero, fk_proveedor) VALUES ('0212176315', @proveedor);
INSERT INTO arma_tu_fiesta.email (correo, fk_proveedor) VALUES ('Romeroa@gmail.com', @proveedor);

SET @pertenece = (SELECT pkLugar FROM (SELECT id_lugar as pkLugar FROM arma_tu_fiesta.lugar WHERE tipo = 'Estado' AND nombre = 'Carabobo') as tablaLugar);
SET @categoria = (SELECT pkCategoria FROM (SELECT id_categoria as pkCategoria FROM arma_tu_fiesta.categoria WHERE nombre = 'Floristeria') as tablaCategoria);
INSERT INTO arma_tu_fiesta.proveedor (rif, razon_social, denominacion_comercial, fk_categoria, fk_ubicado) VALUES ('J\-78985465\-0', 'Brunellia', 'Jardines de Babilonia C.A.', @categoria, @pertenece);
SET @proveedor = (SELECT pkProveedor FROM (SELECT id_proveedor as pkProveedor FROM arma_tu_fiesta.proveedor WHERE rif = 'J\-78985465\-0') as tablaProveedor);
INSERT INTO arma_tu_fiesta.telefono (numero, fk_proveedor) VALUES ('0412261139', @proveedor);
INSERT INTO arma_tu_fiesta.email (correo, fk_proveedor) VALUES ('Brunellia@gmail.com', @proveedor);

SET @pertenece = (SELECT pkLugar FROM (SELECT id_lugar as pkLugar FROM arma_tu_fiesta.lugar WHERE tipo = 'Estado' AND nombre = 'Cojedes') as tablaLugar);
SET @categoria = (SELECT pkCategoria FROM (SELECT id_categoria as pkCategoria FROM arma_tu_fiesta.categoria WHERE nombre = 'Floristeria') as tablaCategoria);
INSERT INTO arma_tu_fiesta.proveedor (rif, razon_social, denominacion_comercial, fk_categoria, fk_ubicado) VALUES ('J\-91721658\-0', 'Abarema', 'Jardines de Babilonia C.A.', @categoria, @pertenece);
SET @proveedor = (SELECT pkProveedor FROM (SELECT id_proveedor as pkProveedor FROM arma_tu_fiesta.proveedor WHERE rif = 'J\-91721658\-0') as tablaProveedor);
INSERT INTO arma_tu_fiesta.telefono (numero, fk_proveedor) VALUES ('0412680477', @proveedor);
INSERT INTO arma_tu_fiesta.email (correo, fk_proveedor) VALUES ('Abarema@gmail.com', @proveedor);

SET @pertenece = (SELECT pkLugar FROM (SELECT id_lugar as pkLugar FROM arma_tu_fiesta.lugar WHERE tipo = 'Estado' AND nombre = 'Delta Amacuro') as tablaLugar);
SET @categoria = (SELECT pkCategoria FROM (SELECT id_categoria as pkCategoria FROM arma_tu_fiesta.categoria WHERE nombre = 'Floristeria') as tablaCategoria);
INSERT INTO arma_tu_fiesta.proveedor (rif, razon_social, denominacion_comercial, fk_categoria, fk_ubicado) VALUES ('J\-36006188\-0', 'Brunellia', 'Jardines de Babilonia C.A.', @categoria, @pertenece);
SET @proveedor = (SELECT pkProveedor FROM (SELECT id_proveedor as pkProveedor FROM arma_tu_fiesta.proveedor WHERE rif = 'J\-36006188\-0') as tablaProveedor);
INSERT INTO arma_tu_fiesta.telefono (numero, fk_proveedor) VALUES ('0416869821', @proveedor);
INSERT INTO arma_tu_fiesta.email (correo, fk_proveedor) VALUES ('Brunellia@gmail.com', @proveedor);

SET @pertenece = (SELECT pkLugar FROM (SELECT id_lugar as pkLugar FROM arma_tu_fiesta.lugar WHERE tipo = 'Estado' AND nombre = 'Distrito Capital') as tablaLugar);
SET @categoria = (SELECT pkCategoria FROM (SELECT id_categoria as pkCategoria FROM arma_tu_fiesta.categoria WHERE nombre = 'Floristeria') as tablaCategoria);
INSERT INTO arma_tu_fiesta.proveedor (rif, razon_social, denominacion_comercial, fk_categoria, fk_ubicado) VALUES ('J\-49189390\-0', 'Prunus', 'Jardines de Babilonia C.A.', @categoria, @pertenece);
SET @proveedor = (SELECT pkProveedor FROM (SELECT id_proveedor as pkProveedor FROM arma_tu_fiesta.proveedor WHERE rif = 'J\-49189390\-0') as tablaProveedor);
INSERT INTO arma_tu_fiesta.telefono (numero, fk_proveedor) VALUES ('0416699433', @proveedor);
INSERT INTO arma_tu_fiesta.email (correo, fk_proveedor) VALUES ('Prunus@gmail.com', @proveedor);

SET @pertenece = (SELECT pkLugar FROM (SELECT id_lugar as pkLugar FROM arma_tu_fiesta.lugar WHERE tipo = 'Estado' AND nombre = 'Falcón') as tablaLugar);
SET @categoria = (SELECT pkCategoria FROM (SELECT id_categoria as pkCategoria FROM arma_tu_fiesta.categoria WHERE nombre = 'Floristeria') as tablaCategoria);
INSERT INTO arma_tu_fiesta.proveedor (rif, razon_social, denominacion_comercial, fk_categoria, fk_ubicado) VALUES ('J\-33126020\-0', 'Utricularia', 'Jardines de Babilonia C.A.', @categoria, @pertenece);
SET @proveedor = (SELECT pkProveedor FROM (SELECT id_proveedor as pkProveedor FROM arma_tu_fiesta.proveedor WHERE rif = 'J\-33126020\-0') as tablaProveedor);
INSERT INTO arma_tu_fiesta.telefono (numero, fk_proveedor) VALUES ('0416640767', @proveedor);
INSERT INTO arma_tu_fiesta.email (correo, fk_proveedor) VALUES ('Utricularia@gmail.com', @proveedor);

SET @pertenece = (SELECT pkLugar FROM (SELECT id_lugar as pkLugar FROM arma_tu_fiesta.lugar WHERE tipo = 'Estado' AND nombre = 'Guárico') as tablaLugar);
SET @categoria = (SELECT pkCategoria FROM (SELECT id_categoria as pkCategoria FROM arma_tu_fiesta.categoria WHERE nombre = 'Floristeria') as tablaCategoria);
INSERT INTO arma_tu_fiesta.proveedor (rif, razon_social, denominacion_comercial, fk_categoria, fk_ubicado) VALUES ('J\-79210252\-0', 'Rollinia', 'Jardines de Babilonia C.A.', @categoria, @pertenece);
SET @proveedor = (SELECT pkProveedor FROM (SELECT id_proveedor as pkProveedor FROM arma_tu_fiesta.proveedor WHERE rif = 'J\-79210252\-0') as tablaProveedor);
INSERT INTO arma_tu_fiesta.telefono (numero, fk_proveedor) VALUES ('0426932858', @proveedor);
INSERT INTO arma_tu_fiesta.email (correo, fk_proveedor) VALUES ('Rollinia@gmail.com', @proveedor);

SET @pertenece = (SELECT pkLugar FROM (SELECT id_lugar as pkLugar FROM arma_tu_fiesta.lugar WHERE tipo = 'Estado' AND nombre = 'La Guaira') as tablaLugar);
SET @categoria = (SELECT pkCategoria FROM (SELECT id_categoria as pkCategoria FROM arma_tu_fiesta.categoria WHERE nombre = 'Floristeria') as tablaCategoria);
INSERT INTO arma_tu_fiesta.proveedor (rif, razon_social, denominacion_comercial, fk_categoria, fk_ubicado) VALUES ('J\-80159064\-0', 'Miconea', 'Jardines de Babilonia C.A.', @categoria, @pertenece);
SET @proveedor = (SELECT pkProveedor FROM (SELECT id_proveedor as pkProveedor FROM arma_tu_fiesta.proveedor WHERE rif = 'J\-80159064\-0') as tablaProveedor);
INSERT INTO arma_tu_fiesta.telefono (numero, fk_proveedor) VALUES ('0414476061', @proveedor);
INSERT INTO arma_tu_fiesta.email (correo, fk_proveedor) VALUES ('Miconea@gmail.com', @proveedor);

SET @pertenece = (SELECT pkLugar FROM (SELECT id_lugar as pkLugar FROM arma_tu_fiesta.lugar WHERE tipo = 'Estado' AND nombre = 'Lara') as tablaLugar);
SET @categoria = (SELECT pkCategoria FROM (SELECT id_categoria as pkCategoria FROM arma_tu_fiesta.categoria WHERE nombre = 'Floristeria') as tablaCategoria);
INSERT INTO arma_tu_fiesta.proveedor (rif, razon_social, denominacion_comercial, fk_categoria, fk_ubicado) VALUES ('J\-23594483\-0', 'Wettinia', 'Jardines de Babilonia C.A.', @categoria, @pertenece);
SET @proveedor = (SELECT pkProveedor FROM (SELECT id_proveedor as pkProveedor FROM arma_tu_fiesta.proveedor WHERE rif = 'J\-23594483\-0') as tablaProveedor);
INSERT INTO arma_tu_fiesta.telefono (numero, fk_proveedor) VALUES ('0424682489', @proveedor);
INSERT INTO arma_tu_fiesta.email (correo, fk_proveedor) VALUES ('Wettinia@gmail.com', @proveedor);

SET @pertenece = (SELECT pkLugar FROM (SELECT id_lugar as pkLugar FROM arma_tu_fiesta.lugar WHERE tipo = 'Estado' AND nombre = 'Mérida') as tablaLugar);
SET @categoria = (SELECT pkCategoria FROM (SELECT id_categoria as pkCategoria FROM arma_tu_fiesta.categoria WHERE nombre = 'Floristeria') as tablaCategoria);
INSERT INTO arma_tu_fiesta.proveedor (rif, razon_social, denominacion_comercial, fk_categoria, fk_ubicado) VALUES ('J\-92328493\-0', 'Zamia', 'Jardines de Babilonia C.A.', @categoria, @pertenece);
SET @proveedor = (SELECT pkProveedor FROM (SELECT id_proveedor as pkProveedor FROM arma_tu_fiesta.proveedor WHERE rif = 'J\-92328493\-0') as tablaProveedor);
INSERT INTO arma_tu_fiesta.telefono (numero, fk_proveedor) VALUES ('0212423177', @proveedor);
INSERT INTO arma_tu_fiesta.email (correo, fk_proveedor) VALUES ('Zamia@gmail.com', @proveedor);

SET @pertenece = (SELECT pkLugar FROM (SELECT id_lugar as pkLugar FROM arma_tu_fiesta.lugar WHERE tipo = 'Estado' AND nombre = 'Miranda') as tablaLugar);
SET @categoria = (SELECT pkCategoria FROM (SELECT id_categoria as pkCategoria FROM arma_tu_fiesta.categoria WHERE nombre = 'Floristeria') as tablaCategoria);
INSERT INTO arma_tu_fiesta.proveedor (rif, razon_social, denominacion_comercial, fk_categoria, fk_ubicado) VALUES ('J\-63771028\-0', 'Magnolia', 'Jardines de Babilonia C.A.', @categoria, @pertenece);
SET @proveedor = (SELECT pkProveedor FROM (SELECT id_proveedor as pkProveedor FROM arma_tu_fiesta.proveedor WHERE rif = 'J\-63771028\-0') as tablaProveedor);
INSERT INTO arma_tu_fiesta.telefono (numero, fk_proveedor) VALUES ('0412979030', @proveedor);
INSERT INTO arma_tu_fiesta.email (correo, fk_proveedor) VALUES ('Magnolia@gmail.com', @proveedor);

SET @pertenece = (SELECT pkLugar FROM (SELECT id_lugar as pkLugar FROM arma_tu_fiesta.lugar WHERE tipo = 'Estado' AND nombre = 'Monagas') as tablaLugar);
SET @categoria = (SELECT pkCategoria FROM (SELECT id_categoria as pkCategoria FROM arma_tu_fiesta.categoria WHERE nombre = 'Floristeria') as tablaCategoria);
INSERT INTO arma_tu_fiesta.proveedor (rif, razon_social, denominacion_comercial, fk_categoria, fk_ubicado) VALUES ('J\-96275824\-0', 'Brunellia', 'Jardines de Babilonia C.A.', @categoria, @pertenece);
SET @proveedor = (SELECT pkProveedor FROM (SELECT id_proveedor as pkProveedor FROM arma_tu_fiesta.proveedor WHERE rif = 'J\-96275824\-0') as tablaProveedor);
INSERT INTO arma_tu_fiesta.telefono (numero, fk_proveedor) VALUES ('0416485151', @proveedor);
INSERT INTO arma_tu_fiesta.email (correo, fk_proveedor) VALUES ('Brunellia@gmail.com', @proveedor);

SET @pertenece = (SELECT pkLugar FROM (SELECT id_lugar as pkLugar FROM arma_tu_fiesta.lugar WHERE tipo = 'Estado' AND nombre = 'Nueva Esparta') as tablaLugar);
SET @categoria = (SELECT pkCategoria FROM (SELECT id_categoria as pkCategoria FROM arma_tu_fiesta.categoria WHERE nombre = 'Floristeria') as tablaCategoria);
INSERT INTO arma_tu_fiesta.proveedor (rif, razon_social, denominacion_comercial, fk_categoria, fk_ubicado) VALUES ('J\-57277534\-0', 'Miconea', 'Jardines de Babilonia C.A.', @categoria, @pertenece);
SET @proveedor = (SELECT pkProveedor FROM (SELECT id_proveedor as pkProveedor FROM arma_tu_fiesta.proveedor WHERE rif = 'J\-57277534\-0') as tablaProveedor);
INSERT INTO arma_tu_fiesta.telefono (numero, fk_proveedor) VALUES ('0212267504', @proveedor);
INSERT INTO arma_tu_fiesta.email (correo, fk_proveedor) VALUES ('Miconea@gmail.com', @proveedor);

SET @pertenece = (SELECT pkLugar FROM (SELECT id_lugar as pkLugar FROM arma_tu_fiesta.lugar WHERE tipo = 'Estado' AND nombre = 'Portuguesa') as tablaLugar);
SET @categoria = (SELECT pkCategoria FROM (SELECT id_categoria as pkCategoria FROM arma_tu_fiesta.categoria WHERE nombre = 'Floristeria') as tablaCategoria);
INSERT INTO arma_tu_fiesta.proveedor (rif, razon_social, denominacion_comercial, fk_categoria, fk_ubicado) VALUES ('J\-27678493\-0', 'Espeletia', 'Jardines de Babilonia C.A.', @categoria, @pertenece);
SET @proveedor = (SELECT pkProveedor FROM (SELECT id_proveedor as pkProveedor FROM arma_tu_fiesta.proveedor WHERE rif = 'J\-27678493\-0') as tablaProveedor);
INSERT INTO arma_tu_fiesta.telefono (numero, fk_proveedor) VALUES ('0212418804', @proveedor);
INSERT INTO arma_tu_fiesta.email (correo, fk_proveedor) VALUES ('Espeletia@gmail.com', @proveedor);

SET @pertenece = (SELECT pkLugar FROM (SELECT id_lugar as pkLugar FROM arma_tu_fiesta.lugar WHERE tipo = 'Estado' AND nombre = 'Sucre') as tablaLugar);
SET @categoria = (SELECT pkCategoria FROM (SELECT id_categoria as pkCategoria FROM arma_tu_fiesta.categoria WHERE nombre = 'Floristeria') as tablaCategoria);
INSERT INTO arma_tu_fiesta.proveedor (rif, razon_social, denominacion_comercial, fk_categoria, fk_ubicado) VALUES ('J\-74828614\-0', 'Xylosma', 'Jardines de Babilonia C.A.', @categoria, @pertenece);
SET @proveedor = (SELECT pkProveedor FROM (SELECT id_proveedor as pkProveedor FROM arma_tu_fiesta.proveedor WHERE rif = 'J\-74828614\-0') as tablaProveedor);
INSERT INTO arma_tu_fiesta.telefono (numero, fk_proveedor) VALUES ('0416285117', @proveedor);
INSERT INTO arma_tu_fiesta.email (correo, fk_proveedor) VALUES ('Xylosma@gmail.com', @proveedor);

SET @pertenece = (SELECT pkLugar FROM (SELECT id_lugar as pkLugar FROM arma_tu_fiesta.lugar WHERE tipo = 'Estado' AND nombre = 'Táchira') as tablaLugar);
SET @categoria = (SELECT pkCategoria FROM (SELECT id_categoria as pkCategoria FROM arma_tu_fiesta.categoria WHERE nombre = 'Floristeria') as tablaCategoria);
INSERT INTO arma_tu_fiesta.proveedor (rif, razon_social, denominacion_comercial, fk_categoria, fk_ubicado) VALUES ('J\-21913098\-0', 'Prunus', 'Jardines de Babilonia C.A.', @categoria, @pertenece);
SET @proveedor = (SELECT pkProveedor FROM (SELECT id_proveedor as pkProveedor FROM arma_tu_fiesta.proveedor WHERE rif = 'J\-21913098\-0') as tablaProveedor);
INSERT INTO arma_tu_fiesta.telefono (numero, fk_proveedor) VALUES ('0424322216', @proveedor);
INSERT INTO arma_tu_fiesta.email (correo, fk_proveedor) VALUES ('Prunus@gmail.com', @proveedor);

SET @pertenece = (SELECT pkLugar FROM (SELECT id_lugar as pkLugar FROM arma_tu_fiesta.lugar WHERE tipo = 'Estado' AND nombre = 'Trujillo') as tablaLugar);
SET @categoria = (SELECT pkCategoria FROM (SELECT id_categoria as pkCategoria FROM arma_tu_fiesta.categoria WHERE nombre = 'Floristeria') as tablaCategoria);
INSERT INTO arma_tu_fiesta.proveedor (rif, razon_social, denominacion_comercial, fk_categoria, fk_ubicado) VALUES ('J\-39644560\-0', 'Magnolia', 'Jardines de Babilonia C.A.', @categoria, @pertenece);
SET @proveedor = (SELECT pkProveedor FROM (SELECT id_proveedor as pkProveedor FROM arma_tu_fiesta.proveedor WHERE rif = 'J\-39644560\-0') as tablaProveedor);
INSERT INTO arma_tu_fiesta.telefono (numero, fk_proveedor) VALUES ('0424185684', @proveedor);
INSERT INTO arma_tu_fiesta.email (correo, fk_proveedor) VALUES ('Magnolia@gmail.com', @proveedor);

SET @pertenece = (SELECT pkLugar FROM (SELECT id_lugar as pkLugar FROM arma_tu_fiesta.lugar WHERE tipo = 'Estado' AND nombre = 'Yaracuy') as tablaLugar);
SET @categoria = (SELECT pkCategoria FROM (SELECT id_categoria as pkCategoria FROM arma_tu_fiesta.categoria WHERE nombre = 'Floristeria') as tablaCategoria);
INSERT INTO arma_tu_fiesta.proveedor (rif, razon_social, denominacion_comercial, fk_categoria, fk_ubicado) VALUES ('J\-53612436\-0', 'Solanum', 'Jardines de Babilonia C.A.', @categoria, @pertenece);
SET @proveedor = (SELECT pkProveedor FROM (SELECT id_proveedor as pkProveedor FROM arma_tu_fiesta.proveedor WHERE rif = 'J\-53612436\-0') as tablaProveedor);
INSERT INTO arma_tu_fiesta.telefono (numero, fk_proveedor) VALUES ('0414475382', @proveedor);
INSERT INTO arma_tu_fiesta.email (correo, fk_proveedor) VALUES ('Solanum@gmail.com', @proveedor);

SET @pertenece = (SELECT pkLugar FROM (SELECT id_lugar as pkLugar FROM arma_tu_fiesta.lugar WHERE tipo = 'Estado' AND nombre = 'Zulia') as tablaLugar);
SET @categoria = (SELECT pkCategoria FROM (SELECT id_categoria as pkCategoria FROM arma_tu_fiesta.categoria WHERE nombre = 'Floristeria') as tablaCategoria);
INSERT INTO arma_tu_fiesta.proveedor (rif, razon_social, denominacion_comercial, fk_categoria, fk_ubicado) VALUES ('J\-57261702\-0', 'Guarea', 'Jardines de Babilonia C.A.', @categoria, @pertenece);
SET @proveedor = (SELECT pkProveedor FROM (SELECT id_proveedor as pkProveedor FROM arma_tu_fiesta.proveedor WHERE rif = 'J\-57261702\-0') as tablaProveedor);
INSERT INTO arma_tu_fiesta.telefono (numero, fk_proveedor) VALUES ('0412962957', @proveedor);
INSERT INTO arma_tu_fiesta.email (correo, fk_proveedor) VALUES ('Guarea@gmail.com', @proveedor);

-- ++++++++++++++++++++++++++++++++++ ROLES +++++++++++++++++++++++++++++++++++++++++++++++++++++++++++++++

INSERT INTO `arma_tu_fiesta`.`rol` (`nombre`)
    VALUES
    ('Superuser'),
    ('Administrador'),
    ('Supervisor'),
    ('Empleado'),
    ('Cliente')
;

-- ++++++++++++++++++++++++++++++++++ PERMISOS - PERMISO_ROL  +++++++++++++++++++++++++++++++++++++++++++++++++++++++++++++++
-- ++++++++++++++++++++++++++++++++++ PERSONA - USUARIOS - CLIENTES +++++++++++++++++++++++++++++++++++++++++++++++++++++++++++++++

SET @rol = (SELECT pkRol FROM (SELECT id_rol as pkRol FROM arma_tu_fiesta.rol WHERE nombre = 'Cliente') as tablaRol);
SET @reside = (SELECT pkParroquia FROM (SELECT id_lugar as pkParroquia FROM arma_tu_fiesta.lugar WHERE nombre = 'Fernando Girón Tovar' AND fk_pertenece = (SELECT pkMuni FROM (SELECT id_lugar as pkMuni FROM arma_tu_fiesta.lugar WHERE tipo = 'Municipio' AND nombre = 'Atures (Puerto Ayacucho)') as tablaMuni)) as tablaParroquia);
INSERT INTO arma_tu_fiesta.persona (cedula, p_nombre, s_nombre, p_apellido, s_apellido, fecha_nacimiento, sexo, estado_civil, fk_residencia) VALUES ('V20000001','Ali','Francisco','Batista','Zaragoza','1980-02-07','Masculino','Soltero',@reside);

SET @cliente = (SELECT pkPersona FROM (SELECT id_persona as pkPersona from arma_tu_fiesta.persona WHERE cedula = 'V20000001') as tablaPersona);
INSERT INTO arma_tu_fiesta.telefono (numero, fk_persona) VALUES ('0426513999', @cliente);
INSERT INTO arma_tu_fiesta.email (correo, fk_persona) VALUES ('alibatista@gmail.com', @cliente);
INSERT INTO arma_tu_fiesta.usuario (username, password, fk_persona, fk_rol) VALUES ('alibatista@gmail.com', 'V20000001' , @cliente, @rol);

SET @reside = (SELECT pkParroquia FROM (SELECT id_lugar as pkParroquia FROM arma_tu_fiesta.lugar WHERE nombre = 'Fernando Girón Tovar' AND fk_pertenece = (SELECT pkMuni FROM (SELECT id_lugar as pkMuni FROM arma_tu_fiesta.lugar WHERE tipo = 'Municipio' AND nombre = 'Atures (Puerto Ayacucho)') as tablaMuni)) as tablaParroquia);
INSERT INTO arma_tu_fiesta.persona (cedula, p_nombre, s_nombre, p_apellido, s_apellido, fecha_nacimiento, sexo, estado_civil, fk_residencia) VALUES ('V20000002','Juan','Andres','Caldera','Amaya','1981-01-01','Masculino','Soltero',@reside);

SET @cliente = (SELECT pkPersona FROM (SELECT id_persona as pkPersona from arma_tu_fiesta.persona WHERE cedula = 'V20000002') as tablaPersona);
INSERT INTO arma_tu_fiesta.telefono (numero, fk_persona) VALUES ('0416566480', @cliente);
INSERT INTO arma_tu_fiesta.email (correo, fk_persona) VALUES ('juancaldera@gmail.com', @cliente);
INSERT INTO arma_tu_fiesta.usuario (username, password, fk_persona, fk_rol) VALUES ('juancaldera@gmail.com', 'V20000002' , @cliente, @rol);

SET @reside = (SELECT pkParroquia FROM (SELECT id_lugar as pkParroquia FROM arma_tu_fiesta.lugar WHERE nombre = 'Fernando Girón Tovar' AND fk_pertenece = (SELECT pkMuni FROM (SELECT id_lugar as pkMuni FROM arma_tu_fiesta.lugar WHERE tipo = 'Municipio' AND nombre = 'Atures (Puerto Ayacucho)') as tablaMuni)) as tablaParroquia);
INSERT INTO arma_tu_fiesta.persona (cedula, p_nombre, s_nombre, p_apellido, s_apellido, fecha_nacimiento, sexo, estado_civil, fk_residencia) VALUES ('V20000003','Luis','Jose','Perez','Trujillo','1979-03-04','Masculino','Soltero',@reside);

SET @cliente = (SELECT pkPersona FROM (SELECT id_persona as pkPersona from arma_tu_fiesta.persona WHERE cedula = 'V20000003') as tablaPersona);
INSERT INTO arma_tu_fiesta.telefono (numero, fk_persona) VALUES ('0212554139', @cliente);
INSERT INTO arma_tu_fiesta.email (correo, fk_persona) VALUES ('luisperez@gmail.com', @cliente);
INSERT INTO arma_tu_fiesta.usuario (username, password, fk_persona, fk_rol) VALUES ('luisperez@gmail.com', 'V20000003' , @cliente, @rol);

SET @reside = (SELECT pkParroquia FROM (SELECT id_lugar as pkParroquia FROM arma_tu_fiesta.lugar WHERE nombre = 'Fernando Girón Tovar' AND fk_pertenece = (SELECT pkMuni FROM (SELECT id_lugar as pkMuni FROM arma_tu_fiesta.lugar WHERE tipo = 'Municipio' AND nombre = 'Atures (Puerto Ayacucho)') as tablaMuni)) as tablaParroquia);
INSERT INTO arma_tu_fiesta.persona (cedula, p_nombre, s_nombre, p_apellido, s_apellido, fecha_nacimiento, sexo, estado_civil, fk_residencia) VALUES ('V20000004','Osmel','David','Miranda','Navas','1982-10-11','Masculino','Casado',@reside);

SET @cliente = (SELECT pkPersona FROM (SELECT id_persona as pkPersona from arma_tu_fiesta.persona WHERE cedula = 'V20000004') as tablaPersona);
INSERT INTO arma_tu_fiesta.telefono (numero, fk_persona) VALUES ('0412898891', @cliente);
INSERT INTO arma_tu_fiesta.email (correo, fk_persona) VALUES ('osmelmiranda@gmail.com', @cliente);
INSERT INTO arma_tu_fiesta.usuario (username, password, fk_persona, fk_rol) VALUES ('osmelmiranda@gmail.com', 'V20000004' , @cliente, @rol);

SET @reside = (SELECT pkParroquia FROM (SELECT id_lugar as pkParroquia FROM arma_tu_fiesta.lugar WHERE nombre = 'Fernando Girón Tovar' AND fk_pertenece = (SELECT pkMuni FROM (SELECT id_lugar as pkMuni FROM arma_tu_fiesta.lugar WHERE tipo = 'Municipio' AND nombre = 'Atures (Puerto Ayacucho)') as tablaMuni)) as tablaParroquia);
INSERT INTO arma_tu_fiesta.persona (cedula, p_nombre, s_nombre, p_apellido, s_apellido, fecha_nacimiento, sexo, estado_civil, fk_residencia) VALUES ('V20000005','Victor','Jose','Naranjo','Rivas','1994-03-07','Masculino','Casado',@reside);

SET @cliente = (SELECT pkPersona FROM (SELECT id_persona as pkPersona from arma_tu_fiesta.persona WHERE cedula = 'V20000005') as tablaPersona);
INSERT INTO arma_tu_fiesta.telefono (numero, fk_persona) VALUES ('0412263312', @cliente);
INSERT INTO arma_tu_fiesta.email (correo, fk_persona) VALUES ('victornaranjo@gmail.com', @cliente);
INSERT INTO arma_tu_fiesta.usuario (username, password, fk_persona, fk_rol) VALUES ('victornaranjo@gmail.com', 'V20000005' , @cliente, @rol);

SET @reside = (SELECT pkParroquia FROM (SELECT id_lugar as pkParroquia FROM arma_tu_fiesta.lugar WHERE nombre = 'Platanillal' AND fk_pertenece = (SELECT pkMuni FROM (SELECT id_lugar as pkMuni FROM arma_tu_fiesta.lugar WHERE tipo = 'Municipio' AND nombre = 'Atures (Puerto Ayacucho)') as tablaMuni)) as tablaParroquia);
INSERT INTO arma_tu_fiesta.persona (cedula, p_nombre, s_nombre, p_apellido, s_apellido, fecha_nacimiento, sexo, estado_civil, fk_residencia) VALUES ('V20000006','Clotilde','Maria','Galan','Arjona','1990-05-11','Femenino','Soltero',@reside);

SET @cliente = (SELECT pkPersona FROM (SELECT id_persona as pkPersona from arma_tu_fiesta.persona WHERE cedula = 'V20000006') as tablaPersona);
INSERT INTO arma_tu_fiesta.telefono (numero, fk_persona) VALUES ('0414217880', @cliente);
INSERT INTO arma_tu_fiesta.email (correo, fk_persona) VALUES ('clotildegalan@gmail.com', @cliente);
INSERT INTO arma_tu_fiesta.usuario (username, password, fk_persona, fk_rol) VALUES ('clotildegalan@gmail.com', 'V20000006' , @cliente, @rol);

SET @reside = (SELECT pkParroquia FROM (SELECT id_lugar as pkParroquia FROM arma_tu_fiesta.lugar WHERE nombre = 'Platanillal' AND fk_pertenece = (SELECT pkMuni FROM (SELECT id_lugar as pkMuni FROM arma_tu_fiesta.lugar WHERE tipo = 'Municipio' AND nombre = 'Atures (Puerto Ayacucho)') as tablaMuni)) as tablaParroquia);
INSERT INTO arma_tu_fiesta.persona (cedula, p_nombre, s_nombre, p_apellido, s_apellido, fecha_nacimiento, sexo, estado_civil, fk_residencia) VALUES ('V20000007','Amanda','Josefina','Suarez','Perez','1984-12-12','Femenino','Soltero',@reside);

SET @cliente = (SELECT pkPersona FROM (SELECT id_persona as pkPersona from arma_tu_fiesta.persona WHERE cedula = 'V20000007') as tablaPersona);
INSERT INTO arma_tu_fiesta.telefono (numero, fk_persona) VALUES ('0412442729', @cliente);
INSERT INTO arma_tu_fiesta.email (correo, fk_persona) VALUES ('amandasuarez@gmail.com', @cliente);
INSERT INTO arma_tu_fiesta.usuario (username, password, fk_persona, fk_rol) VALUES ('amandasuarez@gmail.com', 'V20000007' , @cliente, @rol);

SET @reside = (SELECT pkParroquia FROM (SELECT id_lugar as pkParroquia FROM arma_tu_fiesta.lugar WHERE nombre = 'Platanillal' AND fk_pertenece = (SELECT pkMuni FROM (SELECT id_lugar as pkMuni FROM arma_tu_fiesta.lugar WHERE tipo = 'Municipio' AND nombre = 'Atures (Puerto Ayacucho)') as tablaMuni)) as tablaParroquia);
INSERT INTO arma_tu_fiesta.persona (cedula, p_nombre, s_nombre, p_apellido, s_apellido, fecha_nacimiento, sexo, estado_civil, fk_residencia) VALUES ('V20000008','Luisa','Maria','Santos','Faria','1989-06-12','Femenino','Soltero',@reside);

SET @cliente = (SELECT pkPersona FROM (SELECT id_persona as pkPersona from arma_tu_fiesta.persona WHERE cedula = 'V20000008') as tablaPersona);
INSERT INTO arma_tu_fiesta.telefono (numero, fk_persona) VALUES ('0212582309', @cliente);
INSERT INTO arma_tu_fiesta.email (correo, fk_persona) VALUES ('luisasantos@gmail.com', @cliente);
INSERT INTO arma_tu_fiesta.usuario (username, password, fk_persona, fk_rol) VALUES ('luisasantos@gmail.com', 'V20000008' , @cliente, @rol);

SET @reside = (SELECT pkParroquia FROM (SELECT id_lugar as pkParroquia FROM arma_tu_fiesta.lugar WHERE nombre = 'Platanillal' AND fk_pertenece = (SELECT pkMuni FROM (SELECT id_lugar as pkMuni FROM arma_tu_fiesta.lugar WHERE tipo = 'Municipio' AND nombre = 'Atures (Puerto Ayacucho)') as tablaMuni)) as tablaParroquia);
INSERT INTO arma_tu_fiesta.persona (cedula, p_nombre, s_nombre, p_apellido, s_apellido, fecha_nacimiento, sexo, estado_civil, fk_residencia) VALUES ('V20000009','Angela','Matilde','Zambrano','Gonzales','1990-09-05','Femenino','Casado',@reside);

SET @cliente = (SELECT pkPersona FROM (SELECT id_persona as pkPersona from arma_tu_fiesta.persona WHERE cedula = 'V20000009') as tablaPersona);
INSERT INTO arma_tu_fiesta.telefono (numero, fk_persona) VALUES ('0412506734', @cliente);
INSERT INTO arma_tu_fiesta.email (correo, fk_persona) VALUES ('angelazambrano@gmail.com', @cliente);
INSERT INTO arma_tu_fiesta.usuario (username, password, fk_persona, fk_rol) VALUES ('angelazambrano@gmail.com', 'V20000009' , @cliente, @rol);

SET @reside = (SELECT pkParroquia FROM (SELECT id_lugar as pkParroquia FROM arma_tu_fiesta.lugar WHERE nombre = 'Platanillal' AND fk_pertenece = (SELECT pkMuni FROM (SELECT id_lugar as pkMuni FROM arma_tu_fiesta.lugar WHERE tipo = 'Municipio' AND nombre = 'Atures (Puerto Ayacucho)') as tablaMuni)) as tablaParroquia);
INSERT INTO arma_tu_fiesta.persona (cedula, p_nombre, s_nombre, p_apellido, s_apellido, fecha_nacimiento, sexo, estado_civil, fk_residencia) VALUES ('V20000010','Ana','Isabel','Sanchez','Perera','1988-01-01','Femenino','Casado',@reside);

SET @cliente = (SELECT pkPersona FROM (SELECT id_persona as pkPersona from arma_tu_fiesta.persona WHERE cedula = 'V20000010') as tablaPersona);
INSERT INTO arma_tu_fiesta.telefono (numero, fk_persona) VALUES ('0414234856', @cliente);
INSERT INTO arma_tu_fiesta.email (correo, fk_persona) VALUES ('anasanchez@gmail.com', @cliente);
INSERT INTO arma_tu_fiesta.usuario (username, password, fk_persona, fk_rol) VALUES ('anasanchez@gmail.com', 'V20000010' , @cliente, @rol);

SET @reside = (SELECT pkParroquia FROM (SELECT id_lugar as pkParroquia FROM arma_tu_fiesta.lugar WHERE nombre = 'Bergantín' AND fk_pertenece = (SELECT pkMuni FROM (SELECT id_lugar as pkMuni FROM arma_tu_fiesta.lugar WHERE tipo = 'Municipio' AND nombre = 'Bolívar (Barcelona)') as tablaMuni)) as tablaParroquia);
INSERT INTO arma_tu_fiesta.persona (cedula, p_nombre, s_nombre, p_apellido, s_apellido, fecha_nacimiento, sexo, estado_civil, fk_residencia) VALUES ('V20000011','Isidro','Fermin','Royo','Salcedo','1983-05-07','Masculino','Soltero',@reside);

SET @cliente = (SELECT pkPersona FROM (SELECT id_persona as pkPersona from arma_tu_fiesta.persona WHERE cedula = 'V20000011') as tablaPersona);
INSERT INTO arma_tu_fiesta.telefono (numero, fk_persona) VALUES ('0416730346', @cliente);
INSERT INTO arma_tu_fiesta.email (correo, fk_persona) VALUES ('isidroroyo@gmail.com', @cliente);
INSERT INTO arma_tu_fiesta.usuario (username, password, fk_persona, fk_rol) VALUES ('isidroroyo@gmail.com', 'V20000011' , @cliente, @rol);

SET @reside = (SELECT pkParroquia FROM (SELECT id_lugar as pkParroquia FROM arma_tu_fiesta.lugar WHERE nombre = 'Bergantín' AND fk_pertenece = (SELECT pkMuni FROM (SELECT id_lugar as pkMuni FROM arma_tu_fiesta.lugar WHERE tipo = 'Municipio' AND nombre = 'Bolívar (Barcelona)') as tablaMuni)) as tablaParroquia);
INSERT INTO arma_tu_fiesta.persona (cedula, p_nombre, s_nombre, p_apellido, s_apellido, fecha_nacimiento, sexo, estado_civil, fk_residencia) VALUES ('V20000012','Jose','Maria','Gimenez','Suarez','1983-10-01','Masculino','Soltero',@reside);

SET @cliente = (SELECT pkPersona FROM (SELECT id_persona as pkPersona from arma_tu_fiesta.persona WHERE cedula = 'V20000012') as tablaPersona);
INSERT INTO arma_tu_fiesta.telefono (numero, fk_persona) VALUES ('0212637203', @cliente);
INSERT INTO arma_tu_fiesta.email (correo, fk_persona) VALUES ('josegimenez@gmail.com', @cliente);
INSERT INTO arma_tu_fiesta.usuario (username, password, fk_persona, fk_rol) VALUES ('josegimenez@gmail.com', 'V20000012' , @cliente, @rol);

SET @reside = (SELECT pkParroquia FROM (SELECT id_lugar as pkParroquia FROM arma_tu_fiesta.lugar WHERE nombre = 'Bergantín' AND fk_pertenece = (SELECT pkMuni FROM (SELECT id_lugar as pkMuni FROM arma_tu_fiesta.lugar WHERE tipo = 'Municipio' AND nombre = 'Bolívar (Barcelona)') as tablaMuni)) as tablaParroquia);
INSERT INTO arma_tu_fiesta.persona (cedula, p_nombre, s_nombre, p_apellido, s_apellido, fecha_nacimiento, sexo, estado_civil, fk_residencia) VALUES ('V20000013','Luis','Alberto','Pirona','Puig','1989-03-04','Masculino','Soltero',@reside);

SET @cliente = (SELECT pkPersona FROM (SELECT id_persona as pkPersona from arma_tu_fiesta.persona WHERE cedula = 'V20000013') as tablaPersona);
INSERT INTO arma_tu_fiesta.telefono (numero, fk_persona) VALUES ('0412870263', @cliente);
INSERT INTO arma_tu_fiesta.email (correo, fk_persona) VALUES ('luispirona@gmail.com', @cliente);
INSERT INTO arma_tu_fiesta.usuario (username, password, fk_persona, fk_rol) VALUES ('luispirona@gmail.com', 'V20000013' , @cliente, @rol);

SET @reside = (SELECT pkParroquia FROM (SELECT id_lugar as pkParroquia FROM arma_tu_fiesta.lugar WHERE nombre = 'Bergantín' AND fk_pertenece = (SELECT pkMuni FROM (SELECT id_lugar as pkMuni FROM arma_tu_fiesta.lugar WHERE tipo = 'Municipio' AND nombre = 'Bolívar (Barcelona)') as tablaMuni)) as tablaParroquia);
INSERT INTO arma_tu_fiesta.persona (cedula, p_nombre, s_nombre, p_apellido, s_apellido, fecha_nacimiento, sexo, estado_civil, fk_residencia) VALUES ('V20000014','Yeferson','Javier','Lugo','Torrealba','1989-11-11','Masculino','Casado',@reside);

SET @cliente = (SELECT pkPersona FROM (SELECT id_persona as pkPersona from arma_tu_fiesta.persona WHERE cedula = 'V20000014') as tablaPersona);
INSERT INTO arma_tu_fiesta.telefono (numero, fk_persona) VALUES ('0424971385', @cliente);
INSERT INTO arma_tu_fiesta.email (correo, fk_persona) VALUES ('yefersonlugo@gmail.com', @cliente);
INSERT INTO arma_tu_fiesta.usuario (username, password, fk_persona, fk_rol) VALUES ('yefersonlugo@gmail.com', 'V20000014' , @cliente, @rol);

SET @reside = (SELECT pkParroquia FROM (SELECT id_lugar as pkParroquia FROM arma_tu_fiesta.lugar WHERE nombre = 'Bergantín' AND fk_pertenece = (SELECT pkMuni FROM (SELECT id_lugar as pkMuni FROM arma_tu_fiesta.lugar WHERE tipo = 'Municipio' AND nombre = 'Bolívar (Barcelona)') as tablaMuni)) as tablaParroquia);
INSERT INTO arma_tu_fiesta.persona (cedula, p_nombre, s_nombre, p_apellido, s_apellido, fecha_nacimiento, sexo, estado_civil, fk_residencia) VALUES ('V20000015','Jorge','David','Sanchez','Nucete','1994-04-23','Masculino','Casado',@reside);

SET @cliente = (SELECT pkPersona FROM (SELECT id_persona as pkPersona from arma_tu_fiesta.persona WHERE cedula = 'V20000015') as tablaPersona);
INSERT INTO arma_tu_fiesta.telefono (numero, fk_persona) VALUES ('0426687736', @cliente);
INSERT INTO arma_tu_fiesta.email (correo, fk_persona) VALUES ('jorgesanchez@gmail.com', @cliente);
INSERT INTO arma_tu_fiesta.usuario (username, password, fk_persona, fk_rol) VALUES ('jorgesanchez@gmail.com', 'V20000015' , @cliente, @rol);

SET @reside = (SELECT pkParroquia FROM (SELECT id_lugar as pkParroquia FROM arma_tu_fiesta.lugar WHERE nombre = 'San Cristóbal' AND fk_pertenece = (SELECT pkMuni FROM (SELECT id_lugar as pkMuni FROM arma_tu_fiesta.lugar WHERE tipo = 'Municipio' AND nombre = 'Bolívar (Barcelona)') as tablaMuni)) as tablaParroquia);
INSERT INTO arma_tu_fiesta.persona (cedula, p_nombre, s_nombre, p_apellido, s_apellido, fecha_nacimiento, sexo, estado_civil, fk_residencia) VALUES ('V20000016','Zaire','Maria','Cuadrado','Galvan','1994-04-11','Femenino','Soltero',@reside);

SET @cliente = (SELECT pkPersona FROM (SELECT id_persona as pkPersona from arma_tu_fiesta.persona WHERE cedula = 'V20000016') as tablaPersona);
INSERT INTO arma_tu_fiesta.telefono (numero, fk_persona) VALUES ('0412249274', @cliente);
INSERT INTO arma_tu_fiesta.email (correo, fk_persona) VALUES ('zairecuadrado@gmail.com', @cliente);
INSERT INTO arma_tu_fiesta.usuario (username, password, fk_persona, fk_rol) VALUES ('zairecuadrado@gmail.com', 'V20000016' , @cliente, @rol);

SET @reside = (SELECT pkParroquia FROM (SELECT id_lugar as pkParroquia FROM arma_tu_fiesta.lugar WHERE nombre = 'San Cristóbal' AND fk_pertenece = (SELECT pkMuni FROM (SELECT id_lugar as pkMuni FROM arma_tu_fiesta.lugar WHERE tipo = 'Municipio' AND nombre = 'Bolívar (Barcelona)') as tablaMuni)) as tablaParroquia);
INSERT INTO arma_tu_fiesta.persona (cedula, p_nombre, s_nombre, p_apellido, s_apellido, fecha_nacimiento, sexo, estado_civil, fk_residencia) VALUES ('V20000017','Andrea','Silvia','Cruz','Canales','1996-11-22','Femenino','Soltero',@reside);

SET @cliente = (SELECT pkPersona FROM (SELECT id_persona as pkPersona from arma_tu_fiesta.persona WHERE cedula = 'V20000017') as tablaPersona);
INSERT INTO arma_tu_fiesta.telefono (numero, fk_persona) VALUES ('0212457425', @cliente);
INSERT INTO arma_tu_fiesta.email (correo, fk_persona) VALUES ('andreacruz@gmail.com', @cliente);
INSERT INTO arma_tu_fiesta.usuario (username, password, fk_persona, fk_rol) VALUES ('andreacruz@gmail.com', 'V20000017' , @cliente, @rol);

SET @reside = (SELECT pkParroquia FROM (SELECT id_lugar as pkParroquia FROM arma_tu_fiesta.lugar WHERE nombre = 'San Cristóbal' AND fk_pertenece = (SELECT pkMuni FROM (SELECT id_lugar as pkMuni FROM arma_tu_fiesta.lugar WHERE tipo = 'Municipio' AND nombre = 'Bolívar (Barcelona)') as tablaMuni)) as tablaParroquia);
INSERT INTO arma_tu_fiesta.persona (cedula, p_nombre, s_nombre, p_apellido, s_apellido, fecha_nacimiento, sexo, estado_civil, fk_residencia) VALUES ('V20000018','Andreina','Carmen','Torrealba','Caldera','1984-02-14','Femenino','Soltero',@reside);

SET @cliente = (SELECT pkPersona FROM (SELECT id_persona as pkPersona from arma_tu_fiesta.persona WHERE cedula = 'V20000018') as tablaPersona);
INSERT INTO arma_tu_fiesta.telefono (numero, fk_persona) VALUES ('0426606661', @cliente);
INSERT INTO arma_tu_fiesta.email (correo, fk_persona) VALUES ('andreinatorrealba@gmail.com', @cliente);
INSERT INTO arma_tu_fiesta.usuario (username, password, fk_persona, fk_rol) VALUES ('andreinatorrealba@gmail.com', 'V20000018' , @cliente, @rol);

SET @reside = (SELECT pkParroquia FROM (SELECT id_lugar as pkParroquia FROM arma_tu_fiesta.lugar WHERE nombre = 'San Cristóbal' AND fk_pertenece = (SELECT pkMuni FROM (SELECT id_lugar as pkMuni FROM arma_tu_fiesta.lugar WHERE tipo = 'Municipio' AND nombre = 'Bolívar (Barcelona)') as tablaMuni)) as tablaParroquia);
INSERT INTO arma_tu_fiesta.persona (cedula, p_nombre, s_nombre, p_apellido, s_apellido, fecha_nacimiento, sexo, estado_civil, fk_residencia) VALUES ('V20000019','Esther','Maria','Barranco','Marquez','1990-10-05','Femenino','Casado',@reside);

SET @cliente = (SELECT pkPersona FROM (SELECT id_persona as pkPersona from arma_tu_fiesta.persona WHERE cedula = 'V20000019') as tablaPersona);
INSERT INTO arma_tu_fiesta.telefono (numero, fk_persona) VALUES ('0424297926', @cliente);
INSERT INTO arma_tu_fiesta.email (correo, fk_persona) VALUES ('estherbarranco@gmail.com', @cliente);
INSERT INTO arma_tu_fiesta.usuario (username, password, fk_persona, fk_rol) VALUES ('estherbarranco@gmail.com', 'V20000019' , @cliente, @rol);

SET @reside = (SELECT pkParroquia FROM (SELECT id_lugar as pkParroquia FROM arma_tu_fiesta.lugar WHERE nombre = 'San Cristóbal' AND fk_pertenece = (SELECT pkMuni FROM (SELECT id_lugar as pkMuni FROM arma_tu_fiesta.lugar WHERE tipo = 'Municipio' AND nombre = 'Bolívar (Barcelona)') as tablaMuni)) as tablaParroquia);
INSERT INTO arma_tu_fiesta.persona (cedula, p_nombre, s_nombre, p_apellido, s_apellido, fecha_nacimiento, sexo, estado_civil, fk_residencia) VALUES ('V20000020','Luisa','Auxiliadora','Carrillo','Andrade','1987-07-07','Femenino','Casado',@reside);

SET @cliente = (SELECT pkPersona FROM (SELECT id_persona as pkPersona from arma_tu_fiesta.persona WHERE cedula = 'V20000020') as tablaPersona);
INSERT INTO arma_tu_fiesta.telefono (numero, fk_persona) VALUES ('0416778727', @cliente);
INSERT INTO arma_tu_fiesta.email (correo, fk_persona) VALUES ('luisacarrillo@gmail.com', @cliente);
INSERT INTO arma_tu_fiesta.usuario (username, password, fk_persona, fk_rol) VALUES ('luisacarrillo@gmail.com', 'V20000020' , @cliente, @rol);

SET @reside = (SELECT pkParroquia FROM (SELECT id_lugar as pkParroquia FROM arma_tu_fiesta.lugar WHERE nombre = 'San Fernando' AND fk_pertenece = (SELECT pkMuni FROM (SELECT id_lugar as pkMuni FROM arma_tu_fiesta.lugar WHERE tipo = 'Municipio' AND nombre = 'San Fernando (San Fernando de Apure)') as tablaMuni)) as tablaParroquia);
INSERT INTO arma_tu_fiesta.persona (cedula, p_nombre, s_nombre, p_apellido, s_apellido, fecha_nacimiento, sexo, estado_civil, fk_residencia) VALUES ('V20000021','Victor','Mariano','Arroyo','Talabera','1983-01-07','Masculino','Soltero',@reside);

SET @cliente = (SELECT pkPersona FROM (SELECT id_persona as pkPersona from arma_tu_fiesta.persona WHERE cedula = 'V20000021') as tablaPersona);
INSERT INTO arma_tu_fiesta.telefono (numero, fk_persona) VALUES ('0414551398', @cliente);
INSERT INTO arma_tu_fiesta.email (correo, fk_persona) VALUES ('victorarroyo@gmail.com', @cliente);
INSERT INTO arma_tu_fiesta.usuario (username, password, fk_persona, fk_rol) VALUES ('victorarroyo@gmail.com', 'V20000021' , @cliente, @rol);

SET @reside = (SELECT pkParroquia FROM (SELECT id_lugar as pkParroquia FROM arma_tu_fiesta.lugar WHERE nombre = 'San Fernando' AND fk_pertenece = (SELECT pkMuni FROM (SELECT id_lugar as pkMuni FROM arma_tu_fiesta.lugar WHERE tipo = 'Municipio' AND nombre = 'San Fernando (San Fernando de Apure)') as tablaMuni)) as tablaParroquia);
INSERT INTO arma_tu_fiesta.persona (cedula, p_nombre, s_nombre, p_apellido, s_apellido, fecha_nacimiento, sexo, estado_civil, fk_residencia) VALUES ('V20000022','Manuel','Angel','Quevedo','Portillo','1993-10-01','Masculino','Soltero',@reside);

SET @cliente = (SELECT pkPersona FROM (SELECT id_persona as pkPersona from arma_tu_fiesta.persona WHERE cedula = 'V20000022') as tablaPersona);
INSERT INTO arma_tu_fiesta.telefono (numero, fk_persona) VALUES ('0414988989', @cliente);
INSERT INTO arma_tu_fiesta.email (correo, fk_persona) VALUES ('manuelquevedo@gmail.com', @cliente);
INSERT INTO arma_tu_fiesta.usuario (username, password, fk_persona, fk_rol) VALUES ('manuelquevedo@gmail.com', 'V20000022' , @cliente, @rol);

SET @reside = (SELECT pkParroquia FROM (SELECT id_lugar as pkParroquia FROM arma_tu_fiesta.lugar WHERE nombre = 'San Fernando' AND fk_pertenece = (SELECT pkMuni FROM (SELECT id_lugar as pkMuni FROM arma_tu_fiesta.lugar WHERE tipo = 'Municipio' AND nombre = 'San Fernando (San Fernando de Apure)') as tablaMuni)) as tablaParroquia);
INSERT INTO arma_tu_fiesta.persona (cedula, p_nombre, s_nombre, p_apellido, s_apellido, fecha_nacimiento, sexo, estado_civil, fk_residencia) VALUES ('V20000023','Luis','Daniel','Villarreal','Ramos','1986-12-24','Masculino','Soltero',@reside);

SET @cliente = (SELECT pkPersona FROM (SELECT id_persona as pkPersona from arma_tu_fiesta.persona WHERE cedula = 'V20000023') as tablaPersona);
INSERT INTO arma_tu_fiesta.telefono (numero, fk_persona) VALUES ('0412871046', @cliente);
INSERT INTO arma_tu_fiesta.email (correo, fk_persona) VALUES ('luisvillarreal@gmail.com', @cliente);
INSERT INTO arma_tu_fiesta.usuario (username, password, fk_persona, fk_rol) VALUES ('luisvillarreal@gmail.com', 'V20000023' , @cliente, @rol);

SET @reside = (SELECT pkParroquia FROM (SELECT id_lugar as pkParroquia FROM arma_tu_fiesta.lugar WHERE nombre = 'San Fernando' AND fk_pertenece = (SELECT pkMuni FROM (SELECT id_lugar as pkMuni FROM arma_tu_fiesta.lugar WHERE tipo = 'Municipio' AND nombre = 'San Fernando (San Fernando de Apure)') as tablaMuni)) as tablaParroquia);
INSERT INTO arma_tu_fiesta.persona (cedula, p_nombre, s_nombre, p_apellido, s_apellido, fecha_nacimiento, sexo, estado_civil, fk_residencia) VALUES ('V20000024','Sergio','Raul','Gaspar','Albiol','1985-11-11','Masculino','Casado',@reside);

SET @cliente = (SELECT pkPersona FROM (SELECT id_persona as pkPersona from arma_tu_fiesta.persona WHERE cedula = 'V20000024') as tablaPersona);
INSERT INTO arma_tu_fiesta.telefono (numero, fk_persona) VALUES ('0424152165', @cliente);
INSERT INTO arma_tu_fiesta.email (correo, fk_persona) VALUES ('sergiogaspar@gmail.com', @cliente);
INSERT INTO arma_tu_fiesta.usuario (username, password, fk_persona, fk_rol) VALUES ('sergiogaspar@gmail.com', 'V20000024' , @cliente, @rol);

SET @reside = (SELECT pkParroquia FROM (SELECT id_lugar as pkParroquia FROM arma_tu_fiesta.lugar WHERE nombre = 'San Fernando' AND fk_pertenece = (SELECT pkMuni FROM (SELECT id_lugar as pkMuni FROM arma_tu_fiesta.lugar WHERE tipo = 'Municipio' AND nombre = 'San Fernando (San Fernando de Apure)') as tablaMuni)) as tablaParroquia);
INSERT INTO arma_tu_fiesta.persona (cedula, p_nombre, s_nombre, p_apellido, s_apellido, fecha_nacimiento, sexo, estado_civil, fk_residencia) VALUES ('V20000025','Bruce','Daniel','Wayne','Diaz','1992-07-23','Masculino','Casado',@reside);

SET @cliente = (SELECT pkPersona FROM (SELECT id_persona as pkPersona from arma_tu_fiesta.persona WHERE cedula = 'V20000025') as tablaPersona);
INSERT INTO arma_tu_fiesta.telefono (numero, fk_persona) VALUES ('0426451641', @cliente);
INSERT INTO arma_tu_fiesta.email (correo, fk_persona) VALUES ('brucewayne@gmail.com', @cliente);
INSERT INTO arma_tu_fiesta.usuario (username, password, fk_persona, fk_rol) VALUES ('brucewayne@gmail.com', 'V20000025' , @cliente, @rol);

SET @reside = (SELECT pkParroquia FROM (SELECT id_lugar as pkParroquia FROM arma_tu_fiesta.lugar WHERE nombre = 'El Recreo' AND fk_pertenece = (SELECT pkMuni FROM (SELECT id_lugar as pkMuni FROM arma_tu_fiesta.lugar WHERE tipo = 'Municipio' AND nombre = 'San Fernando (San Fernando de Apure)') as tablaMuni)) as tablaParroquia);
INSERT INTO arma_tu_fiesta.persona (cedula, p_nombre, s_nombre, p_apellido, s_apellido, fecha_nacimiento, sexo, estado_civil, fk_residencia) VALUES ('V20000026','Noa','Carolina','Capdevila','Sanchez','1994-04-14','Femenino','Soltero',@reside);

SET @cliente = (SELECT pkPersona FROM (SELECT id_persona as pkPersona from arma_tu_fiesta.persona WHERE cedula = 'V20000026') as tablaPersona);
INSERT INTO arma_tu_fiesta.telefono (numero, fk_persona) VALUES ('0414235561', @cliente);
INSERT INTO arma_tu_fiesta.email (correo, fk_persona) VALUES ('noacapdevila@gmail.com', @cliente);
INSERT INTO arma_tu_fiesta.usuario (username, password, fk_persona, fk_rol) VALUES ('noacapdevila@gmail.com', 'V20000026' , @cliente, @rol);

SET @reside = (SELECT pkParroquia FROM (SELECT id_lugar as pkParroquia FROM arma_tu_fiesta.lugar WHERE nombre = 'El Recreo' AND fk_pertenece = (SELECT pkMuni FROM (SELECT id_lugar as pkMuni FROM arma_tu_fiesta.lugar WHERE tipo = 'Municipio' AND nombre = 'San Fernando (San Fernando de Apure)') as tablaMuni)) as tablaParroquia);
INSERT INTO arma_tu_fiesta.persona (cedula, p_nombre, s_nombre, p_apellido, s_apellido, fecha_nacimiento, sexo, estado_civil, fk_residencia) VALUES ('V20000027','Diana','Elisa','Rosado','Sousa','1990-11-12','Femenino','Soltero',@reside);

SET @cliente = (SELECT pkPersona FROM (SELECT id_persona as pkPersona from arma_tu_fiesta.persona WHERE cedula = 'V20000027') as tablaPersona);
INSERT INTO arma_tu_fiesta.telefono (numero, fk_persona) VALUES ('0424331109', @cliente);
INSERT INTO arma_tu_fiesta.email (correo, fk_persona) VALUES ('dianarosado@gmail.com', @cliente);
INSERT INTO arma_tu_fiesta.usuario (username, password, fk_persona, fk_rol) VALUES ('dianarosado@gmail.com', 'V20000027' , @cliente, @rol);

SET @reside = (SELECT pkParroquia FROM (SELECT id_lugar as pkParroquia FROM arma_tu_fiesta.lugar WHERE nombre = 'El Recreo' AND fk_pertenece = (SELECT pkMuni FROM (SELECT id_lugar as pkMuni FROM arma_tu_fiesta.lugar WHERE tipo = 'Municipio' AND nombre = 'San Fernando (San Fernando de Apure)') as tablaMuni)) as tablaParroquia);
INSERT INTO arma_tu_fiesta.persona (cedula, p_nombre, s_nombre, p_apellido, s_apellido, fecha_nacimiento, sexo, estado_civil, fk_residencia) VALUES ('V20000028','Monica','Elisa','Agullo','Vegas','1989-12-14','Femenino','Soltero',@reside);

SET @cliente = (SELECT pkPersona FROM (SELECT id_persona as pkPersona from arma_tu_fiesta.persona WHERE cedula = 'V20000028') as tablaPersona);
INSERT INTO arma_tu_fiesta.telefono (numero, fk_persona) VALUES ('0212732906', @cliente);
INSERT INTO arma_tu_fiesta.email (correo, fk_persona) VALUES ('monicaagullo@gmail.com', @cliente);
INSERT INTO arma_tu_fiesta.usuario (username, password, fk_persona, fk_rol) VALUES ('monicaagullo@gmail.com', 'V20000028' , @cliente, @rol);

SET @reside = (SELECT pkParroquia FROM (SELECT id_lugar as pkParroquia FROM arma_tu_fiesta.lugar WHERE nombre = 'El Recreo' AND fk_pertenece = (SELECT pkMuni FROM (SELECT id_lugar as pkMuni FROM arma_tu_fiesta.lugar WHERE tipo = 'Municipio' AND nombre = 'San Fernando (San Fernando de Apure)') as tablaMuni)) as tablaParroquia);
INSERT INTO arma_tu_fiesta.persona (cedula, p_nombre, s_nombre, p_apellido, s_apellido, fecha_nacimiento, sexo, estado_civil, fk_residencia) VALUES ('V20000029','Zaira','Maria','Diaz','Puerta','1991-11-09','Femenino','Casado',@reside);

SET @cliente = (SELECT pkPersona FROM (SELECT id_persona as pkPersona from arma_tu_fiesta.persona WHERE cedula = 'V20000029') as tablaPersona);
INSERT INTO arma_tu_fiesta.telefono (numero, fk_persona) VALUES ('0426840304', @cliente);
INSERT INTO arma_tu_fiesta.email (correo, fk_persona) VALUES ('zairadiaz@gmail.com', @cliente);
INSERT INTO arma_tu_fiesta.usuario (username, password, fk_persona, fk_rol) VALUES ('zairadiaz@gmail.com', 'V20000029' , @cliente, @rol);

SET @reside = (SELECT pkParroquia FROM (SELECT id_lugar as pkParroquia FROM arma_tu_fiesta.lugar WHERE nombre = 'El Recreo' AND fk_pertenece = (SELECT pkMuni FROM (SELECT id_lugar as pkMuni FROM arma_tu_fiesta.lugar WHERE tipo = 'Municipio' AND nombre = 'San Fernando (San Fernando de Apure)') as tablaMuni)) as tablaParroquia);
INSERT INTO arma_tu_fiesta.persona (cedula, p_nombre, s_nombre, p_apellido, s_apellido, fecha_nacimiento, sexo, estado_civil, fk_residencia) VALUES ('V20000030','Josefa','Alexandra','Sabater','Godoy','1987-12-17','Femenino','Casado',@reside);

SET @cliente = (SELECT pkPersona FROM (SELECT id_persona as pkPersona from arma_tu_fiesta.persona WHERE cedula = 'V20000030') as tablaPersona);
INSERT INTO arma_tu_fiesta.telefono (numero, fk_persona) VALUES ('0416615418', @cliente);
INSERT INTO arma_tu_fiesta.email (correo, fk_persona) VALUES ('josefasabater@gmail.com', @cliente);
INSERT INTO arma_tu_fiesta.usuario (username, password, fk_persona, fk_rol) VALUES ('josefasabater@gmail.com', 'V20000030' , @cliente, @rol);

SET @reside = (SELECT pkParroquia FROM (SELECT id_lugar as pkParroquia FROM arma_tu_fiesta.lugar WHERE nombre = 'Joaquín Crespo' AND fk_pertenece = (SELECT pkMuni FROM (SELECT id_lugar as pkMuni FROM arma_tu_fiesta.lugar WHERE tipo = 'Municipio' AND nombre = 'Girardot (Maracay)') as tablaMuni)) as tablaParroquia);
INSERT INTO arma_tu_fiesta.persona (cedula, p_nombre, s_nombre, p_apellido, s_apellido, fecha_nacimiento, sexo, estado_civil, fk_residencia) VALUES ('V20000031','Jose','Francisco','Valcarcel','Palacio','1988-11-12','Masculino','Soltero',@reside);

SET @cliente = (SELECT pkPersona FROM (SELECT id_persona as pkPersona from arma_tu_fiesta.persona WHERE cedula = 'V20000031') as tablaPersona);
INSERT INTO arma_tu_fiesta.telefono (numero, fk_persona) VALUES ('0212189582', @cliente);
INSERT INTO arma_tu_fiesta.email (correo, fk_persona) VALUES ('josevalcarcel@gmail.com', @cliente);
INSERT INTO arma_tu_fiesta.usuario (username, password, fk_persona, fk_rol) VALUES ('josevalcarcel@gmail.com', 'V20000031' , @cliente, @rol);

SET @reside = (SELECT pkParroquia FROM (SELECT id_lugar as pkParroquia FROM arma_tu_fiesta.lugar WHERE nombre = 'Joaquín Crespo' AND fk_pertenece = (SELECT pkMuni FROM (SELECT id_lugar as pkMuni FROM arma_tu_fiesta.lugar WHERE tipo = 'Municipio' AND nombre = 'Girardot (Maracay)') as tablaMuni)) as tablaParroquia);
INSERT INTO arma_tu_fiesta.persona (cedula, p_nombre, s_nombre, p_apellido, s_apellido, fecha_nacimiento, sexo, estado_civil, fk_residencia) VALUES ('V20000032','Miguel','Esteve','Cueto','Perez','1991-04-11','Masculino','Soltero',@reside);

SET @cliente = (SELECT pkPersona FROM (SELECT id_persona as pkPersona from arma_tu_fiesta.persona WHERE cedula = 'V20000032') as tablaPersona);
INSERT INTO arma_tu_fiesta.telefono (numero, fk_persona) VALUES ('0414285768', @cliente);
INSERT INTO arma_tu_fiesta.email (correo, fk_persona) VALUES ('miguelcueto@gmail.com', @cliente);
INSERT INTO arma_tu_fiesta.usuario (username, password, fk_persona, fk_rol) VALUES ('miguelcueto@gmail.com', 'V20000032' , @cliente, @rol);

SET @reside = (SELECT pkParroquia FROM (SELECT id_lugar as pkParroquia FROM arma_tu_fiesta.lugar WHERE nombre = 'Joaquín Crespo' AND fk_pertenece = (SELECT pkMuni FROM (SELECT id_lugar as pkMuni FROM arma_tu_fiesta.lugar WHERE tipo = 'Municipio' AND nombre = 'Girardot (Maracay)') as tablaMuni)) as tablaParroquia);
INSERT INTO arma_tu_fiesta.persona (cedula, p_nombre, s_nombre, p_apellido, s_apellido, fecha_nacimiento, sexo, estado_civil, fk_residencia) VALUES ('V20000033','Enrique','Antonio','Mira','Merino','1976-11-14','Masculino','Soltero',@reside);

SET @cliente = (SELECT pkPersona FROM (SELECT id_persona as pkPersona from arma_tu_fiesta.persona WHERE cedula = 'V20000033') as tablaPersona);
INSERT INTO arma_tu_fiesta.telefono (numero, fk_persona) VALUES ('0416435471', @cliente);
INSERT INTO arma_tu_fiesta.email (correo, fk_persona) VALUES ('enriquemira@gmail.com', @cliente);
INSERT INTO arma_tu_fiesta.usuario (username, password, fk_persona, fk_rol) VALUES ('enriquemira@gmail.com', 'V20000033' , @cliente, @rol);

SET @reside = (SELECT pkParroquia FROM (SELECT id_lugar as pkParroquia FROM arma_tu_fiesta.lugar WHERE nombre = 'Joaquín Crespo' AND fk_pertenece = (SELECT pkMuni FROM (SELECT id_lugar as pkMuni FROM arma_tu_fiesta.lugar WHERE tipo = 'Municipio' AND nombre = 'Girardot (Maracay)') as tablaMuni)) as tablaParroquia);
INSERT INTO arma_tu_fiesta.persona (cedula, p_nombre, s_nombre, p_apellido, s_apellido, fecha_nacimiento, sexo, estado_civil, fk_residencia) VALUES ('V20000034','Victor','Manuel','Bertran','Sanchez','1985-05-07','Masculino','Casado',@reside);

SET @cliente = (SELECT pkPersona FROM (SELECT id_persona as pkPersona from arma_tu_fiesta.persona WHERE cedula = 'V20000034') as tablaPersona);
INSERT INTO arma_tu_fiesta.telefono (numero, fk_persona) VALUES ('0212443442', @cliente);
INSERT INTO arma_tu_fiesta.email (correo, fk_persona) VALUES ('victorbertran@gmail.com', @cliente);
INSERT INTO arma_tu_fiesta.usuario (username, password, fk_persona, fk_rol) VALUES ('victorbertran@gmail.com', 'V20000034' , @cliente, @rol);

SET @reside = (SELECT pkParroquia FROM (SELECT id_lugar as pkParroquia FROM arma_tu_fiesta.lugar WHERE nombre = 'Joaquín Crespo' AND fk_pertenece = (SELECT pkMuni FROM (SELECT id_lugar as pkMuni FROM arma_tu_fiesta.lugar WHERE tipo = 'Municipio' AND nombre = 'Girardot (Maracay)') as tablaMuni)) as tablaParroquia);
INSERT INTO arma_tu_fiesta.persona (cedula, p_nombre, s_nombre, p_apellido, s_apellido, fecha_nacimiento, sexo, estado_civil, fk_residencia) VALUES ('V20000035','Emilio','Rafael','Gallo','Aragones','1987-07-04','Masculino','Casado',@reside);

SET @cliente = (SELECT pkPersona FROM (SELECT id_persona as pkPersona from arma_tu_fiesta.persona WHERE cedula = 'V20000035') as tablaPersona);
INSERT INTO arma_tu_fiesta.telefono (numero, fk_persona) VALUES ('0212675254', @cliente);
INSERT INTO arma_tu_fiesta.email (correo, fk_persona) VALUES ('emiliogallo@gmail.com', @cliente);
INSERT INTO arma_tu_fiesta.usuario (username, password, fk_persona, fk_rol) VALUES ('emiliogallo@gmail.com', 'V20000035' , @cliente, @rol);

SET @reside = (SELECT pkParroquia FROM (SELECT id_lugar as pkParroquia FROM arma_tu_fiesta.lugar WHERE nombre = 'Las Delicias' AND fk_pertenece = (SELECT pkMuni FROM (SELECT id_lugar as pkMuni FROM arma_tu_fiesta.lugar WHERE tipo = 'Municipio' AND nombre = 'Girardot (Maracay)') as tablaMuni)) as tablaParroquia);
INSERT INTO arma_tu_fiesta.persona (cedula, p_nombre, s_nombre, p_apellido, s_apellido, fecha_nacimiento, sexo, estado_civil, fk_residencia) VALUES ('V20000036','Ana','Maria','Molero','Mosquera','1988-10-07','Femenino','Soltero',@reside);

SET @cliente = (SELECT pkPersona FROM (SELECT id_persona as pkPersona from arma_tu_fiesta.persona WHERE cedula = 'V20000036') as tablaPersona);
INSERT INTO arma_tu_fiesta.telefono (numero, fk_persona) VALUES ('0426676428', @cliente);
INSERT INTO arma_tu_fiesta.email (correo, fk_persona) VALUES ('anamolero@gmail.com', @cliente);
INSERT INTO arma_tu_fiesta.usuario (username, password, fk_persona, fk_rol) VALUES ('anamolero@gmail.com', 'V20000036' , @cliente, @rol);

SET @reside = (SELECT pkParroquia FROM (SELECT id_lugar as pkParroquia FROM arma_tu_fiesta.lugar WHERE nombre = 'Las Delicias' AND fk_pertenece = (SELECT pkMuni FROM (SELECT id_lugar as pkMuni FROM arma_tu_fiesta.lugar WHERE tipo = 'Municipio' AND nombre = 'Girardot (Maracay)') as tablaMuni)) as tablaParroquia);
INSERT INTO arma_tu_fiesta.persona (cedula, p_nombre, s_nombre, p_apellido, s_apellido, fecha_nacimiento, sexo, estado_civil, fk_residencia) VALUES ('V20000037','Carmen','Maria','Aranda','Escalera','1970-11-03','Femenino','Soltero',@reside);

SET @cliente = (SELECT pkPersona FROM (SELECT id_persona as pkPersona from arma_tu_fiesta.persona WHERE cedula = 'V20000037') as tablaPersona);
INSERT INTO arma_tu_fiesta.telefono (numero, fk_persona) VALUES ('0212248586', @cliente);
INSERT INTO arma_tu_fiesta.email (correo, fk_persona) VALUES ('carmenaranda@gmail.com', @cliente);
INSERT INTO arma_tu_fiesta.usuario (username, password, fk_persona, fk_rol) VALUES ('carmenaranda@gmail.com', 'V20000037' , @cliente, @rol);

SET @reside = (SELECT pkParroquia FROM (SELECT id_lugar as pkParroquia FROM arma_tu_fiesta.lugar WHERE nombre = 'Las Delicias' AND fk_pertenece = (SELECT pkMuni FROM (SELECT id_lugar as pkMuni FROM arma_tu_fiesta.lugar WHERE tipo = 'Municipio' AND nombre = 'Girardot (Maracay)') as tablaMuni)) as tablaParroquia);
INSERT INTO arma_tu_fiesta.persona (cedula, p_nombre, s_nombre, p_apellido, s_apellido, fecha_nacimiento, sexo, estado_civil, fk_residencia) VALUES ('V20000038','Maria','Nieves','Borja','Regalado','1979-12-15','Femenino','Soltero',@reside);

SET @cliente = (SELECT pkPersona FROM (SELECT id_persona as pkPersona from arma_tu_fiesta.persona WHERE cedula = 'V20000038') as tablaPersona);
INSERT INTO arma_tu_fiesta.telefono (numero, fk_persona) VALUES ('0212373245', @cliente);
INSERT INTO arma_tu_fiesta.email (correo, fk_persona) VALUES ('mariaborja@gmail.com', @cliente);
INSERT INTO arma_tu_fiesta.usuario (username, password, fk_persona, fk_rol) VALUES ('mariaborja@gmail.com', 'V20000038' , @cliente, @rol);

SET @reside = (SELECT pkParroquia FROM (SELECT id_lugar as pkParroquia FROM arma_tu_fiesta.lugar WHERE nombre = 'Las Delicias' AND fk_pertenece = (SELECT pkMuni FROM (SELECT id_lugar as pkMuni FROM arma_tu_fiesta.lugar WHERE tipo = 'Municipio' AND nombre = 'Girardot (Maracay)') as tablaMuni)) as tablaParroquia);
INSERT INTO arma_tu_fiesta.persona (cedula, p_nombre, s_nombre, p_apellido, s_apellido, fecha_nacimiento, sexo, estado_civil, fk_residencia) VALUES ('V20000039','Aurora','Rosario','Morillo','Miguel','1990-02-10','Femenino','Casado',@reside);

SET @cliente = (SELECT pkPersona FROM (SELECT id_persona as pkPersona from arma_tu_fiesta.persona WHERE cedula = 'V20000039') as tablaPersona);
INSERT INTO arma_tu_fiesta.telefono (numero, fk_persona) VALUES ('0412321858', @cliente);
INSERT INTO arma_tu_fiesta.email (correo, fk_persona) VALUES ('auroramorillo@gmail.com', @cliente);
INSERT INTO arma_tu_fiesta.usuario (username, password, fk_persona, fk_rol) VALUES ('auroramorillo@gmail.com', 'V20000039' , @cliente, @rol);

SET @reside = (SELECT pkParroquia FROM (SELECT id_lugar as pkParroquia FROM arma_tu_fiesta.lugar WHERE nombre = 'Las Delicias' AND fk_pertenece = (SELECT pkMuni FROM (SELECT id_lugar as pkMuni FROM arma_tu_fiesta.lugar WHERE tipo = 'Municipio' AND nombre = 'Girardot (Maracay)') as tablaMuni)) as tablaParroquia);
INSERT INTO arma_tu_fiesta.persona (cedula, p_nombre, s_nombre, p_apellido, s_apellido, fecha_nacimiento, sexo, estado_civil, fk_residencia) VALUES ('V20000040','Carmen','Josefina','Rendon','Perez','1977-03-18','Femenino','Casado',@reside);

SET @cliente = (SELECT pkPersona FROM (SELECT id_persona as pkPersona from arma_tu_fiesta.persona WHERE cedula = 'V20000040') as tablaPersona);
INSERT INTO arma_tu_fiesta.telefono (numero, fk_persona) VALUES ('0414675679', @cliente);
INSERT INTO arma_tu_fiesta.email (correo, fk_persona) VALUES ('carmenrendon@gmail.com', @cliente);
INSERT INTO arma_tu_fiesta.usuario (username, password, fk_persona, fk_rol) VALUES ('carmenrendon@gmail.com', 'V20000040' , @cliente, @rol);

SET @reside = (SELECT pkParroquia FROM (SELECT id_lugar as pkParroquia FROM arma_tu_fiesta.lugar WHERE nombre = 'Barinas' AND fk_pertenece = (SELECT pkMuni FROM (SELECT id_lugar as pkMuni FROM arma_tu_fiesta.lugar WHERE tipo = 'Municipio' AND nombre = 'Barinas (Barinas)') as tablaMuni)) as tablaParroquia);
INSERT INTO arma_tu_fiesta.persona (cedula, p_nombre, s_nombre, p_apellido, s_apellido, fecha_nacimiento, sexo, estado_civil, fk_residencia) VALUES ('V20000041','Jose','Maria','Ramos','Rey','1978-11-12','Masculino','Soltero',@reside);

SET @cliente = (SELECT pkPersona FROM (SELECT id_persona as pkPersona from arma_tu_fiesta.persona WHERE cedula = 'V20000041') as tablaPersona);
INSERT INTO arma_tu_fiesta.telefono (numero, fk_persona) VALUES ('0414164197', @cliente);
INSERT INTO arma_tu_fiesta.email (correo, fk_persona) VALUES ('joseramos@gmail.com', @cliente);
INSERT INTO arma_tu_fiesta.usuario (username, password, fk_persona, fk_rol) VALUES ('joseramos@gmail.com', 'V20000041' , @cliente, @rol);

SET @reside = (SELECT pkParroquia FROM (SELECT id_lugar as pkParroquia FROM arma_tu_fiesta.lugar WHERE nombre = 'Barinas' AND fk_pertenece = (SELECT pkMuni FROM (SELECT id_lugar as pkMuni FROM arma_tu_fiesta.lugar WHERE tipo = 'Municipio' AND nombre = 'Barinas (Barinas)') as tablaMuni)) as tablaParroquia);
INSERT INTO arma_tu_fiesta.persona (cedula, p_nombre, s_nombre, p_apellido, s_apellido, fecha_nacimiento, sexo, estado_civil, fk_residencia) VALUES ('V20000042','Joaquin','Antonio','Solera','Ferrer','1991-07-11','Masculino','Soltero',@reside);

SET @cliente = (SELECT pkPersona FROM (SELECT id_persona as pkPersona from arma_tu_fiesta.persona WHERE cedula = 'V20000042') as tablaPersona);
INSERT INTO arma_tu_fiesta.telefono (numero, fk_persona) VALUES ('0426879365', @cliente);
INSERT INTO arma_tu_fiesta.email (correo, fk_persona) VALUES ('joaquinsolera@gmail.com', @cliente);
INSERT INTO arma_tu_fiesta.usuario (username, password, fk_persona, fk_rol) VALUES ('joaquinsolera@gmail.com', 'V20000042' , @cliente, @rol);

SET @reside = (SELECT pkParroquia FROM (SELECT id_lugar as pkParroquia FROM arma_tu_fiesta.lugar WHERE nombre = 'Barinas' AND fk_pertenece = (SELECT pkMuni FROM (SELECT id_lugar as pkMuni FROM arma_tu_fiesta.lugar WHERE tipo = 'Municipio' AND nombre = 'Barinas (Barinas)') as tablaMuni)) as tablaParroquia);
INSERT INTO arma_tu_fiesta.persona (cedula, p_nombre, s_nombre, p_apellido, s_apellido, fecha_nacimiento, sexo, estado_civil, fk_residencia) VALUES ('V20000043','Xavier','Daniel','Gual','Tamayo','1986-12-04','Masculino','Soltero',@reside);

SET @cliente = (SELECT pkPersona FROM (SELECT id_persona as pkPersona from arma_tu_fiesta.persona WHERE cedula = 'V20000043') as tablaPersona);
INSERT INTO arma_tu_fiesta.telefono (numero, fk_persona) VALUES ('0426580931', @cliente);
INSERT INTO arma_tu_fiesta.email (correo, fk_persona) VALUES ('xaviergual@gmail.com', @cliente);
INSERT INTO arma_tu_fiesta.usuario (username, password, fk_persona, fk_rol) VALUES ('xaviergual@gmail.com', 'V20000043' , @cliente, @rol);

SET @reside = (SELECT pkParroquia FROM (SELECT id_lugar as pkParroquia FROM arma_tu_fiesta.lugar WHERE nombre = 'Barinas' AND fk_pertenece = (SELECT pkMuni FROM (SELECT id_lugar as pkMuni FROM arma_tu_fiesta.lugar WHERE tipo = 'Municipio' AND nombre = 'Barinas (Barinas)') as tablaMuni)) as tablaParroquia);
INSERT INTO arma_tu_fiesta.persona (cedula, p_nombre, s_nombre, p_apellido, s_apellido, fecha_nacimiento, sexo, estado_civil, fk_residencia) VALUES ('V20000044','Jose','Luis','Blesa','Merchan','1985-05-05','Masculino','Casado',@reside);

SET @cliente = (SELECT pkPersona FROM (SELECT id_persona as pkPersona from arma_tu_fiesta.persona WHERE cedula = 'V20000044') as tablaPersona);
INSERT INTO arma_tu_fiesta.telefono (numero, fk_persona) VALUES ('0424170496', @cliente);
INSERT INTO arma_tu_fiesta.email (correo, fk_persona) VALUES ('joseblesa@gmail.com', @cliente);
INSERT INTO arma_tu_fiesta.usuario (username, password, fk_persona, fk_rol) VALUES ('joseblesa@gmail.com', 'V20000044' , @cliente, @rol);

SET @reside = (SELECT pkParroquia FROM (SELECT id_lugar as pkParroquia FROM arma_tu_fiesta.lugar WHERE nombre = 'Barinas' AND fk_pertenece = (SELECT pkMuni FROM (SELECT id_lugar as pkMuni FROM arma_tu_fiesta.lugar WHERE tipo = 'Municipio' AND nombre = 'Barinas (Barinas)') as tablaMuni)) as tablaParroquia);
INSERT INTO arma_tu_fiesta.persona (cedula, p_nombre, s_nombre, p_apellido, s_apellido, fecha_nacimiento, sexo, estado_civil, fk_residencia) VALUES ('V20000045','Francisco','Jose','Veiga','Asensio','1987-07-03','Masculino','Casado',@reside);

SET @cliente = (SELECT pkPersona FROM (SELECT id_persona as pkPersona from arma_tu_fiesta.persona WHERE cedula = 'V20000045') as tablaPersona);
INSERT INTO arma_tu_fiesta.telefono (numero, fk_persona) VALUES ('0424623927', @cliente);
INSERT INTO arma_tu_fiesta.email (correo, fk_persona) VALUES ('franciscoveiga@gmail.com', @cliente);
INSERT INTO arma_tu_fiesta.usuario (username, password, fk_persona, fk_rol) VALUES ('franciscoveiga@gmail.com', 'V20000045' , @cliente, @rol);

SET @reside = (SELECT pkParroquia FROM (SELECT id_lugar as pkParroquia FROM arma_tu_fiesta.lugar WHERE nombre = 'Alto Barinas' AND fk_pertenece = (SELECT pkMuni FROM (SELECT id_lugar as pkMuni FROM arma_tu_fiesta.lugar WHERE tipo = 'Municipio' AND nombre = 'Barinas (Barinas)') as tablaMuni)) as tablaParroquia);
INSERT INTO arma_tu_fiesta.persona (cedula, p_nombre, s_nombre, p_apellido, s_apellido, fecha_nacimiento, sexo, estado_civil, fk_residencia) VALUES ('V20000046','Maria','Pilar','Troya','Morilla','1988-10-04','Femenino','Soltero',@reside);

SET @cliente = (SELECT pkPersona FROM (SELECT id_persona as pkPersona from arma_tu_fiesta.persona WHERE cedula = 'V20000046') as tablaPersona);
INSERT INTO arma_tu_fiesta.telefono (numero, fk_persona) VALUES ('0426533526', @cliente);
INSERT INTO arma_tu_fiesta.email (correo, fk_persona) VALUES ('mariatroya@gmail.com', @cliente);
INSERT INTO arma_tu_fiesta.usuario (username, password, fk_persona, fk_rol) VALUES ('mariatroya@gmail.com', 'V20000046' , @cliente, @rol);

SET @reside = (SELECT pkParroquia FROM (SELECT id_lugar as pkParroquia FROM arma_tu_fiesta.lugar WHERE nombre = 'Alto Barinas' AND fk_pertenece = (SELECT pkMuni FROM (SELECT id_lugar as pkMuni FROM arma_tu_fiesta.lugar WHERE tipo = 'Municipio' AND nombre = 'Barinas (Barinas)') as tablaMuni)) as tablaParroquia);
INSERT INTO arma_tu_fiesta.persona (cedula, p_nombre, s_nombre, p_apellido, s_apellido, fecha_nacimiento, sexo, estado_civil, fk_residencia) VALUES ('V20000047','Manuela','Maria','Teixeira','Hinojosa','1970-11-02','Femenino','Soltero',@reside);

SET @cliente = (SELECT pkPersona FROM (SELECT id_persona as pkPersona from arma_tu_fiesta.persona WHERE cedula = 'V20000047') as tablaPersona);
INSERT INTO arma_tu_fiesta.telefono (numero, fk_persona) VALUES ('0414412505', @cliente);
INSERT INTO arma_tu_fiesta.email (correo, fk_persona) VALUES ('manuelateixeira@gmail.com', @cliente);
INSERT INTO arma_tu_fiesta.usuario (username, password, fk_persona, fk_rol) VALUES ('manuelateixeira@gmail.com', 'V20000047' , @cliente, @rol);

SET @reside = (SELECT pkParroquia FROM (SELECT id_lugar as pkParroquia FROM arma_tu_fiesta.lugar WHERE nombre = 'Alto Barinas' AND fk_pertenece = (SELECT pkMuni FROM (SELECT id_lugar as pkMuni FROM arma_tu_fiesta.lugar WHERE tipo = 'Municipio' AND nombre = 'Barinas (Barinas)') as tablaMuni)) as tablaParroquia);
INSERT INTO arma_tu_fiesta.persona (cedula, p_nombre, s_nombre, p_apellido, s_apellido, fecha_nacimiento, sexo, estado_civil, fk_residencia) VALUES ('V20000048','Marta','Andrea','Galan','Magan','1979-12-14','Femenino','Soltero',@reside);

SET @cliente = (SELECT pkPersona FROM (SELECT id_persona as pkPersona from arma_tu_fiesta.persona WHERE cedula = 'V20000048') as tablaPersona);
INSERT INTO arma_tu_fiesta.telefono (numero, fk_persona) VALUES ('0412247454', @cliente);
INSERT INTO arma_tu_fiesta.email (correo, fk_persona) VALUES ('martagalan@gmail.com', @cliente);
INSERT INTO arma_tu_fiesta.usuario (username, password, fk_persona, fk_rol) VALUES ('martagalan@gmail.com', 'V20000048' , @cliente, @rol);

SET @reside = (SELECT pkParroquia FROM (SELECT id_lugar as pkParroquia FROM arma_tu_fiesta.lugar WHERE nombre = 'Alto Barinas' AND fk_pertenece = (SELECT pkMuni FROM (SELECT id_lugar as pkMuni FROM arma_tu_fiesta.lugar WHERE tipo = 'Municipio' AND nombre = 'Barinas (Barinas)') as tablaMuni)) as tablaParroquia);
INSERT INTO arma_tu_fiesta.persona (cedula, p_nombre, s_nombre, p_apellido, s_apellido, fecha_nacimiento, sexo, estado_civil, fk_residencia) VALUES ('V20000049','Maria','Angeles','Alcazar','Rayo','1990-01-09','Femenino','Casado',@reside);

SET @cliente = (SELECT pkPersona FROM (SELECT id_persona as pkPersona from arma_tu_fiesta.persona WHERE cedula = 'V20000049') as tablaPersona);
INSERT INTO arma_tu_fiesta.telefono (numero, fk_persona) VALUES ('0426512418', @cliente);
INSERT INTO arma_tu_fiesta.email (correo, fk_persona) VALUES ('mariaalcazar@gmail.com', @cliente);
INSERT INTO arma_tu_fiesta.usuario (username, password, fk_persona, fk_rol) VALUES ('mariaalcazar@gmail.com', 'V20000049' , @cliente, @rol);

SET @reside = (SELECT pkParroquia FROM (SELECT id_lugar as pkParroquia FROM arma_tu_fiesta.lugar WHERE nombre = 'Alto Barinas' AND fk_pertenece = (SELECT pkMuni FROM (SELECT id_lugar as pkMuni FROM arma_tu_fiesta.lugar WHERE tipo = 'Municipio' AND nombre = 'Barinas (Barinas)') as tablaMuni)) as tablaParroquia);
INSERT INTO arma_tu_fiesta.persona (cedula, p_nombre, s_nombre, p_apellido, s_apellido, fecha_nacimiento, sexo, estado_civil, fk_residencia) VALUES ('V20000050','Rosa','Monica','Salgueiro','Artero','1977-02-17','Femenino','Casado',@reside);

SET @cliente = (SELECT pkPersona FROM (SELECT id_persona as pkPersona from arma_tu_fiesta.persona WHERE cedula = 'V20000050') as tablaPersona);
INSERT INTO arma_tu_fiesta.telefono (numero, fk_persona) VALUES ('0412600901', @cliente);
INSERT INTO arma_tu_fiesta.email (correo, fk_persona) VALUES ('rosasalgueiro@gmail.com', @cliente);
INSERT INTO arma_tu_fiesta.usuario (username, password, fk_persona, fk_rol) VALUES ('rosasalgueiro@gmail.com', 'V20000050' , @cliente, @rol);

SET @reside = (SELECT pkParroquia FROM (SELECT id_lugar as pkParroquia FROM arma_tu_fiesta.lugar WHERE nombre = 'Zea' AND fk_pertenece = (SELECT pkMuni FROM (SELECT id_lugar as pkMuni FROM arma_tu_fiesta.lugar WHERE tipo = 'Municipio' AND nombre = 'Angostura del Orinoco (Ciudad Bolívar)') as tablaMuni)) as tablaParroquia);
INSERT INTO arma_tu_fiesta.persona (cedula, p_nombre, s_nombre, p_apellido, s_apellido, fecha_nacimiento, sexo, estado_civil, fk_residencia) VALUES ('V20000051','Miguel','Angel','Estevez','Orán','1988-11-13','Masculino','Soltero',@reside);

SET @cliente = (SELECT pkPersona FROM (SELECT id_persona as pkPersona from arma_tu_fiesta.persona WHERE cedula = 'V20000051') as tablaPersona);
INSERT INTO arma_tu_fiesta.telefono (numero, fk_persona) VALUES ('0212707049', @cliente);
INSERT INTO arma_tu_fiesta.email (correo, fk_persona) VALUES ('miguelestevez@gmail.com', @cliente);
INSERT INTO arma_tu_fiesta.usuario (username, password, fk_persona, fk_rol) VALUES ('miguelestevez@gmail.com', 'V20000051' , @cliente, @rol);

SET @reside = (SELECT pkParroquia FROM (SELECT id_lugar as pkParroquia FROM arma_tu_fiesta.lugar WHERE nombre = 'Zea' AND fk_pertenece = (SELECT pkMuni FROM (SELECT id_lugar as pkMuni FROM arma_tu_fiesta.lugar WHERE tipo = 'Municipio' AND nombre = 'Angostura del Orinoco (Ciudad Bolívar)') as tablaMuni)) as tablaParroquia);
INSERT INTO arma_tu_fiesta.persona (cedula, p_nombre, s_nombre, p_apellido, s_apellido, fecha_nacimiento, sexo, estado_civil, fk_residencia) VALUES ('V20000052','Jose','Enrique','Fajardo','Belisario','1991-04-12','Masculino','Soltero',@reside);

SET @cliente = (SELECT pkPersona FROM (SELECT id_persona as pkPersona from arma_tu_fiesta.persona WHERE cedula = 'V20000052') as tablaPersona);
INSERT INTO arma_tu_fiesta.telefono (numero, fk_persona) VALUES ('0424845273', @cliente);
INSERT INTO arma_tu_fiesta.email (correo, fk_persona) VALUES ('josefajardo@gmail.com', @cliente);
INSERT INTO arma_tu_fiesta.usuario (username, password, fk_persona, fk_rol) VALUES ('josefajardo@gmail.com', 'V20000052' , @cliente, @rol);

SET @reside = (SELECT pkParroquia FROM (SELECT id_lugar as pkParroquia FROM arma_tu_fiesta.lugar WHERE nombre = 'Zea' AND fk_pertenece = (SELECT pkMuni FROM (SELECT id_lugar as pkMuni FROM arma_tu_fiesta.lugar WHERE tipo = 'Municipio' AND nombre = 'Angostura del Orinoco (Ciudad Bolívar)') as tablaMuni)) as tablaParroquia);
INSERT INTO arma_tu_fiesta.persona (cedula, p_nombre, s_nombre, p_apellido, s_apellido, fecha_nacimiento, sexo, estado_civil, fk_residencia) VALUES ('V20000053','Marco','Aurelio','Flores','Osuna','1986-12-05','Masculino','Soltero',@reside);

SET @cliente = (SELECT pkPersona FROM (SELECT id_persona as pkPersona from arma_tu_fiesta.persona WHERE cedula = 'V20000053') as tablaPersona);
INSERT INTO arma_tu_fiesta.telefono (numero, fk_persona) VALUES ('0412542399', @cliente);
INSERT INTO arma_tu_fiesta.email (correo, fk_persona) VALUES ('marcoflores@gmail.com', @cliente);
INSERT INTO arma_tu_fiesta.usuario (username, password, fk_persona, fk_rol) VALUES ('marcoflores@gmail.com', 'V20000053' , @cliente, @rol);

SET @reside = (SELECT pkParroquia FROM (SELECT id_lugar as pkParroquia FROM arma_tu_fiesta.lugar WHERE nombre = 'Zea' AND fk_pertenece = (SELECT pkMuni FROM (SELECT id_lugar as pkMuni FROM arma_tu_fiesta.lugar WHERE tipo = 'Municipio' AND nombre = 'Angostura del Orinoco (Ciudad Bolívar)') as tablaMuni)) as tablaParroquia);
INSERT INTO arma_tu_fiesta.persona (cedula, p_nombre, s_nombre, p_apellido, s_apellido, fecha_nacimiento, sexo, estado_civil, fk_residencia) VALUES ('V20000054','Rodrigo','Ignacio','Fonseca','Dillon','1985-05-06','Masculino','Casado',@reside);

SET @cliente = (SELECT pkPersona FROM (SELECT id_persona as pkPersona from arma_tu_fiesta.persona WHERE cedula = 'V20000054') as tablaPersona);
INSERT INTO arma_tu_fiesta.telefono (numero, fk_persona) VALUES ('0426626105', @cliente);
INSERT INTO arma_tu_fiesta.email (correo, fk_persona) VALUES ('rodrigofonseca@gmail.com', @cliente);
INSERT INTO arma_tu_fiesta.usuario (username, password, fk_persona, fk_rol) VALUES ('rodrigofonseca@gmail.com', 'V20000054' , @cliente, @rol);

SET @reside = (SELECT pkParroquia FROM (SELECT id_lugar as pkParroquia FROM arma_tu_fiesta.lugar WHERE nombre = 'Zea' AND fk_pertenece = (SELECT pkMuni FROM (SELECT id_lugar as pkMuni FROM arma_tu_fiesta.lugar WHERE tipo = 'Municipio' AND nombre = 'Angostura del Orinoco (Ciudad Bolívar)') as tablaMuni)) as tablaParroquia);
INSERT INTO arma_tu_fiesta.persona (cedula, p_nombre, s_nombre, p_apellido, s_apellido, fecha_nacimiento, sexo, estado_civil, fk_residencia) VALUES ('V20000055','Asdrúbal','José','Fuenmayor','Herrero','1987-07-04','Masculino','Casado',@reside);

SET @cliente = (SELECT pkPersona FROM (SELECT id_persona as pkPersona from arma_tu_fiesta.persona WHERE cedula = 'V20000055') as tablaPersona);
INSERT INTO arma_tu_fiesta.telefono (numero, fk_persona) VALUES ('0412902517', @cliente);
INSERT INTO arma_tu_fiesta.email (correo, fk_persona) VALUES ('asdrúbalfuenmayor@gmail.com', @cliente);
INSERT INTO arma_tu_fiesta.usuario (username, password, fk_persona, fk_rol) VALUES ('asdrúbalfuenmayor@gmail.com', 'V20000055' , @cliente, @rol);

SET @reside = (SELECT pkParroquia FROM (SELECT id_lugar as pkParroquia FROM arma_tu_fiesta.lugar WHERE nombre = 'Orinoco' AND fk_pertenece = (SELECT pkMuni FROM (SELECT id_lugar as pkMuni FROM arma_tu_fiesta.lugar WHERE tipo = 'Municipio' AND nombre = 'Angostura del Orinoco (Ciudad Bolívar)') as tablaMuni)) as tablaParroquia);
INSERT INTO arma_tu_fiesta.persona (cedula, p_nombre, s_nombre, p_apellido, s_apellido, fecha_nacimiento, sexo, estado_civil, fk_residencia) VALUES ('V20000056','Krisbel','Joselyne','Figueroa','Galindo','1988-10-05','Femenino','Soltero',@reside);

SET @cliente = (SELECT pkPersona FROM (SELECT id_persona as pkPersona from arma_tu_fiesta.persona WHERE cedula = 'V20000056') as tablaPersona);
INSERT INTO arma_tu_fiesta.telefono (numero, fk_persona) VALUES ('0424148695', @cliente);
INSERT INTO arma_tu_fiesta.email (correo, fk_persona) VALUES ('krisbelfigueroa@gmail.com', @cliente);
INSERT INTO arma_tu_fiesta.usuario (username, password, fk_persona, fk_rol) VALUES ('krisbelfigueroa@gmail.com', 'V20000056' , @cliente, @rol);

SET @reside = (SELECT pkParroquia FROM (SELECT id_lugar as pkParroquia FROM arma_tu_fiesta.lugar WHERE nombre = 'Orinoco' AND fk_pertenece = (SELECT pkMuni FROM (SELECT id_lugar as pkMuni FROM arma_tu_fiesta.lugar WHERE tipo = 'Municipio' AND nombre = 'Angostura del Orinoco (Ciudad Bolívar)') as tablaMuni)) as tablaParroquia);
INSERT INTO arma_tu_fiesta.persona (cedula, p_nombre, s_nombre, p_apellido, s_apellido, fecha_nacimiento, sexo, estado_civil, fk_residencia) VALUES ('V20000057','Mariela','Andreína','Flores','Bello','1970-11-03','Femenino','Soltero',@reside);

SET @cliente = (SELECT pkPersona FROM (SELECT id_persona as pkPersona from arma_tu_fiesta.persona WHERE cedula = 'V20000057') as tablaPersona);
INSERT INTO arma_tu_fiesta.telefono (numero, fk_persona) VALUES ('0424399379', @cliente);
INSERT INTO arma_tu_fiesta.email (correo, fk_persona) VALUES ('marielaflores@gmail.com', @cliente);
INSERT INTO arma_tu_fiesta.usuario (username, password, fk_persona, fk_rol) VALUES ('marielaflores@gmail.com', 'V20000057' , @cliente, @rol);

SET @reside = (SELECT pkParroquia FROM (SELECT id_lugar as pkParroquia FROM arma_tu_fiesta.lugar WHERE nombre = 'Orinoco' AND fk_pertenece = (SELECT pkMuni FROM (SELECT id_lugar as pkMuni FROM arma_tu_fiesta.lugar WHERE tipo = 'Municipio' AND nombre = 'Angostura del Orinoco (Ciudad Bolívar)') as tablaMuni)) as tablaParroquia);
INSERT INTO arma_tu_fiesta.persona (cedula, p_nombre, s_nombre, p_apellido, s_apellido, fecha_nacimiento, sexo, estado_civil, fk_residencia) VALUES ('V20000058','Andreyna','Karolina','García','Salazar','1979-12-15','Femenino','Soltero',@reside);

SET @cliente = (SELECT pkPersona FROM (SELECT id_persona as pkPersona from arma_tu_fiesta.persona WHERE cedula = 'V20000058') as tablaPersona);
INSERT INTO arma_tu_fiesta.telefono (numero, fk_persona) VALUES ('0426620921', @cliente);
INSERT INTO arma_tu_fiesta.email (correo, fk_persona) VALUES ('andreynagarcía@gmail.com', @cliente);
INSERT INTO arma_tu_fiesta.usuario (username, password, fk_persona, fk_rol) VALUES ('andreynagarcía@gmail.com', 'V20000058' , @cliente, @rol);

SET @reside = (SELECT pkParroquia FROM (SELECT id_lugar as pkParroquia FROM arma_tu_fiesta.lugar WHERE nombre = 'Orinoco' AND fk_pertenece = (SELECT pkMuni FROM (SELECT id_lugar as pkMuni FROM arma_tu_fiesta.lugar WHERE tipo = 'Municipio' AND nombre = 'Angostura del Orinoco (Ciudad Bolívar)') as tablaMuni)) as tablaParroquia);
INSERT INTO arma_tu_fiesta.persona (cedula, p_nombre, s_nombre, p_apellido, s_apellido, fecha_nacimiento, sexo, estado_civil, fk_residencia) VALUES ('V20000059','Wilmailys','Yevifred','Garrido','Vegas','1990-01-10','Femenino','Casado',@reside);

SET @cliente = (SELECT pkPersona FROM (SELECT id_persona as pkPersona from arma_tu_fiesta.persona WHERE cedula = 'V20000059') as tablaPersona);
INSERT INTO arma_tu_fiesta.telefono (numero, fk_persona) VALUES ('0212614169', @cliente);
INSERT INTO arma_tu_fiesta.email (correo, fk_persona) VALUES ('wilmailysgarrido@gmail.com', @cliente);
INSERT INTO arma_tu_fiesta.usuario (username, password, fk_persona, fk_rol) VALUES ('wilmailysgarrido@gmail.com', 'V20000059' , @cliente, @rol);

SET @reside = (SELECT pkParroquia FROM (SELECT id_lugar as pkParroquia FROM arma_tu_fiesta.lugar WHERE nombre = 'Orinoco' AND fk_pertenece = (SELECT pkMuni FROM (SELECT id_lugar as pkMuni FROM arma_tu_fiesta.lugar WHERE tipo = 'Municipio' AND nombre = 'Angostura del Orinoco (Ciudad Bolívar)') as tablaMuni)) as tablaParroquia);
INSERT INTO arma_tu_fiesta.persona (cedula, p_nombre, s_nombre, p_apellido, s_apellido, fecha_nacimiento, sexo, estado_civil, fk_residencia) VALUES ('V20000060','Yulimar','José','Gil','Gutiérrez','1977-02-18','Femenino','Casado',@reside);

SET @cliente = (SELECT pkPersona FROM (SELECT id_persona as pkPersona from arma_tu_fiesta.persona WHERE cedula = 'V20000060') as tablaPersona);
INSERT INTO arma_tu_fiesta.telefono (numero, fk_persona) VALUES ('0412399064', @cliente);
INSERT INTO arma_tu_fiesta.email (correo, fk_persona) VALUES ('yulimargil@gmail.com', @cliente);
INSERT INTO arma_tu_fiesta.usuario (username, password, fk_persona, fk_rol) VALUES ('yulimargil@gmail.com', 'V20000060' , @cliente, @rol);

SET @reside = (SELECT pkParroquia FROM (SELECT id_lugar as pkParroquia FROM arma_tu_fiesta.lugar WHERE nombre = 'Candelaria' AND fk_pertenece = (SELECT pkMuni FROM (SELECT id_lugar as pkMuni FROM arma_tu_fiesta.lugar WHERE tipo = 'Municipio' AND nombre = 'Valencia (Valencia)') as tablaMuni)) as tablaParroquia);
INSERT INTO arma_tu_fiesta.persona (cedula, p_nombre, s_nombre, p_apellido, s_apellido, fecha_nacimiento, sexo, estado_civil, fk_residencia) VALUES ('V20000061','Brady','Jesús','Aguillón','Sánchez','1988-11-14','Masculino','Soltero',@reside);

SET @cliente = (SELECT pkPersona FROM (SELECT id_persona as pkPersona from arma_tu_fiesta.persona WHERE cedula = 'V20000061') as tablaPersona);
INSERT INTO arma_tu_fiesta.telefono (numero, fk_persona) VALUES ('0414320300', @cliente);
INSERT INTO arma_tu_fiesta.email (correo, fk_persona) VALUES ('bradyaguillón@gmail.com', @cliente);
INSERT INTO arma_tu_fiesta.usuario (username, password, fk_persona, fk_rol) VALUES ('bradyaguillón@gmail.com', 'V20000061' , @cliente, @rol);

SET @reside = (SELECT pkParroquia FROM (SELECT id_lugar as pkParroquia FROM arma_tu_fiesta.lugar WHERE nombre = 'Candelaria' AND fk_pertenece = (SELECT pkMuni FROM (SELECT id_lugar as pkMuni FROM arma_tu_fiesta.lugar WHERE tipo = 'Municipio' AND nombre = 'Valencia (Valencia)') as tablaMuni)) as tablaParroquia);
INSERT INTO arma_tu_fiesta.persona (cedula, p_nombre, s_nombre, p_apellido, s_apellido, fecha_nacimiento, sexo, estado_civil, fk_residencia) VALUES ('V20000062','Antonio','Alejandro','Archila','Pumar','1991-04-13','Masculino','Soltero',@reside);

SET @cliente = (SELECT pkPersona FROM (SELECT id_persona as pkPersona from arma_tu_fiesta.persona WHERE cedula = 'V20000062') as tablaPersona);
INSERT INTO arma_tu_fiesta.telefono (numero, fk_persona) VALUES ('0416763572', @cliente);
INSERT INTO arma_tu_fiesta.email (correo, fk_persona) VALUES ('antonioarchila@gmail.com', @cliente);
INSERT INTO arma_tu_fiesta.usuario (username, password, fk_persona, fk_rol) VALUES ('antonioarchila@gmail.com', 'V20000062' , @cliente, @rol);

SET @reside = (SELECT pkParroquia FROM (SELECT id_lugar as pkParroquia FROM arma_tu_fiesta.lugar WHERE nombre = 'Candelaria' AND fk_pertenece = (SELECT pkMuni FROM (SELECT id_lugar as pkMuni FROM arma_tu_fiesta.lugar WHERE tipo = 'Municipio' AND nombre = 'Valencia (Valencia)') as tablaMuni)) as tablaParroquia);
INSERT INTO arma_tu_fiesta.persona (cedula, p_nombre, s_nombre, p_apellido, s_apellido, fecha_nacimiento, sexo, estado_civil, fk_residencia) VALUES ('V20000063','Nadim','Antoine','Assaf','Nheme','1986-12-06','Masculino','Soltero',@reside);

SET @cliente = (SELECT pkPersona FROM (SELECT id_persona as pkPersona from arma_tu_fiesta.persona WHERE cedula = 'V20000063') as tablaPersona);
INSERT INTO arma_tu_fiesta.telefono (numero, fk_persona) VALUES ('0414972679', @cliente);
INSERT INTO arma_tu_fiesta.email (correo, fk_persona) VALUES ('nadimassaf@gmail.com', @cliente);
INSERT INTO arma_tu_fiesta.usuario (username, password, fk_persona, fk_rol) VALUES ('nadimassaf@gmail.com', 'V20000063' , @cliente, @rol);

SET @reside = (SELECT pkParroquia FROM (SELECT id_lugar as pkParroquia FROM arma_tu_fiesta.lugar WHERE nombre = 'Candelaria' AND fk_pertenece = (SELECT pkMuni FROM (SELECT id_lugar as pkMuni FROM arma_tu_fiesta.lugar WHERE tipo = 'Municipio' AND nombre = 'Valencia (Valencia)') as tablaMuni)) as tablaParroquia);
INSERT INTO arma_tu_fiesta.persona (cedula, p_nombre, s_nombre, p_apellido, s_apellido, fecha_nacimiento, sexo, estado_civil, fk_residencia) VALUES ('V20000064','Jean','Carlos','Bermudez','Ballen','1985-05-07','Masculino','Casado',@reside);

SET @cliente = (SELECT pkPersona FROM (SELECT id_persona as pkPersona from arma_tu_fiesta.persona WHERE cedula = 'V20000064') as tablaPersona);
INSERT INTO arma_tu_fiesta.telefono (numero, fk_persona) VALUES ('0426625779', @cliente);
INSERT INTO arma_tu_fiesta.email (correo, fk_persona) VALUES ('jeanbermudez@gmail.com', @cliente);
INSERT INTO arma_tu_fiesta.usuario (username, password, fk_persona, fk_rol) VALUES ('jeanbermudez@gmail.com', 'V20000064' , @cliente, @rol);

SET @reside = (SELECT pkParroquia FROM (SELECT id_lugar as pkParroquia FROM arma_tu_fiesta.lugar WHERE nombre = 'Candelaria' AND fk_pertenece = (SELECT pkMuni FROM (SELECT id_lugar as pkMuni FROM arma_tu_fiesta.lugar WHERE tipo = 'Municipio' AND nombre = 'Valencia (Valencia)') as tablaMuni)) as tablaParroquia);
INSERT INTO arma_tu_fiesta.persona (cedula, p_nombre, s_nombre, p_apellido, s_apellido, fecha_nacimiento, sexo, estado_civil, fk_residencia) VALUES ('V20000065','Nicolás','David','Borjas','Chiquin','1987-07-05','Masculino','Casado',@reside);

SET @cliente = (SELECT pkPersona FROM (SELECT id_persona as pkPersona from arma_tu_fiesta.persona WHERE cedula = 'V20000065') as tablaPersona);
INSERT INTO arma_tu_fiesta.telefono (numero, fk_persona) VALUES ('0416894670', @cliente);
INSERT INTO arma_tu_fiesta.email (correo, fk_persona) VALUES ('nicolásborjas@gmail.com', @cliente);
INSERT INTO arma_tu_fiesta.usuario (username, password, fk_persona, fk_rol) VALUES ('nicolásborjas@gmail.com', 'V20000065' , @cliente, @rol);

SET @reside = (SELECT pkParroquia FROM (SELECT id_lugar as pkParroquia FROM arma_tu_fiesta.lugar WHERE nombre = 'San Blas' AND fk_pertenece = (SELECT pkMuni FROM (SELECT id_lugar as pkMuni FROM arma_tu_fiesta.lugar WHERE tipo = 'Municipio' AND nombre = 'Valencia (Valencia)') as tablaMuni)) as tablaParroquia);
INSERT INTO arma_tu_fiesta.persona (cedula, p_nombre, s_nombre, p_apellido, s_apellido, fecha_nacimiento, sexo, estado_civil, fk_residencia) VALUES ('V20000066','María','Gabriela','Alba','Alvarez','1988-10-06','Femenino','Soltero',@reside);

SET @cliente = (SELECT pkPersona FROM (SELECT id_persona as pkPersona from arma_tu_fiesta.persona WHERE cedula = 'V20000066') as tablaPersona);
INSERT INTO arma_tu_fiesta.telefono (numero, fk_persona) VALUES ('0426392850', @cliente);
INSERT INTO arma_tu_fiesta.email (correo, fk_persona) VALUES ('maríaalba@gmail.com', @cliente);
INSERT INTO arma_tu_fiesta.usuario (username, password, fk_persona, fk_rol) VALUES ('maríaalba@gmail.com', 'V20000066' , @cliente, @rol);

SET @reside = (SELECT pkParroquia FROM (SELECT id_lugar as pkParroquia FROM arma_tu_fiesta.lugar WHERE nombre = 'San Blas' AND fk_pertenece = (SELECT pkMuni FROM (SELECT id_lugar as pkMuni FROM arma_tu_fiesta.lugar WHERE tipo = 'Municipio' AND nombre = 'Valencia (Valencia)') as tablaMuni)) as tablaParroquia);
INSERT INTO arma_tu_fiesta.persona (cedula, p_nombre, s_nombre, p_apellido, s_apellido, fecha_nacimiento, sexo, estado_civil, fk_residencia) VALUES ('V20000067','Lorena','Maria','Aoun','Farah','1970-11-04','Femenino','Soltero',@reside);

SET @cliente = (SELECT pkPersona FROM (SELECT id_persona as pkPersona from arma_tu_fiesta.persona WHERE cedula = 'V20000067') as tablaPersona);
INSERT INTO arma_tu_fiesta.telefono (numero, fk_persona) VALUES ('0412467571', @cliente);
INSERT INTO arma_tu_fiesta.email (correo, fk_persona) VALUES ('lorenaaoun@gmail.com', @cliente);
INSERT INTO arma_tu_fiesta.usuario (username, password, fk_persona, fk_rol) VALUES ('lorenaaoun@gmail.com', 'V20000067' , @cliente, @rol);

SET @reside = (SELECT pkParroquia FROM (SELECT id_lugar as pkParroquia FROM arma_tu_fiesta.lugar WHERE nombre = 'San Blas' AND fk_pertenece = (SELECT pkMuni FROM (SELECT id_lugar as pkMuni FROM arma_tu_fiesta.lugar WHERE tipo = 'Municipio' AND nombre = 'Valencia (Valencia)') as tablaMuni)) as tablaParroquia);
INSERT INTO arma_tu_fiesta.persona (cedula, p_nombre, s_nombre, p_apellido, s_apellido, fecha_nacimiento, sexo, estado_civil, fk_residencia) VALUES ('V20000068','Victoria','Cenaire','Barajas','Gallardo','1979-12-16','Femenino','Soltero',@reside);

SET @cliente = (SELECT pkPersona FROM (SELECT id_persona as pkPersona from arma_tu_fiesta.persona WHERE cedula = 'V20000068') as tablaPersona);
INSERT INTO arma_tu_fiesta.telefono (numero, fk_persona) VALUES ('0212325862', @cliente);
INSERT INTO arma_tu_fiesta.email (correo, fk_persona) VALUES ('victoriabarajas@gmail.com', @cliente);
INSERT INTO arma_tu_fiesta.usuario (username, password, fk_persona, fk_rol) VALUES ('victoriabarajas@gmail.com', 'V20000068' , @cliente, @rol);

SET @reside = (SELECT pkParroquia FROM (SELECT id_lugar as pkParroquia FROM arma_tu_fiesta.lugar WHERE nombre = 'San Blas' AND fk_pertenece = (SELECT pkMuni FROM (SELECT id_lugar as pkMuni FROM arma_tu_fiesta.lugar WHERE tipo = 'Municipio' AND nombre = 'Valencia (Valencia)') as tablaMuni)) as tablaParroquia);
INSERT INTO arma_tu_fiesta.persona (cedula, p_nombre, s_nombre, p_apellido, s_apellido, fecha_nacimiento, sexo, estado_civil, fk_residencia) VALUES ('V20000069','Stephanie','Carolina','Caccamo','Araujo','1990-01-11','Femenino','Casado',@reside);

SET @cliente = (SELECT pkPersona FROM (SELECT id_persona as pkPersona from arma_tu_fiesta.persona WHERE cedula = 'V20000069') as tablaPersona);
INSERT INTO arma_tu_fiesta.telefono (numero, fk_persona) VALUES ('0416650999', @cliente);
INSERT INTO arma_tu_fiesta.email (correo, fk_persona) VALUES ('stephaniecaccamo@gmail.com', @cliente);
INSERT INTO arma_tu_fiesta.usuario (username, password, fk_persona, fk_rol) VALUES ('stephaniecaccamo@gmail.com', 'V20000069' , @cliente, @rol);

SET @reside = (SELECT pkParroquia FROM (SELECT id_lugar as pkParroquia FROM arma_tu_fiesta.lugar WHERE nombre = 'San Blas' AND fk_pertenece = (SELECT pkMuni FROM (SELECT id_lugar as pkMuni FROM arma_tu_fiesta.lugar WHERE tipo = 'Municipio' AND nombre = 'Valencia (Valencia)') as tablaMuni)) as tablaParroquia);
INSERT INTO arma_tu_fiesta.persona (cedula, p_nombre, s_nombre, p_apellido, s_apellido, fecha_nacimiento, sexo, estado_civil, fk_residencia) VALUES ('V20000070','Greysabel','Monica','Caicedo','Dasilva','1977-02-19','Femenino','Casado',@reside);

SET @cliente = (SELECT pkPersona FROM (SELECT id_persona as pkPersona from arma_tu_fiesta.persona WHERE cedula = 'V20000070') as tablaPersona);
INSERT INTO arma_tu_fiesta.telefono (numero, fk_persona) VALUES ('0426247632', @cliente);
INSERT INTO arma_tu_fiesta.email (correo, fk_persona) VALUES ('greysabelcaicedo@gmail.com', @cliente);
INSERT INTO arma_tu_fiesta.usuario (username, password, fk_persona, fk_rol) VALUES ('greysabelcaicedo@gmail.com', 'V20000070' , @cliente, @rol);

SET @reside = (SELECT pkParroquia FROM (SELECT id_lugar as pkParroquia FROM arma_tu_fiesta.lugar WHERE nombre = 'San Carlos de Austria' AND fk_pertenece = (SELECT pkMuni FROM (SELECT id_lugar as pkMuni FROM arma_tu_fiesta.lugar WHERE tipo = 'Municipio' AND nombre = 'Ezequiel Zamora (San Carlos)') as tablaMuni)) as tablaParroquia);
INSERT INTO arma_tu_fiesta.persona (cedula, p_nombre, s_nombre, p_apellido, s_apellido, fecha_nacimiento, sexo, estado_civil, fk_residencia) VALUES ('V20000071','José','Angel','Brito','Martínez','1988-11-15','Masculino','Soltero',@reside);

SET @cliente = (SELECT pkPersona FROM (SELECT id_persona as pkPersona from arma_tu_fiesta.persona WHERE cedula = 'V20000071') as tablaPersona);
INSERT INTO arma_tu_fiesta.telefono (numero, fk_persona) VALUES ('0424499921', @cliente);
INSERT INTO arma_tu_fiesta.email (correo, fk_persona) VALUES ('josébrito@gmail.com', @cliente);
INSERT INTO arma_tu_fiesta.usuario (username, password, fk_persona, fk_rol) VALUES ('josébrito@gmail.com', 'V20000071' , @cliente, @rol);

SET @reside = (SELECT pkParroquia FROM (SELECT id_lugar as pkParroquia FROM arma_tu_fiesta.lugar WHERE nombre = 'San Carlos de Austria' AND fk_pertenece = (SELECT pkMuni FROM (SELECT id_lugar as pkMuni FROM arma_tu_fiesta.lugar WHERE tipo = 'Municipio' AND nombre = 'Ezequiel Zamora (San Carlos)') as tablaMuni)) as tablaParroquia);
INSERT INTO arma_tu_fiesta.persona (cedula, p_nombre, s_nombre, p_apellido, s_apellido, fecha_nacimiento, sexo, estado_civil, fk_residencia) VALUES ('V20000072','Erick','Hans','Burkle','Sosa','1991-04-14','Masculino','Soltero',@reside);

SET @cliente = (SELECT pkPersona FROM (SELECT id_persona as pkPersona from arma_tu_fiesta.persona WHERE cedula = 'V20000072') as tablaPersona);
INSERT INTO arma_tu_fiesta.telefono (numero, fk_persona) VALUES ('0412285685', @cliente);
INSERT INTO arma_tu_fiesta.email (correo, fk_persona) VALUES ('erickburkle@gmail.com', @cliente);
INSERT INTO arma_tu_fiesta.usuario (username, password, fk_persona, fk_rol) VALUES ('erickburkle@gmail.com', 'V20000072' , @cliente, @rol);

SET @reside = (SELECT pkParroquia FROM (SELECT id_lugar as pkParroquia FROM arma_tu_fiesta.lugar WHERE nombre = 'San Carlos de Austria' AND fk_pertenece = (SELECT pkMuni FROM (SELECT id_lugar as pkMuni FROM arma_tu_fiesta.lugar WHERE tipo = 'Municipio' AND nombre = 'Ezequiel Zamora (San Carlos)') as tablaMuni)) as tablaParroquia);
INSERT INTO arma_tu_fiesta.persona (cedula, p_nombre, s_nombre, p_apellido, s_apellido, fecha_nacimiento, sexo, estado_civil, fk_residencia) VALUES ('V20000073','Victor','Manuel','Cabana','Robaina','1986-12-07','Masculino','Soltero',@reside);

SET @cliente = (SELECT pkPersona FROM (SELECT id_persona as pkPersona from arma_tu_fiesta.persona WHERE cedula = 'V20000073') as tablaPersona);
INSERT INTO arma_tu_fiesta.telefono (numero, fk_persona) VALUES ('0426435707', @cliente);
INSERT INTO arma_tu_fiesta.email (correo, fk_persona) VALUES ('victorcabana@gmail.com', @cliente);
INSERT INTO arma_tu_fiesta.usuario (username, password, fk_persona, fk_rol) VALUES ('victorcabana@gmail.com', 'V20000073' , @cliente, @rol);

SET @reside = (SELECT pkParroquia FROM (SELECT id_lugar as pkParroquia FROM arma_tu_fiesta.lugar WHERE nombre = 'San Carlos de Austria' AND fk_pertenece = (SELECT pkMuni FROM (SELECT id_lugar as pkMuni FROM arma_tu_fiesta.lugar WHERE tipo = 'Municipio' AND nombre = 'Ezequiel Zamora (San Carlos)') as tablaMuni)) as tablaParroquia);
INSERT INTO arma_tu_fiesta.persona (cedula, p_nombre, s_nombre, p_apellido, s_apellido, fecha_nacimiento, sexo, estado_civil, fk_residencia) VALUES ('V20000074','Andrés','Alejandro','Campos','Jiménez','1985-05-08','Masculino','Casado',@reside);

SET @cliente = (SELECT pkPersona FROM (SELECT id_persona as pkPersona from arma_tu_fiesta.persona WHERE cedula = 'V20000074') as tablaPersona);
INSERT INTO arma_tu_fiesta.telefono (numero, fk_persona) VALUES ('0212299227', @cliente);
INSERT INTO arma_tu_fiesta.email (correo, fk_persona) VALUES ('andréscampos@gmail.com', @cliente);
INSERT INTO arma_tu_fiesta.usuario (username, password, fk_persona, fk_rol) VALUES ('andréscampos@gmail.com', 'V20000074' , @cliente, @rol);

SET @reside = (SELECT pkParroquia FROM (SELECT id_lugar as pkParroquia FROM arma_tu_fiesta.lugar WHERE nombre = 'San Carlos de Austria' AND fk_pertenece = (SELECT pkMuni FROM (SELECT id_lugar as pkMuni FROM arma_tu_fiesta.lugar WHERE tipo = 'Municipio' AND nombre = 'Ezequiel Zamora (San Carlos)') as tablaMuni)) as tablaParroquia);
INSERT INTO arma_tu_fiesta.persona (cedula, p_nombre, s_nombre, p_apellido, s_apellido, fecha_nacimiento, sexo, estado_civil, fk_residencia) VALUES ('V20000075','Luis','Esneim','Carballo','Calle','1987-07-06','Masculino','Casado',@reside);

SET @cliente = (SELECT pkPersona FROM (SELECT id_persona as pkPersona from arma_tu_fiesta.persona WHERE cedula = 'V20000075') as tablaPersona);
INSERT INTO arma_tu_fiesta.telefono (numero, fk_persona) VALUES ('0414707528', @cliente);
INSERT INTO arma_tu_fiesta.email (correo, fk_persona) VALUES ('luiscarballo@gmail.com', @cliente);
INSERT INTO arma_tu_fiesta.usuario (username, password, fk_persona, fk_rol) VALUES ('luiscarballo@gmail.com', 'V20000075' , @cliente, @rol);

SET @reside = (SELECT pkParroquia FROM (SELECT id_lugar as pkParroquia FROM arma_tu_fiesta.lugar WHERE nombre = 'Manuel Manrique' AND fk_pertenece = (SELECT pkMuni FROM (SELECT id_lugar as pkMuni FROM arma_tu_fiesta.lugar WHERE tipo = 'Municipio' AND nombre = 'Ezequiel Zamora (San Carlos)') as tablaMuni)) as tablaParroquia);
INSERT INTO arma_tu_fiesta.persona (cedula, p_nombre, s_nombre, p_apellido, s_apellido, fecha_nacimiento, sexo, estado_civil, fk_residencia) VALUES ('V20000076','Paola','Valentina','Cane','Mejías','1988-10-07','Femenino','Soltero',@reside);

SET @cliente = (SELECT pkPersona FROM (SELECT id_persona as pkPersona from arma_tu_fiesta.persona WHERE cedula = 'V20000076') as tablaPersona);
INSERT INTO arma_tu_fiesta.telefono (numero, fk_persona) VALUES ('0424366530', @cliente);
INSERT INTO arma_tu_fiesta.email (correo, fk_persona) VALUES ('paolacane@gmail.com', @cliente);
INSERT INTO arma_tu_fiesta.usuario (username, password, fk_persona, fk_rol) VALUES ('paolacane@gmail.com', 'V20000076' , @cliente, @rol);

SET @reside = (SELECT pkParroquia FROM (SELECT id_lugar as pkParroquia FROM arma_tu_fiesta.lugar WHERE nombre = 'Manuel Manrique' AND fk_pertenece = (SELECT pkMuni FROM (SELECT id_lugar as pkMuni FROM arma_tu_fiesta.lugar WHERE tipo = 'Municipio' AND nombre = 'Ezequiel Zamora (San Carlos)') as tablaMuni)) as tablaParroquia);
INSERT INTO arma_tu_fiesta.persona (cedula, p_nombre, s_nombre, p_apellido, s_apellido, fecha_nacimiento, sexo, estado_civil, fk_residencia) VALUES ('V20000077','Ana','Karina','Carpio','Moura','1970-11-05','Femenino','Soltero',@reside);

SET @cliente = (SELECT pkPersona FROM (SELECT id_persona as pkPersona from arma_tu_fiesta.persona WHERE cedula = 'V20000077') as tablaPersona);
INSERT INTO arma_tu_fiesta.telefono (numero, fk_persona) VALUES ('0412178528', @cliente);
INSERT INTO arma_tu_fiesta.email (correo, fk_persona) VALUES ('anacarpio@gmail.com', @cliente);
INSERT INTO arma_tu_fiesta.usuario (username, password, fk_persona, fk_rol) VALUES ('anacarpio@gmail.com', 'V20000077' , @cliente, @rol);

SET @reside = (SELECT pkParroquia FROM (SELECT id_lugar as pkParroquia FROM arma_tu_fiesta.lugar WHERE nombre = 'Manuel Manrique' AND fk_pertenece = (SELECT pkMuni FROM (SELECT id_lugar as pkMuni FROM arma_tu_fiesta.lugar WHERE tipo = 'Municipio' AND nombre = 'Ezequiel Zamora (San Carlos)') as tablaMuni)) as tablaParroquia);
INSERT INTO arma_tu_fiesta.persona (cedula, p_nombre, s_nombre, p_apellido, s_apellido, fecha_nacimiento, sexo, estado_civil, fk_residencia) VALUES ('V20000078','Clarissa','Anduanet','Casas','Jara','1979-12-17','Femenino','Soltero',@reside);

SET @cliente = (SELECT pkPersona FROM (SELECT id_persona as pkPersona from arma_tu_fiesta.persona WHERE cedula = 'V20000078') as tablaPersona);
INSERT INTO arma_tu_fiesta.telefono (numero, fk_persona) VALUES ('0212349604', @cliente);
INSERT INTO arma_tu_fiesta.email (correo, fk_persona) VALUES ('clarissacasas@gmail.com', @cliente);
INSERT INTO arma_tu_fiesta.usuario (username, password, fk_persona, fk_rol) VALUES ('clarissacasas@gmail.com', 'V20000078' , @cliente, @rol);

SET @reside = (SELECT pkParroquia FROM (SELECT id_lugar as pkParroquia FROM arma_tu_fiesta.lugar WHERE nombre = 'Manuel Manrique' AND fk_pertenece = (SELECT pkMuni FROM (SELECT id_lugar as pkMuni FROM arma_tu_fiesta.lugar WHERE tipo = 'Municipio' AND nombre = 'Ezequiel Zamora (San Carlos)') as tablaMuni)) as tablaParroquia);
INSERT INTO arma_tu_fiesta.persona (cedula, p_nombre, s_nombre, p_apellido, s_apellido, fecha_nacimiento, sexo, estado_civil, fk_residencia) VALUES ('V20000079','Maria','Valentina','Silva','Laveglia','1990-01-12','Femenino','Casado',@reside);

SET @cliente = (SELECT pkPersona FROM (SELECT id_persona as pkPersona from arma_tu_fiesta.persona WHERE cedula = 'V20000079') as tablaPersona);
INSERT INTO arma_tu_fiesta.telefono (numero, fk_persona) VALUES ('0426312989', @cliente);
INSERT INTO arma_tu_fiesta.email (correo, fk_persona) VALUES ('mariasilva@gmail.com', @cliente);
INSERT INTO arma_tu_fiesta.usuario (username, password, fk_persona, fk_rol) VALUES ('mariasilva@gmail.com', 'V20000079' , @cliente, @rol);

SET @reside = (SELECT pkParroquia FROM (SELECT id_lugar as pkParroquia FROM arma_tu_fiesta.lugar WHERE nombre = 'Manuel Manrique' AND fk_pertenece = (SELECT pkMuni FROM (SELECT id_lugar as pkMuni FROM arma_tu_fiesta.lugar WHERE tipo = 'Municipio' AND nombre = 'Ezequiel Zamora (San Carlos)') as tablaMuni)) as tablaParroquia);
INSERT INTO arma_tu_fiesta.persona (cedula, p_nombre, s_nombre, p_apellido, s_apellido, fecha_nacimiento, sexo, estado_civil, fk_residencia) VALUES ('V20000080','Gabriela','Monica','Silva','Rivas','1977-02-20','Femenino','Casado',@reside);

SET @cliente = (SELECT pkPersona FROM (SELECT id_persona as pkPersona from arma_tu_fiesta.persona WHERE cedula = 'V20000080') as tablaPersona);
INSERT INTO arma_tu_fiesta.telefono (numero, fk_persona) VALUES ('0212584101', @cliente);
INSERT INTO arma_tu_fiesta.email (correo, fk_persona) VALUES ('gabrielasilva@gmail.com', @cliente);
INSERT INTO arma_tu_fiesta.usuario (username, password, fk_persona, fk_rol) VALUES ('gabrielasilva@gmail.com', 'V20000080' , @cliente, @rol);

SET @reside = (SELECT pkParroquia FROM (SELECT id_lugar as pkParroquia FROM arma_tu_fiesta.lugar WHERE nombre = 'San José' AND fk_pertenece = (SELECT pkMuni FROM (SELECT id_lugar as pkMuni FROM arma_tu_fiesta.lugar WHERE tipo = 'Municipio' AND nombre = 'Tucupita (Tucupita)') as tablaMuni)) as tablaParroquia);
INSERT INTO arma_tu_fiesta.persona (cedula, p_nombre, s_nombre, p_apellido, s_apellido, fecha_nacimiento, sexo, estado_civil, fk_residencia) VALUES ('V20000081','Fabio','Gregorio','Fonseca','Oliveira','1988-11-16','Masculino','Soltero',@reside);

SET @cliente = (SELECT pkPersona FROM (SELECT id_persona as pkPersona from arma_tu_fiesta.persona WHERE cedula = 'V20000081') as tablaPersona);
INSERT INTO arma_tu_fiesta.telefono (numero, fk_persona) VALUES ('0212737712', @cliente);
INSERT INTO arma_tu_fiesta.email (correo, fk_persona) VALUES ('fabiofonseca@gmail.com', @cliente);
INSERT INTO arma_tu_fiesta.usuario (username, password, fk_persona, fk_rol) VALUES ('fabiofonseca@gmail.com', 'V20000081' , @cliente, @rol);

SET @reside = (SELECT pkParroquia FROM (SELECT id_lugar as pkParroquia FROM arma_tu_fiesta.lugar WHERE nombre = 'San José' AND fk_pertenece = (SELECT pkMuni FROM (SELECT id_lugar as pkMuni FROM arma_tu_fiesta.lugar WHERE tipo = 'Municipio' AND nombre = 'Tucupita (Tucupita)') as tablaMuni)) as tablaParroquia);
INSERT INTO arma_tu_fiesta.persona (cedula, p_nombre, s_nombre, p_apellido, s_apellido, fecha_nacimiento, sexo, estado_civil, fk_residencia) VALUES ('V20000082','Jean','Carlos','Silva','Amoreira','1991-04-15','Masculino','Soltero',@reside);

SET @cliente = (SELECT pkPersona FROM (SELECT id_persona as pkPersona from arma_tu_fiesta.persona WHERE cedula = 'V20000082') as tablaPersona);
INSERT INTO arma_tu_fiesta.telefono (numero, fk_persona) VALUES ('0412825385', @cliente);
INSERT INTO arma_tu_fiesta.email (correo, fk_persona) VALUES ('jeansilva@gmail.com', @cliente);
INSERT INTO arma_tu_fiesta.usuario (username, password, fk_persona, fk_rol) VALUES ('jeansilva@gmail.com', 'V20000082' , @cliente, @rol);

SET @reside = (SELECT pkParroquia FROM (SELECT id_lugar as pkParroquia FROM arma_tu_fiesta.lugar WHERE nombre = 'San José' AND fk_pertenece = (SELECT pkMuni FROM (SELECT id_lugar as pkMuni FROM arma_tu_fiesta.lugar WHERE tipo = 'Municipio' AND nombre = 'Tucupita (Tucupita)') as tablaMuni)) as tablaParroquia);
INSERT INTO arma_tu_fiesta.persona (cedula, p_nombre, s_nombre, p_apellido, s_apellido, fecha_nacimiento, sexo, estado_civil, fk_residencia) VALUES ('V20000083','José','Andrés','Silva','Fernández','1986-12-08','Masculino','Soltero',@reside);

SET @cliente = (SELECT pkPersona FROM (SELECT id_persona as pkPersona from arma_tu_fiesta.persona WHERE cedula = 'V20000083') as tablaPersona);
INSERT INTO arma_tu_fiesta.telefono (numero, fk_persona) VALUES ('0424172802', @cliente);
INSERT INTO arma_tu_fiesta.email (correo, fk_persona) VALUES ('josésilva@gmail.com', @cliente);
INSERT INTO arma_tu_fiesta.usuario (username, password, fk_persona, fk_rol) VALUES ('josésilva@gmail.com', 'V20000083' , @cliente, @rol);

SET @reside = (SELECT pkParroquia FROM (SELECT id_lugar as pkParroquia FROM arma_tu_fiesta.lugar WHERE nombre = 'San José' AND fk_pertenece = (SELECT pkMuni FROM (SELECT id_lugar as pkMuni FROM arma_tu_fiesta.lugar WHERE tipo = 'Municipio' AND nombre = 'Tucupita (Tucupita)') as tablaMuni)) as tablaParroquia);
INSERT INTO arma_tu_fiesta.persona (cedula, p_nombre, s_nombre, p_apellido, s_apellido, fecha_nacimiento, sexo, estado_civil, fk_residencia) VALUES ('V20000084','Javier','Alejandro','Delgado','Medina','1985-05-09','Masculino','Casado',@reside);

SET @cliente = (SELECT pkPersona FROM (SELECT id_persona as pkPersona from arma_tu_fiesta.persona WHERE cedula = 'V20000084') as tablaPersona);
INSERT INTO arma_tu_fiesta.telefono (numero, fk_persona) VALUES ('0426499206', @cliente);
INSERT INTO arma_tu_fiesta.email (correo, fk_persona) VALUES ('javierdelgado@gmail.com', @cliente);
INSERT INTO arma_tu_fiesta.usuario (username, password, fk_persona, fk_rol) VALUES ('javierdelgado@gmail.com', 'V20000084' , @cliente, @rol);

SET @reside = (SELECT pkParroquia FROM (SELECT id_lugar as pkParroquia FROM arma_tu_fiesta.lugar WHERE nombre = 'San José' AND fk_pertenece = (SELECT pkMuni FROM (SELECT id_lugar as pkMuni FROM arma_tu_fiesta.lugar WHERE tipo = 'Municipio' AND nombre = 'Tucupita (Tucupita)') as tablaMuni)) as tablaParroquia);
INSERT INTO arma_tu_fiesta.persona (cedula, p_nombre, s_nombre, p_apellido, s_apellido, fecha_nacimiento, sexo, estado_civil, fk_residencia) VALUES ('V20000085','Andrés','Enrique','Dellacasa','Guerra','1987-07-08','Masculino','Casado',@reside);

SET @cliente = (SELECT pkPersona FROM (SELECT id_persona as pkPersona from arma_tu_fiesta.persona WHERE cedula = 'V20000085') as tablaPersona);
INSERT INTO arma_tu_fiesta.telefono (numero, fk_persona) VALUES ('0414361360', @cliente);
INSERT INTO arma_tu_fiesta.email (correo, fk_persona) VALUES ('andrésdellacasa@gmail.com', @cliente);
INSERT INTO arma_tu_fiesta.usuario (username, password, fk_persona, fk_rol) VALUES ('andrésdellacasa@gmail.com', 'V20000085' , @cliente, @rol);

SET @reside = (SELECT pkParroquia FROM (SELECT id_lugar as pkParroquia FROM arma_tu_fiesta.lugar WHERE nombre = 'San Rafael' AND fk_pertenece = (SELECT pkMuni FROM (SELECT id_lugar as pkMuni FROM arma_tu_fiesta.lugar WHERE tipo = 'Municipio' AND nombre = 'Tucupita (Tucupita)') as tablaMuni)) as tablaParroquia);
INSERT INTO arma_tu_fiesta.persona (cedula, p_nombre, s_nombre, p_apellido, s_apellido, fecha_nacimiento, sexo, estado_civil, fk_residencia) VALUES ('V20000086','Stephanie','Valentina','Duarte','Delgado','1988-10-08','Femenino','Soltero',@reside);

SET @cliente = (SELECT pkPersona FROM (SELECT id_persona as pkPersona from arma_tu_fiesta.persona WHERE cedula = 'V20000086') as tablaPersona);
INSERT INTO arma_tu_fiesta.telefono (numero, fk_persona) VALUES ('0414158287', @cliente);
INSERT INTO arma_tu_fiesta.email (correo, fk_persona) VALUES ('stephanieduarte@gmail.com', @cliente);
INSERT INTO arma_tu_fiesta.usuario (username, password, fk_persona, fk_rol) VALUES ('stephanieduarte@gmail.com', 'V20000086' , @cliente, @rol);

SET @reside = (SELECT pkParroquia FROM (SELECT id_lugar as pkParroquia FROM arma_tu_fiesta.lugar WHERE nombre = 'San Rafael' AND fk_pertenece = (SELECT pkMuni FROM (SELECT id_lugar as pkMuni FROM arma_tu_fiesta.lugar WHERE tipo = 'Municipio' AND nombre = 'Tucupita (Tucupita)') as tablaMuni)) as tablaParroquia);
INSERT INTO arma_tu_fiesta.persona (cedula, p_nombre, s_nombre, p_apellido, s_apellido, fecha_nacimiento, sexo, estado_civil, fk_residencia) VALUES ('V20000087','Dirlianis','Dayelis','Echenique','Rodríguez','1970-11-06','Femenino','Soltero',@reside);

SET @cliente = (SELECT pkPersona FROM (SELECT id_persona as pkPersona from arma_tu_fiesta.persona WHERE cedula = 'V20000087') as tablaPersona);
INSERT INTO arma_tu_fiesta.telefono (numero, fk_persona) VALUES ('0414734355', @cliente);
INSERT INTO arma_tu_fiesta.email (correo, fk_persona) VALUES ('dirlianisechenique@gmail.com', @cliente);
INSERT INTO arma_tu_fiesta.usuario (username, password, fk_persona, fk_rol) VALUES ('dirlianisechenique@gmail.com', 'V20000087' , @cliente, @rol);

SET @reside = (SELECT pkParroquia FROM (SELECT id_lugar as pkParroquia FROM arma_tu_fiesta.lugar WHERE nombre = 'San Rafael' AND fk_pertenece = (SELECT pkMuni FROM (SELECT id_lugar as pkMuni FROM arma_tu_fiesta.lugar WHERE tipo = 'Municipio' AND nombre = 'Tucupita (Tucupita)') as tablaMuni)) as tablaParroquia);
INSERT INTO arma_tu_fiesta.persona (cedula, p_nombre, s_nombre, p_apellido, s_apellido, fecha_nacimiento, sexo, estado_civil, fk_residencia) VALUES ('V20000088','Laura','Stephanie','Goncalves','Silva','1979-12-18','Femenino','Soltero',@reside);

SET @cliente = (SELECT pkPersona FROM (SELECT id_persona as pkPersona from arma_tu_fiesta.persona WHERE cedula = 'V20000088') as tablaPersona);
INSERT INTO arma_tu_fiesta.telefono (numero, fk_persona) VALUES ('0212537964', @cliente);
INSERT INTO arma_tu_fiesta.email (correo, fk_persona) VALUES ('lauragoncalves@gmail.com', @cliente);
INSERT INTO arma_tu_fiesta.usuario (username, password, fk_persona, fk_rol) VALUES ('lauragoncalves@gmail.com', 'V20000088' , @cliente, @rol);

SET @reside = (SELECT pkParroquia FROM (SELECT id_lugar as pkParroquia FROM arma_tu_fiesta.lugar WHERE nombre = 'San Rafael' AND fk_pertenece = (SELECT pkMuni FROM (SELECT id_lugar as pkMuni FROM arma_tu_fiesta.lugar WHERE tipo = 'Municipio' AND nombre = 'Tucupita (Tucupita)') as tablaMuni)) as tablaParroquia);
INSERT INTO arma_tu_fiesta.persona (cedula, p_nombre, s_nombre, p_apellido, s_apellido, fecha_nacimiento, sexo, estado_civil, fk_residencia) VALUES ('V20000089','Baumary','Norian','Granatti','Figuera','1990-01-13','Femenino','Casado',@reside);

SET @cliente = (SELECT pkPersona FROM (SELECT id_persona as pkPersona from arma_tu_fiesta.persona WHERE cedula = 'V20000089') as tablaPersona);
INSERT INTO arma_tu_fiesta.telefono (numero, fk_persona) VALUES ('0416261709', @cliente);
INSERT INTO arma_tu_fiesta.email (correo, fk_persona) VALUES ('baumarygranatti@gmail.com', @cliente);
INSERT INTO arma_tu_fiesta.usuario (username, password, fk_persona, fk_rol) VALUES ('baumarygranatti@gmail.com', 'V20000089' , @cliente, @rol);

SET @reside = (SELECT pkParroquia FROM (SELECT id_lugar as pkParroquia FROM arma_tu_fiesta.lugar WHERE nombre = 'San Rafael' AND fk_pertenece = (SELECT pkMuni FROM (SELECT id_lugar as pkMuni FROM arma_tu_fiesta.lugar WHERE tipo = 'Municipio' AND nombre = 'Tucupita (Tucupita)') as tablaMuni)) as tablaParroquia);
INSERT INTO arma_tu_fiesta.persona (cedula, p_nombre, s_nombre, p_apellido, s_apellido, fecha_nacimiento, sexo, estado_civil, fk_residencia) VALUES ('V20000090','Karlys','Daribeht','Hernandez','Rivero','1977-02-21','Femenino','Casado',@reside);

SET @cliente = (SELECT pkPersona FROM (SELECT id_persona as pkPersona from arma_tu_fiesta.persona WHERE cedula = 'V20000090') as tablaPersona);
INSERT INTO arma_tu_fiesta.telefono (numero, fk_persona) VALUES ('0412674236', @cliente);
INSERT INTO arma_tu_fiesta.email (correo, fk_persona) VALUES ('karlyshernandez@gmail.com', @cliente);
INSERT INTO arma_tu_fiesta.usuario (username, password, fk_persona, fk_rol) VALUES ('karlyshernandez@gmail.com', 'V20000090' , @cliente, @rol);

SET @reside = (SELECT pkParroquia FROM (SELECT id_lugar as pkParroquia FROM arma_tu_fiesta.lugar WHERE nombre = 'Coche' AND fk_pertenece = (SELECT pkMuni FROM (SELECT id_lugar as pkMuni FROM arma_tu_fiesta.lugar WHERE tipo = 'Municipio' AND nombre = 'Libertador (Caracas)') as tablaMuni)) as tablaParroquia);
INSERT INTO arma_tu_fiesta.persona (cedula, p_nombre, s_nombre, p_apellido, s_apellido, fecha_nacimiento, sexo, estado_civil, fk_residencia) VALUES ('V20000091','José','Luis','Esqueche','Altamirano','1988-10-12','Masculino','Soltero',@reside);

SET @cliente = (SELECT pkPersona FROM (SELECT id_persona as pkPersona from arma_tu_fiesta.persona WHERE cedula = 'V20000091') as tablaPersona);
INSERT INTO arma_tu_fiesta.telefono (numero, fk_persona) VALUES ('0416793786', @cliente);
INSERT INTO arma_tu_fiesta.email (correo, fk_persona) VALUES ('joséesqueche@gmail.com', @cliente);
INSERT INTO arma_tu_fiesta.usuario (username, password, fk_persona, fk_rol) VALUES ('joséesqueche@gmail.com', 'V20000091' , @cliente, @rol);

SET @reside = (SELECT pkParroquia FROM (SELECT id_lugar as pkParroquia FROM arma_tu_fiesta.lugar WHERE nombre = 'Coche' AND fk_pertenece = (SELECT pkMuni FROM (SELECT id_lugar as pkMuni FROM arma_tu_fiesta.lugar WHERE tipo = 'Municipio' AND nombre = 'Libertador (Caracas)') as tablaMuni)) as tablaParroquia);
INSERT INTO arma_tu_fiesta.persona (cedula, p_nombre, s_nombre, p_apellido, s_apellido, fecha_nacimiento, sexo, estado_civil, fk_residencia) VALUES ('V20000092','José','Manuel','Gallardo','Hijuelo','1991-03-11','Masculino','Soltero',@reside);

SET @cliente = (SELECT pkPersona FROM (SELECT id_persona as pkPersona from arma_tu_fiesta.persona WHERE cedula = 'V20000092') as tablaPersona);
INSERT INTO arma_tu_fiesta.telefono (numero, fk_persona) VALUES ('0424672010', @cliente);
INSERT INTO arma_tu_fiesta.email (correo, fk_persona) VALUES ('joségallardo@gmail.com', @cliente);
INSERT INTO arma_tu_fiesta.usuario (username, password, fk_persona, fk_rol) VALUES ('joségallardo@gmail.com', 'V20000092' , @cliente, @rol);

SET @reside = (SELECT pkParroquia FROM (SELECT id_lugar as pkParroquia FROM arma_tu_fiesta.lugar WHERE nombre = 'Antímano' AND fk_pertenece = (SELECT pkMuni FROM (SELECT id_lugar as pkMuni FROM arma_tu_fiesta.lugar WHERE tipo = 'Municipio' AND nombre = 'Libertador (Caracas)') as tablaMuni)) as tablaParroquia);
INSERT INTO arma_tu_fiesta.persona (cedula, p_nombre, s_nombre, p_apellido, s_apellido, fecha_nacimiento, sexo, estado_civil, fk_residencia) VALUES ('V20000093','Jhoan','Alejandro','García','Nuñez','1986-11-04','Masculino','Soltero',@reside);

SET @cliente = (SELECT pkPersona FROM (SELECT id_persona as pkPersona from arma_tu_fiesta.persona WHERE cedula = 'V20000093') as tablaPersona);
INSERT INTO arma_tu_fiesta.telefono (numero, fk_persona) VALUES ('0426191173', @cliente);
INSERT INTO arma_tu_fiesta.email (correo, fk_persona) VALUES ('jhoangarcía@gmail.com', @cliente);
INSERT INTO arma_tu_fiesta.usuario (username, password, fk_persona, fk_rol) VALUES ('jhoangarcía@gmail.com', 'V20000093' , @cliente, @rol);

SET @reside = (SELECT pkParroquia FROM (SELECT id_lugar as pkParroquia FROM arma_tu_fiesta.lugar WHERE nombre = 'San Pedro' AND fk_pertenece = (SELECT pkMuni FROM (SELECT id_lugar as pkMuni FROM arma_tu_fiesta.lugar WHERE tipo = 'Municipio' AND nombre = 'Libertador (Caracas)') as tablaMuni)) as tablaParroquia);
INSERT INTO arma_tu_fiesta.persona (cedula, p_nombre, s_nombre, p_apellido, s_apellido, fecha_nacimiento, sexo, estado_civil, fk_residencia) VALUES ('V20000094','Sergio','Jose','Gil','Marinelli','1985-04-05','Masculino','Casado',@reside);

SET @cliente = (SELECT pkPersona FROM (SELECT id_persona as pkPersona from arma_tu_fiesta.persona WHERE cedula = 'V20000094') as tablaPersona);
INSERT INTO arma_tu_fiesta.telefono (numero, fk_persona) VALUES ('0212980058', @cliente);
INSERT INTO arma_tu_fiesta.email (correo, fk_persona) VALUES ('sergiogil@gmail.com', @cliente);
INSERT INTO arma_tu_fiesta.usuario (username, password, fk_persona, fk_rol) VALUES ('sergiogil@gmail.com', 'V20000094' , @cliente, @rol);

SET @reside = (SELECT pkParroquia FROM (SELECT id_lugar as pkParroquia FROM arma_tu_fiesta.lugar WHERE nombre = 'San Pedro' AND fk_pertenece = (SELECT pkMuni FROM (SELECT id_lugar as pkMuni FROM arma_tu_fiesta.lugar WHERE tipo = 'Municipio' AND nombre = 'Libertador (Caracas)') as tablaMuni)) as tablaParroquia);
INSERT INTO arma_tu_fiesta.persona (cedula, p_nombre, s_nombre, p_apellido, s_apellido, fecha_nacimiento, sexo, estado_civil, fk_residencia) VALUES ('V20000095','Carlos','Daniel','Gomes','Carchidio','1987-06-03','Masculino','Casado',@reside);

SET @cliente = (SELECT pkPersona FROM (SELECT id_persona as pkPersona from arma_tu_fiesta.persona WHERE cedula = 'V20000095') as tablaPersona);
INSERT INTO arma_tu_fiesta.telefono (numero, fk_persona) VALUES ('0412657812', @cliente);
INSERT INTO arma_tu_fiesta.email (correo, fk_persona) VALUES ('carlosgomes@gmail.com', @cliente);
INSERT INTO arma_tu_fiesta.usuario (username, password, fk_persona, fk_rol) VALUES ('carlosgomes@gmail.com', 'V20000095' , @cliente, @rol);

SET @reside = (SELECT pkParroquia FROM (SELECT id_lugar as pkParroquia FROM arma_tu_fiesta.lugar WHERE nombre = 'El Valle' AND fk_pertenece = (SELECT pkMuni FROM (SELECT id_lugar as pkMuni FROM arma_tu_fiesta.lugar WHERE tipo = 'Municipio' AND nombre = 'Libertador (Caracas)') as tablaMuni)) as tablaParroquia);
INSERT INTO arma_tu_fiesta.persona (cedula, p_nombre, s_nombre, p_apellido, s_apellido, fecha_nacimiento, sexo, estado_civil, fk_residencia) VALUES ('V20000096','Ana','Valeria','López','Álvarez','1988-09-04','Femenino','Soltero',@reside);

SET @cliente = (SELECT pkPersona FROM (SELECT id_persona as pkPersona from arma_tu_fiesta.persona WHERE cedula = 'V20000096') as tablaPersona);
INSERT INTO arma_tu_fiesta.telefono (numero, fk_persona) VALUES ('0424175079', @cliente);
INSERT INTO arma_tu_fiesta.email (correo, fk_persona) VALUES ('analópez@gmail.com', @cliente);
INSERT INTO arma_tu_fiesta.usuario (username, password, fk_persona, fk_rol) VALUES ('analópez@gmail.com', 'V20000096' , @cliente, @rol);

SET @reside = (SELECT pkParroquia FROM (SELECT id_lugar as pkParroquia FROM arma_tu_fiesta.lugar WHERE nombre = 'El Valle' AND fk_pertenece = (SELECT pkMuni FROM (SELECT id_lugar as pkMuni FROM arma_tu_fiesta.lugar WHERE tipo = 'Municipio' AND nombre = 'Libertador (Caracas)') as tablaMuni)) as tablaParroquia);
INSERT INTO arma_tu_fiesta.persona (cedula, p_nombre, s_nombre, p_apellido, s_apellido, fecha_nacimiento, sexo, estado_civil, fk_residencia) VALUES ('V20000097','Natalia','Solei','López','Briceño','1970-10-02','Femenino','Soltero',@reside);

SET @cliente = (SELECT pkPersona FROM (SELECT id_persona as pkPersona from arma_tu_fiesta.persona WHERE cedula = 'V20000097') as tablaPersona);
INSERT INTO arma_tu_fiesta.telefono (numero, fk_persona) VALUES ('0414856922', @cliente);
INSERT INTO arma_tu_fiesta.email (correo, fk_persona) VALUES ('natalialópez@gmail.com', @cliente);
INSERT INTO arma_tu_fiesta.usuario (username, password, fk_persona, fk_rol) VALUES ('natalialópez@gmail.com', 'V20000097' , @cliente, @rol);

SET @reside = (SELECT pkParroquia FROM (SELECT id_lugar as pkParroquia FROM arma_tu_fiesta.lugar WHERE nombre = 'El Valle' AND fk_pertenece = (SELECT pkMuni FROM (SELECT id_lugar as pkMuni FROM arma_tu_fiesta.lugar WHERE tipo = 'Municipio' AND nombre = 'Libertador (Caracas)') as tablaMuni)) as tablaParroquia);
INSERT INTO arma_tu_fiesta.persona (cedula, p_nombre, s_nombre, p_apellido, s_apellido, fecha_nacimiento, sexo, estado_civil, fk_residencia) VALUES ('V20000098','Veruska','Andreina','Martinez','Bastidas','1979-11-14','Femenino','Soltero',@reside);

SET @cliente = (SELECT pkPersona FROM (SELECT id_persona as pkPersona from arma_tu_fiesta.persona WHERE cedula = 'V20000098') as tablaPersona);
INSERT INTO arma_tu_fiesta.telefono (numero, fk_persona) VALUES ('0212821968', @cliente);
INSERT INTO arma_tu_fiesta.email (correo, fk_persona) VALUES ('veruskamartinez@gmail.com', @cliente);
INSERT INTO arma_tu_fiesta.usuario (username, password, fk_persona, fk_rol) VALUES ('veruskamartinez@gmail.com', 'V20000098' , @cliente, @rol);

SET @reside = (SELECT pkParroquia FROM (SELECT id_lugar as pkParroquia FROM arma_tu_fiesta.lugar WHERE nombre = 'El Recreo' AND fk_pertenece = (SELECT pkMuni FROM (SELECT id_lugar as pkMuni FROM arma_tu_fiesta.lugar WHERE tipo = 'Municipio' AND nombre = 'Libertador (Caracas)') as tablaMuni)) as tablaParroquia);
INSERT INTO arma_tu_fiesta.persona (cedula, p_nombre, s_nombre, p_apellido, s_apellido, fecha_nacimiento, sexo, estado_civil, fk_residencia) VALUES ('V20000099','Kayla','Mercedes','Montero','Parra','1990-02-19','Femenino','Casado',@reside);

SET @cliente = (SELECT pkPersona FROM (SELECT id_persona as pkPersona from arma_tu_fiesta.persona WHERE cedula = 'V20000099') as tablaPersona);
INSERT INTO arma_tu_fiesta.telefono (numero, fk_persona) VALUES ('0424494784', @cliente);
INSERT INTO arma_tu_fiesta.email (correo, fk_persona) VALUES ('kaylamontero@gmail.com', @cliente);
INSERT INTO arma_tu_fiesta.usuario (username, password, fk_persona, fk_rol) VALUES ('kaylamontero@gmail.com', 'V20000099' , @cliente, @rol);

SET @reside = (SELECT pkParroquia FROM (SELECT id_lugar as pkParroquia FROM arma_tu_fiesta.lugar WHERE nombre = 'Sucre' AND fk_pertenece = (SELECT pkMuni FROM (SELECT id_lugar as pkMuni FROM arma_tu_fiesta.lugar WHERE tipo = 'Municipio' AND nombre = 'Libertador (Caracas)') as tablaMuni)) as tablaParroquia);
INSERT INTO arma_tu_fiesta.persona (cedula, p_nombre, s_nombre, p_apellido, s_apellido, fecha_nacimiento, sexo, estado_civil, fk_residencia) VALUES ('V20000100','María','Gabriela','Omaña','Batista','1977-01-17','Femenino','Casado',@reside);

SET @cliente = (SELECT pkPersona FROM (SELECT id_persona as pkPersona from arma_tu_fiesta.persona WHERE cedula = 'V20000100') as tablaPersona);
INSERT INTO arma_tu_fiesta.telefono (numero, fk_persona) VALUES ('0414358199', @cliente);
INSERT INTO arma_tu_fiesta.email (correo, fk_persona) VALUES ('maríaomaña@gmail.com', @cliente);
INSERT INTO arma_tu_fiesta.usuario (username, password, fk_persona, fk_rol) VALUES ('maríaomaña@gmail.com', 'V20000100' , @cliente, @rol);

SET @reside = (SELECT pkParroquia FROM (SELECT id_lugar as pkParroquia FROM arma_tu_fiesta.lugar WHERE nombre = 'Río Seco' AND fk_pertenece = (SELECT pkMuni FROM (SELECT id_lugar as pkMuni FROM arma_tu_fiesta.lugar WHERE tipo = 'Municipio' AND nombre = 'Miranda (Santa Ana de Coro)') as tablaMuni)) as tablaParroquia);
INSERT INTO arma_tu_fiesta.persona (cedula, p_nombre, s_nombre, p_apellido, s_apellido, fecha_nacimiento, sexo, estado_civil, fk_residencia) VALUES ('V20000101','Darío','Ignacio','Gómez','Coss','1987-11-12','Masculino','Soltero',@reside);

SET @cliente = (SELECT pkPersona FROM (SELECT id_persona as pkPersona from arma_tu_fiesta.persona WHERE cedula = 'V20000101') as tablaPersona);
INSERT INTO arma_tu_fiesta.telefono (numero, fk_persona) VALUES ('0424353386', @cliente);
INSERT INTO arma_tu_fiesta.email (correo, fk_persona) VALUES ('daríogómez@gmail.com', @cliente);
INSERT INTO arma_tu_fiesta.usuario (username, password, fk_persona, fk_rol) VALUES ('daríogómez@gmail.com', 'V20000101' , @cliente, @rol);

SET @reside = (SELECT pkParroquia FROM (SELECT id_lugar as pkParroquia FROM arma_tu_fiesta.lugar WHERE nombre = 'Río Seco' AND fk_pertenece = (SELECT pkMuni FROM (SELECT id_lugar as pkMuni FROM arma_tu_fiesta.lugar WHERE tipo = 'Municipio' AND nombre = 'Miranda (Santa Ana de Coro)') as tablaMuni)) as tablaParroquia);
INSERT INTO arma_tu_fiesta.persona (cedula, p_nombre, s_nombre, p_apellido, s_apellido, fecha_nacimiento, sexo, estado_civil, fk_residencia) VALUES ('V20000102','Alejandro','José','Gómez','Goncalves','1990-04-11','Masculino','Soltero',@reside);

SET @cliente = (SELECT pkPersona FROM (SELECT id_persona as pkPersona from arma_tu_fiesta.persona WHERE cedula = 'V20000102') as tablaPersona);
INSERT INTO arma_tu_fiesta.telefono (numero, fk_persona) VALUES ('0416615515', @cliente);
INSERT INTO arma_tu_fiesta.email (correo, fk_persona) VALUES ('alejandrogómez@gmail.com', @cliente);
INSERT INTO arma_tu_fiesta.usuario (username, password, fk_persona, fk_rol) VALUES ('alejandrogómez@gmail.com', 'V20000102' , @cliente, @rol);

SET @reside = (SELECT pkParroquia FROM (SELECT id_lugar as pkParroquia FROM arma_tu_fiesta.lugar WHERE nombre = 'Río Seco' AND fk_pertenece = (SELECT pkMuni FROM (SELECT id_lugar as pkMuni FROM arma_tu_fiesta.lugar WHERE tipo = 'Municipio' AND nombre = 'Miranda (Santa Ana de Coro)') as tablaMuni)) as tablaParroquia);
INSERT INTO arma_tu_fiesta.persona (cedula, p_nombre, s_nombre, p_apellido, s_apellido, fecha_nacimiento, sexo, estado_civil, fk_residencia) VALUES ('V20000103','Juan','Carlos','Goncalves','Silva','1985-12-04','Masculino','Soltero',@reside);

SET @cliente = (SELECT pkPersona FROM (SELECT id_persona as pkPersona from arma_tu_fiesta.persona WHERE cedula = 'V20000103') as tablaPersona);
INSERT INTO arma_tu_fiesta.telefono (numero, fk_persona) VALUES ('0212621984', @cliente);
INSERT INTO arma_tu_fiesta.email (correo, fk_persona) VALUES ('juangoncalves@gmail.com', @cliente);
INSERT INTO arma_tu_fiesta.usuario (username, password, fk_persona, fk_rol) VALUES ('juangoncalves@gmail.com', 'V20000103' , @cliente, @rol);

SET @reside = (SELECT pkParroquia FROM (SELECT id_lugar as pkParroquia FROM arma_tu_fiesta.lugar WHERE nombre = 'Río Seco' AND fk_pertenece = (SELECT pkMuni FROM (SELECT id_lugar as pkMuni FROM arma_tu_fiesta.lugar WHERE tipo = 'Municipio' AND nombre = 'Miranda (Santa Ana de Coro)') as tablaMuni)) as tablaParroquia);
INSERT INTO arma_tu_fiesta.persona (cedula, p_nombre, s_nombre, p_apellido, s_apellido, fecha_nacimiento, sexo, estado_civil, fk_residencia) VALUES ('V20000104','Alberto','José','González','Pérez','1984-05-05','Masculino','Casado',@reside);

SET @cliente = (SELECT pkPersona FROM (SELECT id_persona as pkPersona from arma_tu_fiesta.persona WHERE cedula = 'V20000104') as tablaPersona);
INSERT INTO arma_tu_fiesta.telefono (numero, fk_persona) VALUES ('0424855599', @cliente);
INSERT INTO arma_tu_fiesta.email (correo, fk_persona) VALUES ('albertogonzález@gmail.com', @cliente);
INSERT INTO arma_tu_fiesta.usuario (username, password, fk_persona, fk_rol) VALUES ('albertogonzález@gmail.com', 'V20000104' , @cliente, @rol);

SET @reside = (SELECT pkParroquia FROM (SELECT id_lugar as pkParroquia FROM arma_tu_fiesta.lugar WHERE nombre = 'Río Seco' AND fk_pertenece = (SELECT pkMuni FROM (SELECT id_lugar as pkMuni FROM arma_tu_fiesta.lugar WHERE tipo = 'Municipio' AND nombre = 'Miranda (Santa Ana de Coro)') as tablaMuni)) as tablaParroquia);
INSERT INTO arma_tu_fiesta.persona (cedula, p_nombre, s_nombre, p_apellido, s_apellido, fecha_nacimiento, sexo, estado_civil, fk_residencia) VALUES ('V20000105','Rodrigo','Alejandro','González','Sucre','1986-07-03','Masculino','Casado',@reside);

SET @cliente = (SELECT pkPersona FROM (SELECT id_persona as pkPersona from arma_tu_fiesta.persona WHERE cedula = 'V20000105') as tablaPersona);
INSERT INTO arma_tu_fiesta.telefono (numero, fk_persona) VALUES ('0414824759', @cliente);
INSERT INTO arma_tu_fiesta.email (correo, fk_persona) VALUES ('rodrigogonzález@gmail.com', @cliente);
INSERT INTO arma_tu_fiesta.usuario (username, password, fk_persona, fk_rol) VALUES ('rodrigogonzález@gmail.com', 'V20000105' , @cliente, @rol);

SET @reside = (SELECT pkParroquia FROM (SELECT id_lugar as pkParroquia FROM arma_tu_fiesta.lugar WHERE nombre = 'San Gabriel' AND fk_pertenece = (SELECT pkMuni FROM (SELECT id_lugar as pkMuni FROM arma_tu_fiesta.lugar WHERE tipo = 'Municipio' AND nombre = 'Miranda (Santa Ana de Coro)') as tablaMuni)) as tablaParroquia);
INSERT INTO arma_tu_fiesta.persona (cedula, p_nombre, s_nombre, p_apellido, s_apellido, fecha_nacimiento, sexo, estado_civil, fk_residencia) VALUES ('V20000106','Ana','Jennifer','Pereira','Pereira','1987-10-04','Femenino','Soltero',@reside);

SET @cliente = (SELECT pkPersona FROM (SELECT id_persona as pkPersona from arma_tu_fiesta.persona WHERE cedula = 'V20000106') as tablaPersona);
INSERT INTO arma_tu_fiesta.telefono (numero, fk_persona) VALUES ('0212234170', @cliente);
INSERT INTO arma_tu_fiesta.email (correo, fk_persona) VALUES ('anapereira@gmail.com', @cliente);
INSERT INTO arma_tu_fiesta.usuario (username, password, fk_persona, fk_rol) VALUES ('anapereira@gmail.com', 'V20000106' , @cliente, @rol);

SET @reside = (SELECT pkParroquia FROM (SELECT id_lugar as pkParroquia FROM arma_tu_fiesta.lugar WHERE nombre = 'San Gabriel' AND fk_pertenece = (SELECT pkMuni FROM (SELECT id_lugar as pkMuni FROM arma_tu_fiesta.lugar WHERE tipo = 'Municipio' AND nombre = 'Miranda (Santa Ana de Coro)') as tablaMuni)) as tablaParroquia);
INSERT INTO arma_tu_fiesta.persona (cedula, p_nombre, s_nombre, p_apellido, s_apellido, fecha_nacimiento, sexo, estado_civil, fk_residencia) VALUES ('V20000107','Valeria','Viviana','Petralia','Scardina','1971-11-02','Femenino','Soltero',@reside);

SET @cliente = (SELECT pkPersona FROM (SELECT id_persona as pkPersona from arma_tu_fiesta.persona WHERE cedula = 'V20000107') as tablaPersona);
INSERT INTO arma_tu_fiesta.telefono (numero, fk_persona) VALUES ('0414126181', @cliente);
INSERT INTO arma_tu_fiesta.email (correo, fk_persona) VALUES ('valeriapetralia@gmail.com', @cliente);
INSERT INTO arma_tu_fiesta.usuario (username, password, fk_persona, fk_rol) VALUES ('valeriapetralia@gmail.com', 'V20000107' , @cliente, @rol);

SET @reside = (SELECT pkParroquia FROM (SELECT id_lugar as pkParroquia FROM arma_tu_fiesta.lugar WHERE nombre = 'San Gabriel' AND fk_pertenece = (SELECT pkMuni FROM (SELECT id_lugar as pkMuni FROM arma_tu_fiesta.lugar WHERE tipo = 'Municipio' AND nombre = 'Miranda (Santa Ana de Coro)') as tablaMuni)) as tablaParroquia);
INSERT INTO arma_tu_fiesta.persona (cedula, p_nombre, s_nombre, p_apellido, s_apellido, fecha_nacimiento, sexo, estado_civil, fk_residencia) VALUES ('V20000108','Gema','Gabriela','Ramírez','Ortíz','1978-12-14','Femenino','Soltero',@reside);

SET @cliente = (SELECT pkPersona FROM (SELECT id_persona as pkPersona from arma_tu_fiesta.persona WHERE cedula = 'V20000108') as tablaPersona);
INSERT INTO arma_tu_fiesta.telefono (numero, fk_persona) VALUES ('0414240143', @cliente);
INSERT INTO arma_tu_fiesta.email (correo, fk_persona) VALUES ('gemaramírez@gmail.com', @cliente);
INSERT INTO arma_tu_fiesta.usuario (username, password, fk_persona, fk_rol) VALUES ('gemaramírez@gmail.com', 'V20000108' , @cliente, @rol);

SET @reside = (SELECT pkParroquia FROM (SELECT id_lugar as pkParroquia FROM arma_tu_fiesta.lugar WHERE nombre = 'San Gabriel' AND fk_pertenece = (SELECT pkMuni FROM (SELECT id_lugar as pkMuni FROM arma_tu_fiesta.lugar WHERE tipo = 'Municipio' AND nombre = 'Miranda (Santa Ana de Coro)') as tablaMuni)) as tablaParroquia);
INSERT INTO arma_tu_fiesta.persona (cedula, p_nombre, s_nombre, p_apellido, s_apellido, fecha_nacimiento, sexo, estado_civil, fk_residencia) VALUES ('V20000109','Yineska','Carolina','Rangel','Olivero','1991-01-09','Femenino','Casado',@reside);

SET @cliente = (SELECT pkPersona FROM (SELECT id_persona as pkPersona from arma_tu_fiesta.persona WHERE cedula = 'V20000109') as tablaPersona);
INSERT INTO arma_tu_fiesta.telefono (numero, fk_persona) VALUES ('0414272316', @cliente);
INSERT INTO arma_tu_fiesta.email (correo, fk_persona) VALUES ('yineskarangel@gmail.com', @cliente);
INSERT INTO arma_tu_fiesta.usuario (username, password, fk_persona, fk_rol) VALUES ('yineskarangel@gmail.com', 'V20000109' , @cliente, @rol);

SET @reside = (SELECT pkParroquia FROM (SELECT id_lugar as pkParroquia FROM arma_tu_fiesta.lugar WHERE nombre = 'San Gabriel' AND fk_pertenece = (SELECT pkMuni FROM (SELECT id_lugar as pkMuni FROM arma_tu_fiesta.lugar WHERE tipo = 'Municipio' AND nombre = 'Miranda (Santa Ana de Coro)') as tablaMuni)) as tablaParroquia);
INSERT INTO arma_tu_fiesta.persona (cedula, p_nombre, s_nombre, p_apellido, s_apellido, fecha_nacimiento, sexo, estado_civil, fk_residencia) VALUES ('V20000110','Yeisiree','Alexandra','Rivera','Jiménez','1976-02-17','Femenino','Casado',@reside);

SET @cliente = (SELECT pkPersona FROM (SELECT id_persona as pkPersona from arma_tu_fiesta.persona WHERE cedula = 'V20000110') as tablaPersona);
INSERT INTO arma_tu_fiesta.telefono (numero, fk_persona) VALUES ('0426268891', @cliente);
INSERT INTO arma_tu_fiesta.email (correo, fk_persona) VALUES ('yeisireerivera@gmail.com', @cliente);
INSERT INTO arma_tu_fiesta.usuario (username, password, fk_persona, fk_rol) VALUES ('yeisireerivera@gmail.com', 'V20000110' , @cliente, @rol);

SET @reside = (SELECT pkParroquia FROM (SELECT id_lugar as pkParroquia FROM arma_tu_fiesta.lugar WHERE nombre = 'Cantagallo' AND fk_pertenece = (SELECT pkMuni FROM (SELECT id_lugar as pkMuni FROM arma_tu_fiesta.lugar WHERE tipo = 'Municipio' AND nombre = 'Roscio (San Juan de Los Morros)') as tablaMuni)) as tablaParroquia);
INSERT INTO arma_tu_fiesta.persona (cedula, p_nombre, s_nombre, p_apellido, s_apellido, fecha_nacimiento, sexo, estado_civil, fk_residencia) VALUES ('V20000111','Angel','Enrique','Graterol','Sotillo','1988-02-22','Masculino','Soltero',@reside);

SET @cliente = (SELECT pkPersona FROM (SELECT id_persona as pkPersona from arma_tu_fiesta.persona WHERE cedula = 'V20000111') as tablaPersona);
INSERT INTO arma_tu_fiesta.telefono (numero, fk_persona) VALUES ('0414866493', @cliente);
INSERT INTO arma_tu_fiesta.email (correo, fk_persona) VALUES ('angelgraterol@gmail.com', @cliente);
INSERT INTO arma_tu_fiesta.usuario (username, password, fk_persona, fk_rol) VALUES ('angelgraterol@gmail.com', 'V20000111' , @cliente, @rol);

SET @reside = (SELECT pkParroquia FROM (SELECT id_lugar as pkParroquia FROM arma_tu_fiesta.lugar WHERE nombre = 'Cantagallo' AND fk_pertenece = (SELECT pkMuni FROM (SELECT id_lugar as pkMuni FROM arma_tu_fiesta.lugar WHERE tipo = 'Municipio' AND nombre = 'Roscio (San Juan de Los Morros)') as tablaMuni)) as tablaParroquia);
INSERT INTO arma_tu_fiesta.persona (cedula, p_nombre, s_nombre, p_apellido, s_apellido, fecha_nacimiento, sexo, estado_civil, fk_residencia) VALUES ('V20000112','Daniel','Alejandro','Guerrero','Padulo','1991-01-14','Masculino','Soltero',@reside);

SET @cliente = (SELECT pkPersona FROM (SELECT id_persona as pkPersona from arma_tu_fiesta.persona WHERE cedula = 'V20000112') as tablaPersona);
INSERT INTO arma_tu_fiesta.telefono (numero, fk_persona) VALUES ('0416220229', @cliente);
INSERT INTO arma_tu_fiesta.email (correo, fk_persona) VALUES ('danielguerrero@gmail.com', @cliente);
INSERT INTO arma_tu_fiesta.usuario (username, password, fk_persona, fk_rol) VALUES ('danielguerrero@gmail.com', 'V20000112' , @cliente, @rol);

SET @reside = (SELECT pkParroquia FROM (SELECT id_lugar as pkParroquia FROM arma_tu_fiesta.lugar WHERE nombre = 'Cantagallo' AND fk_pertenece = (SELECT pkMuni FROM (SELECT id_lugar as pkMuni FROM arma_tu_fiesta.lugar WHERE tipo = 'Municipio' AND nombre = 'Roscio (San Juan de Los Morros)') as tablaMuni)) as tablaParroquia);
INSERT INTO arma_tu_fiesta.persona (cedula, p_nombre, s_nombre, p_apellido, s_apellido, fecha_nacimiento, sexo, estado_civil, fk_residencia) VALUES ('V20000113','Sebastian','Gonzalo','Guilliod','Umerez','1986-04-04','Masculino','Soltero',@reside);

SET @cliente = (SELECT pkPersona FROM (SELECT id_persona as pkPersona from arma_tu_fiesta.persona WHERE cedula = 'V20000113') as tablaPersona);
INSERT INTO arma_tu_fiesta.telefono (numero, fk_persona) VALUES ('0412921894', @cliente);
INSERT INTO arma_tu_fiesta.email (correo, fk_persona) VALUES ('sebastianguilliod@gmail.com', @cliente);
INSERT INTO arma_tu_fiesta.usuario (username, password, fk_persona, fk_rol) VALUES ('sebastianguilliod@gmail.com', 'V20000113' , @cliente, @rol);

SET @reside = (SELECT pkParroquia FROM (SELECT id_lugar as pkParroquia FROM arma_tu_fiesta.lugar WHERE nombre = 'Cantagallo' AND fk_pertenece = (SELECT pkMuni FROM (SELECT id_lugar as pkMuni FROM arma_tu_fiesta.lugar WHERE tipo = 'Municipio' AND nombre = 'Roscio (San Juan de Los Morros)') as tablaMuni)) as tablaParroquia);
INSERT INTO arma_tu_fiesta.persona (cedula, p_nombre, s_nombre, p_apellido, s_apellido, fecha_nacimiento, sexo, estado_civil, fk_residencia) VALUES ('V20000114','Guillermo','Enrique','Jimenez','Soler','1995-05-15','Masculino','Casado',@reside);

SET @cliente = (SELECT pkPersona FROM (SELECT id_persona as pkPersona from arma_tu_fiesta.persona WHERE cedula = 'V20000114') as tablaPersona);
INSERT INTO arma_tu_fiesta.telefono (numero, fk_persona) VALUES ('0426858994', @cliente);
INSERT INTO arma_tu_fiesta.email (correo, fk_persona) VALUES ('guillermojimenez@gmail.com', @cliente);
INSERT INTO arma_tu_fiesta.usuario (username, password, fk_persona, fk_rol) VALUES ('guillermojimenez@gmail.com', 'V20000114' , @cliente, @rol);

SET @reside = (SELECT pkParroquia FROM (SELECT id_lugar as pkParroquia FROM arma_tu_fiesta.lugar WHERE nombre = 'Cantagallo' AND fk_pertenece = (SELECT pkMuni FROM (SELECT id_lugar as pkMuni FROM arma_tu_fiesta.lugar WHERE tipo = 'Municipio' AND nombre = 'Roscio (San Juan de Los Morros)') as tablaMuni)) as tablaParroquia);
INSERT INTO arma_tu_fiesta.persona (cedula, p_nombre, s_nombre, p_apellido, s_apellido, fecha_nacimiento, sexo, estado_civil, fk_residencia) VALUES ('V20000115','Unai','Garabed','Karakachian','Elorza','1984-07-13','Masculino','Casado',@reside);

SET @cliente = (SELECT pkPersona FROM (SELECT id_persona as pkPersona from arma_tu_fiesta.persona WHERE cedula = 'V20000115') as tablaPersona);
INSERT INTO arma_tu_fiesta.telefono (numero, fk_persona) VALUES ('0416844724', @cliente);
INSERT INTO arma_tu_fiesta.email (correo, fk_persona) VALUES ('unaikarakachian@gmail.com', @cliente);
INSERT INTO arma_tu_fiesta.usuario (username, password, fk_persona, fk_rol) VALUES ('unaikarakachian@gmail.com', 'V20000115' , @cliente, @rol);

SET @reside = (SELECT pkParroquia FROM (SELECT id_lugar as pkParroquia FROM arma_tu_fiesta.lugar WHERE nombre = 'San Juan de Los Morros' AND fk_pertenece = (SELECT pkMuni FROM (SELECT id_lugar as pkMuni FROM arma_tu_fiesta.lugar WHERE tipo = 'Municipio' AND nombre = 'Roscio (San Juan de Los Morros)') as tablaMuni)) as tablaParroquia);
INSERT INTO arma_tu_fiesta.persona (cedula, p_nombre, s_nombre, p_apellido, s_apellido, fecha_nacimiento, sexo, estado_civil, fk_residencia) VALUES ('V20000116','Sabrina','Nailet','Taddeo','Galzerano','1984-11-04','Femenino','Soltero',@reside);

SET @cliente = (SELECT pkPersona FROM (SELECT id_persona as pkPersona from arma_tu_fiesta.persona WHERE cedula = 'V20000116') as tablaPersona);
INSERT INTO arma_tu_fiesta.telefono (numero, fk_persona) VALUES ('0414141767', @cliente);
INSERT INTO arma_tu_fiesta.email (correo, fk_persona) VALUES ('sabrinataddeo@gmail.com', @cliente);
INSERT INTO arma_tu_fiesta.usuario (username, password, fk_persona, fk_rol) VALUES ('sabrinataddeo@gmail.com', 'V20000116' , @cliente, @rol);

SET @reside = (SELECT pkParroquia FROM (SELECT id_lugar as pkParroquia FROM arma_tu_fiesta.lugar WHERE nombre = 'San Juan de Los Morros' AND fk_pertenece = (SELECT pkMuni FROM (SELECT id_lugar as pkMuni FROM arma_tu_fiesta.lugar WHERE tipo = 'Municipio' AND nombre = 'Roscio (San Juan de Los Morros)') as tablaMuni)) as tablaParroquia);
INSERT INTO arma_tu_fiesta.persona (cedula, p_nombre, s_nombre, p_apellido, s_apellido, fecha_nacimiento, sexo, estado_civil, fk_residencia) VALUES ('V20000117','Madelein','Rismar','Soler','Jimenez','1973-12-02','Femenino','Soltero',@reside);

SET @cliente = (SELECT pkPersona FROM (SELECT id_persona as pkPersona from arma_tu_fiesta.persona WHERE cedula = 'V20000117') as tablaPersona);
INSERT INTO arma_tu_fiesta.telefono (numero, fk_persona) VALUES ('0426358834', @cliente);
INSERT INTO arma_tu_fiesta.email (correo, fk_persona) VALUES ('madeleinsoler@gmail.com', @cliente);
INSERT INTO arma_tu_fiesta.usuario (username, password, fk_persona, fk_rol) VALUES ('madeleinsoler@gmail.com', 'V20000117' , @cliente, @rol);

SET @reside = (SELECT pkParroquia FROM (SELECT id_lugar as pkParroquia FROM arma_tu_fiesta.lugar WHERE nombre = 'San Juan de Los Morros' AND fk_pertenece = (SELECT pkMuni FROM (SELECT id_lugar as pkMuni FROM arma_tu_fiesta.lugar WHERE tipo = 'Municipio' AND nombre = 'Roscio (San Juan de Los Morros)') as tablaMuni)) as tablaParroquia);
INSERT INTO arma_tu_fiesta.persona (cedula, p_nombre, s_nombre, p_apellido, s_apellido, fecha_nacimiento, sexo, estado_civil, fk_residencia) VALUES ('V20000118','Michel','Carolina','Sarmiento','Vega','1970-11-14','Femenino','Soltero',@reside);

SET @cliente = (SELECT pkPersona FROM (SELECT id_persona as pkPersona from arma_tu_fiesta.persona WHERE cedula = 'V20000118') as tablaPersona);
INSERT INTO arma_tu_fiesta.telefono (numero, fk_persona) VALUES ('0412668659', @cliente);
INSERT INTO arma_tu_fiesta.email (correo, fk_persona) VALUES ('michelsarmiento@gmail.com', @cliente);
INSERT INTO arma_tu_fiesta.usuario (username, password, fk_persona, fk_rol) VALUES ('michelsarmiento@gmail.com', 'V20000118' , @cliente, @rol);

SET @reside = (SELECT pkParroquia FROM (SELECT id_lugar as pkParroquia FROM arma_tu_fiesta.lugar WHERE nombre = 'San Juan de Los Morros' AND fk_pertenece = (SELECT pkMuni FROM (SELECT id_lugar as pkMuni FROM arma_tu_fiesta.lugar WHERE tipo = 'Municipio' AND nombre = 'Roscio (San Juan de Los Morros)') as tablaMuni)) as tablaParroquia);
INSERT INTO arma_tu_fiesta.persona (cedula, p_nombre, s_nombre, p_apellido, s_apellido, fecha_nacimiento, sexo, estado_civil, fk_residencia) VALUES ('V20000119','Angie','Geraldine','Ryan','Ciarrocchi','1991-02-10','Femenino','Casado',@reside);

SET @cliente = (SELECT pkPersona FROM (SELECT id_persona as pkPersona from arma_tu_fiesta.persona WHERE cedula = 'V20000119') as tablaPersona);
INSERT INTO arma_tu_fiesta.telefono (numero, fk_persona) VALUES ('0424194768', @cliente);
INSERT INTO arma_tu_fiesta.email (correo, fk_persona) VALUES ('angieryan@gmail.com', @cliente);
INSERT INTO arma_tu_fiesta.usuario (username, password, fk_persona, fk_rol) VALUES ('angieryan@gmail.com', 'V20000119' , @cliente, @rol);

SET @reside = (SELECT pkParroquia FROM (SELECT id_lugar as pkParroquia FROM arma_tu_fiesta.lugar WHERE nombre = 'San Juan de Los Morros' AND fk_pertenece = (SELECT pkMuni FROM (SELECT id_lugar as pkMuni FROM arma_tu_fiesta.lugar WHERE tipo = 'Municipio' AND nombre = 'Roscio (San Juan de Los Morros)') as tablaMuni)) as tablaParroquia);
INSERT INTO arma_tu_fiesta.persona (cedula, p_nombre, s_nombre, p_apellido, s_apellido, fecha_nacimiento, sexo, estado_civil, fk_residencia) VALUES ('V20000120','Madeley','Angeles','Rojas','Monsalvo','1978-12-18','Femenino','Casado',@reside);

SET @cliente = (SELECT pkPersona FROM (SELECT id_persona as pkPersona from arma_tu_fiesta.persona WHERE cedula = 'V20000120') as tablaPersona);
INSERT INTO arma_tu_fiesta.telefono (numero, fk_persona) VALUES ('0212674652', @cliente);
INSERT INTO arma_tu_fiesta.email (correo, fk_persona) VALUES ('madeleyangeles@gmail.com', @cliente);
INSERT INTO arma_tu_fiesta.usuario (username, password, fk_persona, fk_rol) VALUES ('madeleyangeles@gmail.com', 'V20000120' , @cliente, @rol);

SET @reside = (SELECT pkParroquia FROM (SELECT id_lugar as pkParroquia FROM arma_tu_fiesta.lugar WHERE nombre = 'Caraballeda' AND fk_pertenece = (SELECT pkMuni FROM (SELECT id_lugar as pkMuni FROM arma_tu_fiesta.lugar WHERE tipo = 'Municipio' AND nombre = 'Vargas (La Guaira)') as tablaMuni)) as tablaParroquia);
INSERT INTO arma_tu_fiesta.persona (cedula, p_nombre, s_nombre, p_apellido, s_apellido, fecha_nacimiento, sexo, estado_civil, fk_residencia) VALUES ('V20000121','Diego','Men','Leon','Quilotte','1980-07-30','Masculino','Soltero',@reside);

SET @cliente = (SELECT pkPersona FROM (SELECT id_persona as pkPersona from arma_tu_fiesta.persona WHERE cedula = 'V20000121') as tablaPersona);
INSERT INTO arma_tu_fiesta.telefono (numero, fk_persona) VALUES ('0414140059', @cliente);
INSERT INTO arma_tu_fiesta.email (correo, fk_persona) VALUES ('diegomen@gmail.com', @cliente);
INSERT INTO arma_tu_fiesta.usuario (username, password, fk_persona, fk_rol) VALUES ('diegomen@gmail.com', 'V20000121' , @cliente, @rol);

SET @reside = (SELECT pkParroquia FROM (SELECT id_lugar as pkParroquia FROM arma_tu_fiesta.lugar WHERE nombre = 'Caraballeda' AND fk_pertenece = (SELECT pkMuni FROM (SELECT id_lugar as pkMuni FROM arma_tu_fiesta.lugar WHERE tipo = 'Municipio' AND nombre = 'Vargas (La Guaira)') as tablaMuni)) as tablaParroquia);
INSERT INTO arma_tu_fiesta.persona (cedula, p_nombre, s_nombre, p_apellido, s_apellido, fecha_nacimiento, sexo, estado_civil, fk_residencia) VALUES ('V20000122','Abraham','Jesús','Lugo','Aguilar','1987-10-07','Masculino','Soltero',@reside);

SET @cliente = (SELECT pkPersona FROM (SELECT id_persona as pkPersona from arma_tu_fiesta.persona WHERE cedula = 'V20000122') as tablaPersona);
INSERT INTO arma_tu_fiesta.telefono (numero, fk_persona) VALUES ('0412664661', @cliente);
INSERT INTO arma_tu_fiesta.email (correo, fk_persona) VALUES ('abrahamlugo@gmail.com', @cliente);
INSERT INTO arma_tu_fiesta.usuario (username, password, fk_persona, fk_rol) VALUES ('abrahamlugo@gmail.com', 'V20000122' , @cliente, @rol);

SET @reside = (SELECT pkParroquia FROM (SELECT id_lugar as pkParroquia FROM arma_tu_fiesta.lugar WHERE nombre = 'Caraballeda' AND fk_pertenece = (SELECT pkMuni FROM (SELECT id_lugar as pkMuni FROM arma_tu_fiesta.lugar WHERE tipo = 'Municipio' AND nombre = 'Vargas (La Guaira)') as tablaMuni)) as tablaParroquia);
INSERT INTO arma_tu_fiesta.persona (cedula, p_nombre, s_nombre, p_apellido, s_apellido, fecha_nacimiento, sexo, estado_civil, fk_residencia) VALUES ('V20000123','Manuel','Ramon','Marin','Tizon','1986-02-27','Masculino','Soltero',@reside);

SET @cliente = (SELECT pkPersona FROM (SELECT id_persona as pkPersona from arma_tu_fiesta.persona WHERE cedula = 'V20000123') as tablaPersona);
INSERT INTO arma_tu_fiesta.telefono (numero, fk_persona) VALUES ('0424919581', @cliente);
INSERT INTO arma_tu_fiesta.email (correo, fk_persona) VALUES ('manuelmarin@gmail.com', @cliente);
INSERT INTO arma_tu_fiesta.usuario (username, password, fk_persona, fk_rol) VALUES ('manuelmarin@gmail.com', 'V20000123' , @cliente, @rol);

SET @reside = (SELECT pkParroquia FROM (SELECT id_lugar as pkParroquia FROM arma_tu_fiesta.lugar WHERE nombre = 'Caraballeda' AND fk_pertenece = (SELECT pkMuni FROM (SELECT id_lugar as pkMuni FROM arma_tu_fiesta.lugar WHERE tipo = 'Municipio' AND nombre = 'Vargas (La Guaira)') as tablaMuni)) as tablaParroquia);
INSERT INTO arma_tu_fiesta.persona (cedula, p_nombre, s_nombre, p_apellido, s_apellido, fecha_nacimiento, sexo, estado_civil, fk_residencia) VALUES ('V20000124','Gianfranco','Enrique','Mastrangelo','Puglielli','1995-11-26','Masculino','Casado',@reside);

SET @cliente = (SELECT pkPersona FROM (SELECT id_persona as pkPersona from arma_tu_fiesta.persona WHERE cedula = 'V20000124') as tablaPersona);
INSERT INTO arma_tu_fiesta.telefono (numero, fk_persona) VALUES ('0426623046', @cliente);
INSERT INTO arma_tu_fiesta.email (correo, fk_persona) VALUES ('gianfrancomastrangelo@gmail.com', @cliente);
INSERT INTO arma_tu_fiesta.usuario (username, password, fk_persona, fk_rol) VALUES ('gianfrancomastrangelo@gmail.com', 'V20000124' , @cliente, @rol);

SET @reside = (SELECT pkParroquia FROM (SELECT id_lugar as pkParroquia FROM arma_tu_fiesta.lugar WHERE nombre = 'Caraballeda' AND fk_pertenece = (SELECT pkMuni FROM (SELECT id_lugar as pkMuni FROM arma_tu_fiesta.lugar WHERE tipo = 'Municipio' AND nombre = 'Vargas (La Guaira)') as tablaMuni)) as tablaParroquia);
INSERT INTO arma_tu_fiesta.persona (cedula, p_nombre, s_nombre, p_apellido, s_apellido, fecha_nacimiento, sexo, estado_civil, fk_residencia) VALUES ('V20000125','Alvaro','Jesus','Meneses','Escalante','1988-03-20','Masculino','Casado',@reside);

SET @cliente = (SELECT pkPersona FROM (SELECT id_persona as pkPersona from arma_tu_fiesta.persona WHERE cedula = 'V20000125') as tablaPersona);
INSERT INTO arma_tu_fiesta.telefono (numero, fk_persona) VALUES ('0412764128', @cliente);
INSERT INTO arma_tu_fiesta.email (correo, fk_persona) VALUES ('alvaromeneses@gmail.com', @cliente);
INSERT INTO arma_tu_fiesta.usuario (username, password, fk_persona, fk_rol) VALUES ('alvaromeneses@gmail.com', 'V20000125' , @cliente, @rol);

SET @reside = (SELECT pkParroquia FROM (SELECT id_lugar as pkParroquia FROM arma_tu_fiesta.lugar WHERE nombre = 'Catia La Mar' AND fk_pertenece = (SELECT pkMuni FROM (SELECT id_lugar as pkMuni FROM arma_tu_fiesta.lugar WHERE tipo = 'Municipio' AND nombre = 'Vargas (La Guaira)') as tablaMuni)) as tablaParroquia);
INSERT INTO arma_tu_fiesta.persona (cedula, p_nombre, s_nombre, p_apellido, s_apellido, fecha_nacimiento, sexo, estado_civil, fk_residencia) VALUES ('V20000126','Yelitza','Nailet','Torrealba','Acevedo','1996-04-26','Femenino','Soltero',@reside);

SET @cliente = (SELECT pkPersona FROM (SELECT id_persona as pkPersona from arma_tu_fiesta.persona WHERE cedula = 'V20000126') as tablaPersona);
INSERT INTO arma_tu_fiesta.telefono (numero, fk_persona) VALUES ('0414842319', @cliente);
INSERT INTO arma_tu_fiesta.email (correo, fk_persona) VALUES ('yelitzatorrealba@gmail.com', @cliente);
INSERT INTO arma_tu_fiesta.usuario (username, password, fk_persona, fk_rol) VALUES ('yelitzatorrealba@gmail.com', 'V20000126' , @cliente, @rol);

SET @reside = (SELECT pkParroquia FROM (SELECT id_lugar as pkParroquia FROM arma_tu_fiesta.lugar WHERE nombre = 'Catia La Mar' AND fk_pertenece = (SELECT pkMuni FROM (SELECT id_lugar as pkMuni FROM arma_tu_fiesta.lugar WHERE tipo = 'Municipio' AND nombre = 'Vargas (La Guaira)') as tablaMuni)) as tablaParroquia);
INSERT INTO arma_tu_fiesta.persona (cedula, p_nombre, s_nombre, p_apellido, s_apellido, fecha_nacimiento, sexo, estado_civil, fk_residencia) VALUES ('V20000127','Paola','Carolina','Zambrano','Zambrano','1982-03-06','Femenino','Soltero',@reside);

SET @cliente = (SELECT pkPersona FROM (SELECT id_persona as pkPersona from arma_tu_fiesta.persona WHERE cedula = 'V20000127') as tablaPersona);
INSERT INTO arma_tu_fiesta.telefono (numero, fk_persona) VALUES ('0424131026', @cliente);
INSERT INTO arma_tu_fiesta.email (correo, fk_persona) VALUES ('paolazambrano@gmail.com', @cliente);
INSERT INTO arma_tu_fiesta.usuario (username, password, fk_persona, fk_rol) VALUES ('paolazambrano@gmail.com', 'V20000127' , @cliente, @rol);

SET @reside = (SELECT pkParroquia FROM (SELECT id_lugar as pkParroquia FROM arma_tu_fiesta.lugar WHERE nombre = 'Catia La Mar' AND fk_pertenece = (SELECT pkMuni FROM (SELECT id_lugar as pkMuni FROM arma_tu_fiesta.lugar WHERE tipo = 'Municipio' AND nombre = 'Vargas (La Guaira)') as tablaMuni)) as tablaParroquia);
INSERT INTO arma_tu_fiesta.persona (cedula, p_nombre, s_nombre, p_apellido, s_apellido, fecha_nacimiento, sexo, estado_civil, fk_residencia) VALUES ('V20000128','Heliana','Daniela','Villarreal','Rueda','1996-07-09','Femenino','Soltero',@reside);

SET @cliente = (SELECT pkPersona FROM (SELECT id_persona as pkPersona from arma_tu_fiesta.persona WHERE cedula = 'V20000128') as tablaPersona);
INSERT INTO arma_tu_fiesta.telefono (numero, fk_persona) VALUES ('0426412657', @cliente);
INSERT INTO arma_tu_fiesta.email (correo, fk_persona) VALUES ('helianavillarreal@gmail.com', @cliente);
INSERT INTO arma_tu_fiesta.usuario (username, password, fk_persona, fk_rol) VALUES ('helianavillarreal@gmail.com', 'V20000128' , @cliente, @rol);

SET @reside = (SELECT pkParroquia FROM (SELECT id_lugar as pkParroquia FROM arma_tu_fiesta.lugar WHERE nombre = 'Catia La Mar' AND fk_pertenece = (SELECT pkMuni FROM (SELECT id_lugar as pkMuni FROM arma_tu_fiesta.lugar WHERE tipo = 'Municipio' AND nombre = 'Vargas (La Guaira)') as tablaMuni)) as tablaParroquia);
INSERT INTO arma_tu_fiesta.persona (cedula, p_nombre, s_nombre, p_apellido, s_apellido, fecha_nacimiento, sexo, estado_civil, fk_residencia) VALUES ('V20000129','Arianny','Stefania','Veliz','Soto','1986-02-15','Femenino','Casado',@reside);

SET @cliente = (SELECT pkPersona FROM (SELECT id_persona as pkPersona from arma_tu_fiesta.persona WHERE cedula = 'V20000129') as tablaPersona);
INSERT INTO arma_tu_fiesta.telefono (numero, fk_persona) VALUES ('0424520963', @cliente);
INSERT INTO arma_tu_fiesta.email (correo, fk_persona) VALUES ('ariannyveliz@gmail.com', @cliente);
INSERT INTO arma_tu_fiesta.usuario (username, password, fk_persona, fk_rol) VALUES ('ariannyveliz@gmail.com', 'V20000129' , @cliente, @rol);

SET @reside = (SELECT pkParroquia FROM (SELECT id_lugar as pkParroquia FROM arma_tu_fiesta.lugar WHERE nombre = 'Catia La Mar' AND fk_pertenece = (SELECT pkMuni FROM (SELECT id_lugar as pkMuni FROM arma_tu_fiesta.lugar WHERE tipo = 'Municipio' AND nombre = 'Vargas (La Guaira)') as tablaMuni)) as tablaParroquia);
INSERT INTO arma_tu_fiesta.persona (cedula, p_nombre, s_nombre, p_apellido, s_apellido, fecha_nacimiento, sexo, estado_civil, fk_residencia) VALUES ('V20000130','Jenifer','Paola','Vargas','Ortiz','1993-11-06','Femenino','Casado',@reside);

SET @cliente = (SELECT pkPersona FROM (SELECT id_persona as pkPersona from arma_tu_fiesta.persona WHERE cedula = 'V20000130') as tablaPersona);
INSERT INTO arma_tu_fiesta.telefono (numero, fk_persona) VALUES ('0412472916', @cliente);
INSERT INTO arma_tu_fiesta.email (correo, fk_persona) VALUES ('jenifervargas@gmail.com', @cliente);
INSERT INTO arma_tu_fiesta.usuario (username, password, fk_persona, fk_rol) VALUES ('jenifervargas@gmail.com', 'V20000130' , @cliente, @rol);

SET @reside = (SELECT pkParroquia FROM (SELECT id_lugar as pkParroquia FROM arma_tu_fiesta.lugar WHERE nombre = 'Aguedo Felipe Alvarado' AND fk_pertenece = (SELECT pkMuni FROM (SELECT id_lugar as pkMuni FROM arma_tu_fiesta.lugar WHERE tipo = 'Municipio' AND nombre = 'Iribarren (Barquisimeto)') as tablaMuni)) as tablaParroquia);
INSERT INTO arma_tu_fiesta.persona (cedula, p_nombre, s_nombre, p_apellido, s_apellido, fecha_nacimiento, sexo, estado_civil, fk_residencia) VALUES ('V20000131','Douglas','Manuel','Molina','Gavidia','1981-04-25','Masculino','Soltero',@reside);

SET @cliente = (SELECT pkPersona FROM (SELECT id_persona as pkPersona from arma_tu_fiesta.persona WHERE cedula = 'V20000131') as tablaPersona);
INSERT INTO arma_tu_fiesta.telefono (numero, fk_persona) VALUES ('0424541283', @cliente);
INSERT INTO arma_tu_fiesta.email (correo, fk_persona) VALUES ('douglasmolina@gmail.com', @cliente);
INSERT INTO arma_tu_fiesta.usuario (username, password, fk_persona, fk_rol) VALUES ('douglasmolina@gmail.com', 'V20000131' , @cliente, @rol);

SET @reside = (SELECT pkParroquia FROM (SELECT id_lugar as pkParroquia FROM arma_tu_fiesta.lugar WHERE nombre = 'Aguedo Felipe Alvarado' AND fk_pertenece = (SELECT pkMuni FROM (SELECT id_lugar as pkMuni FROM arma_tu_fiesta.lugar WHERE tipo = 'Municipio' AND nombre = 'Iribarren (Barquisimeto)') as tablaMuni)) as tablaParroquia);
INSERT INTO arma_tu_fiesta.persona (cedula, p_nombre, s_nombre, p_apellido, s_apellido, fecha_nacimiento, sexo, estado_civil, fk_residencia) VALUES ('V20000132','Alejandro','Jesús','Moreno','Conde','1990-08-28','Masculino','Soltero',@reside);

SET @cliente = (SELECT pkPersona FROM (SELECT id_persona as pkPersona from arma_tu_fiesta.persona WHERE cedula = 'V20000132') as tablaPersona);
INSERT INTO arma_tu_fiesta.telefono (numero, fk_persona) VALUES ('0424224949', @cliente);
INSERT INTO arma_tu_fiesta.email (correo, fk_persona) VALUES ('alejandromoreno@gmail.com', @cliente);
INSERT INTO arma_tu_fiesta.usuario (username, password, fk_persona, fk_rol) VALUES ('alejandromoreno@gmail.com', 'V20000132' , @cliente, @rol);

SET @reside = (SELECT pkParroquia FROM (SELECT id_lugar as pkParroquia FROM arma_tu_fiesta.lugar WHERE nombre = 'Aguedo Felipe Alvarado' AND fk_pertenece = (SELECT pkMuni FROM (SELECT id_lugar as pkMuni FROM arma_tu_fiesta.lugar WHERE tipo = 'Municipio' AND nombre = 'Iribarren (Barquisimeto)') as tablaMuni)) as tablaParroquia);
INSERT INTO arma_tu_fiesta.persona (cedula, p_nombre, s_nombre, p_apellido, s_apellido, fecha_nacimiento, sexo, estado_civil, fk_residencia) VALUES ('V20000133','Andrés','Eduardo','Nuñez','Herrera','1993-07-04','Masculino','Soltero',@reside);

SET @cliente = (SELECT pkPersona FROM (SELECT id_persona as pkPersona from arma_tu_fiesta.persona WHERE cedula = 'V20000133') as tablaPersona);
INSERT INTO arma_tu_fiesta.telefono (numero, fk_persona) VALUES ('0414188918', @cliente);
INSERT INTO arma_tu_fiesta.email (correo, fk_persona) VALUES ('andrésnuñez@gmail.com', @cliente);
INSERT INTO arma_tu_fiesta.usuario (username, password, fk_persona, fk_rol) VALUES ('andrésnuñez@gmail.com', 'V20000133' , @cliente, @rol);

SET @reside = (SELECT pkParroquia FROM (SELECT id_lugar as pkParroquia FROM arma_tu_fiesta.lugar WHERE nombre = 'Aguedo Felipe Alvarado' AND fk_pertenece = (SELECT pkMuni FROM (SELECT id_lugar as pkMuni FROM arma_tu_fiesta.lugar WHERE tipo = 'Municipio' AND nombre = 'Iribarren (Barquisimeto)') as tablaMuni)) as tablaParroquia);
INSERT INTO arma_tu_fiesta.persona (cedula, p_nombre, s_nombre, p_apellido, s_apellido, fecha_nacimiento, sexo, estado_civil, fk_residencia) VALUES ('V20000134','Javier','Ignacio','Olavarría','Silva','1982-12-16','Masculino','Casado',@reside);

SET @cliente = (SELECT pkPersona FROM (SELECT id_persona as pkPersona from arma_tu_fiesta.persona WHERE cedula = 'V20000134') as tablaPersona);
INSERT INTO arma_tu_fiesta.telefono (numero, fk_persona) VALUES ('0424949876', @cliente);
INSERT INTO arma_tu_fiesta.email (correo, fk_persona) VALUES ('javierolavarría@gmail.com', @cliente);
INSERT INTO arma_tu_fiesta.usuario (username, password, fk_persona, fk_rol) VALUES ('javierolavarría@gmail.com', 'V20000134' , @cliente, @rol);

SET @reside = (SELECT pkParroquia FROM (SELECT id_lugar as pkParroquia FROM arma_tu_fiesta.lugar WHERE nombre = 'Aguedo Felipe Alvarado' AND fk_pertenece = (SELECT pkMuni FROM (SELECT id_lugar as pkMuni FROM arma_tu_fiesta.lugar WHERE tipo = 'Municipio' AND nombre = 'Iribarren (Barquisimeto)') as tablaMuni)) as tablaParroquia);
INSERT INTO arma_tu_fiesta.persona (cedula, p_nombre, s_nombre, p_apellido, s_apellido, fecha_nacimiento, sexo, estado_civil, fk_residencia) VALUES ('V20000135','Andres','Francisco','Pereira','Sousa','1989-10-16','Masculino','Casado',@reside);

SET @cliente = (SELECT pkPersona FROM (SELECT id_persona as pkPersona from arma_tu_fiesta.persona WHERE cedula = 'V20000135') as tablaPersona);
INSERT INTO arma_tu_fiesta.telefono (numero, fk_persona) VALUES ('0412641380', @cliente);
INSERT INTO arma_tu_fiesta.email (correo, fk_persona) VALUES ('andrespereira@gmail.com', @cliente);
INSERT INTO arma_tu_fiesta.usuario (username, password, fk_persona, fk_rol) VALUES ('andrespereira@gmail.com', 'V20000135' , @cliente, @rol);

SET @reside = (SELECT pkParroquia FROM (SELECT id_lugar as pkParroquia FROM arma_tu_fiesta.lugar WHERE nombre = 'Buena Vista' AND fk_pertenece = (SELECT pkMuni FROM (SELECT id_lugar as pkMuni FROM arma_tu_fiesta.lugar WHERE tipo = 'Municipio' AND nombre = 'Iribarren (Barquisimeto)') as tablaMuni)) as tablaParroquia);
INSERT INTO arma_tu_fiesta.persona (cedula, p_nombre, s_nombre, p_apellido, s_apellido, fecha_nacimiento, sexo, estado_civil, fk_residencia) VALUES ('V20000136','Cindy','Manderley','Rodríguez','Marquez','1981-12-12','Femenino','Soltero',@reside);

SET @cliente = (SELECT pkPersona FROM (SELECT id_persona as pkPersona from arma_tu_fiesta.persona WHERE cedula = 'V20000136') as tablaPersona);
INSERT INTO arma_tu_fiesta.telefono (numero, fk_persona) VALUES ('0212489627', @cliente);
INSERT INTO arma_tu_fiesta.email (correo, fk_persona) VALUES ('cindyrodríguez@gmail.com', @cliente);
INSERT INTO arma_tu_fiesta.usuario (username, password, fk_persona, fk_rol) VALUES ('cindyrodríguez@gmail.com', 'V20000136' , @cliente, @rol);

SET @reside = (SELECT pkParroquia FROM (SELECT id_lugar as pkParroquia FROM arma_tu_fiesta.lugar WHERE nombre = 'Buena Vista' AND fk_pertenece = (SELECT pkMuni FROM (SELECT id_lugar as pkMuni FROM arma_tu_fiesta.lugar WHERE tipo = 'Municipio' AND nombre = 'Iribarren (Barquisimeto)') as tablaMuni)) as tablaParroquia);
INSERT INTO arma_tu_fiesta.persona (cedula, p_nombre, s_nombre, p_apellido, s_apellido, fecha_nacimiento, sexo, estado_civil, fk_residencia) VALUES ('V20000137','Yarhianna','Michelle','Rojas','Barrientos','1986-09-06','Femenino','Soltero',@reside);

SET @cliente = (SELECT pkPersona FROM (SELECT id_persona as pkPersona from arma_tu_fiesta.persona WHERE cedula = 'V20000137') as tablaPersona);
INSERT INTO arma_tu_fiesta.telefono (numero, fk_persona) VALUES ('0412350321', @cliente);
INSERT INTO arma_tu_fiesta.email (correo, fk_persona) VALUES ('yarhiannarojas@gmail.com', @cliente);
INSERT INTO arma_tu_fiesta.usuario (username, password, fk_persona, fk_rol) VALUES ('yarhiannarojas@gmail.com', 'V20000137' , @cliente, @rol);

SET @reside = (SELECT pkParroquia FROM (SELECT id_lugar as pkParroquia FROM arma_tu_fiesta.lugar WHERE nombre = 'Buena Vista' AND fk_pertenece = (SELECT pkMuni FROM (SELECT id_lugar as pkMuni FROM arma_tu_fiesta.lugar WHERE tipo = 'Municipio' AND nombre = 'Iribarren (Barquisimeto)') as tablaMuni)) as tablaParroquia);
INSERT INTO arma_tu_fiesta.persona (cedula, p_nombre, s_nombre, p_apellido, s_apellido, fecha_nacimiento, sexo, estado_civil, fk_residencia) VALUES ('V20000138','Rosaly','Daimar','Sanchez','Mora','1987-10-14','Femenino','Soltero',@reside);

SET @cliente = (SELECT pkPersona FROM (SELECT id_persona as pkPersona from arma_tu_fiesta.persona WHERE cedula = 'V20000138') as tablaPersona);
INSERT INTO arma_tu_fiesta.telefono (numero, fk_persona) VALUES ('0412938012', @cliente);
INSERT INTO arma_tu_fiesta.email (correo, fk_persona) VALUES ('rosalysanchez@gmail.com', @cliente);
INSERT INTO arma_tu_fiesta.usuario (username, password, fk_persona, fk_rol) VALUES ('rosalysanchez@gmail.com', 'V20000138' , @cliente, @rol);

SET @reside = (SELECT pkParroquia FROM (SELECT id_lugar as pkParroquia FROM arma_tu_fiesta.lugar WHERE nombre = 'Buena Vista' AND fk_pertenece = (SELECT pkMuni FROM (SELECT id_lugar as pkMuni FROM arma_tu_fiesta.lugar WHERE tipo = 'Municipio' AND nombre = 'Iribarren (Barquisimeto)') as tablaMuni)) as tablaParroquia);
INSERT INTO arma_tu_fiesta.persona (cedula, p_nombre, s_nombre, p_apellido, s_apellido, fecha_nacimiento, sexo, estado_civil, fk_residencia) VALUES ('V20000139','Sofía','Carmen','Sandoval','Rosales','1981-05-15','Femenino','Casado',@reside);

SET @cliente = (SELECT pkPersona FROM (SELECT id_persona as pkPersona from arma_tu_fiesta.persona WHERE cedula = 'V20000139') as tablaPersona);
INSERT INTO arma_tu_fiesta.telefono (numero, fk_persona) VALUES ('0414994058', @cliente);
INSERT INTO arma_tu_fiesta.email (correo, fk_persona) VALUES ('sofíasandoval@gmail.com', @cliente);
INSERT INTO arma_tu_fiesta.usuario (username, password, fk_persona, fk_rol) VALUES ('sofíasandoval@gmail.com', 'V20000139' , @cliente, @rol);

SET @reside = (SELECT pkParroquia FROM (SELECT id_lugar as pkParroquia FROM arma_tu_fiesta.lugar WHERE nombre = 'Buena Vista' AND fk_pertenece = (SELECT pkMuni FROM (SELECT id_lugar as pkMuni FROM arma_tu_fiesta.lugar WHERE tipo = 'Municipio' AND nombre = 'Iribarren (Barquisimeto)') as tablaMuni)) as tablaParroquia);
INSERT INTO arma_tu_fiesta.persona (cedula, p_nombre, s_nombre, p_apellido, s_apellido, fecha_nacimiento, sexo, estado_civil, fk_residencia) VALUES ('V20000140','Andrea','Carolina','Sereno','DÍaz','1984-10-29','Femenino','Casado',@reside);

SET @cliente = (SELECT pkPersona FROM (SELECT id_persona as pkPersona from arma_tu_fiesta.persona WHERE cedula = 'V20000140') as tablaPersona);
INSERT INTO arma_tu_fiesta.telefono (numero, fk_persona) VALUES ('0212553291', @cliente);
INSERT INTO arma_tu_fiesta.email (correo, fk_persona) VALUES ('andreasereno@gmail.com', @cliente);
INSERT INTO arma_tu_fiesta.usuario (username, password, fk_persona, fk_rol) VALUES ('andreasereno@gmail.com', 'V20000140' , @cliente, @rol);

SET @reside = (SELECT pkParroquia FROM (SELECT id_lugar as pkParroquia FROM arma_tu_fiesta.lugar WHERE nombre = 'El Morro' AND fk_pertenece = (SELECT pkMuni FROM (SELECT id_lugar as pkMuni FROM arma_tu_fiesta.lugar WHERE tipo = 'Municipio' AND nombre = 'Libertador (Mérida)') as tablaMuni)) as tablaParroquia);
INSERT INTO arma_tu_fiesta.persona (cedula, p_nombre, s_nombre, p_apellido, s_apellido, fecha_nacimiento, sexo, estado_civil, fk_residencia) VALUES ('V20000141','Carlos','Eduardo','Pinto','Roca','1981-12-27','Masculino','Soltero',@reside);

SET @cliente = (SELECT pkPersona FROM (SELECT id_persona as pkPersona from arma_tu_fiesta.persona WHERE cedula = 'V20000141') as tablaPersona);
INSERT INTO arma_tu_fiesta.telefono (numero, fk_persona) VALUES ('0426401653', @cliente);
INSERT INTO arma_tu_fiesta.email (correo, fk_persona) VALUES ('carlospinto@gmail.com', @cliente);
INSERT INTO arma_tu_fiesta.usuario (username, password, fk_persona, fk_rol) VALUES ('carlospinto@gmail.com', 'V20000141' , @cliente, @rol);

SET @reside = (SELECT pkParroquia FROM (SELECT id_lugar as pkParroquia FROM arma_tu_fiesta.lugar WHERE nombre = 'El Morro' AND fk_pertenece = (SELECT pkMuni FROM (SELECT id_lugar as pkMuni FROM arma_tu_fiesta.lugar WHERE tipo = 'Municipio' AND nombre = 'Libertador (Mérida)') as tablaMuni)) as tablaParroquia);
INSERT INTO arma_tu_fiesta.persona (cedula, p_nombre, s_nombre, p_apellido, s_apellido, fecha_nacimiento, sexo, estado_civil, fk_residencia) VALUES ('V20000142','Carlos','Daniel','Raffoul','Berch','1985-06-06','Masculino','Soltero',@reside);

SET @cliente = (SELECT pkPersona FROM (SELECT id_persona as pkPersona from arma_tu_fiesta.persona WHERE cedula = 'V20000142') as tablaPersona);
INSERT INTO arma_tu_fiesta.telefono (numero, fk_persona) VALUES ('0412894707', @cliente);
INSERT INTO arma_tu_fiesta.email (correo, fk_persona) VALUES ('carlosraffoul@gmail.com', @cliente);
INSERT INTO arma_tu_fiesta.usuario (username, password, fk_persona, fk_rol) VALUES ('carlosraffoul@gmail.com', 'V20000142' , @cliente, @rol);

SET @reside = (SELECT pkParroquia FROM (SELECT id_lugar as pkParroquia FROM arma_tu_fiesta.lugar WHERE nombre = 'El Morro' AND fk_pertenece = (SELECT pkMuni FROM (SELECT id_lugar as pkMuni FROM arma_tu_fiesta.lugar WHERE tipo = 'Municipio' AND nombre = 'Libertador (Mérida)') as tablaMuni)) as tablaParroquia);
INSERT INTO arma_tu_fiesta.persona (cedula, p_nombre, s_nombre, p_apellido, s_apellido, fecha_nacimiento, sexo, estado_civil, fk_residencia) VALUES ('V20000143','Abraham','Francois','Ramos','Ray','1994-06-09','Masculino','Soltero',@reside);

SET @cliente = (SELECT pkPersona FROM (SELECT id_persona as pkPersona from arma_tu_fiesta.persona WHERE cedula = 'V20000143') as tablaPersona);
INSERT INTO arma_tu_fiesta.telefono (numero, fk_persona) VALUES ('0416141178', @cliente);
INSERT INTO arma_tu_fiesta.email (correo, fk_persona) VALUES ('abrahamramos@gmail.com', @cliente);
INSERT INTO arma_tu_fiesta.usuario (username, password, fk_persona, fk_rol) VALUES ('abrahamramos@gmail.com', 'V20000143' , @cliente, @rol);

SET @reside = (SELECT pkParroquia FROM (SELECT id_lugar as pkParroquia FROM arma_tu_fiesta.lugar WHERE nombre = 'El Morro' AND fk_pertenece = (SELECT pkMuni FROM (SELECT id_lugar as pkMuni FROM arma_tu_fiesta.lugar WHERE tipo = 'Municipio' AND nombre = 'Libertador (Mérida)') as tablaMuni)) as tablaParroquia);
INSERT INTO arma_tu_fiesta.persona (cedula, p_nombre, s_nombre, p_apellido, s_apellido, fecha_nacimiento, sexo, estado_civil, fk_residencia) VALUES ('V20000144','Angel','Jesús','Reina','Valderrama','1991-03-31','Masculino','Casado',@reside);

SET @cliente = (SELECT pkPersona FROM (SELECT id_persona as pkPersona from arma_tu_fiesta.persona WHERE cedula = 'V20000144') as tablaPersona);
INSERT INTO arma_tu_fiesta.telefono (numero, fk_persona) VALUES ('0416846234', @cliente);
INSERT INTO arma_tu_fiesta.email (correo, fk_persona) VALUES ('angelreina@gmail.com', @cliente);
INSERT INTO arma_tu_fiesta.usuario (username, password, fk_persona, fk_rol) VALUES ('angelreina@gmail.com', 'V20000144' , @cliente, @rol);

SET @reside = (SELECT pkParroquia FROM (SELECT id_lugar as pkParroquia FROM arma_tu_fiesta.lugar WHERE nombre = 'El Morro' AND fk_pertenece = (SELECT pkMuni FROM (SELECT id_lugar as pkMuni FROM arma_tu_fiesta.lugar WHERE tipo = 'Municipio' AND nombre = 'Libertador (Mérida)') as tablaMuni)) as tablaParroquia);
INSERT INTO arma_tu_fiesta.persona (cedula, p_nombre, s_nombre, p_apellido, s_apellido, fecha_nacimiento, sexo, estado_civil, fk_residencia) VALUES ('V20000145','Gian','Carlo','Restifo','Osorio','1990-11-13','Masculino','Casado',@reside);

SET @cliente = (SELECT pkPersona FROM (SELECT id_persona as pkPersona from arma_tu_fiesta.persona WHERE cedula = 'V20000145') as tablaPersona);
INSERT INTO arma_tu_fiesta.telefono (numero, fk_persona) VALUES ('0416187685', @cliente);
INSERT INTO arma_tu_fiesta.email (correo, fk_persona) VALUES ('gianrestifo@gmail.com', @cliente);
INSERT INTO arma_tu_fiesta.usuario (username, password, fk_persona, fk_rol) VALUES ('gianrestifo@gmail.com', 'V20000145' , @cliente, @rol);

SET @reside = (SELECT pkParroquia FROM (SELECT id_lugar as pkParroquia FROM arma_tu_fiesta.lugar WHERE nombre = 'Los Nevados' AND fk_pertenece = (SELECT pkMuni FROM (SELECT id_lugar as pkMuni FROM arma_tu_fiesta.lugar WHERE tipo = 'Municipio' AND nombre = 'Libertador (Mérida)') as tablaMuni)) as tablaParroquia);
INSERT INTO arma_tu_fiesta.persona (cedula, p_nombre, s_nombre, p_apellido, s_apellido, fecha_nacimiento, sexo, estado_civil, fk_residencia) VALUES ('V20000146','Gherysmar','Nathaly','Pérez','Trujillo','1995-06-08','Femenino','Soltero',@reside);

SET @cliente = (SELECT pkPersona FROM (SELECT id_persona as pkPersona from arma_tu_fiesta.persona WHERE cedula = 'V20000146') as tablaPersona);
INSERT INTO arma_tu_fiesta.telefono (numero, fk_persona) VALUES ('0426795932', @cliente);
INSERT INTO arma_tu_fiesta.email (correo, fk_persona) VALUES ('gherysmarpérez@gmail.com', @cliente);
INSERT INTO arma_tu_fiesta.usuario (username, password, fk_persona, fk_rol) VALUES ('gherysmarpérez@gmail.com', 'V20000146' , @cliente, @rol);

SET @reside = (SELECT pkParroquia FROM (SELECT id_lugar as pkParroquia FROM arma_tu_fiesta.lugar WHERE nombre = 'Los Nevados' AND fk_pertenece = (SELECT pkMuni FROM (SELECT id_lugar as pkMuni FROM arma_tu_fiesta.lugar WHERE tipo = 'Municipio' AND nombre = 'Libertador (Mérida)') as tablaMuni)) as tablaParroquia);
INSERT INTO arma_tu_fiesta.persona (cedula, p_nombre, s_nombre, p_apellido, s_apellido, fecha_nacimiento, sexo, estado_civil, fk_residencia) VALUES ('V20000147','Emily','Andreína','Quevedo','Mejias','1992-04-23','Femenino','Soltero',@reside);

SET @cliente = (SELECT pkPersona FROM (SELECT id_persona as pkPersona from arma_tu_fiesta.persona WHERE cedula = 'V20000147') as tablaPersona);
INSERT INTO arma_tu_fiesta.telefono (numero, fk_persona) VALUES ('0426757224', @cliente);
INSERT INTO arma_tu_fiesta.email (correo, fk_persona) VALUES ('emilyquevedo@gmail.com', @cliente);
INSERT INTO arma_tu_fiesta.usuario (username, password, fk_persona, fk_rol) VALUES ('emilyquevedo@gmail.com', 'V20000147' , @cliente, @rol);

SET @reside = (SELECT pkParroquia FROM (SELECT id_lugar as pkParroquia FROM arma_tu_fiesta.lugar WHERE nombre = 'Los Nevados' AND fk_pertenece = (SELECT pkMuni FROM (SELECT id_lugar as pkMuni FROM arma_tu_fiesta.lugar WHERE tipo = 'Municipio' AND nombre = 'Libertador (Mérida)') as tablaMuni)) as tablaParroquia);
INSERT INTO arma_tu_fiesta.persona (cedula, p_nombre, s_nombre, p_apellido, s_apellido, fecha_nacimiento, sexo, estado_civil, fk_residencia) VALUES ('V20000148','Karen','Daniela','Quintero','Valero','1991-09-10','Femenino','Soltero',@reside);

SET @cliente = (SELECT pkPersona FROM (SELECT id_persona as pkPersona from arma_tu_fiesta.persona WHERE cedula = 'V20000148') as tablaPersona);
INSERT INTO arma_tu_fiesta.telefono (numero, fk_persona) VALUES ('0424343908', @cliente);
INSERT INTO arma_tu_fiesta.email (correo, fk_persona) VALUES ('karenquintero@gmail.com', @cliente);
INSERT INTO arma_tu_fiesta.usuario (username, password, fk_persona, fk_rol) VALUES ('karenquintero@gmail.com', 'V20000148' , @cliente, @rol);

SET @reside = (SELECT pkParroquia FROM (SELECT id_lugar as pkParroquia FROM arma_tu_fiesta.lugar WHERE nombre = 'Los Nevados' AND fk_pertenece = (SELECT pkMuni FROM (SELECT id_lugar as pkMuni FROM arma_tu_fiesta.lugar WHERE tipo = 'Municipio' AND nombre = 'Libertador (Mérida)') as tablaMuni)) as tablaParroquia);
INSERT INTO arma_tu_fiesta.persona (cedula, p_nombre, s_nombre, p_apellido, s_apellido, fecha_nacimiento, sexo, estado_civil, fk_residencia) VALUES ('V20000149','Geraldine','Carolina','Rodriguez','Amaro','1981-05-10','Femenino','Casado',@reside);

SET @cliente = (SELECT pkPersona FROM (SELECT id_persona as pkPersona from arma_tu_fiesta.persona WHERE cedula = 'V20000149') as tablaPersona);
INSERT INTO arma_tu_fiesta.telefono (numero, fk_persona) VALUES ('0416278016', @cliente);
INSERT INTO arma_tu_fiesta.email (correo, fk_persona) VALUES ('geraldinerodriguez@gmail.com', @cliente);
INSERT INTO arma_tu_fiesta.usuario (username, password, fk_persona, fk_rol) VALUES ('geraldinerodriguez@gmail.com', 'V20000149' , @cliente, @rol);

SET @reside = (SELECT pkParroquia FROM (SELECT id_lugar as pkParroquia FROM arma_tu_fiesta.lugar WHERE nombre = 'Los Nevados' AND fk_pertenece = (SELECT pkMuni FROM (SELECT id_lugar as pkMuni FROM arma_tu_fiesta.lugar WHERE tipo = 'Municipio' AND nombre = 'Libertador (Mérida)') as tablaMuni)) as tablaParroquia);
INSERT INTO arma_tu_fiesta.persona (cedula, p_nombre, s_nombre, p_apellido, s_apellido, fecha_nacimiento, sexo, estado_civil, fk_residencia) VALUES ('V20000150','María','Paola','Rodríguez','Ciarrocchi','1993-11-24','Femenino','Casado',@reside);

SET @cliente = (SELECT pkPersona FROM (SELECT id_persona as pkPersona from arma_tu_fiesta.persona WHERE cedula = 'V20000150') as tablaPersona);
INSERT INTO arma_tu_fiesta.telefono (numero, fk_persona) VALUES ('0424926479', @cliente);
INSERT INTO arma_tu_fiesta.email (correo, fk_persona) VALUES ('maríarodríguez@gmail.com', @cliente);
INSERT INTO arma_tu_fiesta.usuario (username, password, fk_persona, fk_rol) VALUES ('maríarodríguez@gmail.com', 'V20000150' , @cliente, @rol);

SET @reside = (SELECT pkParroquia FROM (SELECT id_lugar as pkParroquia FROM arma_tu_fiesta.lugar WHERE nombre = 'Altagracia de la Montaña' AND fk_pertenece = (SELECT pkMuni FROM (SELECT id_lugar as pkMuni FROM arma_tu_fiesta.lugar WHERE tipo = 'Municipio' AND nombre = 'Guaicaipuro (Los Teques)') as tablaMuni)) as tablaParroquia);
INSERT INTO arma_tu_fiesta.persona (cedula, p_nombre, s_nombre, p_apellido, s_apellido, fecha_nacimiento, sexo, estado_civil, fk_residencia) VALUES ('V20000151','Eduardo','Jesús','Rivas','Mallcco','1994-10-04','Masculino','Soltero',@reside);

SET @cliente = (SELECT pkPersona FROM (SELECT id_persona as pkPersona from arma_tu_fiesta.persona WHERE cedula = 'V20000151') as tablaPersona);
INSERT INTO arma_tu_fiesta.telefono (numero, fk_persona) VALUES ('0426823435', @cliente);
INSERT INTO arma_tu_fiesta.email (correo, fk_persona) VALUES ('eduardorivas@gmail.com', @cliente);
INSERT INTO arma_tu_fiesta.usuario (username, password, fk_persona, fk_rol) VALUES ('eduardorivas@gmail.com', 'V20000151' , @cliente, @rol);

SET @reside = (SELECT pkParroquia FROM (SELECT id_lugar as pkParroquia FROM arma_tu_fiesta.lugar WHERE nombre = 'Altagracia de la Montaña' AND fk_pertenece = (SELECT pkMuni FROM (SELECT id_lugar as pkMuni FROM arma_tu_fiesta.lugar WHERE tipo = 'Municipio' AND nombre = 'Guaicaipuro (Los Teques)') as tablaMuni)) as tablaParroquia);
INSERT INTO arma_tu_fiesta.persona (cedula, p_nombre, s_nombre, p_apellido, s_apellido, fecha_nacimiento, sexo, estado_civil, fk_residencia) VALUES ('V20000152','Gerardo','Antonio','Rodríguez','Masironi','1981-09-02','Masculino','Soltero',@reside);

SET @cliente = (SELECT pkPersona FROM (SELECT id_persona as pkPersona from arma_tu_fiesta.persona WHERE cedula = 'V20000152') as tablaPersona);
INSERT INTO arma_tu_fiesta.telefono (numero, fk_persona) VALUES ('0416169271', @cliente);
INSERT INTO arma_tu_fiesta.email (correo, fk_persona) VALUES ('gerardorodríguez@gmail.com', @cliente);
INSERT INTO arma_tu_fiesta.usuario (username, password, fk_persona, fk_rol) VALUES ('gerardorodríguez@gmail.com', 'V20000152' , @cliente, @rol);

SET @reside = (SELECT pkParroquia FROM (SELECT id_lugar as pkParroquia FROM arma_tu_fiesta.lugar WHERE nombre = 'Altagracia de la Montaña' AND fk_pertenece = (SELECT pkMuni FROM (SELECT id_lugar as pkMuni FROM arma_tu_fiesta.lugar WHERE tipo = 'Municipio' AND nombre = 'Guaicaipuro (Los Teques)') as tablaMuni)) as tablaParroquia);
INSERT INTO arma_tu_fiesta.persona (cedula, p_nombre, s_nombre, p_apellido, s_apellido, fecha_nacimiento, sexo, estado_civil, fk_residencia) VALUES ('V20000153','Carlos','Eduardo','Rodríguez','Rivero','1989-08-30','Masculino','Soltero',@reside);

SET @cliente = (SELECT pkPersona FROM (SELECT id_persona as pkPersona from arma_tu_fiesta.persona WHERE cedula = 'V20000153') as tablaPersona);
INSERT INTO arma_tu_fiesta.telefono (numero, fk_persona) VALUES ('0212754179', @cliente);
INSERT INTO arma_tu_fiesta.email (correo, fk_persona) VALUES ('carlosrodríguez@gmail.com', @cliente);
INSERT INTO arma_tu_fiesta.usuario (username, password, fk_persona, fk_rol) VALUES ('carlosrodríguez@gmail.com', 'V20000153' , @cliente, @rol);

SET @reside = (SELECT pkParroquia FROM (SELECT id_lugar as pkParroquia FROM arma_tu_fiesta.lugar WHERE nombre = 'Altagracia de la Montaña' AND fk_pertenece = (SELECT pkMuni FROM (SELECT id_lugar as pkMuni FROM arma_tu_fiesta.lugar WHERE tipo = 'Municipio' AND nombre = 'Guaicaipuro (Los Teques)') as tablaMuni)) as tablaParroquia);
INSERT INTO arma_tu_fiesta.persona (cedula, p_nombre, s_nombre, p_apellido, s_apellido, fecha_nacimiento, sexo, estado_civil, fk_residencia) VALUES ('V20000154','Cristopher','Gabriel','Rodriguez','Urbina','1985-09-21','Masculino','Casado',@reside);

SET @cliente = (SELECT pkPersona FROM (SELECT id_persona as pkPersona from arma_tu_fiesta.persona WHERE cedula = 'V20000154') as tablaPersona);
INSERT INTO arma_tu_fiesta.telefono (numero, fk_persona) VALUES ('0412551257', @cliente);
INSERT INTO arma_tu_fiesta.email (correo, fk_persona) VALUES ('cristopherrodriguez@gmail.com', @cliente);
INSERT INTO arma_tu_fiesta.usuario (username, password, fk_persona, fk_rol) VALUES ('cristopherrodriguez@gmail.com', 'V20000154' , @cliente, @rol);

SET @reside = (SELECT pkParroquia FROM (SELECT id_lugar as pkParroquia FROM arma_tu_fiesta.lugar WHERE nombre = 'Altagracia de la Montaña' AND fk_pertenece = (SELECT pkMuni FROM (SELECT id_lugar as pkMuni FROM arma_tu_fiesta.lugar WHERE tipo = 'Municipio' AND nombre = 'Guaicaipuro (Los Teques)') as tablaMuni)) as tablaParroquia);
INSERT INTO arma_tu_fiesta.persona (cedula, p_nombre, s_nombre, p_apellido, s_apellido, fecha_nacimiento, sexo, estado_civil, fk_residencia) VALUES ('V20000155','Ronald','Eliecer','Royero','Oliveros','1980-11-14','Masculino','Casado',@reside);

SET @cliente = (SELECT pkPersona FROM (SELECT id_persona as pkPersona from arma_tu_fiesta.persona WHERE cedula = 'V20000155') as tablaPersona);
INSERT INTO arma_tu_fiesta.telefono (numero, fk_persona) VALUES ('0412540710', @cliente);
INSERT INTO arma_tu_fiesta.email (correo, fk_persona) VALUES ('ronaldroyero@gmail.com', @cliente);
INSERT INTO arma_tu_fiesta.usuario (username, password, fk_persona, fk_rol) VALUES ('ronaldroyero@gmail.com', 'V20000155' , @cliente, @rol);

SET @reside = (SELECT pkParroquia FROM (SELECT id_lugar as pkParroquia FROM arma_tu_fiesta.lugar WHERE nombre = 'Cecilio Acosta' AND fk_pertenece = (SELECT pkMuni FROM (SELECT id_lugar as pkMuni FROM arma_tu_fiesta.lugar WHERE tipo = 'Municipio' AND nombre = 'Guaicaipuro (Los Teques)') as tablaMuni)) as tablaParroquia);
INSERT INTO arma_tu_fiesta.persona (cedula, p_nombre, s_nombre, p_apellido, s_apellido, fecha_nacimiento, sexo, estado_civil, fk_residencia) VALUES ('V20000156','Grecia','Esthefanía','Mejías','Rojas','1988-11-08','Femenino','Soltero',@reside);

SET @cliente = (SELECT pkPersona FROM (SELECT id_persona as pkPersona from arma_tu_fiesta.persona WHERE cedula = 'V20000156') as tablaPersona);
INSERT INTO arma_tu_fiesta.telefono (numero, fk_persona) VALUES ('0416583289', @cliente);
INSERT INTO arma_tu_fiesta.email (correo, fk_persona) VALUES ('greciamejías@gmail.com', @cliente);
INSERT INTO arma_tu_fiesta.usuario (username, password, fk_persona, fk_rol) VALUES ('greciamejías@gmail.com', 'V20000156' , @cliente, @rol);

SET @reside = (SELECT pkParroquia FROM (SELECT id_lugar as pkParroquia FROM arma_tu_fiesta.lugar WHERE nombre = 'Cecilio Acosta' AND fk_pertenece = (SELECT pkMuni FROM (SELECT id_lugar as pkMuni FROM arma_tu_fiesta.lugar WHERE tipo = 'Municipio' AND nombre = 'Guaicaipuro (Los Teques)') as tablaMuni)) as tablaParroquia);
INSERT INTO arma_tu_fiesta.persona (cedula, p_nombre, s_nombre, p_apellido, s_apellido, fecha_nacimiento, sexo, estado_civil, fk_residencia) VALUES ('V20000157','Vanessa','Alejandra','Mendieta','Veliz','1992-03-11','Femenino','Soltero',@reside);

SET @cliente = (SELECT pkPersona FROM (SELECT id_persona as pkPersona from arma_tu_fiesta.persona WHERE cedula = 'V20000157') as tablaPersona);
INSERT INTO arma_tu_fiesta.telefono (numero, fk_persona) VALUES ('0426968928', @cliente);
INSERT INTO arma_tu_fiesta.email (correo, fk_persona) VALUES ('vanessamendieta@gmail.com', @cliente);
INSERT INTO arma_tu_fiesta.usuario (username, password, fk_persona, fk_rol) VALUES ('vanessamendieta@gmail.com', 'V20000157' , @cliente, @rol);

SET @reside = (SELECT pkParroquia FROM (SELECT id_lugar as pkParroquia FROM arma_tu_fiesta.lugar WHERE nombre = 'Cecilio Acosta' AND fk_pertenece = (SELECT pkMuni FROM (SELECT id_lugar as pkMuni FROM arma_tu_fiesta.lugar WHERE tipo = 'Municipio' AND nombre = 'Guaicaipuro (Los Teques)') as tablaMuni)) as tablaParroquia);
INSERT INTO arma_tu_fiesta.persona (cedula, p_nombre, s_nombre, p_apellido, s_apellido, fecha_nacimiento, sexo, estado_civil, fk_residencia) VALUES ('V20000158','María','Fernanda','Mendoza','Criollo','1986-09-23','Femenino','Soltero',@reside);

SET @cliente = (SELECT pkPersona FROM (SELECT id_persona as pkPersona from arma_tu_fiesta.persona WHERE cedula = 'V20000158') as tablaPersona);
INSERT INTO arma_tu_fiesta.telefono (numero, fk_persona) VALUES ('0212920597', @cliente);
INSERT INTO arma_tu_fiesta.email (correo, fk_persona) VALUES ('maríamendoza@gmail.com', @cliente);
INSERT INTO arma_tu_fiesta.usuario (username, password, fk_persona, fk_rol) VALUES ('maríamendoza@gmail.com', 'V20000158' , @cliente, @rol);

SET @reside = (SELECT pkParroquia FROM (SELECT id_lugar as pkParroquia FROM arma_tu_fiesta.lugar WHERE nombre = 'Cecilio Acosta' AND fk_pertenece = (SELECT pkMuni FROM (SELECT id_lugar as pkMuni FROM arma_tu_fiesta.lugar WHERE tipo = 'Municipio' AND nombre = 'Guaicaipuro (Los Teques)') as tablaMuni)) as tablaParroquia);
INSERT INTO arma_tu_fiesta.persona (cedula, p_nombre, s_nombre, p_apellido, s_apellido, fecha_nacimiento, sexo, estado_civil, fk_residencia) VALUES ('V20000159','Fabiana','Roselynn','Ospina','Linares','1987-08-21','Femenino','Casado',@reside);

SET @cliente = (SELECT pkPersona FROM (SELECT id_persona as pkPersona from arma_tu_fiesta.persona WHERE cedula = 'V20000159') as tablaPersona);
INSERT INTO arma_tu_fiesta.telefono (numero, fk_persona) VALUES ('0412853704', @cliente);
INSERT INTO arma_tu_fiesta.email (correo, fk_persona) VALUES ('fabianaospina@gmail.com', @cliente);
INSERT INTO arma_tu_fiesta.usuario (username, password, fk_persona, fk_rol) VALUES ('fabianaospina@gmail.com', 'V20000159' , @cliente, @rol);

SET @reside = (SELECT pkParroquia FROM (SELECT id_lugar as pkParroquia FROM arma_tu_fiesta.lugar WHERE nombre = 'Cecilio Acosta' AND fk_pertenece = (SELECT pkMuni FROM (SELECT id_lugar as pkMuni FROM arma_tu_fiesta.lugar WHERE tipo = 'Municipio' AND nombre = 'Guaicaipuro (Los Teques)') as tablaMuni)) as tablaParroquia);
INSERT INTO arma_tu_fiesta.persona (cedula, p_nombre, s_nombre, p_apellido, s_apellido, fecha_nacimiento, sexo, estado_civil, fk_residencia) VALUES ('V20000160','Jhenny','Carmen','Peña','Asuaje','1982-12-09','Femenino','Casado',@reside);

SET @cliente = (SELECT pkPersona FROM (SELECT id_persona as pkPersona from arma_tu_fiesta.persona WHERE cedula = 'V20000160') as tablaPersona);
INSERT INTO arma_tu_fiesta.telefono (numero, fk_persona) VALUES ('0416573609', @cliente);
INSERT INTO arma_tu_fiesta.email (correo, fk_persona) VALUES ('jhennypeña@gmail.com', @cliente);
INSERT INTO arma_tu_fiesta.usuario (username, password, fk_persona, fk_rol) VALUES ('jhennypeña@gmail.com', 'V20000160' , @cliente, @rol);

SET @reside = (SELECT pkParroquia FROM (SELECT id_lugar as pkParroquia FROM arma_tu_fiesta.lugar WHERE nombre = 'Alto de los Godos' AND fk_pertenece = (SELECT pkMuni FROM (SELECT id_lugar as pkMuni FROM arma_tu_fiesta.lugar WHERE tipo = 'Municipio' AND nombre = 'Maturín (Maturín)') as tablaMuni)) as tablaParroquia);
INSERT INTO arma_tu_fiesta.persona (cedula, p_nombre, s_nombre, p_apellido, s_apellido, fecha_nacimiento, sexo, estado_civil, fk_residencia) VALUES ('V20000161','Edgar','David','Sayago','Torrealba','1987-03-17','Masculino','Soltero',@reside);

SET @cliente = (SELECT pkPersona FROM (SELECT id_persona as pkPersona from arma_tu_fiesta.persona WHERE cedula = 'V20000161') as tablaPersona);
INSERT INTO arma_tu_fiesta.telefono (numero, fk_persona) VALUES ('0426733187', @cliente);
INSERT INTO arma_tu_fiesta.email (correo, fk_persona) VALUES ('edgarsayago@gmail.com', @cliente);
INSERT INTO arma_tu_fiesta.usuario (username, password, fk_persona, fk_rol) VALUES ('edgarsayago@gmail.com', 'V20000161' , @cliente, @rol);

SET @reside = (SELECT pkParroquia FROM (SELECT id_lugar as pkParroquia FROM arma_tu_fiesta.lugar WHERE nombre = 'Alto de los Godos' AND fk_pertenece = (SELECT pkMuni FROM (SELECT id_lugar as pkMuni FROM arma_tu_fiesta.lugar WHERE tipo = 'Municipio' AND nombre = 'Maturín (Maturín)') as tablaMuni)) as tablaParroquia);
INSERT INTO arma_tu_fiesta.persona (cedula, p_nombre, s_nombre, p_apellido, s_apellido, fecha_nacimiento, sexo, estado_civil, fk_residencia) VALUES ('V20000162','Fernando','Rafael','Sisco','Martínez','1987-02-13','Masculino','Soltero',@reside);

SET @cliente = (SELECT pkPersona FROM (SELECT id_persona as pkPersona from arma_tu_fiesta.persona WHERE cedula = 'V20000162') as tablaPersona);
INSERT INTO arma_tu_fiesta.telefono (numero, fk_persona) VALUES ('0412711916', @cliente);
INSERT INTO arma_tu_fiesta.email (correo, fk_persona) VALUES ('fernandosisco@gmail.com', @cliente);
INSERT INTO arma_tu_fiesta.usuario (username, password, fk_persona, fk_rol) VALUES ('fernandosisco@gmail.com', 'V20000162' , @cliente, @rol);

SET @reside = (SELECT pkParroquia FROM (SELECT id_lugar as pkParroquia FROM arma_tu_fiesta.lugar WHERE nombre = 'Alto de los Godos' AND fk_pertenece = (SELECT pkMuni FROM (SELECT id_lugar as pkMuni FROM arma_tu_fiesta.lugar WHERE tipo = 'Municipio' AND nombre = 'Maturín (Maturín)') as tablaMuni)) as tablaParroquia);
INSERT INTO arma_tu_fiesta.persona (cedula, p_nombre, s_nombre, p_apellido, s_apellido, fecha_nacimiento, sexo, estado_civil, fk_residencia) VALUES ('V20000163','Luis','Augusto','Sosa','Segnini','1995-12-17','Masculino','Soltero',@reside);

SET @cliente = (SELECT pkPersona FROM (SELECT id_persona as pkPersona from arma_tu_fiesta.persona WHERE cedula = 'V20000163') as tablaPersona);
INSERT INTO arma_tu_fiesta.telefono (numero, fk_persona) VALUES ('0412515233', @cliente);
INSERT INTO arma_tu_fiesta.email (correo, fk_persona) VALUES ('luissosa@gmail.com', @cliente);
INSERT INTO arma_tu_fiesta.usuario (username, password, fk_persona, fk_rol) VALUES ('luissosa@gmail.com', 'V20000163' , @cliente, @rol);

SET @reside = (SELECT pkParroquia FROM (SELECT id_lugar as pkParroquia FROM arma_tu_fiesta.lugar WHERE nombre = 'Alto de los Godos' AND fk_pertenece = (SELECT pkMuni FROM (SELECT id_lugar as pkMuni FROM arma_tu_fiesta.lugar WHERE tipo = 'Municipio' AND nombre = 'Maturín (Maturín)') as tablaMuni)) as tablaParroquia);
INSERT INTO arma_tu_fiesta.persona (cedula, p_nombre, s_nombre, p_apellido, s_apellido, fecha_nacimiento, sexo, estado_civil, fk_residencia) VALUES ('V20000164','Edwin','Alberto','Torrelles','Brizuela','1994-01-06','Masculino','Casado',@reside);

SET @cliente = (SELECT pkPersona FROM (SELECT id_persona as pkPersona from arma_tu_fiesta.persona WHERE cedula = 'V20000164') as tablaPersona);
INSERT INTO arma_tu_fiesta.telefono (numero, fk_persona) VALUES ('0412303831', @cliente);
INSERT INTO arma_tu_fiesta.email (correo, fk_persona) VALUES ('edwintorrelles@gmail.com', @cliente);
INSERT INTO arma_tu_fiesta.usuario (username, password, fk_persona, fk_rol) VALUES ('edwintorrelles@gmail.com', 'V20000164' , @cliente, @rol);

SET @reside = (SELECT pkParroquia FROM (SELECT id_lugar as pkParroquia FROM arma_tu_fiesta.lugar WHERE nombre = 'Alto de los Godos' AND fk_pertenece = (SELECT pkMuni FROM (SELECT id_lugar as pkMuni FROM arma_tu_fiesta.lugar WHERE tipo = 'Municipio' AND nombre = 'Maturín (Maturín)') as tablaMuni)) as tablaParroquia);
INSERT INTO arma_tu_fiesta.persona (cedula, p_nombre, s_nombre, p_apellido, s_apellido, fecha_nacimiento, sexo, estado_civil, fk_residencia) VALUES ('V20000165','Christian','Jose','Ursini','Tacon','1991-12-06','Masculino','Casado',@reside);

SET @cliente = (SELECT pkPersona FROM (SELECT id_persona as pkPersona from arma_tu_fiesta.persona WHERE cedula = 'V20000165') as tablaPersona);
INSERT INTO arma_tu_fiesta.telefono (numero, fk_persona) VALUES ('0412358025', @cliente);
INSERT INTO arma_tu_fiesta.email (correo, fk_persona) VALUES ('christianursini@gmail.com', @cliente);
INSERT INTO arma_tu_fiesta.usuario (username, password, fk_persona, fk_rol) VALUES ('christianursini@gmail.com', 'V20000165' , @cliente, @rol);

SET @reside = (SELECT pkParroquia FROM (SELECT id_lugar as pkParroquia FROM arma_tu_fiesta.lugar WHERE nombre = 'Boquerón' AND fk_pertenece = (SELECT pkMuni FROM (SELECT id_lugar as pkMuni FROM arma_tu_fiesta.lugar WHERE tipo = 'Municipio' AND nombre = 'Maturín (Maturín)') as tablaMuni)) as tablaParroquia);
INSERT INTO arma_tu_fiesta.persona (cedula, p_nombre, s_nombre, p_apellido, s_apellido, fecha_nacimiento, sexo, estado_civil, fk_residencia) VALUES ('V20000166','Patricia','Carolina','Gonzalez','Gargiso','1981-08-01','Femenino','Soltero',@reside);

SET @cliente = (SELECT pkPersona FROM (SELECT id_persona as pkPersona from arma_tu_fiesta.persona WHERE cedula = 'V20000166') as tablaPersona);
INSERT INTO arma_tu_fiesta.telefono (numero, fk_persona) VALUES ('0212284399', @cliente);
INSERT INTO arma_tu_fiesta.email (correo, fk_persona) VALUES ('patriciagonzalez@gmail.com', @cliente);
INSERT INTO arma_tu_fiesta.usuario (username, password, fk_persona, fk_rol) VALUES ('patriciagonzalez@gmail.com', 'V20000166' , @cliente, @rol);

SET @reside = (SELECT pkParroquia FROM (SELECT id_lugar as pkParroquia FROM arma_tu_fiesta.lugar WHERE nombre = 'Boquerón' AND fk_pertenece = (SELECT pkMuni FROM (SELECT id_lugar as pkMuni FROM arma_tu_fiesta.lugar WHERE tipo = 'Municipio' AND nombre = 'Maturín (Maturín)') as tablaMuni)) as tablaParroquia);
INSERT INTO arma_tu_fiesta.persona (cedula, p_nombre, s_nombre, p_apellido, s_apellido, fecha_nacimiento, sexo, estado_civil, fk_residencia) VALUES ('V20000167','Oriana','Alejandra','Guerrero','Labrador','1981-10-29','Femenino','Soltero',@reside);

SET @cliente = (SELECT pkPersona FROM (SELECT id_persona as pkPersona from arma_tu_fiesta.persona WHERE cedula = 'V20000167') as tablaPersona);
INSERT INTO arma_tu_fiesta.telefono (numero, fk_persona) VALUES ('0414263267', @cliente);
INSERT INTO arma_tu_fiesta.email (correo, fk_persona) VALUES ('orianaguerrero@gmail.com', @cliente);
INSERT INTO arma_tu_fiesta.usuario (username, password, fk_persona, fk_rol) VALUES ('orianaguerrero@gmail.com', 'V20000167' , @cliente, @rol);

SET @reside = (SELECT pkParroquia FROM (SELECT id_lugar as pkParroquia FROM arma_tu_fiesta.lugar WHERE nombre = 'Boquerón' AND fk_pertenece = (SELECT pkMuni FROM (SELECT id_lugar as pkMuni FROM arma_tu_fiesta.lugar WHERE tipo = 'Municipio' AND nombre = 'Maturín (Maturín)') as tablaMuni)) as tablaParroquia);
INSERT INTO arma_tu_fiesta.persona (cedula, p_nombre, s_nombre, p_apellido, s_apellido, fecha_nacimiento, sexo, estado_civil, fk_residencia) VALUES ('V20000168','Alejandra','Imelda','Huertas','Chourio','1993-02-14','Femenino','Soltero',@reside);

SET @cliente = (SELECT pkPersona FROM (SELECT id_persona as pkPersona from arma_tu_fiesta.persona WHERE cedula = 'V20000168') as tablaPersona);
INSERT INTO arma_tu_fiesta.telefono (numero, fk_persona) VALUES ('0212336180', @cliente);
INSERT INTO arma_tu_fiesta.email (correo, fk_persona) VALUES ('alejandrahuertas@gmail.com', @cliente);
INSERT INTO arma_tu_fiesta.usuario (username, password, fk_persona, fk_rol) VALUES ('alejandrahuertas@gmail.com', 'V20000168' , @cliente, @rol);

SET @reside = (SELECT pkParroquia FROM (SELECT id_lugar as pkParroquia FROM arma_tu_fiesta.lugar WHERE nombre = 'Boquerón' AND fk_pertenece = (SELECT pkMuni FROM (SELECT id_lugar as pkMuni FROM arma_tu_fiesta.lugar WHERE tipo = 'Municipio' AND nombre = 'Maturín (Maturín)') as tablaMuni)) as tablaParroquia);
INSERT INTO arma_tu_fiesta.persona (cedula, p_nombre, s_nombre, p_apellido, s_apellido, fecha_nacimiento, sexo, estado_civil, fk_residencia) VALUES ('V20000169','Adriana','Valle','Jiménez','Hidalgo','1985-12-12','Femenino','Casado',@reside);

SET @cliente = (SELECT pkPersona FROM (SELECT id_persona as pkPersona from arma_tu_fiesta.persona WHERE cedula = 'V20000169') as tablaPersona);
INSERT INTO arma_tu_fiesta.telefono (numero, fk_persona) VALUES ('0212777328', @cliente);
INSERT INTO arma_tu_fiesta.email (correo, fk_persona) VALUES ('adrianajiménez@gmail.com', @cliente);
INSERT INTO arma_tu_fiesta.usuario (username, password, fk_persona, fk_rol) VALUES ('adrianajiménez@gmail.com', 'V20000169' , @cliente, @rol);

SET @reside = (SELECT pkParroquia FROM (SELECT id_lugar as pkParroquia FROM arma_tu_fiesta.lugar WHERE nombre = 'Boquerón' AND fk_pertenece = (SELECT pkMuni FROM (SELECT id_lugar as pkMuni FROM arma_tu_fiesta.lugar WHERE tipo = 'Municipio' AND nombre = 'Maturín (Maturín)') as tablaMuni)) as tablaParroquia);
INSERT INTO arma_tu_fiesta.persona (cedula, p_nombre, s_nombre, p_apellido, s_apellido, fecha_nacimiento, sexo, estado_civil, fk_residencia) VALUES ('V20000170','Maria','Paula','Medina','Libre','1994-10-08','Femenino','Casado',@reside);

SET @cliente = (SELECT pkPersona FROM (SELECT id_persona as pkPersona from arma_tu_fiesta.persona WHERE cedula = 'V20000170') as tablaPersona);
INSERT INTO arma_tu_fiesta.telefono (numero, fk_persona) VALUES ('0412895904', @cliente);
INSERT INTO arma_tu_fiesta.email (correo, fk_persona) VALUES ('mariamedina@gmail.com', @cliente);
INSERT INTO arma_tu_fiesta.usuario (username, password, fk_persona, fk_rol) VALUES ('mariamedina@gmail.com', 'V20000170' , @cliente, @rol);

SET @reside = (SELECT pkParroquia FROM (SELECT id_lugar as pkParroquia FROM arma_tu_fiesta.lugar WHERE nombre = 'Arismendi​' AND fk_pertenece = (SELECT pkMuni FROM (SELECT id_lugar as pkMuni FROM arma_tu_fiesta.lugar WHERE tipo = 'Municipio' AND nombre = 'Arismendi (La Asunción)') as tablaMuni)) as tablaParroquia);
INSERT INTO arma_tu_fiesta.persona (cedula, p_nombre, s_nombre, p_apellido, s_apellido, fecha_nacimiento, sexo, estado_civil, fk_residencia) VALUES ('V20000171','Ibrain','Josue','Verbeci','Villamizar','1983-12-29','Masculino','Soltero',@reside);

SET @cliente = (SELECT pkPersona FROM (SELECT id_persona as pkPersona from arma_tu_fiesta.persona WHERE cedula = 'V20000171') as tablaPersona);
INSERT INTO arma_tu_fiesta.telefono (numero, fk_persona) VALUES ('0412246699', @cliente);
INSERT INTO arma_tu_fiesta.email (correo, fk_persona) VALUES ('ibrainverbeci@gmail.com', @cliente);
INSERT INTO arma_tu_fiesta.usuario (username, password, fk_persona, fk_rol) VALUES ('ibrainverbeci@gmail.com', 'V20000171' , @cliente, @rol);

SET @reside = (SELECT pkParroquia FROM (SELECT id_lugar as pkParroquia FROM arma_tu_fiesta.lugar WHERE nombre = 'Arismendi​' AND fk_pertenece = (SELECT pkMuni FROM (SELECT id_lugar as pkMuni FROM arma_tu_fiesta.lugar WHERE tipo = 'Municipio' AND nombre = 'Arismendi (La Asunción)') as tablaMuni)) as tablaParroquia);
INSERT INTO arma_tu_fiesta.persona (cedula, p_nombre, s_nombre, p_apellido, s_apellido, fecha_nacimiento, sexo, estado_civil, fk_residencia) VALUES ('V20000172','Dugleiquer','Jesús','Vielma','Gil','1986-05-24','Masculino','Soltero',@reside);

SET @cliente = (SELECT pkPersona FROM (SELECT id_persona as pkPersona from arma_tu_fiesta.persona WHERE cedula = 'V20000172') as tablaPersona);
INSERT INTO arma_tu_fiesta.telefono (numero, fk_persona) VALUES ('0426579165', @cliente);
INSERT INTO arma_tu_fiesta.email (correo, fk_persona) VALUES ('dugleiquervielma@gmail.com', @cliente);
INSERT INTO arma_tu_fiesta.usuario (username, password, fk_persona, fk_rol) VALUES ('dugleiquervielma@gmail.com', 'V20000172' , @cliente, @rol);

SET @reside = (SELECT pkParroquia FROM (SELECT id_lugar as pkParroquia FROM arma_tu_fiesta.lugar WHERE nombre = 'Arismendi​' AND fk_pertenece = (SELECT pkMuni FROM (SELECT id_lugar as pkMuni FROM arma_tu_fiesta.lugar WHERE tipo = 'Municipio' AND nombre = 'Arismendi (La Asunción)') as tablaMuni)) as tablaParroquia);
INSERT INTO arma_tu_fiesta.persona (cedula, p_nombre, s_nombre, p_apellido, s_apellido, fecha_nacimiento, sexo, estado_civil, fk_residencia) VALUES ('V20000173','Jesús','Alfredo','Volcan','Blanca','1991-03-19','Masculino','Soltero',@reside);

SET @cliente = (SELECT pkPersona FROM (SELECT id_persona as pkPersona from arma_tu_fiesta.persona WHERE cedula = 'V20000173') as tablaPersona);
INSERT INTO arma_tu_fiesta.telefono (numero, fk_persona) VALUES ('0212783642', @cliente);
INSERT INTO arma_tu_fiesta.email (correo, fk_persona) VALUES ('jesúsvolcan@gmail.com', @cliente);
INSERT INTO arma_tu_fiesta.usuario (username, password, fk_persona, fk_rol) VALUES ('jesúsvolcan@gmail.com', 'V20000173' , @cliente, @rol);

SET @reside = (SELECT pkParroquia FROM (SELECT id_lugar as pkParroquia FROM arma_tu_fiesta.lugar WHERE nombre = 'Arismendi​' AND fk_pertenece = (SELECT pkMuni FROM (SELECT id_lugar as pkMuni FROM arma_tu_fiesta.lugar WHERE tipo = 'Municipio' AND nombre = 'Arismendi (La Asunción)') as tablaMuni)) as tablaParroquia);
INSERT INTO arma_tu_fiesta.persona (cedula, p_nombre, s_nombre, p_apellido, s_apellido, fecha_nacimiento, sexo, estado_civil, fk_residencia) VALUES ('V20000174','Winkler','Manuel','Suarez','Caldera','1984-05-25','Masculino','Casado',@reside);

SET @cliente = (SELECT pkPersona FROM (SELECT id_persona as pkPersona from arma_tu_fiesta.persona WHERE cedula = 'V20000174') as tablaPersona);
INSERT INTO arma_tu_fiesta.telefono (numero, fk_persona) VALUES ('0212531178', @cliente);
INSERT INTO arma_tu_fiesta.email (correo, fk_persona) VALUES ('winklersuarez@gmail.com', @cliente);
INSERT INTO arma_tu_fiesta.usuario (username, password, fk_persona, fk_rol) VALUES ('winklersuarez@gmail.com', 'V20000174' , @cliente, @rol);

SET @reside = (SELECT pkParroquia FROM (SELECT id_lugar as pkParroquia FROM arma_tu_fiesta.lugar WHERE nombre = 'Arismendi​' AND fk_pertenece = (SELECT pkMuni FROM (SELECT id_lugar as pkMuni FROM arma_tu_fiesta.lugar WHERE tipo = 'Municipio' AND nombre = 'Arismendi (La Asunción)') as tablaMuni)) as tablaParroquia);
INSERT INTO arma_tu_fiesta.persona (cedula, p_nombre, s_nombre, p_apellido, s_apellido, fecha_nacimiento, sexo, estado_civil, fk_residencia) VALUES ('V20000175','Yoimer','Daniel','Zuñiga','Mendoza','1987-04-23','Masculino','Casado',@reside);

SET @cliente = (SELECT pkPersona FROM (SELECT id_persona as pkPersona from arma_tu_fiesta.persona WHERE cedula = 'V20000175') as tablaPersona);
INSERT INTO arma_tu_fiesta.telefono (numero, fk_persona) VALUES ('0426964424', @cliente);
INSERT INTO arma_tu_fiesta.email (correo, fk_persona) VALUES ('yoimerzuñiga@gmail.com', @cliente);
INSERT INTO arma_tu_fiesta.usuario (username, password, fk_persona, fk_rol) VALUES ('yoimerzuñiga@gmail.com', 'V20000175' , @cliente, @rol);

SET @reside = (SELECT pkParroquia FROM (SELECT id_lugar as pkParroquia FROM arma_tu_fiesta.lugar WHERE nombre = 'Arismendi​' AND fk_pertenece = (SELECT pkMuni FROM (SELECT id_lugar as pkMuni FROM arma_tu_fiesta.lugar WHERE tipo = 'Municipio' AND nombre = 'Arismendi (La Asunción)') as tablaMuni)) as tablaParroquia);
INSERT INTO arma_tu_fiesta.persona (cedula, p_nombre, s_nombre, p_apellido, s_apellido, fecha_nacimiento, sexo, estado_civil, fk_residencia) VALUES ('V20000176','Nicole','Valentina','Drew-Bear','Borges','1990-02-04','Femenino','Soltero',@reside);

SET @cliente = (SELECT pkPersona FROM (SELECT id_persona as pkPersona from arma_tu_fiesta.persona WHERE cedula = 'V20000176') as tablaPersona);
INSERT INTO arma_tu_fiesta.telefono (numero, fk_persona) VALUES ('0424344105', @cliente);
INSERT INTO arma_tu_fiesta.email (correo, fk_persona) VALUES ('nicoledrew-bear@gmail.com', @cliente);
INSERT INTO arma_tu_fiesta.usuario (username, password, fk_persona, fk_rol) VALUES ('nicoledrew-bear@gmail.com', 'V20000176' , @cliente, @rol);

SET @reside = (SELECT pkParroquia FROM (SELECT id_lugar as pkParroquia FROM arma_tu_fiesta.lugar WHERE nombre = 'Arismendi​' AND fk_pertenece = (SELECT pkMuni FROM (SELECT id_lugar as pkMuni FROM arma_tu_fiesta.lugar WHERE tipo = 'Municipio' AND nombre = 'Arismendi (La Asunción)') as tablaMuni)) as tablaParroquia);
INSERT INTO arma_tu_fiesta.persona (cedula, p_nombre, s_nombre, p_apellido, s_apellido, fecha_nacimiento, sexo, estado_civil, fk_residencia) VALUES ('V20000177','Vanessa','Alejandra','Fernández','Barrios','1995-04-24','Femenino','Soltero',@reside);

SET @cliente = (SELECT pkPersona FROM (SELECT id_persona as pkPersona from arma_tu_fiesta.persona WHERE cedula = 'V20000177') as tablaPersona);
INSERT INTO arma_tu_fiesta.telefono (numero, fk_persona) VALUES ('0416355455', @cliente);
INSERT INTO arma_tu_fiesta.email (correo, fk_persona) VALUES ('vanessafernández@gmail.com', @cliente);
INSERT INTO arma_tu_fiesta.usuario (username, password, fk_persona, fk_rol) VALUES ('vanessafernández@gmail.com', 'V20000177' , @cliente, @rol);

SET @reside = (SELECT pkParroquia FROM (SELECT id_lugar as pkParroquia FROM arma_tu_fiesta.lugar WHERE nombre = 'Arismendi​' AND fk_pertenece = (SELECT pkMuni FROM (SELECT id_lugar as pkMuni FROM arma_tu_fiesta.lugar WHERE tipo = 'Municipio' AND nombre = 'Arismendi (La Asunción)') as tablaMuni)) as tablaParroquia);
INSERT INTO arma_tu_fiesta.persona (cedula, p_nombre, s_nombre, p_apellido, s_apellido, fecha_nacimiento, sexo, estado_civil, fk_residencia) VALUES ('V20000178','Alexandra','Andreina','Galaviz','Guillen','1992-12-11','Femenino','Soltero',@reside);

SET @cliente = (SELECT pkPersona FROM (SELECT id_persona as pkPersona from arma_tu_fiesta.persona WHERE cedula = 'V20000178') as tablaPersona);
INSERT INTO arma_tu_fiesta.telefono (numero, fk_persona) VALUES ('0416892724', @cliente);
INSERT INTO arma_tu_fiesta.email (correo, fk_persona) VALUES ('alexandragalaviz@gmail.com', @cliente);
INSERT INTO arma_tu_fiesta.usuario (username, password, fk_persona, fk_rol) VALUES ('alexandragalaviz@gmail.com', 'V20000178' , @cliente, @rol);

SET @reside = (SELECT pkParroquia FROM (SELECT id_lugar as pkParroquia FROM arma_tu_fiesta.lugar WHERE nombre = 'Arismendi​' AND fk_pertenece = (SELECT pkMuni FROM (SELECT id_lugar as pkMuni FROM arma_tu_fiesta.lugar WHERE tipo = 'Municipio' AND nombre = 'Arismendi (La Asunción)') as tablaMuni)) as tablaParroquia);
INSERT INTO arma_tu_fiesta.persona (cedula, p_nombre, s_nombre, p_apellido, s_apellido, fecha_nacimiento, sexo, estado_civil, fk_residencia) VALUES ('V20000179','Jorgelys','Raibeth','Goitia','Delgado','1982-10-25','Femenino','Casado',@reside);

SET @cliente = (SELECT pkPersona FROM (SELECT id_persona as pkPersona from arma_tu_fiesta.persona WHERE cedula = 'V20000179') as tablaPersona);
INSERT INTO arma_tu_fiesta.telefono (numero, fk_persona) VALUES ('0414730298', @cliente);
INSERT INTO arma_tu_fiesta.email (correo, fk_persona) VALUES ('jorgelysgoitia@gmail.com', @cliente);
INSERT INTO arma_tu_fiesta.usuario (username, password, fk_persona, fk_rol) VALUES ('jorgelysgoitia@gmail.com', 'V20000179' , @cliente, @rol);

SET @reside = (SELECT pkParroquia FROM (SELECT id_lugar as pkParroquia FROM arma_tu_fiesta.lugar WHERE nombre = 'Arismendi​' AND fk_pertenece = (SELECT pkMuni FROM (SELECT id_lugar as pkMuni FROM arma_tu_fiesta.lugar WHERE tipo = 'Municipio' AND nombre = 'Arismendi (La Asunción)') as tablaMuni)) as tablaParroquia);
INSERT INTO arma_tu_fiesta.persona (cedula, p_nombre, s_nombre, p_apellido, s_apellido, fecha_nacimiento, sexo, estado_civil, fk_residencia) VALUES ('V20000180','Jackeline','Andrea','Gomes','Goncalves','1992-12-30','Femenino','Casado',@reside);

SET @cliente = (SELECT pkPersona FROM (SELECT id_persona as pkPersona from arma_tu_fiesta.persona WHERE cedula = 'V20000180') as tablaPersona);
INSERT INTO arma_tu_fiesta.telefono (numero, fk_persona) VALUES ('0414394340', @cliente);
INSERT INTO arma_tu_fiesta.email (correo, fk_persona) VALUES ('jackelinegomes@gmail.com', @cliente);
INSERT INTO arma_tu_fiesta.usuario (username, password, fk_persona, fk_rol) VALUES ('jackelinegomes@gmail.com', 'V20000180' , @cliente, @rol);

SET @reside = (SELECT pkParroquia FROM (SELECT id_lugar as pkParroquia FROM arma_tu_fiesta.lugar WHERE nombre = 'Cordova' AND fk_pertenece = (SELECT pkMuni FROM (SELECT id_lugar as pkMuni FROM arma_tu_fiesta.lugar WHERE tipo = 'Municipio' AND nombre = 'Guanare (Guanare)') as tablaMuni)) as tablaParroquia);
INSERT INTO arma_tu_fiesta.persona (cedula, p_nombre, s_nombre, p_apellido, s_apellido, fecha_nacimiento, sexo, estado_civil, fk_residencia) VALUES ('V20000181','Humberto','Jesús','Alegre','Palacios','1994-03-07','Masculino','Soltero',@reside);

SET @cliente = (SELECT pkPersona FROM (SELECT id_persona as pkPersona from arma_tu_fiesta.persona WHERE cedula = 'V20000181') as tablaPersona);
INSERT INTO arma_tu_fiesta.telefono (numero, fk_persona) VALUES ('0424271488', @cliente);
INSERT INTO arma_tu_fiesta.email (correo, fk_persona) VALUES ('humbertoalegre@gmail.com', @cliente);
INSERT INTO arma_tu_fiesta.usuario (username, password, fk_persona, fk_rol) VALUES ('humbertoalegre@gmail.com', 'V20000181' , @cliente, @rol);

SET @reside = (SELECT pkParroquia FROM (SELECT id_lugar as pkParroquia FROM arma_tu_fiesta.lugar WHERE nombre = 'Cordova' AND fk_pertenece = (SELECT pkMuni FROM (SELECT id_lugar as pkMuni FROM arma_tu_fiesta.lugar WHERE tipo = 'Municipio' AND nombre = 'Guanare (Guanare)') as tablaMuni)) as tablaParroquia);
INSERT INTO arma_tu_fiesta.persona (cedula, p_nombre, s_nombre, p_apellido, s_apellido, fecha_nacimiento, sexo, estado_civil, fk_residencia) VALUES ('V20000182','Fernando','Joaquín','Alves','Santos','1995-12-19','Masculino','Soltero',@reside);

SET @cliente = (SELECT pkPersona FROM (SELECT id_persona as pkPersona from arma_tu_fiesta.persona WHERE cedula = 'V20000182') as tablaPersona);
INSERT INTO arma_tu_fiesta.telefono (numero, fk_persona) VALUES ('0424380286', @cliente);
INSERT INTO arma_tu_fiesta.email (correo, fk_persona) VALUES ('fernandoalves@gmail.com', @cliente);
INSERT INTO arma_tu_fiesta.usuario (username, password, fk_persona, fk_rol) VALUES ('fernandoalves@gmail.com', 'V20000182' , @cliente, @rol);

SET @reside = (SELECT pkParroquia FROM (SELECT id_lugar as pkParroquia FROM arma_tu_fiesta.lugar WHERE nombre = 'Cordova' AND fk_pertenece = (SELECT pkMuni FROM (SELECT id_lugar as pkMuni FROM arma_tu_fiesta.lugar WHERE tipo = 'Municipio' AND nombre = 'Guanare (Guanare)') as tablaMuni)) as tablaParroquia);
INSERT INTO arma_tu_fiesta.persona (cedula, p_nombre, s_nombre, p_apellido, s_apellido, fecha_nacimiento, sexo, estado_civil, fk_residencia) VALUES ('V20000183','Gian','Ignazio','Bacile','Bacile','1988-07-17','Masculino','Soltero',@reside);

SET @cliente = (SELECT pkPersona FROM (SELECT id_persona as pkPersona from arma_tu_fiesta.persona WHERE cedula = 'V20000183') as tablaPersona);
INSERT INTO arma_tu_fiesta.telefono (numero, fk_persona) VALUES ('0212660919', @cliente);
INSERT INTO arma_tu_fiesta.email (correo, fk_persona) VALUES ('gianbacile@gmail.com', @cliente);
INSERT INTO arma_tu_fiesta.usuario (username, password, fk_persona, fk_rol) VALUES ('gianbacile@gmail.com', 'V20000183' , @cliente, @rol);

SET @reside = (SELECT pkParroquia FROM (SELECT id_lugar as pkParroquia FROM arma_tu_fiesta.lugar WHERE nombre = 'Cordova' AND fk_pertenece = (SELECT pkMuni FROM (SELECT id_lugar as pkMuni FROM arma_tu_fiesta.lugar WHERE tipo = 'Municipio' AND nombre = 'Guanare (Guanare)') as tablaMuni)) as tablaParroquia);
INSERT INTO arma_tu_fiesta.persona (cedula, p_nombre, s_nombre, p_apellido, s_apellido, fecha_nacimiento, sexo, estado_civil, fk_residencia) VALUES ('V20000184','Juan','Andrés','Blandín','Patiño','1994-01-23','Masculino','Casado',@reside);

SET @cliente = (SELECT pkPersona FROM (SELECT id_persona as pkPersona from arma_tu_fiesta.persona WHERE cedula = 'V20000184') as tablaPersona);
INSERT INTO arma_tu_fiesta.telefono (numero, fk_persona) VALUES ('0412553043', @cliente);
INSERT INTO arma_tu_fiesta.email (correo, fk_persona) VALUES ('juanblandín@gmail.com', @cliente);
INSERT INTO arma_tu_fiesta.usuario (username, password, fk_persona, fk_rol) VALUES ('juanblandín@gmail.com', 'V20000184' , @cliente, @rol);

SET @reside = (SELECT pkParroquia FROM (SELECT id_lugar as pkParroquia FROM arma_tu_fiesta.lugar WHERE nombre = 'Cordova' AND fk_pertenece = (SELECT pkMuni FROM (SELECT id_lugar as pkMuni FROM arma_tu_fiesta.lugar WHERE tipo = 'Municipio' AND nombre = 'Guanare (Guanare)') as tablaMuni)) as tablaParroquia);
INSERT INTO arma_tu_fiesta.persona (cedula, p_nombre, s_nombre, p_apellido, s_apellido, fecha_nacimiento, sexo, estado_civil, fk_residencia) VALUES ('V20000185','Jhonny','Alejandro','Camacho','Menezez','1987-02-21','Masculino','Casado',@reside);

SET @cliente = (SELECT pkPersona FROM (SELECT id_persona as pkPersona from arma_tu_fiesta.persona WHERE cedula = 'V20000185') as tablaPersona);
INSERT INTO arma_tu_fiesta.telefono (numero, fk_persona) VALUES ('0414832680', @cliente);
INSERT INTO arma_tu_fiesta.email (correo, fk_persona) VALUES ('jhonnycamacho@gmail.com', @cliente);
INSERT INTO arma_tu_fiesta.usuario (username, password, fk_persona, fk_rol) VALUES ('jhonnycamacho@gmail.com', 'V20000185' , @cliente, @rol);

SET @reside = (SELECT pkParroquia FROM (SELECT id_lugar as pkParroquia FROM arma_tu_fiesta.lugar WHERE nombre = 'Guanare' AND fk_pertenece = (SELECT pkMuni FROM (SELECT id_lugar as pkMuni FROM arma_tu_fiesta.lugar WHERE tipo = 'Municipio' AND nombre = 'Guanare (Guanare)') as tablaMuni)) as tablaParroquia);
INSERT INTO arma_tu_fiesta.persona (cedula, p_nombre, s_nombre, p_apellido, s_apellido, fecha_nacimiento, sexo, estado_civil, fk_residencia) VALUES ('V20000186','Rossy','Valentina','Arias','Piscitello','1993-11-12','Femenino','Soltero',@reside);

SET @cliente = (SELECT pkPersona FROM (SELECT id_persona as pkPersona from arma_tu_fiesta.persona WHERE cedula = 'V20000186') as tablaPersona);
INSERT INTO arma_tu_fiesta.telefono (numero, fk_persona) VALUES ('0416472389', @cliente);
INSERT INTO arma_tu_fiesta.email (correo, fk_persona) VALUES ('rossyarias@gmail.com', @cliente);
INSERT INTO arma_tu_fiesta.usuario (username, password, fk_persona, fk_rol) VALUES ('rossyarias@gmail.com', 'V20000186' , @cliente, @rol);

SET @reside = (SELECT pkParroquia FROM (SELECT id_lugar as pkParroquia FROM arma_tu_fiesta.lugar WHERE nombre = 'Guanare' AND fk_pertenece = (SELECT pkMuni FROM (SELECT id_lugar as pkMuni FROM arma_tu_fiesta.lugar WHERE tipo = 'Municipio' AND nombre = 'Guanare (Guanare)') as tablaMuni)) as tablaParroquia);
INSERT INTO arma_tu_fiesta.persona (cedula, p_nombre, s_nombre, p_apellido, s_apellido, fecha_nacimiento, sexo, estado_civil, fk_residencia) VALUES ('V20000187','Emili','Odedh','Auyadermont','Bastardo','1986-05-19','Femenino','Soltero',@reside);

SET @cliente = (SELECT pkPersona FROM (SELECT id_persona as pkPersona from arma_tu_fiesta.persona WHERE cedula = 'V20000187') as tablaPersona);
INSERT INTO arma_tu_fiesta.telefono (numero, fk_persona) VALUES ('0212301254', @cliente);
INSERT INTO arma_tu_fiesta.email (correo, fk_persona) VALUES ('emiliauyadermont@gmail.com', @cliente);
INSERT INTO arma_tu_fiesta.usuario (username, password, fk_persona, fk_rol) VALUES ('emiliauyadermont@gmail.com', 'V20000187' , @cliente, @rol);

SET @reside = (SELECT pkParroquia FROM (SELECT id_lugar as pkParroquia FROM arma_tu_fiesta.lugar WHERE nombre = 'Guanare' AND fk_pertenece = (SELECT pkMuni FROM (SELECT id_lugar as pkMuni FROM arma_tu_fiesta.lugar WHERE tipo = 'Municipio' AND nombre = 'Guanare (Guanare)') as tablaMuni)) as tablaParroquia);
INSERT INTO arma_tu_fiesta.persona (cedula, p_nombre, s_nombre, p_apellido, s_apellido, fecha_nacimiento, sexo, estado_civil, fk_residencia) VALUES ('V20000188','Joskary','Michelle','Blanco','Velásquez','1985-05-03','Femenino','Soltero',@reside);

SET @cliente = (SELECT pkPersona FROM (SELECT id_persona as pkPersona from arma_tu_fiesta.persona WHERE cedula = 'V20000188') as tablaPersona);
INSERT INTO arma_tu_fiesta.telefono (numero, fk_persona) VALUES ('0426946425', @cliente);
INSERT INTO arma_tu_fiesta.email (correo, fk_persona) VALUES ('joskaryblanco@gmail.com', @cliente);
INSERT INTO arma_tu_fiesta.usuario (username, password, fk_persona, fk_rol) VALUES ('joskaryblanco@gmail.com', 'V20000188' , @cliente, @rol);

SET @reside = (SELECT pkParroquia FROM (SELECT id_lugar as pkParroquia FROM arma_tu_fiesta.lugar WHERE nombre = 'Guanare' AND fk_pertenece = (SELECT pkMuni FROM (SELECT id_lugar as pkMuni FROM arma_tu_fiesta.lugar WHERE tipo = 'Municipio' AND nombre = 'Guanare (Guanare)') as tablaMuni)) as tablaParroquia);
INSERT INTO arma_tu_fiesta.persona (cedula, p_nombre, s_nombre, p_apellido, s_apellido, fecha_nacimiento, sexo, estado_civil, fk_residencia) VALUES ('V20000189','Génesis','Valentina','Cameli','Pizzano','1991-04-05','Femenino','Casado',@reside);

SET @cliente = (SELECT pkPersona FROM (SELECT id_persona as pkPersona from arma_tu_fiesta.persona WHERE cedula = 'V20000189') as tablaPersona);
INSERT INTO arma_tu_fiesta.telefono (numero, fk_persona) VALUES ('0414203460', @cliente);
INSERT INTO arma_tu_fiesta.email (correo, fk_persona) VALUES ('génesiscameli@gmail.com', @cliente);
INSERT INTO arma_tu_fiesta.usuario (username, password, fk_persona, fk_rol) VALUES ('génesiscameli@gmail.com', 'V20000189' , @cliente, @rol);

SET @reside = (SELECT pkParroquia FROM (SELECT id_lugar as pkParroquia FROM arma_tu_fiesta.lugar WHERE nombre = 'Guanare' AND fk_pertenece = (SELECT pkMuni FROM (SELECT id_lugar as pkMuni FROM arma_tu_fiesta.lugar WHERE tipo = 'Municipio' AND nombre = 'Guanare (Guanare)') as tablaMuni)) as tablaParroquia);
INSERT INTO arma_tu_fiesta.persona (cedula, p_nombre, s_nombre, p_apellido, s_apellido, fecha_nacimiento, sexo, estado_civil, fk_residencia) VALUES ('V20000190','Alison','Nohely','Ramos','Luz','1994-07-24','Femenino','Casado',@reside);

SET @cliente = (SELECT pkPersona FROM (SELECT id_persona as pkPersona from arma_tu_fiesta.persona WHERE cedula = 'V20000190') as tablaPersona);
INSERT INTO arma_tu_fiesta.telefono (numero, fk_persona) VALUES ('0212273650', @cliente);
INSERT INTO arma_tu_fiesta.email (correo, fk_persona) VALUES ('alisonramos@gmail.com', @cliente);
INSERT INTO arma_tu_fiesta.usuario (username, password, fk_persona, fk_rol) VALUES ('alisonramos@gmail.com', 'V20000190' , @cliente, @rol);

SET @reside = (SELECT pkParroquia FROM (SELECT id_lugar as pkParroquia FROM arma_tu_fiesta.lugar WHERE nombre = 'San Juan' AND fk_pertenece = (SELECT pkMuni FROM (SELECT id_lugar as pkMuni FROM arma_tu_fiesta.lugar WHERE tipo = 'Municipio' AND nombre = 'Sucre (Cumaná)') as tablaMuni)) as tablaParroquia);
INSERT INTO arma_tu_fiesta.persona (cedula, p_nombre, s_nombre, p_apellido, s_apellido, fecha_nacimiento, sexo, estado_civil, fk_residencia) VALUES ('V20000191','Ricardo','José','Corte','Sousa','1982-01-17','Masculino','Soltero',@reside);

SET @cliente = (SELECT pkPersona FROM (SELECT id_persona as pkPersona from arma_tu_fiesta.persona WHERE cedula = 'V20000191') as tablaPersona);
INSERT INTO arma_tu_fiesta.telefono (numero, fk_persona) VALUES ('0414944795', @cliente);
INSERT INTO arma_tu_fiesta.email (correo, fk_persona) VALUES ('ricardocorte@gmail.com', @cliente);
INSERT INTO arma_tu_fiesta.usuario (username, password, fk_persona, fk_rol) VALUES ('ricardocorte@gmail.com', 'V20000191' , @cliente, @rol);

SET @reside = (SELECT pkParroquia FROM (SELECT id_lugar as pkParroquia FROM arma_tu_fiesta.lugar WHERE nombre = 'San Juan' AND fk_pertenece = (SELECT pkMuni FROM (SELECT id_lugar as pkMuni FROM arma_tu_fiesta.lugar WHERE tipo = 'Municipio' AND nombre = 'Sucre (Cumaná)') as tablaMuni)) as tablaParroquia);
INSERT INTO arma_tu_fiesta.persona (cedula, p_nombre, s_nombre, p_apellido, s_apellido, fecha_nacimiento, sexo, estado_civil, fk_residencia) VALUES ('V20000192','Álvaro','José','Silva','Abreu','1990-02-22','Masculino','Soltero',@reside);

SET @cliente = (SELECT pkPersona FROM (SELECT id_persona as pkPersona from arma_tu_fiesta.persona WHERE cedula = 'V20000192') as tablaPersona);
INSERT INTO arma_tu_fiesta.telefono (numero, fk_persona) VALUES ('0414193966', @cliente);
INSERT INTO arma_tu_fiesta.email (correo, fk_persona) VALUES ('Álvarosilva@gmail.com', @cliente);
INSERT INTO arma_tu_fiesta.usuario (username, password, fk_persona, fk_rol) VALUES ('Álvarosilva@gmail.com', 'V20000192' , @cliente, @rol);

SET @reside = (SELECT pkParroquia FROM (SELECT id_lugar as pkParroquia FROM arma_tu_fiesta.lugar WHERE nombre = 'San Juan' AND fk_pertenece = (SELECT pkMuni FROM (SELECT id_lugar as pkMuni FROM arma_tu_fiesta.lugar WHERE tipo = 'Municipio' AND nombre = 'Sucre (Cumaná)') as tablaMuni)) as tablaParroquia);
INSERT INTO arma_tu_fiesta.persona (cedula, p_nombre, s_nombre, p_apellido, s_apellido, fecha_nacimiento, sexo, estado_civil, fk_residencia) VALUES ('V20000193','Juan','Eduardo','Silva','Savino','1988-07-24','Masculino','Soltero',@reside);

SET @cliente = (SELECT pkPersona FROM (SELECT id_persona as pkPersona from arma_tu_fiesta.persona WHERE cedula = 'V20000193') as tablaPersona);
INSERT INTO arma_tu_fiesta.telefono (numero, fk_persona) VALUES ('0414800005', @cliente);
INSERT INTO arma_tu_fiesta.email (correo, fk_persona) VALUES ('juansilva@gmail.com', @cliente);
INSERT INTO arma_tu_fiesta.usuario (username, password, fk_persona, fk_rol) VALUES ('juansilva@gmail.com', 'V20000193' , @cliente, @rol);

SET @reside = (SELECT pkParroquia FROM (SELECT id_lugar as pkParroquia FROM arma_tu_fiesta.lugar WHERE nombre = 'San Juan' AND fk_pertenece = (SELECT pkMuni FROM (SELECT id_lugar as pkMuni FROM arma_tu_fiesta.lugar WHERE tipo = 'Municipio' AND nombre = 'Sucre (Cumaná)') as tablaMuni)) as tablaParroquia);
INSERT INTO arma_tu_fiesta.persona (cedula, p_nombre, s_nombre, p_apellido, s_apellido, fecha_nacimiento, sexo, estado_civil, fk_residencia) VALUES ('V20000194','Ricardo','Alberto','Fanghella','Valero','1993-11-05','Masculino','Casado',@reside);

SET @cliente = (SELECT pkPersona FROM (SELECT id_persona as pkPersona from arma_tu_fiesta.persona WHERE cedula = 'V20000194') as tablaPersona);
INSERT INTO arma_tu_fiesta.telefono (numero, fk_persona) VALUES ('0414468777', @cliente);
INSERT INTO arma_tu_fiesta.email (correo, fk_persona) VALUES ('ricardofanghella@gmail.com', @cliente);
INSERT INTO arma_tu_fiesta.usuario (username, password, fk_persona, fk_rol) VALUES ('ricardofanghella@gmail.com', 'V20000194' , @cliente, @rol);

SET @reside = (SELECT pkParroquia FROM (SELECT id_lugar as pkParroquia FROM arma_tu_fiesta.lugar WHERE nombre = 'San Juan' AND fk_pertenece = (SELECT pkMuni FROM (SELECT id_lugar as pkMuni FROM arma_tu_fiesta.lugar WHERE tipo = 'Municipio' AND nombre = 'Sucre (Cumaná)') as tablaMuni)) as tablaParroquia);
INSERT INTO arma_tu_fiesta.persona (cedula, p_nombre, s_nombre, p_apellido, s_apellido, fecha_nacimiento, sexo, estado_civil, fk_residencia) VALUES ('V20000195','Alejandro','José','González','Lemus','1993-11-05','Masculino','Casado',@reside);

SET @cliente = (SELECT pkPersona FROM (SELECT id_persona as pkPersona from arma_tu_fiesta.persona WHERE cedula = 'V20000195') as tablaPersona);
INSERT INTO arma_tu_fiesta.telefono (numero, fk_persona) VALUES ('0212562313', @cliente);
INSERT INTO arma_tu_fiesta.email (correo, fk_persona) VALUES ('alejandrogonzález@gmail.com', @cliente);
INSERT INTO arma_tu_fiesta.usuario (username, password, fk_persona, fk_rol) VALUES ('alejandrogonzález@gmail.com', 'V20000195' , @cliente, @rol);

SET @reside = (SELECT pkParroquia FROM (SELECT id_lugar as pkParroquia FROM arma_tu_fiesta.lugar WHERE nombre = 'Gran Mariscal' AND fk_pertenece = (SELECT pkMuni FROM (SELECT id_lugar as pkMuni FROM arma_tu_fiesta.lugar WHERE tipo = 'Municipio' AND nombre = 'Sucre (Cumaná)') as tablaMuni)) as tablaParroquia);
INSERT INTO arma_tu_fiesta.persona (cedula, p_nombre, s_nombre, p_apellido, s_apellido, fecha_nacimiento, sexo, estado_civil, fk_residencia) VALUES ('V20000196','Yosbeisy','Roimar','Ron','Brito','1986-10-30','Femenino','Soltero',@reside);

SET @cliente = (SELECT pkPersona FROM (SELECT id_persona as pkPersona from arma_tu_fiesta.persona WHERE cedula = 'V20000196') as tablaPersona);
INSERT INTO arma_tu_fiesta.telefono (numero, fk_persona) VALUES ('0212141920', @cliente);
INSERT INTO arma_tu_fiesta.email (correo, fk_persona) VALUES ('yosbeisyron@gmail.com', @cliente);
INSERT INTO arma_tu_fiesta.usuario (username, password, fk_persona, fk_rol) VALUES ('yosbeisyron@gmail.com', 'V20000196' , @cliente, @rol);

SET @reside = (SELECT pkParroquia FROM (SELECT id_lugar as pkParroquia FROM arma_tu_fiesta.lugar WHERE nombre = 'Gran Mariscal' AND fk_pertenece = (SELECT pkMuni FROM (SELECT id_lugar as pkMuni FROM arma_tu_fiesta.lugar WHERE tipo = 'Municipio' AND nombre = 'Sucre (Cumaná)') as tablaMuni)) as tablaParroquia);
INSERT INTO arma_tu_fiesta.persona (cedula, p_nombre, s_nombre, p_apellido, s_apellido, fecha_nacimiento, sexo, estado_civil, fk_residencia) VALUES ('V20000197','Victoria','Fernanda','Sabatini','Sol','1985-08-23','Femenino','Soltero',@reside);

SET @cliente = (SELECT pkPersona FROM (SELECT id_persona as pkPersona from arma_tu_fiesta.persona WHERE cedula = 'V20000197') as tablaPersona);
INSERT INTO arma_tu_fiesta.telefono (numero, fk_persona) VALUES ('0412351969', @cliente);
INSERT INTO arma_tu_fiesta.email (correo, fk_persona) VALUES ('victoriasabatini@gmail.com', @cliente);
INSERT INTO arma_tu_fiesta.usuario (username, password, fk_persona, fk_rol) VALUES ('victoriasabatini@gmail.com', 'V20000197' , @cliente, @rol);

SET @reside = (SELECT pkParroquia FROM (SELECT id_lugar as pkParroquia FROM arma_tu_fiesta.lugar WHERE nombre = 'Gran Mariscal' AND fk_pertenece = (SELECT pkMuni FROM (SELECT id_lugar as pkMuni FROM arma_tu_fiesta.lugar WHERE tipo = 'Municipio' AND nombre = 'Sucre (Cumaná)') as tablaMuni)) as tablaParroquia);
INSERT INTO arma_tu_fiesta.persona (cedula, p_nombre, s_nombre, p_apellido, s_apellido, fecha_nacimiento, sexo, estado_civil, fk_residencia) VALUES ('V20000198','Nahomi','Milagros','Sanchez','Igarza','1986-03-06','Femenino','Soltero',@reside);

SET @cliente = (SELECT pkPersona FROM (SELECT id_persona as pkPersona from arma_tu_fiesta.persona WHERE cedula = 'V20000198') as tablaPersona);
INSERT INTO arma_tu_fiesta.telefono (numero, fk_persona) VALUES ('0412718099', @cliente);
INSERT INTO arma_tu_fiesta.email (correo, fk_persona) VALUES ('nahomisanchez@gmail.com', @cliente);
INSERT INTO arma_tu_fiesta.usuario (username, password, fk_persona, fk_rol) VALUES ('nahomisanchez@gmail.com', 'V20000198' , @cliente, @rol);

SET @reside = (SELECT pkParroquia FROM (SELECT id_lugar as pkParroquia FROM arma_tu_fiesta.lugar WHERE nombre = 'Gran Mariscal' AND fk_pertenece = (SELECT pkMuni FROM (SELECT id_lugar as pkMuni FROM arma_tu_fiesta.lugar WHERE tipo = 'Municipio' AND nombre = 'Sucre (Cumaná)') as tablaMuni)) as tablaParroquia);
INSERT INTO arma_tu_fiesta.persona (cedula, p_nombre, s_nombre, p_apellido, s_apellido, fecha_nacimiento, sexo, estado_civil, fk_residencia) VALUES ('V20000199','Camila','Daniela','Suarez','Torrealba','1994-05-08','Femenino','Casado',@reside);

SET @cliente = (SELECT pkPersona FROM (SELECT id_persona as pkPersona from arma_tu_fiesta.persona WHERE cedula = 'V20000199') as tablaPersona);
INSERT INTO arma_tu_fiesta.telefono (numero, fk_persona) VALUES ('0424513849', @cliente);
INSERT INTO arma_tu_fiesta.email (correo, fk_persona) VALUES ('camilasuarez@gmail.com', @cliente);
INSERT INTO arma_tu_fiesta.usuario (username, password, fk_persona, fk_rol) VALUES ('camilasuarez@gmail.com', 'V20000199' , @cliente, @rol);

SET @reside = (SELECT pkParroquia FROM (SELECT id_lugar as pkParroquia FROM arma_tu_fiesta.lugar WHERE nombre = 'Gran Mariscal' AND fk_pertenece = (SELECT pkMuni FROM (SELECT id_lugar as pkMuni FROM arma_tu_fiesta.lugar WHERE tipo = 'Municipio' AND nombre = 'Sucre (Cumaná)') as tablaMuni)) as tablaParroquia);
INSERT INTO arma_tu_fiesta.persona (cedula, p_nombre, s_nombre, p_apellido, s_apellido, fecha_nacimiento, sexo, estado_civil, fk_residencia) VALUES ('V20000200','Lina','Estefania','Tesone','Hernandez','1993-05-25','Femenino','Casado',@reside);

SET @cliente = (SELECT pkPersona FROM (SELECT id_persona as pkPersona from arma_tu_fiesta.persona WHERE cedula = 'V20000200') as tablaPersona);
INSERT INTO arma_tu_fiesta.telefono (numero, fk_persona) VALUES ('0426754839', @cliente);
INSERT INTO arma_tu_fiesta.email (correo, fk_persona) VALUES ('linatesone@gmail.com', @cliente);
INSERT INTO arma_tu_fiesta.usuario (username, password, fk_persona, fk_rol) VALUES ('linatesone@gmail.com', 'V20000200' , @cliente, @rol);

SET @reside = (SELECT pkParroquia FROM (SELECT id_lugar as pkParroquia FROM arma_tu_fiesta.lugar WHERE nombre = 'San Juan Bautista' AND fk_pertenece = (SELECT pkMuni FROM (SELECT id_lugar as pkMuni FROM arma_tu_fiesta.lugar WHERE tipo = 'Municipio' AND nombre = 'San Cristóbal (San Cristóbal)') as tablaMuni)) as tablaParroquia);
INSERT INTO arma_tu_fiesta.persona (cedula, p_nombre, s_nombre, p_apellido, s_apellido, fecha_nacimiento, sexo, estado_civil, fk_residencia) VALUES ('V20000201','Gustavo','Enrique','Guzmán','Calcurian','1983-01-02','Masculino','Soltero',@reside);

SET @cliente = (SELECT pkPersona FROM (SELECT id_persona as pkPersona from arma_tu_fiesta.persona WHERE cedula = 'V20000201') as tablaPersona);
INSERT INTO arma_tu_fiesta.telefono (numero, fk_persona) VALUES ('0412931053', @cliente);
INSERT INTO arma_tu_fiesta.email (correo, fk_persona) VALUES ('gustavoguzmán@gmail.com', @cliente);
INSERT INTO arma_tu_fiesta.usuario (username, password, fk_persona, fk_rol) VALUES ('gustavoguzmán@gmail.com', 'V20000201' , @cliente, @rol);

SET @reside = (SELECT pkParroquia FROM (SELECT id_lugar as pkParroquia FROM arma_tu_fiesta.lugar WHERE nombre = 'San Juan Bautista' AND fk_pertenece = (SELECT pkMuni FROM (SELECT id_lugar as pkMuni FROM arma_tu_fiesta.lugar WHERE tipo = 'Municipio' AND nombre = 'San Cristóbal (San Cristóbal)') as tablaMuni)) as tablaParroquia);
INSERT INTO arma_tu_fiesta.persona (cedula, p_nombre, s_nombre, p_apellido, s_apellido, fecha_nacimiento, sexo, estado_civil, fk_residencia) VALUES ('V20000202','Andrés','Alberto','Hartmann','Rosa','1984-01-08','Masculino','Soltero',@reside);

SET @cliente = (SELECT pkPersona FROM (SELECT id_persona as pkPersona from arma_tu_fiesta.persona WHERE cedula = 'V20000202') as tablaPersona);
INSERT INTO arma_tu_fiesta.telefono (numero, fk_persona) VALUES ('0414452445', @cliente);
INSERT INTO arma_tu_fiesta.email (correo, fk_persona) VALUES ('andréshartmann@gmail.com', @cliente);
INSERT INTO arma_tu_fiesta.usuario (username, password, fk_persona, fk_rol) VALUES ('andréshartmann@gmail.com', 'V20000202' , @cliente, @rol);

SET @reside = (SELECT pkParroquia FROM (SELECT id_lugar as pkParroquia FROM arma_tu_fiesta.lugar WHERE nombre = 'San Juan Bautista' AND fk_pertenece = (SELECT pkMuni FROM (SELECT id_lugar as pkMuni FROM arma_tu_fiesta.lugar WHERE tipo = 'Municipio' AND nombre = 'San Cristóbal (San Cristóbal)') as tablaMuni)) as tablaParroquia);
INSERT INTO arma_tu_fiesta.persona (cedula, p_nombre, s_nombre, p_apellido, s_apellido, fecha_nacimiento, sexo, estado_civil, fk_residencia) VALUES ('V20000203','Oscar','Leonardo','Hernandez','Prado','1992-12-20','Masculino','Soltero',@reside);

SET @cliente = (SELECT pkPersona FROM (SELECT id_persona as pkPersona from arma_tu_fiesta.persona WHERE cedula = 'V20000203') as tablaPersona);
INSERT INTO arma_tu_fiesta.telefono (numero, fk_persona) VALUES ('0212737603', @cliente);
INSERT INTO arma_tu_fiesta.email (correo, fk_persona) VALUES ('oscarhernandez@gmail.com', @cliente);
INSERT INTO arma_tu_fiesta.usuario (username, password, fk_persona, fk_rol) VALUES ('oscarhernandez@gmail.com', 'V20000203' , @cliente, @rol);

SET @reside = (SELECT pkParroquia FROM (SELECT id_lugar as pkParroquia FROM arma_tu_fiesta.lugar WHERE nombre = 'San Juan Bautista' AND fk_pertenece = (SELECT pkMuni FROM (SELECT id_lugar as pkMuni FROM arma_tu_fiesta.lugar WHERE tipo = 'Municipio' AND nombre = 'San Cristóbal (San Cristóbal)') as tablaMuni)) as tablaParroquia);
INSERT INTO arma_tu_fiesta.persona (cedula, p_nombre, s_nombre, p_apellido, s_apellido, fecha_nacimiento, sexo, estado_civil, fk_residencia) VALUES ('V20000204','José','Manuel','Martinez','Romero','1992-07-14','Masculino','Casado',@reside);

SET @cliente = (SELECT pkPersona FROM (SELECT id_persona as pkPersona from arma_tu_fiesta.persona WHERE cedula = 'V20000204') as tablaPersona);
INSERT INTO arma_tu_fiesta.telefono (numero, fk_persona) VALUES ('0424304581', @cliente);
INSERT INTO arma_tu_fiesta.email (correo, fk_persona) VALUES ('josémartinez@gmail.com', @cliente);
INSERT INTO arma_tu_fiesta.usuario (username, password, fk_persona, fk_rol) VALUES ('josémartinez@gmail.com', 'V20000204' , @cliente, @rol);

SET @reside = (SELECT pkParroquia FROM (SELECT id_lugar as pkParroquia FROM arma_tu_fiesta.lugar WHERE nombre = 'San Juan Bautista' AND fk_pertenece = (SELECT pkMuni FROM (SELECT id_lugar as pkMuni FROM arma_tu_fiesta.lugar WHERE tipo = 'Municipio' AND nombre = 'San Cristóbal (San Cristóbal)') as tablaMuni)) as tablaParroquia);
INSERT INTO arma_tu_fiesta.persona (cedula, p_nombre, s_nombre, p_apellido, s_apellido, fecha_nacimiento, sexo, estado_civil, fk_residencia) VALUES ('V20000205','Víctor','Alfonso','Montes','Gavidia','1994-04-19','Masculino','Casado',@reside);

SET @cliente = (SELECT pkPersona FROM (SELECT id_persona as pkPersona from arma_tu_fiesta.persona WHERE cedula = 'V20000205') as tablaPersona);
INSERT INTO arma_tu_fiesta.telefono (numero, fk_persona) VALUES ('0416200950', @cliente);
INSERT INTO arma_tu_fiesta.email (correo, fk_persona) VALUES ('víctormontes@gmail.com', @cliente);
INSERT INTO arma_tu_fiesta.usuario (username, password, fk_persona, fk_rol) VALUES ('víctormontes@gmail.com', 'V20000205' , @cliente, @rol);

SET @reside = (SELECT pkParroquia FROM (SELECT id_lugar as pkParroquia FROM arma_tu_fiesta.lugar WHERE nombre = 'San Sebastian' AND fk_pertenece = (SELECT pkMuni FROM (SELECT id_lugar as pkMuni FROM arma_tu_fiesta.lugar WHERE tipo = 'Municipio' AND nombre = 'San Cristóbal (San Cristóbal)') as tablaMuni)) as tablaParroquia);
INSERT INTO arma_tu_fiesta.persona (cedula, p_nombre, s_nombre, p_apellido, s_apellido, fecha_nacimiento, sexo, estado_civil, fk_residencia) VALUES ('V20000206','Alejandra','Daniela','Prieto','Prieto','1991-03-15','Femenino','Soltero',@reside);

SET @cliente = (SELECT pkPersona FROM (SELECT id_persona as pkPersona from arma_tu_fiesta.persona WHERE cedula = 'V20000206') as tablaPersona);
INSERT INTO arma_tu_fiesta.telefono (numero, fk_persona) VALUES ('0412373882', @cliente);
INSERT INTO arma_tu_fiesta.email (correo, fk_persona) VALUES ('alejandraprieto@gmail.com', @cliente);
INSERT INTO arma_tu_fiesta.usuario (username, password, fk_persona, fk_rol) VALUES ('alejandraprieto@gmail.com', 'V20000206' , @cliente, @rol);

SET @reside = (SELECT pkParroquia FROM (SELECT id_lugar as pkParroquia FROM arma_tu_fiesta.lugar WHERE nombre = 'San Sebastian' AND fk_pertenece = (SELECT pkMuni FROM (SELECT id_lugar as pkMuni FROM arma_tu_fiesta.lugar WHERE tipo = 'Municipio' AND nombre = 'San Cristóbal (San Cristóbal)') as tablaMuni)) as tablaParroquia);
INSERT INTO arma_tu_fiesta.persona (cedula, p_nombre, s_nombre, p_apellido, s_apellido, fecha_nacimiento, sexo, estado_civil, fk_residencia) VALUES ('V20000207','Katheryn','Josibeth','Rauseo','Ramírez','1986-05-06','Femenino','Soltero',@reside);

SET @cliente = (SELECT pkPersona FROM (SELECT id_persona as pkPersona from arma_tu_fiesta.persona WHERE cedula = 'V20000207') as tablaPersona);
INSERT INTO arma_tu_fiesta.telefono (numero, fk_persona) VALUES ('0426696654', @cliente);
INSERT INTO arma_tu_fiesta.email (correo, fk_persona) VALUES ('katherynrauseo@gmail.com', @cliente);
INSERT INTO arma_tu_fiesta.usuario (username, password, fk_persona, fk_rol) VALUES ('katherynrauseo@gmail.com', 'V20000207' , @cliente, @rol);

SET @reside = (SELECT pkParroquia FROM (SELECT id_lugar as pkParroquia FROM arma_tu_fiesta.lugar WHERE nombre = 'San Sebastian' AND fk_pertenece = (SELECT pkMuni FROM (SELECT id_lugar as pkMuni FROM arma_tu_fiesta.lugar WHERE tipo = 'Municipio' AND nombre = 'San Cristóbal (San Cristóbal)') as tablaMuni)) as tablaParroquia);
INSERT INTO arma_tu_fiesta.persona (cedula, p_nombre, s_nombre, p_apellido, s_apellido, fecha_nacimiento, sexo, estado_civil, fk_residencia) VALUES ('V20000208','Daniela','Alejandra','Rivero','Ramirez','1989-07-21','Femenino','Soltero',@reside);

SET @cliente = (SELECT pkPersona FROM (SELECT id_persona as pkPersona from arma_tu_fiesta.persona WHERE cedula = 'V20000208') as tablaPersona);
INSERT INTO arma_tu_fiesta.telefono (numero, fk_persona) VALUES ('0416454279', @cliente);
INSERT INTO arma_tu_fiesta.email (correo, fk_persona) VALUES ('danielarivero@gmail.com', @cliente);
INSERT INTO arma_tu_fiesta.usuario (username, password, fk_persona, fk_rol) VALUES ('danielarivero@gmail.com', 'V20000208' , @cliente, @rol);

SET @reside = (SELECT pkParroquia FROM (SELECT id_lugar as pkParroquia FROM arma_tu_fiesta.lugar WHERE nombre = 'San Sebastian' AND fk_pertenece = (SELECT pkMuni FROM (SELECT id_lugar as pkMuni FROM arma_tu_fiesta.lugar WHERE tipo = 'Municipio' AND nombre = 'San Cristóbal (San Cristóbal)') as tablaMuni)) as tablaParroquia);
INSERT INTO arma_tu_fiesta.persona (cedula, p_nombre, s_nombre, p_apellido, s_apellido, fecha_nacimiento, sexo, estado_civil, fk_residencia) VALUES ('V20000209','Genislet','Elianta','Rojas','Colmenárez','1982-01-24','Femenino','Casado',@reside);

SET @cliente = (SELECT pkPersona FROM (SELECT id_persona as pkPersona from arma_tu_fiesta.persona WHERE cedula = 'V20000209') as tablaPersona);
INSERT INTO arma_tu_fiesta.telefono (numero, fk_persona) VALUES ('0416925734', @cliente);
INSERT INTO arma_tu_fiesta.email (correo, fk_persona) VALUES ('genisletrojas@gmail.com', @cliente);
INSERT INTO arma_tu_fiesta.usuario (username, password, fk_persona, fk_rol) VALUES ('genisletrojas@gmail.com', 'V20000209' , @cliente, @rol);

SET @reside = (SELECT pkParroquia FROM (SELECT id_lugar as pkParroquia FROM arma_tu_fiesta.lugar WHERE nombre = 'San Sebastian' AND fk_pertenece = (SELECT pkMuni FROM (SELECT id_lugar as pkMuni FROM arma_tu_fiesta.lugar WHERE tipo = 'Municipio' AND nombre = 'San Cristóbal (San Cristóbal)') as tablaMuni)) as tablaParroquia);
INSERT INTO arma_tu_fiesta.persona (cedula, p_nombre, s_nombre, p_apellido, s_apellido, fecha_nacimiento, sexo, estado_civil, fk_residencia) VALUES ('V20000210','Amanda','Victoria','Romero','Solorzano','1994-04-27','Femenino','Casado',@reside);

SET @cliente = (SELECT pkPersona FROM (SELECT id_persona as pkPersona from arma_tu_fiesta.persona WHERE cedula = 'V20000210') as tablaPersona);
INSERT INTO arma_tu_fiesta.telefono (numero, fk_persona) VALUES ('0424638431', @cliente);
INSERT INTO arma_tu_fiesta.email (correo, fk_persona) VALUES ('amandaromero@gmail.com', @cliente);
INSERT INTO arma_tu_fiesta.usuario (username, password, fk_persona, fk_rol) VALUES ('amandaromero@gmail.com', 'V20000210' , @cliente, @rol);

SET @reside = (SELECT pkParroquia FROM (SELECT id_lugar as pkParroquia FROM arma_tu_fiesta.lugar WHERE nombre = 'Andrés Linares' AND fk_pertenece = (SELECT pkMuni FROM (SELECT id_lugar as pkMuni FROM arma_tu_fiesta.lugar WHERE tipo = 'Municipio' AND nombre = 'Trujillo (Trujillo)') as tablaMuni)) as tablaParroquia);
INSERT INTO arma_tu_fiesta.persona (cedula, p_nombre, s_nombre, p_apellido, s_apellido, fecha_nacimiento, sexo, estado_civil, fk_residencia) VALUES ('V20000211','Carlos','Fabricio','Negrin','Mirabal','1994-01-19','Masculino','Soltero',@reside);

SET @cliente = (SELECT pkPersona FROM (SELECT id_persona as pkPersona from arma_tu_fiesta.persona WHERE cedula = 'V20000211') as tablaPersona);
INSERT INTO arma_tu_fiesta.telefono (numero, fk_persona) VALUES ('0416777808', @cliente);
INSERT INTO arma_tu_fiesta.email (correo, fk_persona) VALUES ('carlosnegrin@gmail.com', @cliente);
INSERT INTO arma_tu_fiesta.usuario (username, password, fk_persona, fk_rol) VALUES ('carlosnegrin@gmail.com', 'V20000211' , @cliente, @rol);

SET @reside = (SELECT pkParroquia FROM (SELECT id_lugar as pkParroquia FROM arma_tu_fiesta.lugar WHERE nombre = 'Andrés Linares' AND fk_pertenece = (SELECT pkMuni FROM (SELECT id_lugar as pkMuni FROM arma_tu_fiesta.lugar WHERE tipo = 'Municipio' AND nombre = 'Trujillo (Trujillo)') as tablaMuni)) as tablaParroquia);
INSERT INTO arma_tu_fiesta.persona (cedula, p_nombre, s_nombre, p_apellido, s_apellido, fecha_nacimiento, sexo, estado_civil, fk_residencia) VALUES ('V20000212','Emmanuel','Smith','Pérez','Medina','1981-12-29','Masculino','Soltero',@reside);

SET @cliente = (SELECT pkPersona FROM (SELECT id_persona as pkPersona from arma_tu_fiesta.persona WHERE cedula = 'V20000212') as tablaPersona);
INSERT INTO arma_tu_fiesta.telefono (numero, fk_persona) VALUES ('0414742994', @cliente);
INSERT INTO arma_tu_fiesta.email (correo, fk_persona) VALUES ('emmanuelpérez@gmail.com', @cliente);
INSERT INTO arma_tu_fiesta.usuario (username, password, fk_persona, fk_rol) VALUES ('emmanuelpérez@gmail.com', 'V20000212' , @cliente, @rol);

SET @reside = (SELECT pkParroquia FROM (SELECT id_lugar as pkParroquia FROM arma_tu_fiesta.lugar WHERE nombre = 'Andrés Linares' AND fk_pertenece = (SELECT pkMuni FROM (SELECT id_lugar as pkMuni FROM arma_tu_fiesta.lugar WHERE tipo = 'Municipio' AND nombre = 'Trujillo (Trujillo)') as tablaMuni)) as tablaParroquia);
INSERT INTO arma_tu_fiesta.persona (cedula, p_nombre, s_nombre, p_apellido, s_apellido, fecha_nacimiento, sexo, estado_civil, fk_residencia) VALUES ('V20000213','Daniel','Antonio','Rangel','Guillen','1981-09-04','Masculino','Soltero',@reside);

SET @cliente = (SELECT pkPersona FROM (SELECT id_persona as pkPersona from arma_tu_fiesta.persona WHERE cedula = 'V20000213') as tablaPersona);
INSERT INTO arma_tu_fiesta.telefono (numero, fk_persona) VALUES ('0426770319', @cliente);
INSERT INTO arma_tu_fiesta.email (correo, fk_persona) VALUES ('danielrangel@gmail.com', @cliente);
INSERT INTO arma_tu_fiesta.usuario (username, password, fk_persona, fk_rol) VALUES ('danielrangel@gmail.com', 'V20000213' , @cliente, @rol);

SET @reside = (SELECT pkParroquia FROM (SELECT id_lugar as pkParroquia FROM arma_tu_fiesta.lugar WHERE nombre = 'Andrés Linares' AND fk_pertenece = (SELECT pkMuni FROM (SELECT id_lugar as pkMuni FROM arma_tu_fiesta.lugar WHERE tipo = 'Municipio' AND nombre = 'Trujillo (Trujillo)') as tablaMuni)) as tablaParroquia);
INSERT INTO arma_tu_fiesta.persona (cedula, p_nombre, s_nombre, p_apellido, s_apellido, fecha_nacimiento, sexo, estado_civil, fk_residencia) VALUES ('V20000214','Felix','Daniel','Romero','Quintero','1984-06-22','Masculino','Casado',@reside);

SET @cliente = (SELECT pkPersona FROM (SELECT id_persona as pkPersona from arma_tu_fiesta.persona WHERE cedula = 'V20000214') as tablaPersona);
INSERT INTO arma_tu_fiesta.telefono (numero, fk_persona) VALUES ('0212158298', @cliente);
INSERT INTO arma_tu_fiesta.email (correo, fk_persona) VALUES ('felixromero@gmail.com', @cliente);
INSERT INTO arma_tu_fiesta.usuario (username, password, fk_persona, fk_rol) VALUES ('felixromero@gmail.com', 'V20000214' , @cliente, @rol);

SET @reside = (SELECT pkParroquia FROM (SELECT id_lugar as pkParroquia FROM arma_tu_fiesta.lugar WHERE nombre = 'Andrés Linares' AND fk_pertenece = (SELECT pkMuni FROM (SELECT id_lugar as pkMuni FROM arma_tu_fiesta.lugar WHERE tipo = 'Municipio' AND nombre = 'Trujillo (Trujillo)') as tablaMuni)) as tablaParroquia);
INSERT INTO arma_tu_fiesta.persona (cedula, p_nombre, s_nombre, p_apellido, s_apellido, fecha_nacimiento, sexo, estado_civil, fk_residencia) VALUES ('V20000215','Alirio','Josue','Sanchez','Meneses','1985-06-23','Masculino','Casado',@reside);

SET @cliente = (SELECT pkPersona FROM (SELECT id_persona as pkPersona from arma_tu_fiesta.persona WHERE cedula = 'V20000215') as tablaPersona);
INSERT INTO arma_tu_fiesta.telefono (numero, fk_persona) VALUES ('0426840762', @cliente);
INSERT INTO arma_tu_fiesta.email (correo, fk_persona) VALUES ('aliriosanchez@gmail.com', @cliente);
INSERT INTO arma_tu_fiesta.usuario (username, password, fk_persona, fk_rol) VALUES ('aliriosanchez@gmail.com', 'V20000215' , @cliente, @rol);

SET @reside = (SELECT pkParroquia FROM (SELECT id_lugar as pkParroquia FROM arma_tu_fiesta.lugar WHERE nombre = 'Chiquinquirá' AND fk_pertenece = (SELECT pkMuni FROM (SELECT id_lugar as pkMuni FROM arma_tu_fiesta.lugar WHERE tipo = 'Municipio' AND nombre = 'Trujillo (Trujillo)') as tablaMuni)) as tablaParroquia);
INSERT INTO arma_tu_fiesta.persona (cedula, p_nombre, s_nombre, p_apellido, s_apellido, fecha_nacimiento, sexo, estado_civil, fk_residencia) VALUES ('V20000216','Laura','Virginia','Madera','Rumbos','1993-04-07','Femenino','Soltero',@reside);

SET @cliente = (SELECT pkPersona FROM (SELECT id_persona as pkPersona from arma_tu_fiesta.persona WHERE cedula = 'V20000216') as tablaPersona);
INSERT INTO arma_tu_fiesta.telefono (numero, fk_persona) VALUES ('0212738264', @cliente);
INSERT INTO arma_tu_fiesta.email (correo, fk_persona) VALUES ('lauramadera@gmail.com', @cliente);
INSERT INTO arma_tu_fiesta.usuario (username, password, fk_persona, fk_rol) VALUES ('lauramadera@gmail.com', 'V20000216' , @cliente, @rol);

SET @reside = (SELECT pkParroquia FROM (SELECT id_lugar as pkParroquia FROM arma_tu_fiesta.lugar WHERE nombre = 'Chiquinquirá' AND fk_pertenece = (SELECT pkMuni FROM (SELECT id_lugar as pkMuni FROM arma_tu_fiesta.lugar WHERE tipo = 'Municipio' AND nombre = 'Trujillo (Trujillo)') as tablaMuni)) as tablaParroquia);
INSERT INTO arma_tu_fiesta.persona (cedula, p_nombre, s_nombre, p_apellido, s_apellido, fecha_nacimiento, sexo, estado_civil, fk_residencia) VALUES ('V20000217','Lorena','Valentina','Chavez','Frias','1995-04-18','Femenino','Soltero',@reside);

SET @cliente = (SELECT pkPersona FROM (SELECT id_persona as pkPersona from arma_tu_fiesta.persona WHERE cedula = 'V20000217') as tablaPersona);
INSERT INTO arma_tu_fiesta.telefono (numero, fk_persona) VALUES ('0414764809', @cliente);
INSERT INTO arma_tu_fiesta.email (correo, fk_persona) VALUES ('lorenachavez@gmail.com', @cliente);
INSERT INTO arma_tu_fiesta.usuario (username, password, fk_persona, fk_rol) VALUES ('lorenachavez@gmail.com', 'V20000217' , @cliente, @rol);

SET @reside = (SELECT pkParroquia FROM (SELECT id_lugar as pkParroquia FROM arma_tu_fiesta.lugar WHERE nombre = 'Chiquinquirá' AND fk_pertenece = (SELECT pkMuni FROM (SELECT id_lugar as pkMuni FROM arma_tu_fiesta.lugar WHERE tipo = 'Municipio' AND nombre = 'Trujillo (Trujillo)') as tablaMuni)) as tablaParroquia);
INSERT INTO arma_tu_fiesta.persona (cedula, p_nombre, s_nombre, p_apellido, s_apellido, fecha_nacimiento, sexo, estado_civil, fk_residencia) VALUES ('V20000218','Juliana','Milagros','Marcial','Bezones','1993-08-13','Femenino','Soltero',@reside);

SET @cliente = (SELECT pkPersona FROM (SELECT id_persona as pkPersona from arma_tu_fiesta.persona WHERE cedula = 'V20000218') as tablaPersona);
INSERT INTO arma_tu_fiesta.telefono (numero, fk_persona) VALUES ('0412175340', @cliente);
INSERT INTO arma_tu_fiesta.email (correo, fk_persona) VALUES ('julianamarcial@gmail.com', @cliente);
INSERT INTO arma_tu_fiesta.usuario (username, password, fk_persona, fk_rol) VALUES ('julianamarcial@gmail.com', 'V20000218' , @cliente, @rol);

SET @reside = (SELECT pkParroquia FROM (SELECT id_lugar as pkParroquia FROM arma_tu_fiesta.lugar WHERE nombre = 'Chiquinquirá' AND fk_pertenece = (SELECT pkMuni FROM (SELECT id_lugar as pkMuni FROM arma_tu_fiesta.lugar WHERE tipo = 'Municipio' AND nombre = 'Trujillo (Trujillo)') as tablaMuni)) as tablaParroquia);
INSERT INTO arma_tu_fiesta.persona (cedula, p_nombre, s_nombre, p_apellido, s_apellido, fecha_nacimiento, sexo, estado_civil, fk_residencia) VALUES ('V20000219','Estefhanny','Carolina','Pereira','Silva','1994-11-06','Femenino','Casado',@reside);

SET @cliente = (SELECT pkPersona FROM (SELECT id_persona as pkPersona from arma_tu_fiesta.persona WHERE cedula = 'V20000219') as tablaPersona);
INSERT INTO arma_tu_fiesta.telefono (numero, fk_persona) VALUES ('0412584948', @cliente);
INSERT INTO arma_tu_fiesta.email (correo, fk_persona) VALUES ('estefhannypereira@gmail.com', @cliente);
INSERT INTO arma_tu_fiesta.usuario (username, password, fk_persona, fk_rol) VALUES ('estefhannypereira@gmail.com', 'V20000219' , @cliente, @rol);

SET @reside = (SELECT pkParroquia FROM (SELECT id_lugar as pkParroquia FROM arma_tu_fiesta.lugar WHERE nombre = 'Chiquinquirá' AND fk_pertenece = (SELECT pkMuni FROM (SELECT id_lugar as pkMuni FROM arma_tu_fiesta.lugar WHERE tipo = 'Municipio' AND nombre = 'Trujillo (Trujillo)') as tablaMuni)) as tablaParroquia);
INSERT INTO arma_tu_fiesta.persona (cedula, p_nombre, s_nombre, p_apellido, s_apellido, fecha_nacimiento, sexo, estado_civil, fk_residencia) VALUES ('V20000220','Bárbara','Gabriela','Pérez','Carrillo','1986-10-23','Femenino','Casado',@reside);

SET @cliente = (SELECT pkPersona FROM (SELECT id_persona as pkPersona from arma_tu_fiesta.persona WHERE cedula = 'V20000220') as tablaPersona);
INSERT INTO arma_tu_fiesta.telefono (numero, fk_persona) VALUES ('0416164029', @cliente);
INSERT INTO arma_tu_fiesta.email (correo, fk_persona) VALUES ('bárbarapérez@gmail.com', @cliente);
INSERT INTO arma_tu_fiesta.usuario (username, password, fk_persona, fk_rol) VALUES ('bárbarapérez@gmail.com', 'V20000220' , @cliente, @rol);

SET @reside = (SELECT pkParroquia FROM (SELECT id_lugar as pkParroquia FROM arma_tu_fiesta.lugar WHERE nombre = 'San Javier' AND fk_pertenece = (SELECT pkMuni FROM (SELECT id_lugar as pkMuni FROM arma_tu_fiesta.lugar WHERE tipo = 'Municipio' AND nombre = 'San Felipe (San Felipe)') as tablaMuni)) as tablaParroquia);
INSERT INTO arma_tu_fiesta.persona (cedula, p_nombre, s_nombre, p_apellido, s_apellido, fecha_nacimiento, sexo, estado_civil, fk_residencia) VALUES ('V20000221','Diego','Alejandro','Valdez','Soto','1996-01-07','Masculino','Soltero',@reside);

SET @cliente = (SELECT pkPersona FROM (SELECT id_persona as pkPersona from arma_tu_fiesta.persona WHERE cedula = 'V20000221') as tablaPersona);
INSERT INTO arma_tu_fiesta.telefono (numero, fk_persona) VALUES ('0412522729', @cliente);
INSERT INTO arma_tu_fiesta.email (correo, fk_persona) VALUES ('diegovaldez@gmail.com', @cliente);
INSERT INTO arma_tu_fiesta.usuario (username, password, fk_persona, fk_rol) VALUES ('diegovaldez@gmail.com', 'V20000221' , @cliente, @rol);

SET @reside = (SELECT pkParroquia FROM (SELECT id_lugar as pkParroquia FROM arma_tu_fiesta.lugar WHERE nombre = 'San Javier' AND fk_pertenece = (SELECT pkMuni FROM (SELECT id_lugar as pkMuni FROM arma_tu_fiesta.lugar WHERE tipo = 'Municipio' AND nombre = 'San Felipe (San Felipe)') as tablaMuni)) as tablaParroquia);
INSERT INTO arma_tu_fiesta.persona (cedula, p_nombre, s_nombre, p_apellido, s_apellido, fecha_nacimiento, sexo, estado_civil, fk_residencia) VALUES ('V20000222','Daniel','Andrés','Velasco','Quintero','1985-05-19','Masculino','Soltero',@reside);

SET @cliente = (SELECT pkPersona FROM (SELECT id_persona as pkPersona from arma_tu_fiesta.persona WHERE cedula = 'V20000222') as tablaPersona);
INSERT INTO arma_tu_fiesta.telefono (numero, fk_persona) VALUES ('0414453391', @cliente);
INSERT INTO arma_tu_fiesta.email (correo, fk_persona) VALUES ('danielvelasco@gmail.com', @cliente);
INSERT INTO arma_tu_fiesta.usuario (username, password, fk_persona, fk_rol) VALUES ('danielvelasco@gmail.com', 'V20000222' , @cliente, @rol);

SET @reside = (SELECT pkParroquia FROM (SELECT id_lugar as pkParroquia FROM arma_tu_fiesta.lugar WHERE nombre = 'San Javier' AND fk_pertenece = (SELECT pkMuni FROM (SELECT id_lugar as pkMuni FROM arma_tu_fiesta.lugar WHERE tipo = 'Municipio' AND nombre = 'San Felipe (San Felipe)') as tablaMuni)) as tablaParroquia);
INSERT INTO arma_tu_fiesta.persona (cedula, p_nombre, s_nombre, p_apellido, s_apellido, fecha_nacimiento, sexo, estado_civil, fk_residencia) VALUES ('V20000223','Andrés','Eduardo','Vincentelli','Estévez','1986-05-29','Masculino','Soltero',@reside);

SET @cliente = (SELECT pkPersona FROM (SELECT id_persona as pkPersona from arma_tu_fiesta.persona WHERE cedula = 'V20000223') as tablaPersona);
INSERT INTO arma_tu_fiesta.telefono (numero, fk_persona) VALUES ('0426915524', @cliente);
INSERT INTO arma_tu_fiesta.email (correo, fk_persona) VALUES ('andrésvincentelli@gmail.com', @cliente);
INSERT INTO arma_tu_fiesta.usuario (username, password, fk_persona, fk_rol) VALUES ('andrésvincentelli@gmail.com', 'V20000223' , @cliente, @rol);

SET @reside = (SELECT pkParroquia FROM (SELECT id_lugar as pkParroquia FROM arma_tu_fiesta.lugar WHERE nombre = 'San Javier' AND fk_pertenece = (SELECT pkMuni FROM (SELECT id_lugar as pkMuni FROM arma_tu_fiesta.lugar WHERE tipo = 'Municipio' AND nombre = 'San Felipe (San Felipe)') as tablaMuni)) as tablaParroquia);
INSERT INTO arma_tu_fiesta.persona (cedula, p_nombre, s_nombre, p_apellido, s_apellido, fecha_nacimiento, sexo, estado_civil, fk_residencia) VALUES ('V20000224','Fernando','Eduardo','Whaite','Gimon','1993-04-28','Masculino','Casado',@reside);

SET @cliente = (SELECT pkPersona FROM (SELECT id_persona as pkPersona from arma_tu_fiesta.persona WHERE cedula = 'V20000224') as tablaPersona);
INSERT INTO arma_tu_fiesta.telefono (numero, fk_persona) VALUES ('0212490878', @cliente);
INSERT INTO arma_tu_fiesta.email (correo, fk_persona) VALUES ('fernandowhaite@gmail.com', @cliente);
INSERT INTO arma_tu_fiesta.usuario (username, password, fk_persona, fk_rol) VALUES ('fernandowhaite@gmail.com', 'V20000224' , @cliente, @rol);

SET @reside = (SELECT pkParroquia FROM (SELECT id_lugar as pkParroquia FROM arma_tu_fiesta.lugar WHERE nombre = 'San Javier' AND fk_pertenece = (SELECT pkMuni FROM (SELECT id_lugar as pkMuni FROM arma_tu_fiesta.lugar WHERE tipo = 'Municipio' AND nombre = 'San Felipe (San Felipe)') as tablaMuni)) as tablaParroquia);
INSERT INTO arma_tu_fiesta.persona (cedula, p_nombre, s_nombre, p_apellido, s_apellido, fecha_nacimiento, sexo, estado_civil, fk_residencia) VALUES ('V20000225','Tomas','Alonso','Acosta','Rodríguez','1982-12-08','Masculino','Casado',@reside);

SET @cliente = (SELECT pkPersona FROM (SELECT id_persona as pkPersona from arma_tu_fiesta.persona WHERE cedula = 'V20000225') as tablaPersona);
INSERT INTO arma_tu_fiesta.telefono (numero, fk_persona) VALUES ('0416358776', @cliente);
INSERT INTO arma_tu_fiesta.email (correo, fk_persona) VALUES ('tomasacosta@gmail.com', @cliente);
INSERT INTO arma_tu_fiesta.usuario (username, password, fk_persona, fk_rol) VALUES ('tomasacosta@gmail.com', 'V20000225' , @cliente, @rol);

SET @reside = (SELECT pkParroquia FROM (SELECT id_lugar as pkParroquia FROM arma_tu_fiesta.lugar WHERE nombre = 'Albarico' AND fk_pertenece = (SELECT pkMuni FROM (SELECT id_lugar as pkMuni FROM arma_tu_fiesta.lugar WHERE tipo = 'Municipio' AND nombre = 'San Felipe (San Felipe)') as tablaMuni)) as tablaParroquia);
INSERT INTO arma_tu_fiesta.persona (cedula, p_nombre, s_nombre, p_apellido, s_apellido, fecha_nacimiento, sexo, estado_civil, fk_residencia) VALUES ('V20000226','Josaibeth','Alexandra','González','Garrido','1981-04-05','Femenino','Soltero',@reside);

SET @cliente = (SELECT pkPersona FROM (SELECT id_persona as pkPersona from arma_tu_fiesta.persona WHERE cedula = 'V20000226') as tablaPersona);
INSERT INTO arma_tu_fiesta.telefono (numero, fk_persona) VALUES ('0412525980', @cliente);
INSERT INTO arma_tu_fiesta.email (correo, fk_persona) VALUES ('josaibethgonzález@gmail.com', @cliente);
INSERT INTO arma_tu_fiesta.usuario (username, password, fk_persona, fk_rol) VALUES ('josaibethgonzález@gmail.com', 'V20000226' , @cliente, @rol);

SET @reside = (SELECT pkParroquia FROM (SELECT id_lugar as pkParroquia FROM arma_tu_fiesta.lugar WHERE nombre = 'Albarico' AND fk_pertenece = (SELECT pkMuni FROM (SELECT id_lugar as pkMuni FROM arma_tu_fiesta.lugar WHERE tipo = 'Municipio' AND nombre = 'San Felipe (San Felipe)') as tablaMuni)) as tablaParroquia);
INSERT INTO arma_tu_fiesta.persona (cedula, p_nombre, s_nombre, p_apellido, s_apellido, fecha_nacimiento, sexo, estado_civil, fk_residencia) VALUES ('V20000227','Victoria','Viviana','Iriza','Barres','1989-06-16','Femenino','Soltero',@reside);

SET @cliente = (SELECT pkPersona FROM (SELECT id_persona as pkPersona from arma_tu_fiesta.persona WHERE cedula = 'V20000227') as tablaPersona);
INSERT INTO arma_tu_fiesta.telefono (numero, fk_persona) VALUES ('0212347109', @cliente);
INSERT INTO arma_tu_fiesta.email (correo, fk_persona) VALUES ('victoriairiza@gmail.com', @cliente);
INSERT INTO arma_tu_fiesta.usuario (username, password, fk_persona, fk_rol) VALUES ('victoriairiza@gmail.com', 'V20000227' , @cliente, @rol);

SET @reside = (SELECT pkParroquia FROM (SELECT id_lugar as pkParroquia FROM arma_tu_fiesta.lugar WHERE nombre = 'Albarico' AND fk_pertenece = (SELECT pkMuni FROM (SELECT id_lugar as pkMuni FROM arma_tu_fiesta.lugar WHERE tipo = 'Municipio' AND nombre = 'San Felipe (San Felipe)') as tablaMuni)) as tablaParroquia);
INSERT INTO arma_tu_fiesta.persona (cedula, p_nombre, s_nombre, p_apellido, s_apellido, fecha_nacimiento, sexo, estado_civil, fk_residencia) VALUES ('V20000228','Victoria','Lisbeth','Jiménez','Fojo','1987-08-10','Femenino','Soltero',@reside);

SET @cliente = (SELECT pkPersona FROM (SELECT id_persona as pkPersona from arma_tu_fiesta.persona WHERE cedula = 'V20000228') as tablaPersona);
INSERT INTO arma_tu_fiesta.telefono (numero, fk_persona) VALUES ('0416920632', @cliente);
INSERT INTO arma_tu_fiesta.email (correo, fk_persona) VALUES ('victoriajiménez@gmail.com', @cliente);
INSERT INTO arma_tu_fiesta.usuario (username, password, fk_persona, fk_rol) VALUES ('victoriajiménez@gmail.com', 'V20000228' , @cliente, @rol);

SET @reside = (SELECT pkParroquia FROM (SELECT id_lugar as pkParroquia FROM arma_tu_fiesta.lugar WHERE nombre = 'Albarico' AND fk_pertenece = (SELECT pkMuni FROM (SELECT id_lugar as pkMuni FROM arma_tu_fiesta.lugar WHERE tipo = 'Municipio' AND nombre = 'San Felipe (San Felipe)') as tablaMuni)) as tablaParroquia);
INSERT INTO arma_tu_fiesta.persona (cedula, p_nombre, s_nombre, p_apellido, s_apellido, fecha_nacimiento, sexo, estado_civil, fk_residencia) VALUES ('V20000229','Andrea','María','Kosr','Kabboul','1988-07-23','Femenino','Casado',@reside);

SET @cliente = (SELECT pkPersona FROM (SELECT id_persona as pkPersona from arma_tu_fiesta.persona WHERE cedula = 'V20000229') as tablaPersona);
INSERT INTO arma_tu_fiesta.telefono (numero, fk_persona) VALUES ('0414281335', @cliente);
INSERT INTO arma_tu_fiesta.email (correo, fk_persona) VALUES ('andreakosr@gmail.com', @cliente);
INSERT INTO arma_tu_fiesta.usuario (username, password, fk_persona, fk_rol) VALUES ('andreakosr@gmail.com', 'V20000229' , @cliente, @rol);

SET @reside = (SELECT pkParroquia FROM (SELECT id_lugar as pkParroquia FROM arma_tu_fiesta.lugar WHERE nombre = 'Albarico' AND fk_pertenece = (SELECT pkMuni FROM (SELECT id_lugar as pkMuni FROM arma_tu_fiesta.lugar WHERE tipo = 'Municipio' AND nombre = 'San Felipe (San Felipe)') as tablaMuni)) as tablaParroquia);
INSERT INTO arma_tu_fiesta.persona (cedula, p_nombre, s_nombre, p_apellido, s_apellido, fecha_nacimiento, sexo, estado_civil, fk_residencia) VALUES ('V20000230','Daniela','Desiree','Neve','Vespoli','1982-11-28','Femenino','Casado',@reside);

SET @cliente = (SELECT pkPersona FROM (SELECT id_persona as pkPersona from arma_tu_fiesta.persona WHERE cedula = 'V20000230') as tablaPersona);
INSERT INTO arma_tu_fiesta.telefono (numero, fk_persona) VALUES ('0426139967', @cliente);
INSERT INTO arma_tu_fiesta.email (correo, fk_persona) VALUES ('danielaneve@gmail.com', @cliente);
INSERT INTO arma_tu_fiesta.usuario (username, password, fk_persona, fk_rol) VALUES ('danielaneve@gmail.com', 'V20000230' , @cliente, @rol);

SET @reside = (SELECT pkParroquia FROM (SELECT id_lugar as pkParroquia FROM arma_tu_fiesta.lugar WHERE nombre = 'Antonio Borjas Romero' AND fk_pertenece = (SELECT pkMuni FROM (SELECT id_lugar as pkMuni FROM arma_tu_fiesta.lugar WHERE tipo = 'Municipio' AND nombre = 'Maracaibo (Maracaibo)') as tablaMuni)) as tablaParroquia);
INSERT INTO arma_tu_fiesta.persona (cedula, p_nombre, s_nombre, p_apellido, s_apellido, fecha_nacimiento, sexo, estado_civil, fk_residencia) VALUES ('V20000231','Víctor','Manuel','Ayala','Sotillet','1996-11-19','Masculino','Soltero',@reside);

SET @cliente = (SELECT pkPersona FROM (SELECT id_persona as pkPersona from arma_tu_fiesta.persona WHERE cedula = 'V20000231') as tablaPersona);
INSERT INTO arma_tu_fiesta.telefono (numero, fk_persona) VALUES ('0412382895', @cliente);
INSERT INTO arma_tu_fiesta.email (correo, fk_persona) VALUES ('víctorayala@gmail.com', @cliente);
INSERT INTO arma_tu_fiesta.usuario (username, password, fk_persona, fk_rol) VALUES ('víctorayala@gmail.com', 'V20000231' , @cliente, @rol);

SET @reside = (SELECT pkParroquia FROM (SELECT id_lugar as pkParroquia FROM arma_tu_fiesta.lugar WHERE nombre = 'Antonio Borjas Romero' AND fk_pertenece = (SELECT pkMuni FROM (SELECT id_lugar as pkMuni FROM arma_tu_fiesta.lugar WHERE tipo = 'Municipio' AND nombre = 'Maracaibo (Maracaibo)') as tablaMuni)) as tablaParroquia);
INSERT INTO arma_tu_fiesta.persona (cedula, p_nombre, s_nombre, p_apellido, s_apellido, fecha_nacimiento, sexo, estado_civil, fk_residencia) VALUES ('V20000232','Pedro','Ignacio','Baumeister','Rodríguez','1987-02-28','Masculino','Soltero',@reside);

SET @cliente = (SELECT pkPersona FROM (SELECT id_persona as pkPersona from arma_tu_fiesta.persona WHERE cedula = 'V20000232') as tablaPersona);
INSERT INTO arma_tu_fiesta.telefono (numero, fk_persona) VALUES ('0416188306', @cliente);
INSERT INTO arma_tu_fiesta.email (correo, fk_persona) VALUES ('pedrobaumeister@gmail.com', @cliente);
INSERT INTO arma_tu_fiesta.usuario (username, password, fk_persona, fk_rol) VALUES ('pedrobaumeister@gmail.com', 'V20000232' , @cliente, @rol);

SET @reside = (SELECT pkParroquia FROM (SELECT id_lugar as pkParroquia FROM arma_tu_fiesta.lugar WHERE nombre = 'Antonio Borjas Romero' AND fk_pertenece = (SELECT pkMuni FROM (SELECT id_lugar as pkMuni FROM arma_tu_fiesta.lugar WHERE tipo = 'Municipio' AND nombre = 'Maracaibo (Maracaibo)') as tablaMuni)) as tablaParroquia);
INSERT INTO arma_tu_fiesta.persona (cedula, p_nombre, s_nombre, p_apellido, s_apellido, fecha_nacimiento, sexo, estado_civil, fk_residencia) VALUES ('V20000233','Ricardo','Miler','Brancovic','Pestana','1987-10-10','Masculino','Soltero',@reside);

SET @cliente = (SELECT pkPersona FROM (SELECT id_persona as pkPersona from arma_tu_fiesta.persona WHERE cedula = 'V20000233') as tablaPersona);
INSERT INTO arma_tu_fiesta.telefono (numero, fk_persona) VALUES ('0212810020', @cliente);
INSERT INTO arma_tu_fiesta.email (correo, fk_persona) VALUES ('ricardobrancovic@gmail.com', @cliente);
INSERT INTO arma_tu_fiesta.usuario (username, password, fk_persona, fk_rol) VALUES ('ricardobrancovic@gmail.com', 'V20000233' , @cliente, @rol);

SET @reside = (SELECT pkParroquia FROM (SELECT id_lugar as pkParroquia FROM arma_tu_fiesta.lugar WHERE nombre = 'Antonio Borjas Romero' AND fk_pertenece = (SELECT pkMuni FROM (SELECT id_lugar as pkMuni FROM arma_tu_fiesta.lugar WHERE tipo = 'Municipio' AND nombre = 'Maracaibo (Maracaibo)') as tablaMuni)) as tablaParroquia);
INSERT INTO arma_tu_fiesta.persona (cedula, p_nombre, s_nombre, p_apellido, s_apellido, fecha_nacimiento, sexo, estado_civil, fk_residencia) VALUES ('V20000234','Wuelffer','Jesus','Castellano','Araujo','1985-12-14','Masculino','Casado',@reside);

SET @cliente = (SELECT pkPersona FROM (SELECT id_persona as pkPersona from arma_tu_fiesta.persona WHERE cedula = 'V20000234') as tablaPersona);
INSERT INTO arma_tu_fiesta.telefono (numero, fk_persona) VALUES ('0414921592', @cliente);
INSERT INTO arma_tu_fiesta.email (correo, fk_persona) VALUES ('wuelffercastellano@gmail.com', @cliente);
INSERT INTO arma_tu_fiesta.usuario (username, password, fk_persona, fk_rol) VALUES ('wuelffercastellano@gmail.com', 'V20000234' , @cliente, @rol);

SET @reside = (SELECT pkParroquia FROM (SELECT id_lugar as pkParroquia FROM arma_tu_fiesta.lugar WHERE nombre = 'Antonio Borjas Romero' AND fk_pertenece = (SELECT pkMuni FROM (SELECT id_lugar as pkMuni FROM arma_tu_fiesta.lugar WHERE tipo = 'Municipio' AND nombre = 'Maracaibo (Maracaibo)') as tablaMuni)) as tablaParroquia);
INSERT INTO arma_tu_fiesta.persona (cedula, p_nombre, s_nombre, p_apellido, s_apellido, fecha_nacimiento, sexo, estado_civil, fk_residencia) VALUES ('V20000235','Carlos','Eduardo','Cova','Vargas','1990-10-24','Masculino','Casado',@reside);

SET @cliente = (SELECT pkPersona FROM (SELECT id_persona as pkPersona from arma_tu_fiesta.persona WHERE cedula = 'V20000235') as tablaPersona);
INSERT INTO arma_tu_fiesta.telefono (numero, fk_persona) VALUES ('0416154960', @cliente);
INSERT INTO arma_tu_fiesta.email (correo, fk_persona) VALUES ('carloscova@gmail.com', @cliente);
INSERT INTO arma_tu_fiesta.usuario (username, password, fk_persona, fk_rol) VALUES ('carloscova@gmail.com', 'V20000235' , @cliente, @rol);

SET @reside = (SELECT pkParroquia FROM (SELECT id_lugar as pkParroquia FROM arma_tu_fiesta.lugar WHERE nombre = 'Chiquinquirá' AND fk_pertenece = (SELECT pkMuni FROM (SELECT id_lugar as pkMuni FROM arma_tu_fiesta.lugar WHERE tipo = 'Municipio' AND nombre = 'Maracaibo (Maracaibo)') as tablaMuni)) as tablaParroquia);
INSERT INTO arma_tu_fiesta.persona (cedula, p_nombre, s_nombre, p_apellido, s_apellido, fecha_nacimiento, sexo, estado_civil, fk_residencia) VALUES ('V20000236','Carla','Roxana','Boisselle','Fariñez','1996-04-28','Femenino','Soltero',@reside);

SET @cliente = (SELECT pkPersona FROM (SELECT id_persona as pkPersona from arma_tu_fiesta.persona WHERE cedula = 'V20000236') as tablaPersona);
INSERT INTO arma_tu_fiesta.telefono (numero, fk_persona) VALUES ('0424370735', @cliente);
INSERT INTO arma_tu_fiesta.email (correo, fk_persona) VALUES ('carlaboisselle@gmail.com', @cliente);
INSERT INTO arma_tu_fiesta.usuario (username, password, fk_persona, fk_rol) VALUES ('carlaboisselle@gmail.com', 'V20000236' , @cliente, @rol);

SET @reside = (SELECT pkParroquia FROM (SELECT id_lugar as pkParroquia FROM arma_tu_fiesta.lugar WHERE nombre = 'Chiquinquirá' AND fk_pertenece = (SELECT pkMuni FROM (SELECT id_lugar as pkMuni FROM arma_tu_fiesta.lugar WHERE tipo = 'Municipio' AND nombre = 'Maracaibo (Maracaibo)') as tablaMuni)) as tablaParroquia);
INSERT INTO arma_tu_fiesta.persona (cedula, p_nombre, s_nombre, p_apellido, s_apellido, fecha_nacimiento, sexo, estado_civil, fk_residencia) VALUES ('V20000237','Valentina','Viviana','Durán','Vittorioso','1993-08-03','Femenino','Soltero',@reside);

SET @cliente = (SELECT pkPersona FROM (SELECT id_persona as pkPersona from arma_tu_fiesta.persona WHERE cedula = 'V20000237') as tablaPersona);
INSERT INTO arma_tu_fiesta.telefono (numero, fk_persona) VALUES ('0412529103', @cliente);
INSERT INTO arma_tu_fiesta.email (correo, fk_persona) VALUES ('valentinadurán@gmail.com', @cliente);
INSERT INTO arma_tu_fiesta.usuario (username, password, fk_persona, fk_rol) VALUES ('valentinadurán@gmail.com', 'V20000237' , @cliente, @rol);

SET @reside = (SELECT pkParroquia FROM (SELECT id_lugar as pkParroquia FROM arma_tu_fiesta.lugar WHERE nombre = 'Chiquinquirá' AND fk_pertenece = (SELECT pkMuni FROM (SELECT id_lugar as pkMuni FROM arma_tu_fiesta.lugar WHERE tipo = 'Municipio' AND nombre = 'Maracaibo (Maracaibo)') as tablaMuni)) as tablaParroquia);
INSERT INTO arma_tu_fiesta.persona (cedula, p_nombre, s_nombre, p_apellido, s_apellido, fecha_nacimiento, sexo, estado_civil, fk_residencia) VALUES ('V20000238','Milagros','Katherine','Escalona','Arenas','1991-07-20','Femenino','Soltero',@reside);

SET @cliente = (SELECT pkPersona FROM (SELECT id_persona as pkPersona from arma_tu_fiesta.persona WHERE cedula = 'V20000238') as tablaPersona);
INSERT INTO arma_tu_fiesta.telefono (numero, fk_persona) VALUES ('0426750950', @cliente);
INSERT INTO arma_tu_fiesta.email (correo, fk_persona) VALUES ('milagrosescalona@gmail.com', @cliente);
INSERT INTO arma_tu_fiesta.usuario (username, password, fk_persona, fk_rol) VALUES ('milagrosescalona@gmail.com', 'V20000238' , @cliente, @rol);

SET @reside = (SELECT pkParroquia FROM (SELECT id_lugar as pkParroquia FROM arma_tu_fiesta.lugar WHERE nombre = 'Chiquinquirá' AND fk_pertenece = (SELECT pkMuni FROM (SELECT id_lugar as pkMuni FROM arma_tu_fiesta.lugar WHERE tipo = 'Municipio' AND nombre = 'Maracaibo (Maracaibo)') as tablaMuni)) as tablaParroquia);
INSERT INTO arma_tu_fiesta.persona (cedula, p_nombre, s_nombre, p_apellido, s_apellido, fecha_nacimiento, sexo, estado_civil, fk_residencia) VALUES ('V20000239','Yusmarina','Carolina','Fernandez','Ascanio','1990-11-08','Femenino','Casado',@reside);

SET @cliente = (SELECT pkPersona FROM (SELECT id_persona as pkPersona from arma_tu_fiesta.persona WHERE cedula = 'V20000239') as tablaPersona);
INSERT INTO arma_tu_fiesta.telefono (numero, fk_persona) VALUES ('0414778491', @cliente);
INSERT INTO arma_tu_fiesta.email (correo, fk_persona) VALUES ('yusmarinafernandez@gmail.com', @cliente);
INSERT INTO arma_tu_fiesta.usuario (username, password, fk_persona, fk_rol) VALUES ('yusmarinafernandez@gmail.com', 'V20000239' , @cliente, @rol);

SET @reside = (SELECT pkParroquia FROM (SELECT id_lugar as pkParroquia FROM arma_tu_fiesta.lugar WHERE nombre = 'Chiquinquirá' AND fk_pertenece = (SELECT pkMuni FROM (SELECT id_lugar as pkMuni FROM arma_tu_fiesta.lugar WHERE tipo = 'Municipio' AND nombre = 'Maracaibo (Maracaibo)') as tablaMuni)) as tablaParroquia);
INSERT INTO arma_tu_fiesta.persona (cedula, p_nombre, s_nombre, p_apellido, s_apellido, fecha_nacimiento, sexo, estado_civil, fk_residencia) VALUES ('V20000240','Patricia','Alexandra','Ferreira','Carrero','1984-01-15','Femenino','Casado',@reside);

SET @cliente = (SELECT pkPersona FROM (SELECT id_persona as pkPersona from arma_tu_fiesta.persona WHERE cedula = 'V20000240') as tablaPersona);
INSERT INTO arma_tu_fiesta.telefono (numero, fk_persona) VALUES ('0212318353', @cliente);
INSERT INTO arma_tu_fiesta.email (correo, fk_persona) VALUES ('patriciaferreira@gmail.com', @cliente);
INSERT INTO arma_tu_fiesta.usuario (username, password, fk_persona, fk_rol) VALUES ('patriciaferreira@gmail.com', 'V20000240' , @cliente, @rol);

-- ++++++++++++++++++++++++++++++++++   +++++++++++++++++++++++++++++++++++++++++++++++++++++++++++++++
-- ++++++++++++++++++++++++++++++++++   +++++++++++++++++++++++++++++++++++++++++++++++++++++++++++++++
-- ++++++++++++++++++++++++++++++++++   +++++++++++++++++++++++++++++++++++++++++++++++++++++++++++++++
-- ++++++++++++++++++++++++++++++++++   +++++++++++++++++++++++++++++++++++++++++++++++++++++++++++++++
-- ++++++++++++++++++++++++++++++++++   +++++++++++++++++++++++++++++++++++++++++++++++++++++++++++++++
-- ++++++++++++++++++++++++++++++++++   +++++++++++++++++++++++++++++++++++++++++++++++++++++++++++++++
-- ++++++++++++++++++++++++++++++++++   +++++++++++++++++++++++++++++++++++++++++++++++++++++++++++++++
-- ++++++++++++++++++++++++++++++++++   +++++++++++++++++++++++++++++++++++++++++++++++++++++++++++++++
-- ++++++++++++++++++++++++++++++++++   +++++++++++++++++++++++++++++++++++++++++++++++++++++++++++++++
-- ++++++++++++++++++++++++++++++++++   +++++++++++++++++++++++++++++++++++++++++++++++++++++++++++++++
-- ++++++++++++++++++++++++++++++++++   +++++++++++++++++++++++++++++++++++++++++++++++++++++++++++++++
-- ++++++++++++++++++++++++++++++++++   +++++++++++++++++++++++++++++++++++++++++++++++++++++++++++++++
-- ++++++++++++++++++++++++++++++++++ TIPS - RECOMENDACIONES - IDEAS  +++++++++++++++++++++++++++++++++

INSERT INTO arma_tu_fiesta.tip (tipo, descripcion) VALUES ('Tip', 'Ambienta la fiesta en la temática que al niño le haga más ilusión.');
INSERT INTO arma_tu_fiesta.tip (tipo, descripcion) VALUES ('Tip', 'A la hora de hacer tus decoraciones no te excedas en los detalles, porque terminarás haciendo trabajo innecesario, es mejor tener bien planeado todo, cada cosa en su lugar, para no excederte piensa en una decoración minimalista. Ten en cuenta: Aveces menos es más.');
INSERT INTO arma_tu_fiesta.tip (tipo, descripcion) VALUES ('Tip', 'Define bien la paleta de colores que usarás en tu fiesta, en general lo recomendado es elegir tres colores, aunque si estas organizando una temática que requiera de una explosión de color podrás jugar con colores primarios y/o secundarios, pero no dejes de tener en cuenta que debes lograr una armonía.');
INSERT INTO arma_tu_fiesta.tip (tipo, descripcion) VALUES ('Tip', 'Piensa antes de hacer las compras en los objetos que tienes en casa, también en juguetes que pertenezcan al cumpleañero/a, eso le dará un toque personal a la decoración. También piensa que mesas usarás, si tienes tablón con caballetes, con un lindo mantel quedan preciosos, incluso para la mesa principal.');
INSERT INTO arma_tu_fiesta.tip (tipo, descripcion) VALUES ('Tip', 'Calcula los gastos, si dispones de poco presupuesto haz cuentas a conciencia, piensa bien que es lo que en verdad usarás y de acuerdo a tu presupuesto también deja un margen para imprevistos. Siempre sucede que aparece algo que nos entusiasma y queremos agregar o simplemente algún detalle que olvidamos.');
INSERT INTO arma_tu_fiesta.tip (tipo, descripcion) VALUES ('Tip', 'Haz pruebas antes de la fiesta, lo ideal sería tener el material listo dos días antes, de esa manera tendrás un día entero para hacer pruebas. Arma la mesa de dulces y la mesa donde se sentarán los invitados, ubica los objetos, de esa manera sabrás si funciona la composición que pensaste y estarías a tiempo de hacer cambio si algo no resultara como lo imaginabas.');
INSERT INTO arma_tu_fiesta.tip (tipo, descripcion) VALUES ('Tip', 'Usa flores, siempre quedan hermosas y le dan un detalle natural, busca dentro de las flores de estación cuales son las que combinan con la paleta de colores de tu fiesta.');
INSERT INTO arma_tu_fiesta.tip (tipo, descripcion) VALUES ('Tip', 'Ten en cuenta que los desniveles en tu decoración siempre dan movimiento a la mesa y ayudan a que todo se luzca mejor. Esto lo podrás lograr forrando cajas con papeles a tono, usando cajoncitos de madera, bandejas con pie o simplemente poner diferentes elementos y cubrirlos con telas.');
INSERT INTO arma_tu_fiesta.tip (tipo, descripcion) VALUES ('Tip', 'La iluminación, fundamental. Una fiesta tiene que tener prevista la iluminación para el momento en que caiga la noche.');
INSERT INTO arma_tu_fiesta.tip (tipo, descripcion) VALUES ('Tip', 'Crea la ambientación perfecta, La decoración es fundamental para garantizar el éxito de una fiesta.');
INSERT INTO arma_tu_fiesta.tip (tipo, descripcion) VALUES ('Tip', 'Luces también en la piscina. Si en el jardín o en la terraza tienes piscina o una fuente, puedes iluminarla con velas, centros florales y de luz que flotan... Esa iluminación dará un toque mágico.');
INSERT INTO arma_tu_fiesta.tip (tipo, descripcion) VALUES ('Tip', 'Prepara un menú sencillo y divertido. Lo mejor es crear una barra de comida para que cada invitado coma lo que quiera. Lo mejor es optar por las tablas clásicas: quesos, antipasto vegano, finger food, o quizás una divertida burguer bar.');
INSERT INTO arma_tu_fiesta.tip (tipo, descripcion) VALUES ('Tip', 'No te olvides del postres. Si la comida es importante, pensar en el postre todavía lo es más. Para ese momento, puedes sorprender a tus invitados con un donut bar o con un bar de helados.');
INSERT INTO arma_tu_fiesta.tip (tipo, descripcion) VALUES ('Tip', 'Sirve las bebidas más originales. Asegúrate de que a ningún invitado le falte su bebida. Piensa en todo el mundo, en sus posibles gustos.');
INSERT INTO arma_tu_fiesta.tip (tipo, descripcion) VALUES ('Tip', 'Busca inspiración en diferentes blogs, Facebook, Pinterest, Instagram y otras redes sociales que conozcas.');
INSERT INTO arma_tu_fiesta.tip (tipo, descripcion) VALUES ('Tip', 'En dónde es? El lugar elegido no debe ser muy alejado porque muchas personas tienen en cuenta la distancia a la hora de asistir a una fiesta. Busca lugares céntricos o en un punto intermedio');
INSERT INTO arma_tu_fiesta.tip (tipo, descripcion) VALUES ('Tip', 'Cuida la seguridad y opta por que los asistentes se sientan cómodos en todo momento. ¡Serás un gran anfitrión!');
INSERT INTO arma_tu_fiesta.tip (tipo, descripcion) VALUES ('Tip', 'Con una señalética divertida y colocada en puntos claves, puedes hacer que las personas sigan el camino correcto hacia donde quieren ir: Barra, baños, salida, estacionamiento, guardarropa, etc.');
INSERT INTO arma_tu_fiesta.tip (tipo, descripcion) VALUES ('Tip', 'Contrata un animador. Como dijo el sabio, una fiesta sin risas es una fiesta perdida.');
INSERT INTO arma_tu_fiesta.tip (tipo, descripcion) VALUES ('Tip', 'Ten en cuenta el clima de la temporada. Aunque esto pueda parecer un detalle poco relevante al principio, influirá mucho en los preparativos.');
INSERT INTO arma_tu_fiesta.tip (tipo, descripcion) VALUES ('Idea', 'Globos que brillan en la oscuridad. Sólo necesitas conseguir unas varas luminiscentes, y justo antes de inflar los globos con el gas helio, truena la vara y métela al globo. Impresionarás a todos.');
INSERT INTO arma_tu_fiesta.tip (tipo, descripcion) VALUES ('Idea', 'Tragos Cósmicos. Sólo debes seguir esto al pie de la letra. 2 litros de Ginebra o Vodka, 9 litros de agua tónica, 3 o 4 botellas de limonada rosa, hielo, luz negra o ultravioleta (sin la luz tus tragos no brillarán). Mezcla todos los ingredientes, excepto el hielo. Justo antes de servir agrégalo. Cuando lo sirvas deberás ponerlo bajo la luz para que se note ese efecto brillante.');
INSERT INTO arma_tu_fiesta.tip (tipo, descripcion) VALUES ('Idea', 'Congela globos con agua. Para que tus bebidas se mantengan frías pero con estilo busca unos globos con algún detalle que marquen el estilo de tu fiesta, llénalos con agua y congélalos. Al final puedes colocar las botellas en un depósito transparente para que luzcan tus globos.');
INSERT INTO arma_tu_fiesta.tip (tipo, descripcion) VALUES ('Idea', 'Utiliza copas de vidrio para colocar lo que sea, se verá fancy.');
INSERT INTO arma_tu_fiesta.tip (tipo, descripcion) VALUES ('Idea', 'Lámpara de vasos de plástico. Sólo necesitas esa vieja serie de luces navideñas y unos vasos transparentes para lograr esta lámpara que gustará a todos.');
INSERT INTO arma_tu_fiesta.tip (tipo, descripcion) VALUES ('Idea', 'DELICADOS CANDY BAR: Los carritos de golosinas son un elemento indispensable en la decoración. Se suelen adornar con pompones o globos de helio, y presentan los dulces en recipientes de cristal con bolsitas o capacillos para que los niños se sirvan a placer. También los utilizan como puestos de bebidas y refrescos.');
INSERT INTO arma_tu_fiesta.tip (tipo, descripcion) VALUES ('Idea', 'Crea flores de papel que cuelguen del techo. La idea es simple, pero hermosa.');
INSERT INTO arma_tu_fiesta.tip (tipo, descripcion) VALUES ('Idea', 'Centros de mesa con globos decorados con tul. Puedes elegir los colores que más te gusten.');
INSERT INTO arma_tu_fiesta.tip (tipo, descripcion) VALUES ('Idea', 'Globos como portaretratos. La clave está en inflarlos con helio.');
INSERT INTO arma_tu_fiesta.tip (tipo, descripcion) VALUES ('Idea', 'Decora velas con flores campestres. Es un detalle lindo, romántico, fresco y económico.');
INSERT INTO arma_tu_fiesta.tip (tipo, descripcion) VALUES ('Idea', 'Arma tu propia guía de luces con vasos reciclados.');
INSERT INTO arma_tu_fiesta.tip (tipo, descripcion) VALUES ('Idea', 'Convierte las cáscaras de las frutas en preciosos floreros. Ideal para una fiesta al aire libre.');
INSERT INTO arma_tu_fiesta.tip (tipo, descripcion) VALUES ('Idea', 'Candelabros reciclados... también pueden funcionar para una velada romántica.');
INSERT INTO arma_tu_fiesta.tip (tipo, descripcion) VALUES ('Idea', 'Guirnaldas como imagines. Con pompones, minimalistas, coloridas, neutras. Las guirnaldas van con cada ocasión.');
INSERT INTO arma_tu_fiesta.tip (tipo, descripcion) VALUES ('Idea', 'Crea conos de papel. Son ideales para los pochoclos o para saladitos.');
INSERT INTO arma_tu_fiesta.tip (tipo, descripcion) VALUES ('Idea', 'Decora jarrones de vidrio con piola para una decoración rústica.');
INSERT INTO arma_tu_fiesta.tip (tipo, descripcion) VALUES ('Idea', 'Los banderines de papel son un fantástico elemento a la hora de pensar en decoración de fiestas infantiles. Además, son muy fáciles de hacer en casa, solo necesitas papel sobre el que dibujar letras o frases que celebren el cumpleaños.');
INSERT INTO arma_tu_fiesta.tip (tipo, descripcion) VALUES ('Idea', 'Cadenetas y serpentinas: Recicla el papel sobrante para hacer divertidas cadenetas de colores. Puedes hacerlas de la forma más tradicional con tiras de papel de colores unidas entre sí a modo de cadena o recortar formas (nubes, soles o estrellas) y pegarlas sobre un cordel para que cuelguen.');
INSERT INTO arma_tu_fiesta.tip (tipo, descripcion) VALUES ('Idea', 'Número gigante de globos: Reconozco que esta idea está más en el mundo de la decoración de cumpleaños que en el de las manualidades. Toda la creatividad de esta idea radica en hacer una buena combinación de tamaños de globos. Prepara los pulmones para hinchar varias decenas de ellos o, mejor, utiliza un inflador manual. El resultado con todos los globos del mismo color es muy bonito.');
INSERT INTO arma_tu_fiesta.tip (tipo, descripcion) VALUES ('Idea', 'Botes de cristal para candy bar de cumpleaños: Posiblemente, la idea más facil de toda la selección. Botes de cristal llenos de distintas chucherías e identifica cada bote con una tarjeta con el nombre de cada golosina, atada con una cuerda. Si puedes colocar los botes en escalera, quedarán más vistosos.');
INSERT INTO arma_tu_fiesta.tip (tipo, descripcion) VALUES ('Recomendacion', 'Crea un ambiente distendido.');
INSERT INTO arma_tu_fiesta.tip (tipo, descripcion) VALUES ('Recomendacion', 'Sienta a los niños en una mesa aparte, para que ellos estén a gusto y los adultos más tranquilos.');
INSERT INTO arma_tu_fiesta.tip (tipo, descripcion) VALUES ('Recomendacion', 'Evita temas polémicos, haz que todos participen de la conversación.');
INSERT INTO arma_tu_fiesta.tip (tipo, descripcion) VALUES ('Recomendacion', 'Sorprende a cada invitado con un detalle por asistir.');
INSERT INTO arma_tu_fiesta.tip (tipo, descripcion) VALUES ('Recomendacion', 'LAS INVITACIONES: Envíelas con antelación, así que escoge la fecha y avisa a todos con dos meses de antelación. Puedes imprimir unas invitaciones tradicionales y enviarlas por correo, puedes enviar invitaciones por email, hacer un grupo de Whatapp… No olvides indicar en la invitación la fecha, la hora, la dirección, el teléfono de contacto y la temática de la fiesta. Puedes incluir alguna condición divertida, como: es obligatorio ir de blanco, o imprescindible disfraz para acceder…');
INSERT INTO arma_tu_fiesta.tip (tipo, descripcion) VALUES ('Recomendacion', 'LA COMIDA:Lo ideal es organizar un buffet libre donde cada uno se sirva lo que quiera. Organiza con antelación las mesas: Una donde puedas poner cosas frías hechas con anterioridad, como canapés, ensaladas, tortillas, empanadas… Otra con los postres y dulces, donde puedes incluir cupcakes, galletas, etc… Y una última con bebidas. Recuerda poner en las mesas y bien a mano todo aquello que creas que puedan hacer falta, como servilletas, cubiertos, vasos, palillos o hielo.');
INSERT INTO arma_tu_fiesta.tip (tipo, descripcion) VALUES ('Recomendacion', 'Distribuye bien las zonas: una zona amplia con mesas de fácil acceso para colocar la comida y la bebida, una zona sin nada para que la gente pueda estar de pie hablando o bailando, una zona con sillones, o pufs donde se puedan sentar a charlar y descansar.');
INSERT INTO arma_tu_fiesta.tip (tipo, descripcion) VALUES ('Recomendacion', 'Un recuerdo inolvidable: No olvides dejar un rincón donde los niños se puedan disfrazar y hacer divertidas fotos con las que recordar este día tan especial.');
INSERT INTO arma_tu_fiesta.tip (tipo, descripcion) VALUES ('Recomendacion', 'Prepara un listado con las zonas en las que vas a dividir la fiesta. Tienes que reservar un espacio para la entrada, donde los niños puedan dar invitaciones y sean recibidos por el anfitrión. Una segunda zona donde tengas la mesa dulce y hagan un descanso para tomar un aperitivo. Deja un área más para los juegos. Una vez que los niños tomen la merienda querrán jugar. Deja un sitio reservado para manualidades, colorear, hacer actividades y juegos relacionados con la idea central de la fiesta.');
INSERT INTO arma_tu_fiesta.tip (tipo, descripcion) VALUES ('Recomendacion', 'Piensa en tus hijos. Ellos son los protagonistas de la fiesta, por eso debes elegir una temática con la que se sientan identificados.');
INSERT INTO arma_tu_fiesta.tip (tipo, descripcion) VALUES ('Recomendacion', 'Lo primero que debes hacer es organizarte, si te gusta hacer las cosas de manera artesanal y quieres hacer tu misma todos los detalles haz un cronograma con anticipación para evitarte noches en vela haciendo manualidades porque tienes la fecha encima.');
INSERT INTO arma_tu_fiesta.tip (tipo, descripcion) VALUES ('Recomendacion', 'Preparar unas invitaciones de cumpleaños divertidas y originales. No te olvides de poner la fecha, hora de inicio y finalización, pedir a los padres que añadan las alergias alimentarias de los niños.');
INSERT INTO arma_tu_fiesta.tip (tipo, descripcion) VALUES ('Recomendacion', 'Lo ideal es organizar un buffet libre donde cada uno se sirva lo que quiera. Organiza con antelación las mesas: Una donde puedas poner cosas frías hechas con anterioridad, como canapés, ensaladas, tortillas, empanadas… Otra con los postres y dulces, donde puedes incluir cupcakes, galletas, etc… Y una última con bebidas.');
INSERT INTO arma_tu_fiesta.tip (tipo, descripcion) VALUES ('Recomendacion', 'Recuerda poner en las mesas y bien a mano todo aquello que creas que puedan hacer falta, como servilletas, cubiertos, vasos, palillos o hielo.');
INSERT INTO arma_tu_fiesta.tip (tipo, descripcion) VALUES ('Recomendacion', 'Recomendamos hacer tu fiesta al aire libre en algún jardín, terraza, patio… Es uno de los puntos básicos. Una buena elección del lugar no asegura el éxito de la fiesta, pero logra una predisposición mayor del público a pasárselo bien y disfrutar del evento.');
INSERT INTO arma_tu_fiesta.tip (tipo, descripcion) VALUES ('Recomendacion', 'Parece una tontería, pero es muy, muy importante seleccionar bien a los invitados. Piensa bien en la situación de las personas que van a estar… Muchas veces el éxito de una fiesta está en escoger bien a los invitados.');
INSERT INTO arma_tu_fiesta.tip (tipo, descripcion) VALUES ('Recomendacion', 'Recomendamos escoger un tema general para la fiesta en el que luego se basarán la decoración, la comida, las invitaciones… Esto hace que todo esté acorde y facilita mucho el trabajo a la hora de escoger objetos decorativos y organizar todo lo demás');
INSERT INTO arma_tu_fiesta.tip (tipo, descripcion) VALUES ('Recomendacion', 'A veces no hace falta organizar ninguna actividad para que sea una gran fiesta, pero opcionalmente se puede pensar en algunas cosas que hacen que la gente se anime y se meta en situación. Especialmente si hay niños, esto se vuelve más que necesario.');
INSERT INTO arma_tu_fiesta.tip (tipo, descripcion) VALUES ('Recomendacion', 'Deja un acceso fácil y visible para las zonas del cuarto de baño, te evitarás que te estén preguntando constantemente o que la gente ande por la casa o salon de fiesta abriendo puertas.');
INSERT INTO arma_tu_fiesta.tip (tipo, descripcion) VALUES ('Recomendacion', 'Un DJ es muy recomendable, esta inversión es necesaria para disfrutar de una fiesta diferente y bastante animada.');

-- ++++++++++++++++++++++++++++++++++   +++++++++++++++++++++++++++++++++++++++++++++++++++++++++++++++
-- ++++++++++++++++++++++++++++++++++   +++++++++++++++++++++++++++++++++++++++++++++++++++++++++++++++